score,contrast,tier,control_score,new_or_updated,primary_in_scope,arxiv_id,title,published,updated,primary_category,categories,sector_count,feature_count,bundle_count,sectors,features,bundles,terms,control_families,control_features,control_terms,abs_url,pdf_url
12.75,12.4,watch,1.0,True,True,2606.03725v2,Torsion-induced gauge structure in curved quantum waveguides,2026-06-02T14:45:28Z,2026-09-02T06:06:01Z,quant-ph,quant-ph,2,4,0,curve_geometry; holonomy,elastic_curve; flex_mode; holonomy; normal_bundle,,elastic_curve:elastic rod (abstract); flex_mode:bending mode (abstract); holonomy:holonomy (abstract); normal_bundle:normal frame (abstract),generic_physics,ctl_generic_action,ctl_generic_action:hamiltonian (abstract),https://arxiv.org/abs/2606.03725v2,https://arxiv.org/pdf/2606.03725v2
12.7,11.88,watch,2.35,True,True,2602.20050v3,Cosmic strings and domain walls: the impact of CMB $B$-mode data,2026-02-23T17:00:25Z,2026-09-02T09:12:55Z,astro-ph.CO,astro-ph.CO; hep-ph,2,2,1,particle; topology,flux_tube; topological_defect,topological_confinement,flux_tube:string tension (abstract); topological_defect:domain wall (title),generic_physics; neighbor_topic,ctl_generic_numerics; ctl_neighbor_cosmology,ctl_generic_numerics:monte carlo (abstract); ctl_neighbor_cosmology:cmb (title),https://arxiv.org/abs/2602.20050v3,https://arxiv.org/pdf/2602.20050v3
12.35,11.88,watch,1.35,False,False,2609.03328v1,Internal geometries regulate the symmetry of defect configurations in cell populations confined to domains with a negative Euler characteristic,2026-09-03T03:28:22Z,2026-09-03T03:28:22Z,physics.bio-ph,physics.bio-ph; cond-mat.soft,2,3,1,gauge; topology,topological_defect; topological_selection; winding,constraint_topology,topological_defect:topological defect (abstract); topological_selection:topological constraint (abstract); winding:winding number (abstract),nonphysics_stem,ctl_nonphysics_bio,ctl_nonphysics_bio:cell population (title),https://arxiv.org/abs/2609.03328v1,https://arxiv.org/pdf/2609.03328v1
11.96,11.61,watch,1.0,False,False,2609.04796v1,"Superconnections, descent, and monodromy on transversely holomorphic foliations",2026-09-04T06:49:39Z,2026-09-04T06:49:39Z,math.AG,math.AG; math.AT; math.DG,2,3,0,holonomy; projection,foliation; holonomy; monodromy,,foliation:foliation (title); holonomy:holonomy (abstract); monodromy:monodromy (title),mathematical_context,ctl_math_category_geometry,ctl_math_category_geometry:derived category (abstract),https://arxiv.org/abs/2609.04796v1,https://arxiv.org/pdf/2609.04796v1
11.2,10.85,watch,1.0,False,True,2609.01022v1,Superfluidity and Vortex Dynamics in Neutron Stars,2026-09-01T10:20:33Z,2026-09-01T10:20:33Z,nucl-th,nucl-th; astro-ph.HE; astro-ph.SR,2,2,1,particle; topology,flux_tube; topological_defect,topological_confinement,flux_tube:flux tube (abstract); topological_defect:topological defect (abstract),orthogonal_physics,ctl_orthogonal_superconductivity,ctl_orthogonal_superconductivity:superconductivity (abstract),https://arxiv.org/abs/2609.01022v1,https://arxiv.org/pdf/2609.01022v1
10.5,10.5,watch,0.0,False,True,2609.01752v1,$\mathcal{N}$-bein formalism for degenerate states in the parameter space of quantum geometry,2026-09-01T18:22:09Z,2026-09-01T18:22:09Z,quant-ph,quant-ph; cond-mat.other; gr-qc,3,3,0,curve_geometry; gauge; holonomy,connection_torsion; gauge_connection; geometric_phase,,connection_torsion:torsion-like tensor (abstract); gauge_connection:covariant derivative (abstract); geometric_phase:wilczek-zee (abstract),,,,https://arxiv.org/abs/2609.01752v1,https://arxiv.org/pdf/2609.01752v1
10.2,9.5,watch,2.0,True,True,2608.18199v2,Chern insulator boundary criticality,2026-08-18T18:00:00Z,2026-09-01T22:52:50Z,cond-mat.str-el,cond-mat.str-el; cond-mat.mes-hall; hep-lat; hep-th,3,3,0,curve_geometry; particle; topology,boundary_modes; chirality; topological_defect,,boundary_modes:edge mode (abstract); chirality:chirality (abstract); topological_defect:domain wall (abstract),neighbor_topic; orthogonal_physics,ctl_neighbor_cft; ctl_orthogonal_superconductivity,ctl_neighbor_cft:conformal field theory (abstract); ctl_orthogonal_superconductivity:superconductor (abstract),https://arxiv.org/abs/2608.18199v2,https://arxiv.org/pdf/2608.18199v2
9.79,8.97,watch,2.35,False,True,2609.03289v1,Symmetry-breaking line defects embedded to a 3D $O(N)$ critical bulk,2026-09-03T02:31:31Z,2026-09-03T02:31:31Z,cond-mat.str-el,cond-mat.str-el; cond-mat.stat-mech; hep-th,3,3,0,scale; topology; worldtube,filament_defect; rg_flow; topological_defect,,filament_defect:line defect (title); rg_flow:renormalization group (abstract); topological_defect:domain wall (abstract),neighbor_topic; orthogonal_physics,ctl_neighbor_cft; ctl_orthogonal_quantum_critical,ctl_neighbor_cft:wilson-fisher (abstract); ctl_orthogonal_quantum_critical:critical bulk (title),https://arxiv.org/abs/2609.03289v1,https://arxiv.org/pdf/2609.03289v1
9.67,9.67,watch,0.0,True,True,2602.08539v2,Coarse grained modeling of self assembled DNA 3D structure using pragmatic soft ellipsoid contact potential,2026-02-09T11:36:48Z,2026-09-02T05:41:27Z,cond-mat.soft,cond-mat.soft,3,3,0,particle; scale; topology,chirality; coarse_graining; nonpenetration,,chirality:chirality (abstract); coarse_graining:coarse grained (title); nonpenetration:excluded volume (abstract),,,,https://arxiv.org/abs/2602.08539v2,https://arxiv.org/pdf/2602.08539v2
9.2,8.85,watch,1.0,False,True,2609.04302v1,Eye-opening bounds on cusps,2026-09-03T17:43:27Z,2026-09-03T17:43:27Z,hep-th,hep-th; cond-mat.str-el,2,2,1,gauge; worldtube,filament_defect; topological_selection,line_defect_fusion,filament_defect:line defect (abstract); topological_selection:fusion rule (abstract),neighbor_topic,ctl_neighbor_cft,ctl_neighbor_cft:conformal field theories (abstract),https://arxiv.org/abs/2609.04302v1,https://arxiv.org/pdf/2609.04302v1
9.1,8.75,watch,1.0,True,True,2606.10283v2,First Principles Magnetohydrodynamical Theory for the Expanding Box Model: Effects on Expansion-Induced Alfvén Wave Reflection,2026-06-09T01:10:41Z,2026-09-01T20:51:18Z,physics.plasm-ph,physics.plasm-ph; astro-ph.SR,3,3,0,curve_geometry; projection; scale,coarse_graining; framed_curve; projection,,coarse_graining:multiscale (abstract); framed_curve:moving frame (abstract); projection:geometric projection (abstract),orthogonal_physics,ctl_orthogonal_plasma,ctl_orthogonal_plasma:solar wind (abstract),https://arxiv.org/abs/2606.10283v2,https://arxiv.org/pdf/2606.10283v2
8.7,8.35,watch,1.0,True,True,2606.17580v2,The Pre-geometric Origin of Geometric Trinity of Gravity,2026-06-16T06:32:15Z,2026-09-03T14:20:38Z,gr-qc,gr-qc; hep-th,1,2,0,emergence,emergent_metric; emergent_spacetime,,emergent_metric:effective metric (abstract); emergent_spacetime:pre-geometric (title),generic_physics,ctl_generic_symmetry,ctl_generic_symmetry:symmetry breaking (abstract),https://arxiv.org/abs/2606.17580v2,https://arxiv.org/pdf/2606.17580v2
8.61,8.61,watch,0.0,True,True,2608.30031v2,"Ziggurats, taut foliations, and contact structures",2026-08-30T20:41:10Z,2026-09-02T22:24:59Z,math.GT,math.GT; math.DS; math.SG,2,2,0,global_geometry; projection,contact_symplectic; foliation,,contact_symplectic:contact structure (title); foliation:foliation (title),,,,https://arxiv.org/abs/2608.30031v2,https://arxiv.org/pdf/2608.30031v2
8.5,8.5,watch,0.0,False,True,2609.01401v1,On Braided Differential Calculi and Quantum G-structures,2026-09-01T15:26:42Z,2026-09-01T15:26:42Z,math.QA,math.QA; math.CT; math.DG; math.RA,2,2,0,gauge; topology,braid; fiber_bundle,,braid:braided (title); fiber_bundle:principal bundle (abstract),,,,https://arxiv.org/abs/2609.01401v1,https://arxiv.org/pdf/2609.01401v1
8.32,8.32,watch,0.0,True,True,2503.08457v2,Higher Riemann-Hilbert Correspondence and Descent for Regular Foliations,2025-03-11T14:06:17Z,2026-09-04T06:52:23Z,math.DG,math.DG; math.AT,2,2,0,holonomy; projection,foliation; holonomy,,foliation:foliation (title); holonomy:holonomy (abstract),,,,https://arxiv.org/abs/2503.08457v2,https://arxiv.org/pdf/2503.08457v2
8.15,7.68,watch,1.35,False,True,2609.04440v1,A topological version of the Cartan-Hadamard Theorem and asphericity complexity,2026-09-03T19:59:17Z,2026-09-03T19:59:17Z,math.GT,math.GT; math.AT,2,3,0,gauge; projection,fiber_bundle; projection_loss; section_bundle,,fiber_bundle:fiber bundle (abstract); projection_loss:quotient map (abstract); section_bundle:local section (abstract),mathematical_context,ctl_math_category_geometry,ctl_math_category_geometry:asphericity (title),https://arxiv.org/abs/2609.04440v1,https://arxiv.org/pdf/2609.04440v1
7.98,7.98,low,0.0,False,True,2609.03932v1,Khovanov monodromy groups via motions,2026-09-03T14:42:03Z,2026-09-03T14:42:03Z,math.GT,math.GT; math.AT; math.GR,2,2,0,holonomy; topology,hopf; monodromy,,hopf:hopf link (abstract); monodromy:monodromy (title),,,,https://arxiv.org/abs/2609.03932v1,https://arxiv.org/pdf/2609.03932v1
7.75,7.75,low,0.0,True,True,2604.27009v2,Geometric-Phase (Pancharatnam-Berry) Correction for Time-Bin Photonic Qudits: A Calibration and Feed-Forward Algorithm,2026-04-29T09:18:02Z,2026-09-01T08:37:56Z,quant-ph,quant-ph,2,3,0,holonomy; phenomenology,geometric_phase; interferometry_phase; parallel_transport,,geometric_phase:geometric phase (abstract); interferometry_phase:mach-zehnder (abstract); parallel_transport:parallel-transport (abstract),,,,https://arxiv.org/abs/2604.27009v2,https://arxiv.org/pdf/2604.27009v2
7.7,7.35,low,1.0,False,True,2609.03913v1,Electromechanical Domain Wall Propagation in Dielectric Elastomers: An Exact Geometric Resolution via Conformal Mapping,2026-09-03T14:28:26Z,2026-09-03T14:28:26Z,cond-mat.soft,cond-mat.soft; math-ph,2,2,0,particle; topology,geometric_mass; topological_defect,,geometric_mass:topological mass (abstract); topological_defect:domain wall (title),generic_physics,ctl_generic_action,ctl_generic_action:lagrangian (abstract),https://arxiv.org/abs/2609.03913v1,https://arxiv.org/pdf/2609.03913v1
7.38,7.03,low,1.0,True,True,2401.01338v2,Equivariant Morse theory for Lie algebra actions on Riemannian foliations,2024-01-02T18:57:53Z,2026-09-02T18:50:57Z,math.DG,math.DG; math.SG,2,2,0,global_geometry; projection,contact_symplectic; foliation,,contact_symplectic:symplectic geometry (abstract); foliation:foliation (title),generic_physics,ctl_generic_action,ctl_generic_action:hamiltonian (abstract),https://arxiv.org/abs/2401.01338v2,https://arxiv.org/pdf/2401.01338v2
7.12,7.12,low,0.0,False,True,2609.03244v1,Vortex solitons in disclination quasicrystals,2026-09-03T00:55:31Z,2026-09-03T00:55:31Z,physics.optics,physics.optics; nlin.PS,1,2,0,topology,topological_defect; topological_soliton,,topological_defect:topological defect (abstract); topological_soliton:vortex soliton (title),,,,https://arxiv.org/abs/2609.03244v1,https://arxiv.org/pdf/2609.03244v1
7.0,6.65,low,1.0,False,True,2609.03525v1,Center-twisted Gribov spectra and the finite-volume Gaussian response in the refined Gribov--Zwanziger framework,2026-09-03T08:24:15Z,2026-09-03T08:24:15Z,hep-th,hep-th; hep-lat,2,2,0,gauge; particle,confinement; higher_form_symmetry,,confinement:center vortex (abstract); higher_form_symmetry:1-form symmetry (abstract),generic_physics,ctl_generic_perturbation,ctl_generic_perturbation:one-loop (abstract),https://arxiv.org/abs/2609.03525v1,https://arxiv.org/pdf/2609.03525v1
6.82,6.47,low,1.0,False,True,2609.04330v1,The influence of quantum geometry on the phase boundary and collective excitations of electron liquids and crystals,2026-09-03T18:02:32Z,2026-09-03T18:02:32Z,cond-mat.mes-hall,cond-mat.mes-hall; cond-mat.str-el,2,2,0,particle; topology,collective_mode_boson; topological_soliton,,collective_mode_boson:collective excitation (title); topological_soliton:skyrmion (abstract),orthogonal_physics,ctl_orthogonal_materials,ctl_orthogonal_materials:graphene (abstract),https://arxiv.org/abs/2609.04330v1,https://arxiv.org/pdf/2609.04330v1
6.75,6.75,low,0.0,False,True,2609.02202v1,"The tensor category for W(2,2)-vertex algebra",2026-09-02T07:11:31Z,2026-09-02T07:11:31Z,math.QA,math.QA; math-ph; math.RT,2,2,0,gauge; topology,braid; topological_selection,,braid:braided (abstract); topological_selection:fusion rule (abstract),,,,https://arxiv.org/abs/2609.02202v1,https://arxiv.org/pdf/2609.02202v1
6.75,5.93,low,2.35,False,True,2609.01233v1,Interferometry reveals spin-singlet fractional quantum Hall edges in graphene,2026-09-01T13:33:01Z,2026-09-01T13:33:01Z,cond-mat.mes-hall,cond-mat.mes-hall,2,2,0,curve_geometry; holonomy,boundary_modes; geometric_phase,,boundary_modes:edge mode (abstract); geometric_phase:aharonov-bohm (abstract),orthogonal_physics,ctl_orthogonal_materials; ctl_orthogonal_superconductivity,ctl_orthogonal_materials:graphene (title); ctl_orthogonal_superconductivity:superconductor (abstract),https://arxiv.org/abs/2609.01233v1,https://arxiv.org/pdf/2609.01233v1
6.25,6.25,low,0.0,True,True,2607.09416v2,The Statistical physics of unsaturated soil water: kinetic theory and non commutative pore water dynamics,2026-07-10T13:47:51Z,2026-09-03T19:09:14Z,cond-mat.stat-mech,cond-mat.stat-mech; physics.geo-ph,1,2,0,holonomy,geometric_phase; holonomy,,geometric_phase:geometric phase (abstract); holonomy:holonomy (abstract),,,,https://arxiv.org/abs/2607.09416v2,https://arxiv.org/pdf/2607.09416v2
6.25,6.25,low,0.0,True,True,2608.28720v2,The \(V_n\) Invariants as Colored Links--Gould Invariants:A Root--Center Approach,2026-08-28T13:16:55Z,2026-09-01T15:59:17Z,math.QA,math.QA,1,2,0,topology,braid; knot,,braid:braiding (abstract); knot:knot invariant (abstract),,,,https://arxiv.org/abs/2608.28720v2,https://arxiv.org/pdf/2608.28720v2
6.15,5.8,low,1.0,True,True,2608.26702v2,Topologically protected perfect crossed Andreev reflection in flux-engineered quantum wire junctions,2026-08-27T06:58:15Z,2026-09-02T07:22:12Z,cond-mat.mes-hall,cond-mat.mes-hall; cond-mat.supr-con; quant-ph,2,2,0,holonomy; topology,geometric_phase; winding,,geometric_phase:aharonov-bohm (abstract); winding:winding number (abstract),orthogonal_physics,ctl_orthogonal_superconductivity,ctl_orthogonal_superconductivity:superconductor (abstract),https://arxiv.org/abs/2608.26702v2,https://arxiv.org/pdf/2608.26702v2
6.05,5.7,low,1.0,False,True,2609.00975v1,Topological charges and parity selection at Floquet quasienergy degeneracies,2026-09-01T09:31:44Z,2026-09-01T09:31:44Z,cond-mat.mes-hall,cond-mat.mes-hall; quant-ph,2,2,0,holonomy; particle,chirality; geometric_phase,,chirality:chirality (abstract); geometric_phase:berry phase (abstract),generic_physics,ctl_generic_perturbation,ctl_generic_perturbation:perturbative (abstract),https://arxiv.org/abs/2609.00975v1,https://arxiv.org/pdf/2609.00975v1
5.85,5.38,low,1.35,True,True,2607.00999v2,Yang-Mills-Higgs: A Geometric Theory of Binary Labels on Non-Contractible Spaces,2026-07-01T14:35:41Z,2026-09-03T13:19:52Z,math.DG,math.DG,2,2,0,holonomy; topology,monodromy; topological_defect,,monodromy:monodromy (abstract); topological_defect:topological obstruction (abstract),neighbor_topic,ctl_neighbor_standard_model,ctl_neighbor_standard_model:yang-mills (title),https://arxiv.org/abs/2607.00999v2,https://arxiv.org/pdf/2607.00999v2
5.85,5.15,low,2.0,True,True,2608.25696v2,Physics-informed quantum algorithms for glueball-like excitations in a $\mathbb{Z}_2$ lattice gauge theory,2026-08-26T12:11:43Z,2026-09-03T13:12:57Z,hep-lat,hep-lat; quant-ph,2,2,0,holonomy; particle,collective_mode_boson; wilson_loop,,collective_mode_boson:gauge excitation (abstract); wilson_loop:wilson-loop (abstract),generic_physics; neighbor_topic,ctl_generic_action; ctl_neighbor_standard_model,ctl_generic_action:hamiltonian (abstract); ctl_neighbor_standard_model:qcd (abstract),https://arxiv.org/abs/2608.25696v2,https://arxiv.org/pdf/2608.25696v2
5.45,5.1,low,1.0,True,True,2509.22110v3,Self-avoiding fluid deformable surfaces,2025-09-26T09:31:06Z,2026-09-02T08:23:28Z,physics.flu-dyn,physics.flu-dyn,2,2,0,curve_geometry; topology,curve_curvature; nonpenetration,,curve_curvature:bending energy (abstract); nonpenetration:self-avoidance (abstract),generic_physics,ctl_generic_numerics,ctl_generic_numerics:finite element (abstract),https://arxiv.org/abs/2509.22110v3,https://arxiv.org/pdf/2509.22110v3
5.45,4.4,low,3.0,True,True,2507.11564v4,Spacetime Grand Unified Theory,2025-07-14T18:00:00Z,2026-09-03T13:06:41Z,hep-ph,hep-ph; hep-th,2,2,0,gauge; particle,clifford_spinor; discrete_symmetry,,clifford_spinor:clifford algebra (abstract); discrete_symmetry:triality (abstract),generic_physics; neighbor_topic,ctl_generic_action; ctl_neighbor_dark; ctl_neighbor_standard_model,ctl_generic_action:lagrangian (abstract); ctl_neighbor_dark:dark matter (abstract); ctl_neighbor_standard_model:standard model (abstract),https://arxiv.org/abs/2507.11564v4,https://arxiv.org/pdf/2507.11564v4
5.4,5.4,low,0.0,True,False,2604.16215v2,Log-Conformal Projective Manifolds,2026-04-17T16:23:39Z,2026-09-04T12:17:34Z,math.AG,math.AG; math.DG,1,2,0,holonomy,holonomy; monodromy,,holonomy:holonomy (abstract); monodromy:monodromy (abstract),,,,https://arxiv.org/abs/2604.16215v2,https://arxiv.org/pdf/2604.16215v2
5.3,5.3,low,0.0,False,True,2609.05367v1,Stability Patterns for Spherical and Projective Braid Groups,2026-09-04T17:11:23Z,2026-09-04T17:11:23Z,math.AT,math.AT,1,1,0,topology,braid,,braid:braid group (title),,,,https://arxiv.org/abs/2609.05367v1,https://arxiv.org/pdf/2609.05367v1
5.3,5.3,low,0.0,True,True,2604.18832v2,High-flux sub-Poissonian twin fields generation from warm atomic vapor,2026-04-20T20:55:31Z,2026-09-03T16:24:37Z,quant-ph,quant-ph,2,2,0,particle; projection,collective_mode_boson; projection,,collective_mode_boson:collective mode (abstract); projection:spatial projection (abstract),,,,https://arxiv.org/abs/2604.18832v2,https://arxiv.org/pdf/2604.18832v2
5.28,5.28,low,0.0,True,True,2607.05218v2,Quasi-holonomy in non-adiabatic quantum evolution,2026-07-06T15:33:12Z,2026-09-03T17:03:03Z,quant-ph,quant-ph,1,1,0,holonomy,holonomy,,holonomy:holonomy (title),,,,https://arxiv.org/abs/2607.05218v2,https://arxiv.org/pdf/2607.05218v2
5.28,4.93,low,1.0,True,True,2608.09878v2,Eigenforms and special holonomy,2026-08-10T17:32:24Z,2026-09-04T15:09:30Z,math.DG,math.DG; hep-th,1,1,0,holonomy,holonomy,,holonomy:holonomy (title),neighbor_topic,ctl_neighbor_string,ctl_neighbor_string:superstring (abstract),https://arxiv.org/abs/2608.09878v2,https://arxiv.org/pdf/2608.09878v2
5.2,4.38,low,2.35,False,True,2609.05181v1,Dipolar and quadrupolar spin supersolid states in a spin-1 triangular antiferromagnet,2026-09-04T14:16:59Z,2026-09-04T14:16:59Z,cond-mat.str-el,cond-mat.str-el; cond-mat.mtrl-sci,2,2,0,particle; scale,clifford_spinor; rg_flow,,clifford_spinor:spin structure (abstract); rg_flow:renormalization group (abstract),generic_physics; orthogonal_physics,ctl_generic_symmetry; ctl_orthogonal_magnetism,ctl_generic_symmetry:symmetry breaking (abstract); ctl_orthogonal_magnetism:antiferromagnet (title),https://arxiv.org/abs/2609.05181v1,https://arxiv.org/pdf/2609.05181v1
5.13,5.13,low,0.0,False,True,2609.02481v1,The Knot Invariant Associated to Two-Parameter Quantum Algebras II,2026-09-02T11:50:22Z,2026-09-02T11:50:22Z,math.QA,math.QA,1,1,0,topology,knot,,knot:knot invariant (title),,,,https://arxiv.org/abs/2609.02481v1,https://arxiv.org/pdf/2609.02481v1
5.05,5.05,low,0.0,False,True,2609.04856v1,The elasticity of semiflexible polymers with reversible spontaneous curvature in two dimensions,2026-09-04T08:11:50Z,2026-09-04T08:11:50Z,cond-mat.soft,cond-mat.soft; physics.bio-ph,2,2,0,curve_geometry; worldtube,elastic_curve; filament_defect,,elastic_curve:bending stiffness (abstract); filament_defect:filament (abstract),,,,https://arxiv.org/abs/2609.04856v1,https://arxiv.org/pdf/2609.04856v1
5.05,5.05,low,0.0,True,True,2601.12409v2,Topological quantum color code model on infinite lattice,2026-01-18T13:53:18Z,2026-09-01T08:40:31Z,quant-ph,quant-ph; hep-th; math-ph; math.QA,1,2,0,topology,braid; superselection,,braid:braiding (abstract); superselection:superselection sector (abstract),,,,https://arxiv.org/abs/2601.12409v2,https://arxiv.org/pdf/2601.12409v2
4.97,4.97,low,0.0,False,True,2609.04966v1,Static Spherically Symmetric Solutions in Modified Entropic Gravity,2026-09-04T10:20:56Z,2026-09-04T10:20:56Z,gr-qc,gr-qc; hep-th,1,1,0,emergence,emergent_gravity,,emergent_gravity:entropic gravity (title),,,,https://arxiv.org/abs/2609.04966v1,https://arxiv.org/pdf/2609.04966v1
4.95,4.95,low,0.0,True,True,2606.20276v2,Comparison Theorems for the Profile Curve Equation of Rotationally Symmetric Self-Shrinkers,2026-06-18T14:19:20Z,2026-09-03T16:03:28Z,math.DG,math.DG; math.CA,2,2,0,curve_geometry; scale,curve_curvature; self_similarity,,curve_curvature:curvature vector (abstract); self_similarity:self-similar (abstract),,,,https://arxiv.org/abs/2606.20276v2,https://arxiv.org/pdf/2606.20276v2
4.95,4.6,low,1.0,False,True,2609.04062v1,Topological Mixing and Braiding Universality in Polar Active Matter,2026-09-03T16:37:07Z,2026-09-03T16:37:07Z,cond-mat.soft,cond-mat.soft; physics.bio-ph,1,1,0,topology,braid,,braid:braiding (title),generic_physics,ctl_generic_action,ctl_generic_action:lagrangian (abstract),https://arxiv.org/abs/2609.04062v1,https://arxiv.org/pdf/2609.04062v1
4.95,4.48,low,1.35,True,True,2607.16395v3,Rolling Galileons: Evolving Braiding Strength for Viable Dark Energy,2026-07-17T18:00:01Z,2026-09-01T08:19:19Z,astro-ph.CO,astro-ph.CO; gr-qc,1,1,0,topology,braid,,braid:braiding (title),neighbor_topic,ctl_neighbor_dark,ctl_neighbor_dark:dark energy (title),https://arxiv.org/abs/2607.16395v3,https://arxiv.org/pdf/2607.16395v3
4.85,4.5,low,1.0,False,True,2609.02666v1,Liquid-liquid phase transitions in dipolar liquids. Insights into Supercooled Water,2026-09-02T14:41:53Z,2026-09-02T14:41:53Z,cond-mat.soft,cond-mat.soft; physics.chem-ph,2,2,0,scale; topology,coarse_graining; nonpenetration,,coarse_graining:coarse-grained (abstract); nonpenetration:excluded volume (abstract),generic_physics,ctl_generic_numerics,ctl_generic_numerics:numerical simulation (abstract),https://arxiv.org/abs/2609.02666v1,https://arxiv.org/pdf/2609.02666v1
4.8,4.8,low,0.0,False,True,2609.04843v1,Connection matrices and Berry phases on the homogeneous spaces $\mathcal{D}^J_1$ and $\mathcal{X}^J_1$ attached to Jacobi groups,2026-09-04T08:00:07Z,2026-09-04T08:00:07Z,math.DG,math.DG,1,1,0,holonomy,geometric_phase,,geometric_phase:berry phase (title),,,,https://arxiv.org/abs/2609.04843v1,https://arxiv.org/pdf/2609.04843v1
4.8,4.8,low,0.0,True,True,2510.03888v3,"Chiral algebra, Wilson lines, and mixed Hodge structure of Coulomb branch",2025-10-04T18:00:01Z,2026-09-03T03:21:09Z,hep-th,hep-th; math-ph; math.RT,1,1,0,holonomy,wilson_loop,,wilson_loop:wilson line (title),,,,https://arxiv.org/abs/2510.03888v3,https://arxiv.org/pdf/2510.03888v3
4.7,4.23,low,1.35,True,True,2507.20073v4,The tension of space as dark energy: dynamics and phenomenology,2025-07-26T22:13:44Z,2026-09-01T12:33:25Z,gr-qc,gr-qc; hep-ph,2,2,0,particle; scale,coarse_graining; flux_tube,,coarse_graining:coarse-grained (abstract); flux_tube:flux-tube (abstract),neighbor_topic,ctl_neighbor_dark,ctl_neighbor_dark:dark energy (title),https://arxiv.org/abs/2507.20073v4,https://arxiv.org/pdf/2507.20073v4
4.65,4.3,low,1.0,False,True,2609.04041v1,Cutting corners: exciting and magical bounds from the cusp bootstrap,2026-09-03T16:15:25Z,2026-09-03T16:15:25Z,hep-th,hep-th; cond-mat.str-el,1,2,0,worldtube,filament_defect; worldline,,filament_defect:line defect (abstract); worldline:worldline (abstract),neighbor_topic,ctl_neighbor_cft,ctl_neighbor_cft:conformal field theory (abstract),https://arxiv.org/abs/2609.04041v1,https://arxiv.org/pdf/2609.04041v1
4.64,4.64,low,0.0,False,True,2609.04080v1,On radicals in differential invariants: global theory vs moving frames,2026-09-03T16:49:17Z,2026-09-03T16:49:17Z,math.DG,math.DG,1,1,0,curve_geometry,framed_curve,,framed_curve:moving frame (title),,,,https://arxiv.org/abs/2609.04080v1,https://arxiv.org/pdf/2609.04080v1
4.64,4.29,low,1.0,True,True,2606.00178v3,Traversable Wormholes Supported by Entropy-Inspired Effective Matter Sectors,2026-05-29T14:02:31Z,2026-09-04T13:42:45Z,gr-qc,gr-qc,1,1,0,causality,wormhole,,wormhole:traversable wormhole (title),neighbor_topic,ctl_neighbor_black_hole,ctl_neighbor_black_hole:black-hole (abstract),https://arxiv.org/abs/2606.00178v3,https://arxiv.org/pdf/2606.00178v3
4.64,4.17,low,1.35,False,True,2609.01160v1,Layer-selective and magnetic-field-enhanced transport of topological kink states in rhombohedral multilayer graphene,2026-09-01T12:41:49Z,2026-09-01T12:41:49Z,cond-mat.mes-hall,cond-mat.mes-hall,1,1,0,curve_geometry,kink_phase_slip,,kink_phase_slip:topological kink (title),orthogonal_physics,ctl_orthogonal_materials,ctl_orthogonal_materials:graphene (title),https://arxiv.org/abs/2609.01160v1,https://arxiv.org/pdf/2609.01160v1
4.46,4.11,low,1.0,False,True,2609.01714v1,On-shell recursion and soft theorems for worldline quantum field theory,2026-09-01T18:00:02Z,2026-09-01T18:00:02Z,hep-th,hep-th; gr-qc,1,1,0,worldtube,worldline,,worldline:worldline (title),generic_physics,ctl_generic_eft,ctl_generic_eft:effective theory (abstract),https://arxiv.org/abs/2609.01714v1,https://arxiv.org/pdf/2609.01714v1
4.31,3.96,low,1.0,True,True,2512.03841v3,Intermittency from instanton calculus at the transition to turbulence and fusion rules,2025-12-03T14:41:26Z,2026-09-01T20:43:56Z,physics.flu-dyn,physics.flu-dyn,1,1,0,gauge,topological_selection,,topological_selection:fusion rule (title),generic_physics,ctl_generic_numerics,ctl_generic_numerics:numerical simulation (abstract),https://arxiv.org/abs/2512.03841v3,https://arxiv.org/pdf/2512.03841v3
4.14,4.14,low,0.0,False,False,2609.04811v1,Challenges in orbital current-driven domain wall motion in light metal/ferrimagnet heterostructures,2026-09-04T07:09:21Z,2026-09-04T07:09:21Z,cond-mat.mtrl-sci,cond-mat.mtrl-sci; cond-mat.mes-hall,1,1,0,topology,topological_defect,,topological_defect:domain wall (title),,,,https://arxiv.org/abs/2609.04811v1,https://arxiv.org/pdf/2609.04811v1
4.14,4.14,low,0.0,False,True,2609.02643v1,Dynamical stabilisation of a quantum fluid using a single topological defect,2026-09-02T14:18:13Z,2026-09-02T14:18:13Z,cond-mat.quant-gas,cond-mat.quant-gas; physics.optics,1,1,0,topology,topological_defect,,topological_defect:topological defect (title),,,,https://arxiv.org/abs/2609.02643v1,https://arxiv.org/pdf/2609.02643v1
4.14,4.14,low,0.0,False,True,2609.02586v1,Memory-driven Topological Defects and Unconventional Long-Range Order,2026-09-02T13:31:01Z,2026-09-02T13:31:01Z,cond-mat.stat-mech,cond-mat.stat-mech,1,1,0,topology,topological_defect,,topological_defect:topological defect (title),,,,https://arxiv.org/abs/2609.02586v1,https://arxiv.org/pdf/2609.02586v1
4.14,3.19,low,2.7,True,True,2508.03202v2,Modified Black Hole Physics in Quantum Gravity with Quintessence and Topological Defects,2025-08-05T08:22:10Z,2026-09-02T18:36:39Z,gr-qc,gr-qc; hep-th,1,1,0,topology,topological_defect,,topological_defect:topological defect (title),neighbor_topic,ctl_neighbor_black_hole; ctl_neighbor_quantum_gravity,ctl_neighbor_black_hole:black hole (title); ctl_neighbor_quantum_gravity:quantum gravity (title),https://arxiv.org/abs/2508.03202v2,https://arxiv.org/pdf/2508.03202v2
4.14,3.09,low,3.0,False,True,2609.02521v1,Universal fingerprint of topological defect cores,2026-09-02T12:27:42Z,2026-09-02T12:27:42Z,hep-th,hep-th; cond-mat.stat-mech; gr-qc; hep-ph,1,1,0,topology,topological_defect,,topological_defect:topological defect (title),generic_physics; neighbor_topic; orthogonal_physics,ctl_generic_numerics; ctl_neighbor_string; ctl_orthogonal_superconductivity,ctl_generic_numerics:numerical simulation (abstract); ctl_neighbor_string:gauge/gravity duality (abstract); ctl_orthogonal_superconductivity:superconductor (abstract),https://arxiv.org/abs/2609.02521v1,https://arxiv.org/pdf/2609.02521v1
4.12,4.12,low,0.0,False,True,2609.04972v1,Bias-field control of the Neel skyrmion nonlinearity in a confined nanostructure,2026-09-04T10:23:29Z,2026-09-04T10:23:29Z,cond-mat.mes-hall,cond-mat.mes-hall,1,1,0,topology,topological_soliton,,topological_soliton:skyrmion (title),,,,https://arxiv.org/abs/2609.04972v1,https://arxiv.org/pdf/2609.04972v1
4.12,4.12,low,0.0,False,True,2609.03951v1,Generalized Semi-Riemannian Submersions and Foliations,2026-09-03T14:53:28Z,2026-09-03T14:53:28Z,math.DG,math.DG,1,1,0,projection,foliation,,foliation:foliation (title),,,,https://arxiv.org/abs/2609.03951v1,https://arxiv.org/pdf/2609.03951v1
4.12,4.12,low,0.0,True,True,2604.23571v2,Quantum Skyrmions in Mixed States of Light and Their Nested Topology,2026-04-26T07:22:29Z,2026-09-03T10:18:17Z,quant-ph,quant-ph; physics.optics,1,1,0,topology,topological_soliton,,topological_soliton:skyrmion (title),,,,https://arxiv.org/abs/2604.23571v2,https://arxiv.org/pdf/2604.23571v2
4.12,4.12,low,0.0,True,True,2509.17403v3,Dynamics of $\mathrm{CP}^{N-1}$ skyrmions,2025-09-22T07:01:26Z,2026-09-03T03:17:55Z,cond-mat.str-el,cond-mat.str-el,1,1,0,topology,topological_soliton,,topological_soliton:skyrmion (title),,,,https://arxiv.org/abs/2509.17403v3,https://arxiv.org/pdf/2509.17403v3
4.12,3.65,low,1.35,False,True,2609.01142v1,Lagrangian Foliations on compact Kähler manifolds,2026-09-01T12:18:02Z,2026-09-01T12:18:02Z,math.DG,math.DG,1,1,0,projection,foliation,,foliation:foliation (title),generic_physics,ctl_generic_action,ctl_generic_action:lagrangian (title),https://arxiv.org/abs/2609.01142v1,https://arxiv.org/pdf/2609.01142v1
3.98,3.98,low,0.0,False,False,2609.01402v1,Parabolic Lie algebroid connections on parabolic principal bundles over curves,2026-09-01T15:27:01Z,2026-09-01T15:27:01Z,math.AG,math.AG; math.DG,1,1,0,gauge,fiber_bundle,,fiber_bundle:principal bundle (title),,,,https://arxiv.org/abs/2609.01402v1,https://arxiv.org/pdf/2609.01402v1
3.81,3.46,low,1.0,True,True,2605.22434v2,Entropic route to Brown-York tensor: A unified framework for null and timelike hypersurfaces,2026-05-21T12:59:58Z,2026-09-04T06:55:37Z,gr-qc,gr-qc; hep-th,1,1,0,projection,hypersurface,,hypersurface:timelike hypersurface (title),generic_physics,ctl_generic_action,ctl_generic_action:equations of motion (abstract),https://arxiv.org/abs/2605.22434v2,https://arxiv.org/pdf/2605.22434v2
3.75,3.4,low,1.0,True,True,2608.02659v3,Geometry--gauge controlled dynamics and localization of a two-particle system on a helicoidal manifold,2026-08-01T13:27:50Z,2026-09-03T14:47:44Z,quant-ph,quant-ph,1,1,0,emergence,emergent_metric,,emergent_metric:induced metric (abstract),generic_physics,ctl_generic_action,ctl_generic_action:hamiltonian (abstract),https://arxiv.org/abs/2608.02659v3,https://arxiv.org/pdf/2608.02659v3
3.65,3.65,low,0.0,True,True,2608.09299v3,Correlated parity violation in gravity and electromagnetism from five-dimensional spacetime,2026-08-10T08:48:53Z,2026-09-03T06:15:14Z,gr-qc,gr-qc; astro-ph.CO; hep-th,1,1,0,particle,chirality,,chirality:parity violation (title),,,,https://arxiv.org/abs/2608.09299v3,https://arxiv.org/pdf/2608.09299v3
3.65,3.65,low,0.0,False,True,2609.03040v1,Stabilization of dark states in emitter arrays coupled to a half-waveguide,2026-09-02T18:12:41Z,2026-09-02T18:12:41Z,quant-ph,quant-ph,1,1,0,particle,dark_projection,,dark_projection:dark state (title),,,,https://arxiv.org/abs/2609.03040v1,https://arxiv.org/pdf/2609.03040v1
3.65,3.65,low,0.0,True,True,2608.24243v2,Three-slit interference with a which-path memory ancilla: A bright-dark state formulation,2026-08-25T08:46:11Z,2026-09-01T11:57:07Z,quant-ph,quant-ph,1,1,0,particle,dark_projection,,dark_projection:dark state (title),,,,https://arxiv.org/abs/2608.24243v2,https://arxiv.org/pdf/2608.24243v2
3.65,2.95,low,2.0,True,True,2508.08481v2,Oscillations and parity violation in gravitational wave background from extra tensor modes,2025-08-11T21:34:05Z,2026-09-02T17:27:16Z,astro-ph.CO,astro-ph.CO; gr-qc; hep-th,1,1,0,particle,chirality,,chirality:parity violation (title),generic_physics; neighbor_topic,ctl_generic_eft; ctl_neighbor_cosmology,ctl_generic_eft:effective field theory (abstract); ctl_neighbor_cosmology:inflation (abstract),https://arxiv.org/abs/2508.08481v2,https://arxiv.org/pdf/2508.08481v2
3.63,2.81,low,2.35,True,True,2607.25205v2,"Monodromy, Hidden Conformal Symmetry and Entropy Product Formula For Kerr-MOG Black Hole",2026-07-28T02:22:24Z,2026-09-03T18:36:48Z,hep-th,hep-th; gr-qc,1,1,0,holonomy,monodromy,,monodromy:monodromy (title),neighbor_topic,ctl_neighbor_black_hole; ctl_neighbor_cft,ctl_neighbor_black_hole:black hole (title); ctl_neighbor_cft:conformal field theory (abstract),https://arxiv.org/abs/2607.25205v2,https://arxiv.org/pdf/2607.25205v2
3.48,3.48,low,0.0,False,True,2609.05322v1,Restricting the effects hides a nonphysical symmetry from every causal structure,2026-09-04T16:16:58Z,2026-09-04T16:16:58Z,quant-ph,quant-ph,1,1,0,causality,causal_geometry,,causal_geometry:causal structure (title),,,,https://arxiv.org/abs/2609.05322v1,https://arxiv.org/pdf/2609.05322v1
3.48,3.48,low,0.0,False,False,2609.03700v1,On the Finiteness of Anosov flows on $3$-manifolds via Contact Geometry,2026-09-03T11:38:58Z,2026-09-03T11:38:58Z,math.DS,math.DS; math.GT; math.SG,1,1,0,global_geometry,contact_symplectic,,contact_symplectic:contact geometry (title),,,,https://arxiv.org/abs/2609.03700v1,https://arxiv.org/pdf/2609.03700v1
3.48,3.48,low,0.0,False,True,2609.03260v1,Constraint closure and gravitational-wave content of shear-free cosmologies in metric f(R) gravity,2026-09-03T01:37:00Z,2026-09-03T01:37:00Z,gr-qc,gr-qc,1,1,0,gauge,brst_constraints,,brst_constraints:constraint closure (title),,,,https://arxiv.org/abs/2609.03260v1,https://arxiv.org/pdf/2609.03260v1
3.48,3.13,low,1.0,False,True,2609.03061v1,Maslov Indicies In Symplectic Geometry Revisited,2026-09-02T18:34:57Z,2026-09-02T18:34:57Z,math.DG,math.DG,1,1,0,global_geometry,contact_symplectic,,contact_symplectic:symplectic geometry (title),generic_physics,ctl_generic_action,ctl_generic_action:lagrangian (abstract),https://arxiv.org/abs/2609.03061v1,https://arxiv.org/pdf/2609.03061v1
3.35,3.35,low,0.0,False,True,2609.05121v1,On the growth of operator entanglement in brickwork circuits with Yang--Baxter gates,2026-09-04T13:19:46Z,2026-09-04T13:19:46Z,cond-mat.stat-mech,cond-mat.stat-mech; nlin.SI; quant-ph,1,1,0,topology,braid,,braid:braid relation (abstract),,,,https://arxiv.org/abs/2609.05121v1,https://arxiv.org/pdf/2609.05121v1
3.35,3.35,low,0.0,True,True,2602.11218v2,Algebraic and Topological Study of Bell States and Quantum Teleportation,2026-02-11T09:47:34Z,2026-09-04T07:49:09Z,quant-ph,quant-ph,1,1,0,topology,braid,,braid:braid group (abstract),,,,https://arxiv.org/abs/2602.11218v2,https://arxiv.org/pdf/2602.11218v2
3.35,3.35,low,0.0,False,True,2609.03731v1,Weightings and Lie groupoids,2026-09-03T12:01:55Z,2026-09-03T12:01:55Z,math.DG,math.DG,1,1,0,curve_geometry,normal_bundle,,normal_bundle:normal bundle (abstract),,,,https://arxiv.org/abs/2609.03731v1,https://arxiv.org/pdf/2609.03731v1
3.35,3.35,low,0.0,False,False,2609.02765v1,Quantum wreath products and Yang-Baxter equations,2026-09-02T16:05:25Z,2026-09-02T16:05:25Z,math.RT,math.RT; math.QA,1,1,0,topology,braid,,braid:braid relation (abstract),,,,https://arxiv.org/abs/2609.02765v1,https://arxiv.org/pdf/2609.02765v1
3.35,3.35,low,0.0,False,True,2609.01462v1,Parametrized LS category and group actions,2026-09-01T16:02:11Z,2026-09-01T16:02:11Z,math.AT,math.AT,1,1,0,topology,braid,,braid:braid group (abstract),,,,https://arxiv.org/abs/2609.01462v1,https://arxiv.org/pdf/2609.01462v1
3.35,2.18,low,3.35,True,True,2606.03496v2,Off-Shell Supersymmetry Algebra in the Lorentzian IIB Matrix Model: Algebraic Constraints and a $κ$-Minkowski-Like Sector,2026-06-02T11:13:00Z,2026-09-01T10:21:54Z,hep-th,hep-th,1,1,0,emergence,emergent_spacetime,,emergent_spacetime:emergent spacetime (abstract),generic_physics; neighbor_topic,ctl_generic_action; ctl_generic_perturbation; ctl_neighbor_standard_model,ctl_generic_action:equations of motion (abstract); ctl_generic_perturbation:perturbative (abstract); ctl_neighbor_standard_model:supersymmetry (title),https://arxiv.org/abs/2606.03496v2,https://arxiv.org/pdf/2606.03496v2
3.32,3.32,low,0.0,False,True,2609.00922v1,"The Morse Index, Nullity and Jacobi Fields of Constant-Curvature 2-Spheres in Complex Projective Spaces",2026-09-01T08:47:06Z,2026-09-01T08:47:06Z,math.DG,math.DG,1,1,0,continuum,geodesic_deviation,,geodesic_deviation:jacobi field (title),,,,https://arxiv.org/abs/2609.00922v1,https://arxiv.org/pdf/2609.00922v1
3.3,3.3,low,0.0,True,True,2604.10472v3,On the volume conjecture of the colored Jones invariants with arbitrary colors,2026-04-12T05:56:47Z,2026-09-04T04:39:43Z,math.GT,math.GT,1,1,0,topology,borromean,,borromean:borromean (abstract),,,,https://arxiv.org/abs/2604.10472v3,https://arxiv.org/pdf/2604.10472v3
3.2,3.2,low,0.0,True,True,2404.14284v3,Affine laminations and coaffine representations,2024-04-22T15:33:53Z,2026-09-04T11:44:07Z,math.GT,math.GT; math.DS,1,1,0,holonomy,holonomy,,holonomy:holonomy (abstract),,,,https://arxiv.org/abs/2404.14284v3,https://arxiv.org/pdf/2404.14284v3
3.2,3.2,low,0.0,False,True,2609.03347v1,"Conical Defects in JT Gravity from BF Theory: Quantization, Fusion, and Weighted Moduli Spaces",2026-09-03T04:09:16Z,2026-09-03T04:09:16Z,hep-th,hep-th; math.AG,1,1,0,holonomy,holonomy,,holonomy:holonomy (abstract),,,,https://arxiv.org/abs/2609.03347v1,https://arxiv.org/pdf/2609.03347v1
3.2,3.2,low,0.0,True,True,2302.12543v3,Hybrid connections on Hessian manifolds,2023-02-24T09:58:14Z,2026-09-02T10:39:16Z,math.DG,math.DG,1,1,0,holonomy,holonomy,,holonomy:holonomy (abstract),,,,https://arxiv.org/abs/2302.12543v3,https://arxiv.org/pdf/2302.12543v3
3.2,2.85,low,1.0,False,True,2609.02425v1,Localization and Abelianization of Strings on Group Manifolds: The Simply Connected Case,2026-09-02T10:44:09Z,2026-09-02T10:44:09Z,hep-th,hep-th,1,1,0,holonomy,holonomy,,holonomy:holonomy (abstract),generic_physics,ctl_generic_action,ctl_generic_action:hamiltonian (abstract),https://arxiv.org/abs/2609.02425v1,https://arxiv.org/pdf/2609.02425v1
3.15,3.15,low,0.0,False,True,2609.01324v2,Mass Bounds for Confined Area-Minimizing Minimal Surfaces,2026-09-01T14:42:53Z,2026-09-03T17:25:16Z,math.DG,math.DG; math.AP,1,1,0,worldtube,tubular_neighborhood,,tubular_neighborhood:tubular neighborhood (abstract),,,,https://arxiv.org/abs/2609.01324v2,https://arxiv.org/pdf/2609.01324v2
3.15,3.15,low,0.0,True,True,2603.20810v2,Non-Gaussianity from superselection rules,2026-03-21T13:14:34Z,2026-09-01T07:42:24Z,quant-ph,quant-ph,1,1,0,topology,superselection,,superselection:superselection rule (title),,,,https://arxiv.org/abs/2603.20810v2,https://arxiv.org/pdf/2603.20810v2
3.15,2.8,low,1.0,True,True,2606.19137v2,Bulk-boundary correspondence of (1+1)D symmetric gapped phases,2026-06-17T14:46:02Z,2026-09-03T06:35:59Z,math-ph,math-ph; cond-mat.str-el,1,1,0,gauge,noninvertible_symmetry,,noninvertible_symmetry:categorical symmetry (abstract),generic_physics,ctl_generic_action,ctl_generic_action:hamiltonian (abstract),https://arxiv.org/abs/2606.19137v2,https://arxiv.org/pdf/2606.19137v2
3.15,2.68,low,1.35,True,True,2603.05557v2,Black hole analogues in two-dimensional flows with constant shear,2026-03-05T09:27:39Z,2026-09-01T09:32:29Z,gr-qc,gr-qc; physics.flu-dyn,1,1,0,emergence,emergent_gravity,,emergent_gravity:analogue gravity (abstract),neighbor_topic,ctl_neighbor_black_hole,ctl_neighbor_black_hole:black hole (title),https://arxiv.org/abs/2603.05557v2,https://arxiv.org/pdf/2603.05557v2
3.15,1.98,low,3.35,True,True,2603.24168v2,Consistent Gauge Conditions for Dust-Shell Dynamics in Effective Quantum Gravity,2026-03-25T10:37:08Z,2026-09-03T15:17:55Z,gr-qc,gr-qc,1,1,0,emergence,emergent_gravity,,emergent_gravity:effective gravity (abstract),generic_physics; neighbor_topic,ctl_generic_action; ctl_neighbor_black_hole; ctl_neighbor_quantum_gravity,ctl_generic_action:hamiltonian (abstract); ctl_neighbor_black_hole:black-hole (abstract); ctl_neighbor_quantum_gravity:quantum gravity (title),https://arxiv.org/abs/2603.24168v2,https://arxiv.org/pdf/2603.24168v2
3.13,2.43,low,2.0,False,True,2609.04621v1,Open-Closed-Open Triality for 1/2 BPS Three-Point Functions,2026-09-04T01:49:18Z,2026-09-04T01:49:18Z,hep-th,hep-th,1,1,0,gauge,discrete_symmetry,,discrete_symmetry:triality (title),neighbor_topic,ctl_neighbor_standard_model; ctl_neighbor_string,ctl_neighbor_standard_model:yang-mills (abstract); ctl_neighbor_string:string theory (abstract),https://arxiv.org/abs/2609.04621v1,https://arxiv.org/pdf/2609.04621v1
3.05,3.05,low,0.0,True,True,2510.15067v3,Topological Preparation of Non-Stabilizer States and Clifford Evolution in $SU(2)_1$ Chern-Simons Theory,2025-10-16T18:29:50Z,2026-09-04T00:10:31Z,hep-th,hep-th; math-ph; quant-ph,1,1,0,holonomy,wilson_loop,,wilson_loop:wilson loop (abstract),,,,https://arxiv.org/abs/2510.15067v3,https://arxiv.org/pdf/2510.15067v3
3.05,3.05,low,0.0,True,True,2605.00287v2,Sequential Measurements as a Resource in Ancilla-Assisted Quantum Metrology,2026-04-30T23:06:39Z,2026-09-02T18:15:20Z,quant-ph,quant-ph,1,1,0,holonomy,geometric_phase,,geometric_phase:geometric phase (abstract),,,,https://arxiv.org/abs/2605.00287v2,https://arxiv.org/pdf/2605.00287v2
3.05,3.05,low,0.0,False,False,2609.02509v1,Algebraic study of quantum configuration spaces of decorated flags,2026-09-02T12:14:52Z,2026-09-02T12:14:52Z,math.RT,math.RT; math.QA,1,1,0,holonomy,wilson_loop,,wilson_loop:wilson line (abstract),,,,https://arxiv.org/abs/2609.02509v1,https://arxiv.org/pdf/2609.02509v1
3.05,3.05,low,0.0,False,False,2609.02073v1,Existence of closed non-planar $p$-elasticae,2026-09-02T03:58:02Z,2026-09-02T03:58:02Z,math.AP,math.AP; math.DG,1,1,0,topology,torus_knot,,torus_knot:torus knot (abstract),,,,https://arxiv.org/abs/2609.02073v1,https://arxiv.org/pdf/2609.02073v1
3.05,2.58,low,1.35,False,True,2609.05306v1,Chaos is Target-Blind in High-Energy QCD Evolution,2026-09-04T16:00:43Z,2026-09-04T16:00:43Z,hep-ph,hep-ph; hep-th; math-ph; nlin.CD; nucl-th,1,1,0,holonomy,wilson_loop,,wilson_loop:wilson line (abstract),neighbor_topic,ctl_neighbor_standard_model,ctl_neighbor_standard_model:qcd (title),https://arxiv.org/abs/2609.05306v1,https://arxiv.org/pdf/2609.05306v1
3.05,2.58,low,1.35,False,True,2609.03867v1,Tunable Chern superconductivity of PtBi$_2$ in slab geometry,2026-09-03T13:56:13Z,2026-09-03T13:56:13Z,cond-mat.supr-con,cond-mat.supr-con; cond-mat.mes-hall,1,1,0,curve_geometry,boundary_modes,,boundary_modes:edge mode (abstract),orthogonal_physics,ctl_orthogonal_superconductivity,ctl_orthogonal_superconductivity:superconductivity (title),https://arxiv.org/abs/2609.03867v1,https://arxiv.org/pdf/2609.03867v1
3.0,3.0,low,0.0,True,True,2606.10946v6,A quiver approach to quasi-quantum groups with the Chevalley property,2026-06-09T14:52:43Z,2026-09-04T02:32:37Z,math.QA,math.QA; math.RA; math.RT,1,1,0,topology,braid,,braid:braided (abstract),,,,https://arxiv.org/abs/2606.10946v6,https://arxiv.org/pdf/2606.10946v6
3.0,3.0,low,0.0,False,True,2609.04073v1,A Galois connection between subalgebras and tensor subcategories,2026-09-03T16:44:05Z,2026-09-03T16:44:05Z,math.QA,math.QA; math.CT,1,1,0,topology,braid,,braid:braided (abstract),,,,https://arxiv.org/abs/2609.04073v1,https://arxiv.org/pdf/2609.04073v1
3.0,3.0,low,0.0,True,True,2501.15003v3,Twisted Intertwining Operators and Tensor Products of (Generalized) Twisted Modules,2025-01-25T00:39:04Z,2026-09-02T20:12:47Z,math.QA,math.QA; hep-th,1,1,0,topology,braid,,braid:braiding (abstract),,,,https://arxiv.org/abs/2501.15003v3,https://arxiv.org/pdf/2501.15003v3
3.0,3.0,low,0.0,False,True,2609.02589v1,Exceptional Topological Signatures of Non-Hermitian Photonic Hopf-Link Braids,2026-09-02T13:32:50Z,2026-09-02T13:32:50Z,physics.optics,physics.optics; cond-mat.mes-hall; quant-ph,1,1,0,topology,braid,,braid:braiding (abstract),,,,https://arxiv.org/abs/2609.02589v1,https://arxiv.org/pdf/2609.02589v1
3.0,3.0,low,0.0,True,True,2603.05052v2,Fabry-Pérot interferometry with stochastic anyonic sources,2026-03-05T11:04:07Z,2026-09-01T10:47:36Z,cond-mat.mes-hall,cond-mat.mes-hall,1,1,0,topology,braid,,braid:braiding (abstract),,,,https://arxiv.org/abs/2603.05052v2,https://arxiv.org/pdf/2603.05052v2
2.99,2.52,low,1.35,False,True,2609.03465v1,Studying line defect at Deconfined Quantum Criticality via fuzzy sphere regularization,2026-09-03T07:23:43Z,2026-09-03T07:23:43Z,cond-mat.str-el,cond-mat.str-el,1,1,0,worldtube,filament_defect,,filament_defect:line defect (title),orthogonal_physics,ctl_orthogonal_quantum_critical,ctl_orthogonal_quantum_critical:quantum criticality (title),https://arxiv.org/abs/2609.03465v1,https://arxiv.org/pdf/2609.03465v1
2.95,2.95,low,0.0,False,True,2609.03053v1,Multi-Boundary Many-Body Quantum Teleportation,2026-09-02T18:27:31Z,2026-09-02T18:27:31Z,quant-ph,quant-ph; hep-th,1,1,0,causality,wormhole,,wormhole:traversable wormhole (abstract),,,,https://arxiv.org/abs/2609.03053v1,https://arxiv.org/pdf/2609.03053v1
2.95,2.95,low,0.0,True,True,2606.17607v2,Generalized Frenet frames and frame sequences of singular space curves,2026-06-16T07:13:47Z,2026-09-02T03:50:22Z,math.DG,math.DG,1,1,0,curve_geometry,framed_curve,,framed_curve:bishop frame (abstract),,,,https://arxiv.org/abs/2606.17607v2,https://arxiv.org/pdf/2606.17607v2
2.95,2.95,low,0.0,True,True,2605.27754v2,Twistor approach to classical and quantum D0-brane,2026-05-26T23:07:16Z,2026-09-01T12:12:04Z,hep-th,hep-th,1,1,0,curve_geometry,framed_curve,,framed_curve:moving frame (abstract),,,,https://arxiv.org/abs/2605.27754v2,https://arxiv.org/pdf/2605.27754v2
2.95,2.6,low,1.0,True,True,2605.17940v2,Shapiro steps of superfluid Fermi gases in a ring trap across the BCS--BEC crossover,2026-05-18T06:57:01Z,2026-09-04T08:45:43Z,cond-mat.quant-gas,cond-mat.quant-gas; cond-mat.supr-con,1,1,0,curve_geometry,kink_phase_slip,,kink_phase_slip:phase slip (abstract),orthogonal_physics,ctl_orthogonal_superconductivity,ctl_orthogonal_superconductivity:josephson junction (abstract),https://arxiv.org/abs/2605.17940v2,https://arxiv.org/pdf/2605.17940v2
2.95,2.6,low,1.0,False,True,2609.03020v1,Tuning Andreev reflection and conductance in proximitized nanowires through the spin-orbit field direction,2026-09-02T18:00:12Z,2026-09-02T18:00:12Z,cond-mat.mes-hall,cond-mat.mes-hall,1,1,0,particle,misalignment_mass,,misalignment_mass:misalignment angle (abstract),orthogonal_physics,ctl_orthogonal_superconductivity,ctl_orthogonal_superconductivity:superconductor (abstract),https://arxiv.org/abs/2609.03020v1,https://arxiv.org/pdf/2609.03020v1
2.95,2.48,low,1.35,False,True,2609.04142v1,First Two-Hadron Form Factor from QCD,2026-09-03T17:33:20Z,2026-09-03T17:33:20Z,hep-lat,hep-lat; hep-ph; nucl-th,1,1,0,curve_geometry,framed_curve,,framed_curve:moving frame (abstract),neighbor_topic,ctl_neighbor_standard_model,ctl_neighbor_standard_model:qcd (title),https://arxiv.org/abs/2609.04142v1,https://arxiv.org/pdf/2609.04142v1
2.95,2.48,low,1.35,False,True,2609.03683v1,Long-lived ringing of Bronnikov--Kim brane-world black holes and wormholes,2026-09-03T11:20:25Z,2026-09-03T11:20:25Z,gr-qc,gr-qc,1,1,0,causality,wormhole,,wormhole:wormhole throat (abstract),neighbor_topic,ctl_neighbor_black_hole,ctl_neighbor_black_hole:black hole (title),https://arxiv.org/abs/2609.03683v1,https://arxiv.org/pdf/2609.03683v1
2.95,1.9,low,3.0,True,True,2607.11851v2,Corrected thermodynamics and radiation predictions of modified black bounce compact objects,2026-07-13T17:39:27Z,2026-09-01T14:56:41Z,gr-qc,gr-qc,1,1,0,causality,wormhole,,wormhole:wormhole throat (abstract),neighbor_topic,ctl_neighbor_black_hole; ctl_neighbor_quantum_gravity; ctl_neighbor_string,ctl_neighbor_black_hole:black hole (abstract); ctl_neighbor_quantum_gravity:quantum gravity (abstract); ctl_neighbor_string:string theory (abstract),https://arxiv.org/abs/2607.11851v2,https://arxiv.org/pdf/2607.11851v2
2.85,1.8,low,3.0,True,True,2512.20710v2,Bounds on Abelian Currents in 4d CFTs,2025-12-23T19:18:39Z,2026-09-03T08:36:29Z,hep-th,hep-th; hep-lat,1,1,0,gauge,anomaly_inflow,,anomaly_inflow:'t hooft anomaly (abstract),generic_physics; neighbor_topic,ctl_generic_perturbation; ctl_generic_symmetry; ctl_neighbor_cft,ctl_generic_perturbation:perturbative (abstract); ctl_generic_symmetry:global symmetry (abstract); ctl_neighbor_cft:conformal field theories (abstract),https://arxiv.org/abs/2512.20710v2,https://arxiv.org/pdf/2512.20710v2
2.82,2.82,low,0.0,False,True,2609.04580v1,Residual detuning in the laboratory-frame anti-Jaynes--Cummings model with a squeezed vacuum,2026-09-04T00:20:23Z,2026-09-04T00:20:23Z,quant-ph,quant-ph,1,1,0,causality,vacuum_entanglement,,vacuum_entanglement:squeezed vacuum (title),,,,https://arxiv.org/abs/2609.04580v1,https://arxiv.org/pdf/2609.04580v1
2.82,2.82,low,0.0,True,True,2605.21643v2,Balancing Quasi-Bragg Regime and Velocity Selectivity in Quantum-Enhanced Atom Interferometry,2026-05-20T18:55:48Z,2026-09-02T21:36:19Z,quant-ph,quant-ph; physics.atom-ph,1,1,0,phenomenology,interferometry_phase,,interferometry_phase:atom interferometry (title),,,,https://arxiv.org/abs/2605.21643v2,https://arxiv.org/pdf/2605.21643v2
2.82,2.82,low,0.0,False,True,2609.00991v1,Impact of light shift inhomogeneities on the contrast of light pulse atom interferometers,2026-09-01T09:43:41Z,2026-09-01T09:43:41Z,physics.atom-ph,physics.atom-ph,1,1,0,phenomenology,interferometry_phase,,interferometry_phase:atom interferometer (title),,,,https://arxiv.org/abs/2609.00991v1,https://arxiv.org/pdf/2609.00991v1
2.75,2.75,low,0.0,False,True,2609.03275v1,Turbulent gas-rich discs at high redshift: the origin of early massive stellar bars,2026-09-03T02:06:55Z,2026-09-03T02:06:55Z,astro-ph.GA,astro-ph.GA,1,1,0,curve_geometry,flex_mode,,flex_mode:bending mode (abstract),,,,https://arxiv.org/abs/2609.03275v1,https://arxiv.org/pdf/2609.03275v1
2.75,2.75,low,0.0,False,True,2609.02428v1,Circuit-Level Loss Performance of FFCC and RHG Codes in a Compound Photon-Atom Quantum Architecture,2026-09-02T10:46:17Z,2026-09-02T10:46:17Z,quant-ph,quant-ph,1,1,0,holonomy,bohr_sommerfeld,,bohr_sommerfeld:periodic boundary condition (abstract),,,,https://arxiv.org/abs/2609.02428v1,https://arxiv.org/pdf/2609.02428v1
2.75,2.4,low,1.0,False,False,2609.04739v1,q-Opers and Quantum/Classical Duality Beyond Type A,2026-09-04T05:13:48Z,2026-09-04T05:13:48Z,math.AG,math.AG; math-ph; math.RT,1,1,0,holonomy,bohr_sommerfeld,,bohr_sommerfeld:periodic boundary condition (abstract),generic_physics,ctl_generic_action,ctl_generic_action:hamiltonian (abstract),https://arxiv.org/abs/2609.04739v1,https://arxiv.org/pdf/2609.04739v1
2.75,2.28,low,1.35,True,True,2605.04429v4,Hamiltonian-Generated Dynamics and Quantum Resource Allocation in a 4-Qubit Isotropic Heisenberg Spin Ring with Adjustable Next-Nearest-Neighbor Interactions,2026-05-06T02:47:21Z,2026-09-04T16:51:47Z,quant-ph,quant-ph,1,1,0,holonomy,bohr_sommerfeld,,bohr_sommerfeld:periodic boundary condition (abstract),generic_physics,ctl_generic_action,ctl_generic_action:hamiltonian (title),https://arxiv.org/abs/2605.04429v4,https://arxiv.org/pdf/2605.04429v4
2.75,2.28,low,1.35,False,True,2609.01301v1,Self-Healing Diffusion Monte Carlo applied to a simple fermionic model: A critical assessment of the method,2026-09-01T14:29:48Z,2026-09-01T14:29:48Z,cond-mat.str-el,cond-mat.str-el; physics.comp-ph,1,1,0,holonomy,bohr_sommerfeld,,bohr_sommerfeld:periodic boundary condition (abstract),generic_physics,ctl_generic_numerics,ctl_generic_numerics:monte carlo (title),https://arxiv.org/abs/2609.01301v1,https://arxiv.org/pdf/2609.01301v1
2.7,2.7,low,0.0,False,True,2609.05078v1,Engineering Giant Thermoelectric Performance through Electrode-Coupling Geometry and Magnetic Flux in Quasiperiodic Su-Schrieffer-Heeger Rings,2026-09-04T12:36:50Z,2026-09-04T12:36:50Z,cond-mat.mes-hall,cond-mat.mes-hall,1,1,0,holonomy,geometric_phase,,geometric_phase:aharonov-bohm (abstract),,,,https://arxiv.org/abs/2609.05078v1,https://arxiv.org/pdf/2609.05078v1
2.7,2.35,low,1.0,True,True,2608.04875v2,Large nonlinear Hall effect in strained moiré structures hosting pseudospin-3/2 fermions,2026-08-05T14:04:09Z,2026-09-02T10:16:39Z,cond-mat.mes-hall,cond-mat.mes-hall,1,1,0,holonomy,wilson_loop,,wilson_loop:wilson-loop (abstract),generic_physics,ctl_generic_symmetry,ctl_generic_symmetry:symmetry breaking (abstract),https://arxiv.org/abs/2608.04875v2,https://arxiv.org/pdf/2608.04875v2
2.65,2.65,low,0.0,True,False,2608.30645v2,"Emergence and suppression of phonon vortices in two-dimensional crystals: Interplay of lattice symmetry, heavy impurities, and shear",2026-08-31T11:48:31Z,2026-09-03T04:02:28Z,cond-mat.mtrl-sci,cond-mat.mtrl-sci; cond-mat.dis-nn; cond-mat.mes-hall,1,1,0,topology,topological_defect,,topological_defect:topological defect (abstract),,,,https://arxiv.org/abs/2608.30645v2,https://arxiv.org/pdf/2608.30645v2
2.65,2.65,low,0.0,False,True,2609.03271v1,Moiré-induced altermagnetism from nonmagnetic constituents,2026-09-03T02:01:14Z,2026-09-03T02:01:14Z,cond-mat.str-el,cond-mat.str-el,1,1,0,topology,topological_defect,,topological_defect:domain wall (abstract),,,,https://arxiv.org/abs/2609.03271v1,https://arxiv.org/pdf/2609.03271v1
2.65,2.65,low,0.0,False,True,2609.03043v1,Monstrous parafermionic defects and other non-invertible symmetries in chiral CFTs,2026-09-02T18:14:55Z,2026-09-02T18:14:55Z,hep-th,hep-th; math.QA,1,1,0,topology,topological_defect,,topological_defect:topological defect (abstract),,,,https://arxiv.org/abs/2609.03043v1,https://arxiv.org/pdf/2609.03043v1
2.65,2.65,low,0.0,True,True,2602.13221v2,Hermitian and Kähler Structures of Two Types on Lie Groups with Two-Dimensional Derived Algebras,2026-01-25T13:10:08Z,2026-09-02T11:50:21Z,math.DG,math.DG,1,1,0,curve_geometry,connection_torsion,,connection_torsion:torsion form (abstract),,,,https://arxiv.org/abs/2602.13221v2,https://arxiv.org/pdf/2602.13221v2
2.65,2.65,low,0.0,False,False,2609.01499v1,On the rigidity of sloped height functions in $d\ge 3$ and non-crossing surfaces,2026-09-01T16:29:22Z,2026-09-01T16:29:22Z,math.PR,math.PR; math-ph,1,1,0,topology,topological_defect,,topological_defect:domain wall (abstract),,,,https://arxiv.org/abs/2609.01499v1,https://arxiv.org/pdf/2609.01499v1
2.65,2.65,low,0.0,True,True,2606.03956v2,Operator spreading in random unitary circuits with orthogonal/symplectic-invariant gate distributions,2026-06-02T17:45:55Z,2026-09-01T12:02:52Z,quant-ph,quant-ph; cond-mat.stat-mech,1,1,0,topology,topological_defect,,topological_defect:domain wall (abstract),,,,https://arxiv.org/abs/2606.03956v2,https://arxiv.org/pdf/2606.03956v2
2.65,2.18,low,1.35,True,True,2608.23683v2,Raman Circular Dichroism Reveals Higher-Order Quantum Geometry of Magnons,2026-08-24T18:00:02Z,2026-09-03T02:48:11Z,cond-mat.str-el,cond-mat.str-el; cond-mat.mtrl-sci,1,1,0,gauge,gauge_connection,,gauge_connection:covariant derivative (abstract),orthogonal_physics,ctl_orthogonal_magnetism,ctl_orthogonal_magnetism:magnon (title),https://arxiv.org/abs/2608.23683v2,https://arxiv.org/pdf/2608.23683v2
2.65,2.18,low,1.35,True,True,2608.25257v2,Signatures of a ferro-Josephson effect in twisted graphene,2026-08-26T00:42:03Z,2026-09-02T11:47:28Z,cond-mat.mes-hall,cond-mat.mes-hall; cond-mat.str-el,1,1,0,topology,topological_defect,,topological_defect:domain wall (abstract),orthogonal_physics,ctl_orthogonal_materials,ctl_orthogonal_materials:graphene (title),https://arxiv.org/abs/2608.25257v2,https://arxiv.org/pdf/2608.25257v2
2.64,2.29,low,1.0,False,True,2609.03057v1,Current-Gated Nonlinear Dynamics of a Self-Heating Memristor: an Electrothermal Extension of the Pickett Filamentary Model,2026-09-02T18:32:12Z,2026-09-02T18:32:12Z,nlin.CD,nlin.CD,1,1,0,worldtube,filament_defect,,filament_defect:filamentary (title),generic_physics,ctl_generic_statistics,ctl_generic_statistics:confidence interval (abstract),https://arxiv.org/abs/2609.03057v1,https://arxiv.org/pdf/2609.03057v1
2.64,2.17,low,1.35,False,True,2609.03649v1,Prospects for probing dark matter with filamentary 21cm emission,2026-09-03T10:49:23Z,2026-09-03T10:49:23Z,astro-ph.CO,astro-ph.CO; astro-ph.GA,1,1,0,worldtube,filament_defect,,filament_defect:filamentary (title),neighbor_topic,ctl_neighbor_dark,ctl_neighbor_dark:dark matter (title),https://arxiv.org/abs/2609.03649v1,https://arxiv.org/pdf/2609.03649v1
2.64,2.17,low,1.35,False,True,2609.01739v1,Virgo Filaments VIII: Characterizing the Structural Parameters of Virgo Galaxies with Machine Learning to Probe Environmental Quenching,2026-09-01T18:07:48Z,2026-09-01T18:07:48Z,astro-ph.GA,astro-ph.GA; astro-ph.IM,1,1,0,worldtube,filament_defect,,filament_defect:filament (title),nonphysics_stem,ctl_nonphysics_ml,ctl_nonphysics_ml:machine learning (title),https://arxiv.org/abs/2609.01739v1,https://arxiv.org/pdf/2609.01739v1
2.6,2.6,low,0.0,True,True,2606.02943v2,A regularized photon-pair geometry motivated by the ER=EPR conjecture,2026-06-01T22:50:24Z,2026-09-01T22:05:36Z,gr-qc,gr-qc; hep-th; quant-ph,1,1,0,causality,wormhole,,wormhole:einstein-rosen (abstract),,,,https://arxiv.org/abs/2606.02943v2,https://arxiv.org/pdf/2606.02943v2
2.55,2.55,low,0.0,False,True,2609.04363v1,Phase Independent Measurement of Weak Coherent Optical Signals,2026-09-03T18:23:51Z,2026-09-03T18:23:51Z,quant-ph,quant-ph,1,1,0,holonomy,phase_locking,,phase_locking:phase locking (abstract),,,,https://arxiv.org/abs/2609.04363v1,https://arxiv.org/pdf/2609.04363v1
2.55,2.55,low,0.0,False,True,2609.03752v1,Real-space Floquet topology written by the orbital angular momentum of light,2026-09-03T12:21:12Z,2026-09-03T12:21:12Z,cond-mat.mes-hall,cond-mat.mes-hall,1,1,0,particle,geometric_mass,,geometric_mass:topological mass (abstract),,,,https://arxiv.org/abs/2609.03752v1,https://arxiv.org/pdf/2609.03752v1
2.55,2.55,low,0.0,True,True,2606.15619v2,Pion radiative decays of excited hidden-charm pentaquark molecules: from $Σ_c^{(*)}\bar{D}^{(*)}(2S)$ molecules to the reported $P_c$ states,2026-06-14T06:01:46Z,2026-09-02T03:10:45Z,hep-ph,hep-ph,1,1,0,particle,clifford_spinor,,clifford_spinor:spin structure (abstract),,,,https://arxiv.org/abs/2606.15619v2,https://arxiv.org/pdf/2606.15619v2
2.55,2.55,low,0.0,False,False,2609.01190v1,Rough differential equations on manifolds via natural bundles,2026-09-01T13:03:23Z,2026-09-01T13:03:23Z,math.PR,math.PR; math.DG,1,1,0,gauge,fiber_bundle,,fiber_bundle:fiber bundle (abstract),,,,https://arxiv.org/abs/2609.01190v1,https://arxiv.org/pdf/2609.01190v1
2.55,2.55,low,0.0,False,True,2609.01094v1,New extremal Kähler metrics on projective bundles,2026-09-01T11:34:36Z,2026-09-01T11:34:36Z,math.DG,math.DG,1,1,0,gauge,fiber_bundle,,fiber_bundle:vector bundle (abstract),,,,https://arxiv.org/abs/2609.01094v1,https://arxiv.org/pdf/2609.01094v1
2.55,2.2,low,1.0,False,True,2609.03007v1,Tidally-enhanced resonances in extreme-mass-ratio inspirals: A tertiary path to chaos,2026-09-02T18:00:01Z,2026-09-02T18:00:01Z,gr-qc,gr-qc; astro-ph.HE; hep-ph; hep-th; nlin.CD,1,1,0,holonomy,phase_locking,,phase_locking:phase locked (abstract),neighbor_topic,ctl_neighbor_black_hole,ctl_neighbor_black_hole:black hole (abstract),https://arxiv.org/abs/2609.03007v1,https://arxiv.org/pdf/2609.03007v1
2.55,2.2,low,1.0,False,False,2609.02632v1,Spin Hall Magnetoresistance in Antiferromagnetic Insulators,2026-09-02T14:10:41Z,2026-09-02T14:10:41Z,cond-mat.mtrl-sci,cond-mat.mtrl-sci; cond-mat.mes-hall,1,1,0,particle,clifford_spinor,,clifford_spinor:spin structure (abstract),orthogonal_physics,ctl_orthogonal_magnetism,ctl_orthogonal_magnetism:ferromagnet (abstract),https://arxiv.org/abs/2609.02632v1,https://arxiv.org/pdf/2609.02632v1
2.55,2.2,low,1.0,True,True,2608.29353v2,Spinor Structure from Relativistic Mass-Shell Factorisation in Phase Space,2026-08-29T16:18:27Z,2026-09-01T11:18:35Z,quant-ph,quant-ph; physics.class-ph,1,1,0,particle,clifford_spinor,,clifford_spinor:clifford algebra (abstract),generic_physics,ctl_generic_action,ctl_generic_action:hamiltonian (abstract),https://arxiv.org/abs/2608.29353v2,https://arxiv.org/pdf/2608.29353v2
2.55,2.2,low,1.0,False,True,2609.00983v1,Predicting Phase Ordering in Chaotic Maps and Coupled Map Lattices,2026-09-01T09:40:13Z,2026-09-01T09:40:13Z,nlin.CD,nlin.CD,1,1,0,holonomy,phase_locking,,phase_locking:phase synchronization (abstract),nonphysics_stem,ctl_nonphysics_ml,ctl_nonphysics_ml:machine learning (abstract),https://arxiv.org/abs/2609.00983v1,https://arxiv.org/pdf/2609.00983v1
2.55,2.08,low,1.35,True,True,2607.10904v3,Yang-Mills theory for multiplicative Ehresmann connections,2026-07-12T20:18:48Z,2026-09-02T13:00:37Z,math.DG,math.DG,1,1,0,gauge,fiber_bundle,,fiber_bundle:principal bundle (abstract),neighbor_topic,ctl_neighbor_standard_model,ctl_neighbor_standard_model:yang-mills (title),https://arxiv.org/abs/2607.10904v3,https://arxiv.org/pdf/2607.10904v3
2.55,2.08,low,1.35,True,True,2512.20049v2,Altermagnetism Induced Bogoliubov Fermi Surfaces Form Topological Superconductivity,2025-12-23T04:54:33Z,2026-09-02T00:54:28Z,cond-mat.supr-con,cond-mat.supr-con; cond-mat.mes-hall,1,1,0,particle,flux_tube,,flux_tube:vortex line (abstract),orthogonal_physics,ctl_orthogonal_superconductivity,ctl_orthogonal_superconductivity:superconductivity (title),https://arxiv.org/abs/2512.20049v2,https://arxiv.org/pdf/2512.20049v2
2.55,2.08,low,1.35,False,True,2609.00934v1,Polarization Images of Neutron Stars Illuminated by a Thin Accretion Disk: A Comparison with Black Holes,2026-09-01T08:54:40Z,2026-09-01T08:54:40Z,gr-qc,gr-qc; astro-ph.HE,1,1,0,holonomy,parallel_transport,,parallel_transport:parallel transport (abstract),neighbor_topic,ctl_neighbor_black_hole,ctl_neighbor_black_hole:black hole (title),https://arxiv.org/abs/2609.00934v1,https://arxiv.org/pdf/2609.00934v1
2.55,1.85,low,2.0,False,True,2609.03500v1,Exact Scaling Laws and Non-Hermitian Topological Phase Transitions of Active Continuum on Hyperbolic Manifolds,2026-09-03T08:02:56Z,2026-09-03T08:02:56Z,cond-mat.soft,cond-mat.soft; math-ph,1,1,0,particle,geometric_mass,,geometric_mass:geometric mass (abstract),generic_physics; orthogonal_physics,ctl_generic_perturbation; ctl_orthogonal_fluid,ctl_generic_perturbation:perturbative (abstract); ctl_orthogonal_fluid:navier-stokes (abstract),https://arxiv.org/abs/2609.03500v1,https://arxiv.org/pdf/2609.03500v1
2.5,2.5,low,0.0,False,True,2609.04805v1,Derived Associative Algebras and Cyclic Cohomology of Q-manifolds,2026-09-04T07:02:31Z,2026-09-04T07:02:31Z,math-ph,math-ph; hep-th; math.DG; math.QA,1,1,0,projection,foliation,,foliation:foliation (abstract),,,,https://arxiv.org/abs/2609.04805v1,https://arxiv.org/pdf/2609.04805v1
2.5,2.5,low,0.0,False,True,2609.03332v1,Singularity Models of Finite-Time Kähler-Ricci Flows,2026-09-03T03:39:00Z,2026-09-03T03:39:00Z,math.DG,math.DG,1,1,0,projection,foliation,,foliation:foliation (abstract),,,,https://arxiv.org/abs/2609.03332v1,https://arxiv.org/pdf/2609.03332v1
2.5,2.5,low,0.0,True,True,2605.01891v4,Descent of Basic Forms to Quotients by Locally Free Lie Group Actions,2026-05-03T14:14:48Z,2026-09-02T23:30:08Z,math.DG,math.DG; math.SG,1,1,0,projection,foliation,,foliation:foliation (abstract),,,,https://arxiv.org/abs/2605.01891v4,https://arxiv.org/pdf/2605.01891v4
2.5,2.5,low,0.0,False,False,2609.00974v1,On Algebraic Integrability of Vector Fields with Rational Function Coefficients that Separate Variables,2026-09-01T09:31:36Z,2026-09-01T09:31:36Z,math.AG,math.AG; math.AC; math.DG; math.NT,1,1,0,projection,foliation,,foliation:foliation (abstract),,,,https://arxiv.org/abs/2609.00974v1,https://arxiv.org/pdf/2609.00974v1
2.47,2.47,low,0.0,False,True,2609.04368v1,Three-Photon and Hybrid Coherent-Fock Interference in a Two-Phase Six-Port Mach-Zehnder Interferometer,2026-09-03T18:30:08Z,2026-09-03T18:30:08Z,quant-ph,quant-ph,1,1,0,phenomenology,interferometry_phase,,interferometry_phase:mach-zehnder (title),,,,https://arxiv.org/abs/2609.04368v1,https://arxiv.org/pdf/2609.04368v1
2.47,2.47,low,0.0,False,True,2609.01346v1,Singular Rotational Self-Similar Tori for Odd $σ_k$-Curvature Flows,2026-09-01T14:54:56Z,2026-09-01T14:54:56Z,math.DG,math.DG,1,1,0,scale,self_similarity,,self_similarity:self-similar (title),,,,https://arxiv.org/abs/2609.01346v1,https://arxiv.org/pdf/2609.01346v1
2.47,2.12,low,1.0,False,True,2609.04723v1,Naked Singularities beyond Spherical Symmetry: Instability of $κ$-Self-Similar Solutions via an Iteration Scheme,2026-09-04T04:46:29Z,2026-09-04T04:46:29Z,gr-qc,gr-qc; math-ph; math.AP; math.DG,1,1,0,scale,self_similarity,,self_similarity:self-similar (title),generic_physics,ctl_generic_perturbation,ctl_generic_perturbation:perturbative (abstract),https://arxiv.org/abs/2609.04723v1,https://arxiv.org/pdf/2609.04723v1
2.45,2.45,low,0.0,False,True,2609.03766v1,"Ground-State Phase Diagram, Higher-Winding Topology, and Lifshitz Criticality in an Anisotropic Four-Spin XX Chain",2026-09-03T12:34:02Z,2026-09-03T12:34:02Z,cond-mat.str-el,cond-mat.str-el,1,1,0,topology,winding,,winding:winding number (abstract),,,,https://arxiv.org/abs/2609.03766v1,https://arxiv.org/pdf/2609.03766v1
2.45,2.45,low,0.0,True,False,2512.19015v2,On the basin of attraction for the free boundary free elastic flow,2025-12-22T04:11:22Z,2026-09-02T08:02:18Z,math.AP,math.AP; math.DG,1,1,0,curve_geometry,curve_curvature,,curve_curvature:bending energy (abstract),,,,https://arxiv.org/abs/2512.19015v2,https://arxiv.org/pdf/2512.19015v2
2.45,1.98,low,1.35,False,True,2609.03907v1,Hierarchy of topological superconductivity generated via heterostructures of unconventional $p$-wave magnets,2026-09-03T14:24:56Z,2026-09-03T14:24:56Z,cond-mat.mes-hall,cond-mat.mes-hall,1,1,0,topology,winding,,winding:winding number (abstract),orthogonal_physics,ctl_orthogonal_superconductivity,ctl_orthogonal_superconductivity:superconductivity (title),https://arxiv.org/abs/2609.03907v1,https://arxiv.org/pdf/2609.03907v1
2.45,1.98,low,1.35,True,True,2607.07364v2,Topological changes and response singularities in black hole thermodynamic branch structure,2026-07-08T12:59:25Z,2026-09-02T13:51:36Z,hep-th,hep-th; gr-qc,1,1,0,topology,winding,,winding:winding number (abstract),neighbor_topic,ctl_neighbor_black_hole,ctl_neighbor_black_hole:black hole (title),https://arxiv.org/abs/2607.07364v2,https://arxiv.org/pdf/2607.07364v2
2.35,2.35,low,0.0,True,True,2603.01531v3,Algebra of Path Integrals on Digraphs,2026-03-02T07:00:53Z,2026-09-04T14:01:52Z,math.AT,math.AT; math.CO,1,1,0,topology,homotopy,,homotopy:homotopy invariant (abstract),,,,https://arxiv.org/abs/2603.01531v3,https://arxiv.org/pdf/2603.01531v3
2.35,2.35,low,0.0,True,True,2607.28763v2,On totally c-symplectically aspherical manifolds,2026-07-30T18:30:21Z,2026-09-03T20:05:53Z,math.SG,math.SG; math.AG; math.AT; math.DG; math.GT,1,1,0,topology,homotopy,,homotopy:homotopy group (abstract),,,,https://arxiv.org/abs/2607.28763v2,https://arxiv.org/pdf/2607.28763v2
2.35,2.35,low,0.0,False,True,2609.04053v1,An off-shell conformally invariant Galilean Weyl tensor,2026-09-03T16:25:28Z,2026-09-03T16:25:28Z,gr-qc,gr-qc; math-ph,1,1,0,projection,timelike_vector,,timelike_vector:clock form (abstract),,,,https://arxiv.org/abs/2609.04053v1,https://arxiv.org/pdf/2609.04053v1
2.35,2.35,low,0.0,True,True,2602.16458v2,"Genus two Goeritz equivalence in lens spaces $L(p,1)$",2026-02-18T13:44:46Z,2026-09-02T13:36:17Z,math.GT,math.GT,1,1,0,topology,homotopy,,homotopy:homotopy obstruction (abstract),,,,https://arxiv.org/abs/2602.16458v2,https://arxiv.org/pdf/2602.16458v2
2.35,2.0,low,1.0,True,False,2506.14785v3,Moment-enhanced shallow-water equations with an effective wall closure for no-slip bottoms,2025-05-26T19:19:16Z,2026-09-02T20:55:03Z,math.NA,math.NA; math-ph; physics.flu-dyn,1,1,0,projection,projection_loss,,projection_loss:dimensional collapse (abstract),orthogonal_physics,ctl_orthogonal_fluid,ctl_orthogonal_fluid:boundary layer (abstract),https://arxiv.org/abs/2506.14785v3,https://arxiv.org/pdf/2506.14785v3
2.35,2.0,low,1.0,False,True,2609.02267v1,"Locally Conformally Flat Manifolds with Positive Scalar Curvature: Kleinian Groups, Moduli Spaces, and Euclidean Rigidity",2026-09-02T08:15:37Z,2026-09-02T08:15:37Z,math.DG,math.DG,1,1,0,topology,homotopy,,homotopy:homotopy group (abstract),mathematical_context,ctl_math_category_geometry,ctl_math_category_geometry:universal cover (abstract),https://arxiv.org/abs/2609.02267v1,https://arxiv.org/pdf/2609.02267v1
2.35,1.88,low,1.35,False,True,2609.04673v1,Exothermic and Endothermic Inelastic Dark Matter Interpretations at LZ: Sideband Constraints and Future Prospects,2026-09-04T03:06:34Z,2026-09-04T03:06:34Z,hep-ph,hep-ph,1,1,0,particle,dark_projection,,dark_projection:dark state (abstract),neighbor_topic,ctl_neighbor_dark,ctl_neighbor_dark:dark matter (title),https://arxiv.org/abs/2609.04673v1,https://arxiv.org/pdf/2609.04673v1
2.35,1.88,low,1.35,True,True,2604.21868v2,One-dimensional non-Hausdorff manifolds and CW complexes,2026-04-23T17:06:35Z,2026-09-02T22:00:52Z,math.GT,math.GT; math.AT; math.DG; math.DS; math.GN,1,1,0,projection,projection_loss,,projection_loss:quotient map (abstract),mathematical_context,ctl_math_category_geometry,ctl_math_category_geometry:cw complex (title),https://arxiv.org/abs/2604.21868v2,https://arxiv.org/pdf/2604.21868v2
2.35,1.65,low,2.0,False,True,2609.04332v1,Probing $ν$SMEFT at Belle II with displaced dilepton vertices,2026-09-03T18:03:40Z,2026-09-03T18:03:40Z,hep-ph,hep-ph; hep-ex,1,1,0,particle,chirality,,chirality:parity violation (abstract),generic_physics; neighbor_topic,ctl_generic_eft; ctl_neighbor_standard_model,ctl_generic_eft:effective field theory (abstract); ctl_neighbor_standard_model:standard model (abstract),https://arxiv.org/abs/2609.04332v1,https://arxiv.org/pdf/2609.04332v1
2.25,2.25,low,0.0,False,True,2609.04157v1,Spurious quantum correlations,2026-09-03T17:48:31Z,2026-09-03T17:48:31Z,quant-ph,quant-ph; math.ST; physics.class-ph,1,1,0,causality,causal_geometry,,causal_geometry:causal structure (abstract),,,,https://arxiv.org/abs/2609.04157v1,https://arxiv.org/pdf/2609.04157v1
2.25,2.25,low,0.0,False,True,2609.01791v1,Minimum $b_2$ of symplectic fillings of lens spaces,2026-09-01T19:03:04Z,2026-09-01T19:03:04Z,math.GT,math.GT; math.SG,1,1,0,global_geometry,contact_symplectic,,contact_symplectic:contact structure (abstract),,,,https://arxiv.org/abs/2609.01791v1,https://arxiv.org/pdf/2609.01791v1
2.25,2.25,low,0.0,False,True,2609.01720v1,"How Much Geometry Does Horizon Entropy Determine? A Discourse on Entropy, Gravity, and Observable Quantities",2026-09-01T18:00:15Z,2026-09-01T18:00:15Z,gr-qc,gr-qc; hep-th,1,1,0,causality,causal_geometry,,causal_geometry:causal structure (abstract),,,,https://arxiv.org/abs/2609.01720v1,https://arxiv.org/pdf/2609.01720v1
2.25,1.9,low,1.0,False,True,2609.05394v1,"Variable Charge State, Magnetic Excitations, and Kondo Effect of Sm/g/Ir(111)",2026-09-04T17:44:52Z,2026-09-04T17:44:52Z,cond-mat.mes-hall,cond-mat.mes-hall,1,1,0,gauge,discrete_symmetry,,discrete_symmetry:discrete charge (abstract),orthogonal_physics,ctl_orthogonal_materials,ctl_orthogonal_materials:graphene (abstract),https://arxiv.org/abs/2609.05394v1,https://arxiv.org/pdf/2609.05394v1
2.25,1.9,low,1.0,True,True,2608.23586v2,"Emergent Space, Time, and Lorentz Symmetry from Binary Sequences",2026-08-11T18:00:00Z,2026-09-03T01:50:50Z,physics.gen-ph,physics.gen-ph,1,1,0,causality,causal_geometry,,causal_geometry:light cone (abstract),neighbor_topic,ctl_neighbor_black_hole,ctl_neighbor_black_hole:black hole (abstract),https://arxiv.org/abs/2608.23586v2,https://arxiv.org/pdf/2608.23586v2
2.25,1.9,low,1.0,True,True,2511.08995v2,Group-Theoretic Upper Bounds on Reconstructability in Inverse Problems,2025-11-12T05:32:26Z,2026-09-02T04:24:32Z,math-ph,math-ph,1,1,0,causality,causal_geometry,,causal_geometry:causal structure (abstract),nonphysics_stem,ctl_nonphysics_ml,ctl_nonphysics_ml:neural network (abstract),https://arxiv.org/abs/2511.08995v2,https://arxiv.org/pdf/2511.08995v2
2.25,1.9,low,1.0,False,True,2609.01706v1,Holographic algebras at null infinity,2026-09-01T18:00:00Z,2026-09-01T18:00:00Z,hep-th,hep-th; gr-qc,1,1,0,causality,entanglement_wedge,,entanglement_wedge:entanglement wedge (abstract),neighbor_topic,ctl_neighbor_black_hole,ctl_neighbor_black_hole:black hole (abstract),https://arxiv.org/abs/2609.01706v1,https://arxiv.org/pdf/2609.01706v1
2.25,1.78,low,1.35,False,True,2609.01177v1,Josephson interferometry in an Oppenheimer--Snyder-like scale-dependent black-hole spacetime,2026-09-01T12:51:44Z,2026-09-01T12:51:44Z,gr-qc,gr-qc,1,1,0,causality,causal_geometry,,causal_geometry:null propagation (abstract),neighbor_topic,ctl_neighbor_black_hole,ctl_neighbor_black_hole:black-hole (title),https://arxiv.org/abs/2609.01177v1,https://arxiv.org/pdf/2609.01177v1
2.25,1.08,low,3.35,False,True,2609.05164v1,The endless journey towards the horizon of a quantum black hole,2026-09-04T14:05:57Z,2026-09-04T14:05:57Z,hep-th,hep-th; gr-qc,1,1,0,causality,causal_geometry,,causal_geometry:causal structure (abstract),generic_physics; neighbor_topic,ctl_generic_perturbation; ctl_neighbor_black_hole; ctl_neighbor_quantum_gravity,ctl_generic_perturbation:perturbative (abstract); ctl_neighbor_black_hole:black hole (title); ctl_neighbor_quantum_gravity:quantum gravity (abstract),https://arxiv.org/abs/2609.05164v1,https://arxiv.org/pdf/2609.05164v1
2.2,2.2,low,0.0,True,True,2409.03922v2,On the exponential type conjecture,2024-09-05T21:43:38Z,2026-09-04T07:16:12Z,math.SG,math.SG,1,1,0,holonomy,monodromy,,monodromy:monodromy (abstract),,,,https://arxiv.org/abs/2409.03922v2,https://arxiv.org/pdf/2409.03922v2
2.2,2.2,low,0.0,False,True,2609.04477v1,Characterizing periodic orbits in two-dimensional Rayleigh-Bénard flows,2026-09-03T21:00:22Z,2026-09-03T21:00:22Z,physics.flu-dyn,physics.flu-dyn; nlin.CD,1,1,0,holonomy,phase_locking,,phase_locking:phase-locking (abstract),,,,https://arxiv.org/abs/2609.04477v1,https://arxiv.org/pdf/2609.04477v1
2.2,2.2,low,0.0,False,True,2609.02827v2,Model-level synthetic-flux control of hyperchaos order and matched-resource sensing in dissipative optomechanics,2026-09-02T17:13:43Z,2026-09-03T17:22:13Z,quant-ph,quant-ph,1,1,0,holonomy,monodromy,,monodromy:monodromy (abstract),,,,https://arxiv.org/abs/2609.02827v2,https://arxiv.org/pdf/2609.02827v2
2.2,2.2,low,0.0,False,True,2609.03360v1,Nonlinear Dissipation and Hopf Criticality in Driven Dissipative Collective Spins,2026-09-03T04:36:20Z,2026-09-03T04:36:20Z,quant-ph,quant-ph,1,1,0,holonomy,phase_locking,,phase_locking:phase-locked (abstract),,,,https://arxiv.org/abs/2609.03360v1,https://arxiv.org/pdf/2609.03360v1
2.2,2.2,low,0.0,False,True,2609.02803v1,Global Gyrokinetic Simulations of Electromagnetic Turbulence in STEP,2026-09-02T16:38:24Z,2026-09-02T16:38:24Z,physics.plasm-ph,physics.plasm-ph,1,1,0,particle,flux_tube,,flux_tube:flux-tube (abstract),,,,https://arxiv.org/abs/2609.02803v1,https://arxiv.org/pdf/2609.02803v1
2.2,2.2,low,0.0,False,False,2609.01585v1,Families of relative periodic orbits in the planar three-body problem via consecutive alignments,2026-09-01T17:49:31Z,2026-09-01T17:49:31Z,math.DS,math.DS; astro-ph.EP; math-ph; math.NA; physics.class-ph,1,1,0,holonomy,monodromy,,monodromy:monodromy (abstract),,,,https://arxiv.org/abs/2609.01585v1,https://arxiv.org/pdf/2609.01585v1
2.15,2.15,low,0.0,False,True,2609.04934v1,"Weak Lie 3-groups, 2-gerbes over torus fibrations of type F1, and T-Duality",2026-09-04T09:39:23Z,2026-09-04T09:39:23Z,math.DG,math.DG; math-ph; math.AT; math.CT,1,1,0,projection,projection,,projection:dimensional reduction (abstract),,,,https://arxiv.org/abs/2609.04934v1,https://arxiv.org/pdf/2609.04934v1
2.15,2.15,low,0.0,False,True,2609.04503v1,One-Shot and Concurrent Hitting Times for Grover-Coined Quantum Walks on Cubelike Graphs,2026-09-03T21:44:45Z,2026-09-03T21:44:45Z,quant-ph,quant-ph,1,1,0,projection,projection,,projection:dimensional reduction (abstract),,,,https://arxiv.org/abs/2609.04503v1,https://arxiv.org/pdf/2609.04503v1
2.15,2.15,low,0.0,False,True,2609.03979v1,Eight Local Couplings of Gravitational Waves from Unified Field Equations,2026-09-03T15:13:46Z,2026-09-03T15:13:46Z,gr-qc,gr-qc; astro-ph.HE,1,1,0,continuum,geodesic_deviation,,geodesic_deviation:geodesic deviation (abstract),,,,https://arxiv.org/abs/2609.03979v1,https://arxiv.org/pdf/2609.03979v1
2.15,2.15,low,0.0,False,True,2609.02551v1,Comparative study of noise-like pulse emission from Mamyshev oscillator and conventional passively mode-locked fiber laser,2026-09-02T13:02:22Z,2026-09-02T13:02:22Z,physics.optics,physics.optics,1,1,0,phenomenology,birefringence_phase,,birefringence_phase:polarization rotation (abstract),,,,https://arxiv.org/abs/2609.02551v1,https://arxiv.org/pdf/2609.02551v1
2.15,1.8,low,1.0,False,True,2609.00942v1,Fuchsian Resonance and a Horizon-to-Boundary Dictionary for Pole-Skipping,2026-09-01T09:04:22Z,2026-09-01T09:04:22Z,hep-th,hep-th; gr-qc; math-ph,1,1,0,causality,retrocausal_boundary,,retrocausal_boundary:two boundary (abstract),neighbor_topic,ctl_neighbor_black_hole,ctl_neighbor_black_hole:black-hole (abstract),https://arxiv.org/abs/2609.00942v1,https://arxiv.org/pdf/2609.00942v1
2.15,1.33,low,2.35,False,True,2609.03278v1,Tidal forces in the quantum Oppenheimer--Snyder black hole,2026-09-03T02:10:44Z,2026-09-03T02:10:44Z,gr-qc,gr-qc,1,1,0,continuum,geodesic_deviation,,geodesic_deviation:geodesic deviation (abstract),neighbor_topic,ctl_neighbor_black_hole; ctl_neighbor_quantum_gravity,ctl_neighbor_black_hole:black hole (title); ctl_neighbor_quantum_gravity:quantum gravity (abstract),https://arxiv.org/abs/2609.03278v1,https://arxiv.org/pdf/2609.03278v1
2.05,2.05,low,0.0,False,True,2609.04342v1,Superselected ghost theory: entangled pairs,2026-09-03T18:08:39Z,2026-09-03T18:08:39Z,hep-th,hep-th,1,1,0,topology,superselection,,superselection:superselection sector (abstract),,,,https://arxiv.org/abs/2609.04342v1,https://arxiv.org/pdf/2609.04342v1
2.05,1.7,low,1.0,False,True,2609.01966v1,Localizing quantum information,2026-09-02T00:52:41Z,2026-09-02T00:52:41Z,quant-ph,quant-ph; math-ph; math.OA,1,1,0,topology,superselection,,superselection:superselection sector (abstract),neighbor_topic,ctl_neighbor_quantum_gravity,ctl_neighbor_quantum_gravity:quantum gravity (abstract),https://arxiv.org/abs/2609.01966v1,https://arxiv.org/pdf/2609.01966v1
2.05,1.7,low,1.0,True,True,2512.14833v2,"Sign-problem landscape of dimer, loop, and ground state sectors of a U(1) quantum link model",2025-12-16T19:00:06Z,2026-09-01T19:28:00Z,hep-lat,hep-lat; cond-mat.str-el; hep-th; quant-ph,1,1,0,topology,superselection,,superselection:superselection sector (abstract),generic_physics,ctl_generic_numerics,ctl_generic_numerics:monte carlo (abstract),https://arxiv.org/abs/2512.14833v2,https://arxiv.org/pdf/2512.14833v2
2.0,2.0,low,0.0,True,True,2408.04401v2,The propagation-induced circular polarization of fast radio bursts in relativistic plasma,2024-08-08T12:09:43Z,2026-09-03T01:31:11Z,astro-ph.HE,astro-ph.HE,1,1,0,particle,chirality,,chirality:handedness (abstract),,,,https://arxiv.org/abs/2408.04401v2,https://arxiv.org/pdf/2408.04401v2
2.0,2.0,low,0.0,True,True,2604.01293v2,Chiral vortical effect and boundary-induced vortical pumping in finite Weyl systems,2026-04-01T18:01:55Z,2026-09-02T17:08:56Z,cond-mat.str-el,cond-mat.str-el; cond-mat.mes-hall; hep-th,1,1,0,particle,chirality,,chirality:chirality (abstract),,,,https://arxiv.org/abs/2604.01293v2,https://arxiv.org/pdf/2604.01293v2
2.0,1.53,low,1.35,True,True,2503.06386v6,Dynamical scaling study for the estimation of dynamical exponent $z$ of three-dimensional XY spin glass model,2025-03-09T01:48:43Z,2026-09-04T05:48:56Z,cond-mat.stat-mech,cond-mat.stat-mech; cond-mat.dis-nn,1,1,0,particle,chirality,,chirality:chirality (abstract),orthogonal_physics,ctl_orthogonal_magnetism,ctl_orthogonal_magnetism:spin glass (title),https://arxiv.org/abs/2503.06386v6,https://arxiv.org/pdf/2503.06386v6
2.0,1.53,low,1.35,True,True,2508.02781v2,Quantum Geometry of Altermagnetic Magnons Probed by Light,2025-08-04T18:00:03Z,2026-09-01T23:32:34Z,cond-mat.mes-hall,cond-mat.mes-hall; cond-mat.mtrl-sci; physics.optics; quant-ph,1,1,0,particle,chirality,,chirality:chirality (abstract),orthogonal_physics,ctl_orthogonal_magnetism,ctl_orthogonal_magnetism:magnon (title),https://arxiv.org/abs/2508.02781v2,https://arxiv.org/pdf/2508.02781v2
2.0,1.18,low,2.35,True,True,2605.28425v2,Symmetry-Selective Topological Magnon Engineering by Phonon Angular Momentum,2026-05-27T12:55:25Z,2026-09-02T11:27:46Z,cond-mat.mes-hall,cond-mat.mes-hall; cond-mat.mtrl-sci,1,1,0,particle,chirality,,chirality:handedness (abstract),orthogonal_physics,ctl_orthogonal_magnetism; ctl_orthogonal_materials,ctl_orthogonal_magnetism:magnon (title); ctl_orthogonal_materials:band structure (abstract),https://arxiv.org/abs/2605.28425v2,https://arxiv.org/pdf/2605.28425v2
2.0,1.18,low,2.35,True,True,2306.06711v2,Anomalous vortex shape in a frustrated superconductor hosting chiral multicomponent order parameters,2023-06-11T15:54:33Z,2026-09-02T00:01:11Z,cond-mat.supr-con,cond-mat.supr-con; cond-mat.mes-hall; cond-mat.str-el,1,1,0,particle,chirality,,chirality:chirality (abstract),generic_physics; orthogonal_physics,ctl_generic_statistics; ctl_orthogonal_superconductivity,ctl_generic_statistics:statistical significance (abstract); ctl_orthogonal_superconductivity:superconductor (title),https://arxiv.org/abs/2306.06711v2,https://arxiv.org/pdf/2306.06711v2
1.95,1.25,low,2.0,False,True,2609.05172v1,PPN--spin degeneracies in mock S62-like stellar-orbit inference,2026-09-04T14:12:25Z,2026-09-04T14:12:25Z,astro-ph.GA,astro-ph.GA,1,1,0,continuum,frame_dragging,,frame_dragging:frame dragging (abstract),generic_physics; neighbor_topic,ctl_generic_action; ctl_neighbor_black_hole,ctl_generic_action:hamiltonian (abstract); ctl_neighbor_black_hole:black hole (abstract),https://arxiv.org/abs/2609.05172v1,https://arxiv.org/pdf/2609.05172v1
1.9,1.43,low,1.35,False,True,2609.02975v1,Probing Quantum Foundations in Long-Baseline Neutrino Oscillations: Wave Packet Approach from MINOS Data to DUNE Predictions,2026-09-02T11:27:15Z,2026-09-02T11:27:15Z,hep-ph,hep-ph,1,1,0,gauge,discrete_symmetry,,discrete_symmetry:triality (abstract),neighbor_topic,ctl_neighbor_neutrino,ctl_neighbor_neutrino:neutrino oscillation (title),https://arxiv.org/abs/2609.02975v1,https://arxiv.org/pdf/2609.02975v1
1.85,1.85,low,0.0,False,True,2609.05402v1,Parametric and feedback-controlled multiparameter quantum estimation in a double cavity optomechanics: steady and dynamical state,2026-09-04T17:48:44Z,2026-09-04T17:48:44Z,quant-ph,quant-ph; physics.optics,1,1,0,causality,vacuum_entanglement,,vacuum_entanglement:squeezed vacuum (abstract),,,,https://arxiv.org/abs/2609.05402v1,https://arxiv.org/pdf/2609.05402v1
1.85,1.85,low,0.0,False,True,2609.01373v1,Local Gaussian bounds on the non-destructive discrimination of two-mode squeezed states,2026-09-01T15:09:39Z,2026-09-01T15:09:39Z,quant-ph,quant-ph,1,1,0,causality,vacuum_entanglement,,vacuum_entanglement:squeezed vacuum (abstract),,,,https://arxiv.org/abs/2609.01373v1,https://arxiv.org/pdf/2609.01373v1
1.85,1.85,low,0.0,True,True,2512.08429v3,Real-time heralded non-Gaussian teleportation resource-state generator,2025-12-09T09:58:21Z,2026-09-01T09:09:27Z,quant-ph,quant-ph,1,1,0,causality,vacuum_entanglement,,vacuum_entanglement:squeezed vacuum (abstract),,,,https://arxiv.org/abs/2512.08429v3,https://arxiv.org/pdf/2512.08429v3
1.85,1.5,low,1.0,False,True,2609.05001v1,Fabrication-Aware Design of a Hybrid Metasurface-Bragg Mirror for Low-Noise Precision Optics,2026-09-04T11:11:42Z,2026-09-04T11:11:42Z,physics.optics,physics.optics,1,1,0,phenomenology,interferometry_phase,,interferometry_phase:precision interferometry (abstract),generic_physics,ctl_generic_numerics,ctl_generic_numerics:monte carlo (abstract),https://arxiv.org/abs/2609.05001v1,https://arxiv.org/pdf/2609.05001v1
1.85,1.38,low,1.35,True,True,2202.13897v2,Timing of echoes in electromagnetic radiation from hot spots orbiting a Kerr black hole impostor,2022-02-28T15:44:35Z,2026-09-01T11:21:56Z,gr-qc,gr-qc,1,1,0,phenomenology,gw_residual,,gw_residual:gravitational wave echo (abstract),neighbor_topic,ctl_neighbor_black_hole,ctl_neighbor_black_hole:black hole (title),https://arxiv.org/abs/2202.13897v2,https://arxiv.org/pdf/2202.13897v2
1.8,1.8,low,0.0,False,True,2609.00848v1,Ontic and epistemic states in the theory of spacetime-local beables,2026-09-01T07:46:23Z,2026-09-01T07:46:23Z,quant-ph,quant-ph,1,1,0,causality,retrocausal_boundary,,retrocausal_boundary:retrocausal (abstract),,,,https://arxiv.org/abs/2609.00848v1,https://arxiv.org/pdf/2609.00848v1
1.75,1.75,low,0.0,False,True,2609.01797v1,Quantum Representation Learning Beyond Pairwise Fidelity,2026-09-01T19:07:37Z,2026-09-01T19:07:37Z,quant-ph,quant-ph,1,1,0,projection,observer_access,,observer_access:relational observable (abstract),,,,https://arxiv.org/abs/2609.01797v1,https://arxiv.org/pdf/2609.01797v1
1.6,1.6,low,0.0,False,True,2609.02555v1,Solar Soft X-ray Coronal Dimming in a Failed Eruption Associated with Plasma Cooling,2026-09-02T13:05:47Z,2026-09-02T13:05:47Z,astro-ph.SR,astro-ph.SR,1,1,0,worldtube,filament_defect,,filament_defect:filament (abstract),,,,https://arxiv.org/abs/2609.02555v1,https://arxiv.org/pdf/2609.02555v1
1.6,1.6,low,0.0,False,True,2609.01824v1,Optical air waveguides in strong turbulence,2026-09-01T19:56:52Z,2026-09-01T19:56:52Z,physics.optics,physics.optics,1,1,0,worldtube,filament_defect,,filament_defect:filament (abstract),,,,https://arxiv.org/abs/2609.01824v1,https://arxiv.org/pdf/2609.01824v1
1.6,1.25,low,1.0,True,True,2603.15834v2,Spectral Hierarchy of the Cosmic Web,2026-03-16T19:05:46Z,2026-09-03T16:06:48Z,astro-ph.CO,astro-ph.CO; cs.CV,1,1,0,worldtube,filament_defect,,filament_defect:filament (abstract),neighbor_topic,ctl_neighbor_cosmology,ctl_neighbor_cosmology:large-scale structure (abstract),https://arxiv.org/abs/2603.15834v2,https://arxiv.org/pdf/2603.15834v2
1.6,1.13,low,1.35,False,True,2609.05350v1,Electromagnetic alignment and jet precession around supermassive black holes: Quasi-periodic oscillations in tidal disruption events,2026-09-04T16:58:18Z,2026-09-04T16:58:18Z,astro-ph.HE,astro-ph.HE; gr-qc,1,1,0,continuum,frame_dragging,,frame_dragging:frame-dragging (abstract),neighbor_topic,ctl_neighbor_black_hole,ctl_neighbor_black_hole:black hole (title),https://arxiv.org/abs/2609.05350v1,https://arxiv.org/pdf/2609.05350v1
1.6,0.31,low,3.7,True,True,2603.13106v3,Ridged Lagrangian Perturbation Theory (RLPT),2026-03-13T16:03:25Z,2026-09-03T15:53:38Z,astro-ph.CO,astro-ph.CO,1,1,0,worldtube,filament_defect,,filament_defect:filament (abstract),generic_physics; neighbor_topic,ctl_generic_action; ctl_generic_perturbation; ctl_neighbor_cosmology,ctl_generic_action:lagrangian (title); ctl_generic_perturbation:perturbation theory (title); ctl_neighbor_cosmology:large-scale structure (abstract),https://arxiv.org/abs/2603.13106v3,https://arxiv.org/pdf/2603.13106v3
1.55,1.2,low,1.0,False,True,2609.04308v1,Supernova microlensing as a probe of ultracompact minihalos and primordial cosmology,2026-09-03T18:00:00Z,2026-09-03T18:00:00Z,astro-ph.CO,astro-ph.CO; astro-ph.HE; hep-ph,1,1,0,worldtube,extended_object,,extended_object:extended object (abstract),neighbor_topic,ctl_neighbor_black_hole,ctl_neighbor_black_hole:black hole (abstract),https://arxiv.org/abs/2609.04308v1,https://arxiv.org/pdf/2609.04308v1
1.5,1.5,low,0.0,False,True,2609.04873v1,Evolution of instability fronts in sine-Gordon equation dynamics,2026-09-04T08:31:17Z,2026-09-04T08:31:17Z,nlin.PS,nlin.PS,1,1,0,scale,self_similarity,,self_similarity:self-similar (abstract),,,,https://arxiv.org/abs/2609.04873v1,https://arxiv.org/pdf/2609.04873v1
1.5,1.5,low,0.0,False,True,2609.04666v1,Research and simulation of analytical polarization control enabled by optical computing on an integrated photonics chip,2026-09-04T02:57:53Z,2026-09-04T02:57:53Z,physics.optics,physics.optics; quant-ph,1,1,0,phenomenology,interferometry_phase,,interferometry_phase:mach-zehnder (abstract),,,,https://arxiv.org/abs/2609.04666v1,https://arxiv.org/pdf/2609.04666v1
1.5,1.5,low,0.0,False,True,2609.01130v1,Design and Physical Constraints of Synthetic-Frequency Photonic Switching Fabrics,2026-09-01T12:06:53Z,2026-09-01T12:06:53Z,physics.optics,physics.optics; cs.ET,1,1,0,phenomenology,interferometry_phase,,interferometry_phase:mach-zehnder (abstract),,,,https://arxiv.org/abs/2609.01130v1,https://arxiv.org/pdf/2609.01130v1
1.5,1.5,low,0.0,True,False,2608.28881v2,A nonlinear Li-Yau inequality and its consequences,2026-08-28T21:35:25Z,2026-09-01T11:01:51Z,math.AP,math.AP; math.DG,1,1,0,scale,self_similarity,,self_similarity:self-similar (abstract),,,,https://arxiv.org/abs/2608.28881v2,https://arxiv.org/pdf/2608.28881v2
1.5,1.15,low,1.0,False,True,2609.02520v1,Branching stochastic mechanics. II. Relative localization and collective poles from Bohm/Fisher feedback,2026-09-02T12:25:25Z,2026-09-02T12:25:25Z,cond-mat.stat-mech,cond-mat.stat-mech; quant-ph,1,1,0,scale,self_similarity,,self_similarity:self-similar (abstract),generic_physics,ctl_generic_perturbation,ctl_generic_perturbation:two-loop (abstract),https://arxiv.org/abs/2609.02520v1,https://arxiv.org/pdf/2609.02520v1
1.5,1.03,low,1.35,False,True,2609.02121v1,Reynolds-number evolution of wall-pressure statistics beneath canonical turbulent boundary layers,2026-09-02T05:21:24Z,2026-09-02T05:21:24Z,physics.flu-dyn,physics.flu-dyn,1,1,0,scale,self_similarity,,self_similarity:self-similar (abstract),orthogonal_physics,ctl_orthogonal_fluid,ctl_orthogonal_fluid:boundary layer (title),https://arxiv.org/abs/2609.02121v1,https://arxiv.org/pdf/2609.02121v1
1.16,1.16,low,0.0,True,True,2604.21353v3,Collective Excitations and Stability of Nonequilibrium Polariton Supersolids,2026-04-23T07:12:14Z,2026-09-02T13:14:01Z,cond-mat.mes-hall,cond-mat.mes-hall; cond-mat.quant-gas,1,1,0,particle,collective_mode_boson,,collective_mode_boson:collective excitation (title),,,,https://arxiv.org/abs/2604.21353v3,https://arxiv.org/pdf/2604.21353v3
1.16,0.34,low,2.35,True,True,2606.14834v2,Entropy Quantization and Quasi-normal Modes of Dyonic Kerr-Sen Black Holes,2026-06-12T15:23:35Z,2026-09-01T16:23:14Z,hep-th,hep-th; gr-qc,1,1,0,particle,collective_mode_boson,,collective_mode_boson:normal mode (title),neighbor_topic,ctl_neighbor_black_hole; ctl_neighbor_cft,ctl_neighbor_black_hole:black hole (title); ctl_neighbor_cft:conformal field theory (abstract),https://arxiv.org/abs/2606.14834v2,https://arxiv.org/pdf/2606.14834v2
0.87,0.87,low,0.0,False,False,2609.04432v1,Recovering molecules from coarse-grained beads: free-energy-conditioned generative backmapping across chemical space,2026-09-03T19:53:31Z,2026-09-03T19:53:31Z,physics.chem-ph,physics.chem-ph; cond-mat.soft; cs.LG; physics.bio-ph,1,1,0,scale,coarse_graining,,coarse_graining:coarse-grained (title),,,,https://arxiv.org/abs/2609.04432v1,https://arxiv.org/pdf/2609.04432v1
0.87,0.87,low,0.0,False,False,2609.03725v1,Multimodal and Multiscale Interrogation of a Mechanically Tough Glass Forming Copper-Based Metal-Organic Framework,2026-09-03T11:56:03Z,2026-09-03T11:56:03Z,cond-mat.mtrl-sci,cond-mat.mtrl-sci; cond-mat.mes-hall; cond-mat.soft,1,1,0,scale,coarse_graining,,coarse_graining:multiscale (title),,,,https://arxiv.org/abs/2609.03725v1,https://arxiv.org/pdf/2609.03725v1
0.87,0.87,low,0.0,False,True,2609.02141v1,Renormalization group and long-range conditional mutual information in hierarchical models,2026-09-02T05:52:36Z,2026-09-02T05:52:36Z,quant-ph,quant-ph; cond-mat.stat-mech; cond-mat.str-el,1,1,0,scale,rg_flow,,rg_flow:renormalization group (title),,,,https://arxiv.org/abs/2609.02141v1,https://arxiv.org/pdf/2609.02141v1
0.87,0.87,low,0.0,True,True,2602.17422v3,Renormalization group flow of $O(N)^3$-invariant general sextic tensor model,2026-02-19T14:54:16Z,2026-09-01T14:56:04Z,hep-th,hep-th,1,1,0,scale,rg_flow,,rg_flow:renormalization group (title),,,,https://arxiv.org/abs/2602.17422v3,https://arxiv.org/pdf/2602.17422v3
0.87,0.87,low,0.0,True,True,2607.09552v2,Rigorously justified local time stepping in the unified gas-kinetic wave-particle method for steady multiscale flow simulation,2026-07-10T16:00:46Z,2026-09-01T08:48:10Z,physics.flu-dyn,physics.flu-dyn; physics.comp-ph,1,1,0,scale,coarse_graining,,coarse_graining:multiscale (title),,,,https://arxiv.org/abs/2607.09552v2,https://arxiv.org/pdf/2607.09552v2
0.87,0.52,low,1.0,False,True,2609.05217v1,Coarse-graining far-from-equilibrium dynamics using oblique projectors,2026-09-04T14:50:12Z,2026-09-04T14:50:12Z,cond-mat.soft,cond-mat.soft; cond-mat.stat-mech,1,1,0,scale,coarse_graining,,coarse_graining:coarse-graining (title),generic_physics,ctl_generic_perturbation,ctl_generic_perturbation:perturbation theory (abstract),https://arxiv.org/abs/2609.05217v1,https://arxiv.org/pdf/2609.05217v1
0.87,0.52,low,1.0,False,False,2609.05126v1,Coarse-Graining Hidden Representations: Unsupervised Neuron Selection via Mapping Entropy,2026-09-04T13:25:58Z,2026-09-04T13:25:58Z,cs.LG,cs.LG; cond-mat.dis-nn; cond-mat.stat-mech,1,1,0,scale,coarse_graining,,coarse_graining:coarse-graining (title),nonphysics_stem,ctl_nonphysics_ml,ctl_nonphysics_ml:neural network (abstract),https://arxiv.org/abs/2609.05126v1,https://arxiv.org/pdf/2609.05126v1
0.87,0.17,low,2.0,True,True,2603.19892v2,Renormalization group evolution and power counting in nuclear matter,2026-03-20T12:18:09Z,2026-09-02T09:31:43Z,nucl-th,nucl-th,1,1,0,scale,rg_flow,,rg_flow:renormalization group (title),generic_physics,ctl_generic_eft; ctl_generic_perturbation,ctl_generic_eft:effective field theory (abstract); ctl_generic_perturbation:perturbative (abstract),https://arxiv.org/abs/2603.19892v2,https://arxiv.org/pdf/2603.19892v2
0.75,0.75,low,0.0,False,True,2609.03903v1,Reduced-basis method for linear response within nuclear density functional theory,2026-09-03T14:23:18Z,2026-09-03T14:23:18Z,nucl-th,nucl-th,1,1,0,particle,collective_mode_boson,,collective_mode_boson:collective excitation (abstract),,,,https://arxiv.org/abs/2609.03903v1,https://arxiv.org/pdf/2609.03903v1
0.75,0.75,low,0.0,True,True,2608.29807v2,Branching stochastic mechanics. I. Clustering and connected correlations within a branching-process representation of the Schrödinger equation,2026-08-30T14:19:07Z,2026-09-03T11:38:49Z,cond-mat.stat-mech,cond-mat.stat-mech; quant-ph,1,1,0,particle,collective_mode_boson,,collective_mode_boson:collective mode (abstract),,,,https://arxiv.org/abs/2608.29807v2,https://arxiv.org/pdf/2608.29807v2
0.75,0.75,low,0.0,False,True,2609.03519v1,Non-Resonant Impulsively Stimulated Raman Scattering by a Terahertz Field: a Case Study of 1T-TaS2,2026-09-03T08:19:43Z,2026-09-03T08:19:43Z,cond-mat.str-el,cond-mat.str-el; cond-mat.mtrl-sci,1,1,0,particle,collective_mode_boson,,collective_mode_boson:collective mode (abstract),,,,https://arxiv.org/abs/2609.03519v1,https://arxiv.org/pdf/2609.03519v1
0.75,0.28,low,1.35,False,True,2609.04441v1,Stability of Collective Neutrino Oscillations -- A Distributional Approach,2026-09-03T20:01:45Z,2026-09-03T20:01:45Z,hep-ph,hep-ph; astro-ph.SR; cond-mat.stat-mech; nlin.AO,1,1,0,particle,collective_mode_boson,,collective_mode_boson:collective mode (abstract),neighbor_topic,ctl_neighbor_neutrino,ctl_neighbor_neutrino:neutrino oscillation (title),https://arxiv.org/abs/2609.04441v1,https://arxiv.org/pdf/2609.04441v1
0.75,-0.54,low,3.7,True,True,2511.09097v3,Evidence for spontaneous breaking of a continuous symmetry at a non-conformal quantum critical point in one dimension,2025-11-12T08:11:39Z,2026-09-02T13:14:08Z,cond-mat.stat-mech,cond-mat.stat-mech; cond-mat.quant-gas; cond-mat.str-el; math-ph,1,1,0,particle,collective_mode_boson,,collective_mode_boson:collective excitation (abstract),generic_physics; orthogonal_physics,ctl_generic_perturbation; ctl_generic_symmetry; ctl_orthogonal_quantum_critical,ctl_generic_perturbation:perturbative (abstract); ctl_generic_symmetry:continuous symmetry (title); ctl_orthogonal_quantum_critical:quantum critical point (title),https://arxiv.org/abs/2511.09097v3,https://arxiv.org/pdf/2511.09097v3
0.58,0.58,low,0.0,True,True,2410.08558v9,A transformational approach to collective behavior,2024-10-11T06:19:57Z,2026-09-04T03:29:31Z,physics.plasm-ph,physics.plasm-ph,1,1,0,scale,rg_flow,,rg_flow:renormalization group (abstract),,,,https://arxiv.org/abs/2410.08558v9,https://arxiv.org/pdf/2410.08558v9
0.58,0.58,low,0.0,False,True,2609.04347v1,UV/IR scale dependence in a four-derivative scalar field theory,2026-09-03T18:10:50Z,2026-09-03T18:10:50Z,hep-th,hep-th,1,1,0,scale,rg_flow,,rg_flow:beta function (abstract),,,,https://arxiv.org/abs/2609.04347v1,https://arxiv.org/pdf/2609.04347v1
0.58,0.23,low,1.0,True,True,2511.17704v5,A simple introduction to soft resummation,2025-11-21T19:00:01Z,2026-09-04T16:18:53Z,hep-ph,hep-ph,1,1,0,scale,rg_flow,,rg_flow:renormalization group (abstract),neighbor_topic,ctl_neighbor_standard_model,ctl_neighbor_standard_model:qcd (abstract),https://arxiv.org/abs/2511.17704v5,https://arxiv.org/pdf/2511.17704v5
0.58,0.23,low,1.0,True,True,2601.06549v5,Gapped topological spin-orbital liquid on the honeycomb lattice,2026-01-10T12:17:57Z,2026-09-04T03:16:17Z,cond-mat.str-el,cond-mat.str-el,1,1,0,scale,rg_flow,,rg_flow:renormalization group (abstract),generic_physics,ctl_generic_symmetry,ctl_generic_symmetry:symmetry breaking (abstract),https://arxiv.org/abs/2601.06549v5,https://arxiv.org/pdf/2601.06549v5
0.58,0.23,low,1.0,False,True,2609.04099v1,"SCFT/VOA correspondence and R-twisted reductions of $(A_2,D_{3n-2})$ Argyres--Douglas theories",2026-09-03T17:06:18Z,2026-09-03T17:06:18Z,hep-th,hep-th; math-ph; math.QA,1,1,0,scale,rg_flow,,rg_flow:infrared fixed point (abstract),neighbor_topic,ctl_neighbor_standard_model,ctl_neighbor_standard_model:supersymmetry (abstract),https://arxiv.org/abs/2609.04099v1,https://arxiv.org/pdf/2609.04099v1
0.58,0.23,low,1.0,True,True,2604.26767v3,Kondo transport in an anisotropic two-dimensional electron gas with quadratic momentum-dependent spin splitting,2026-04-29T15:00:17Z,2026-09-03T14:15:41Z,cond-mat.str-el,cond-mat.str-el,1,1,0,scale,rg_flow,,rg_flow:renormalization group (abstract),generic_physics,ctl_generic_eft,ctl_generic_eft:low-energy effective (abstract),https://arxiv.org/abs/2604.26767v3,https://arxiv.org/pdf/2604.26767v3
0.58,0.23,low,1.0,False,True,2609.02394v2,A Recursive Module-Coupling Algorithm for Computing Low-Energy Eigenstates,2026-09-02T10:04:23Z,2026-09-03T04:27:45Z,quant-ph,quant-ph,1,1,0,scale,rg_flow,,rg_flow:renormalization group (abstract),generic_physics,ctl_generic_action,ctl_generic_action:hamiltonian (abstract),https://arxiv.org/abs/2609.02394v2,https://arxiv.org/pdf/2609.02394v2
0.58,0.23,low,1.0,True,True,2604.06153v2,Solving the Peierls-Boltzmann transport equation with matrix product states,2026-04-07T17:53:10Z,2026-09-02T17:47:59Z,cond-mat.mes-hall,cond-mat.mes-hall,1,1,0,scale,rg_flow,,rg_flow:renormalization group (abstract),generic_physics,ctl_generic_numerics,ctl_generic_numerics:numerical simulation (abstract),https://arxiv.org/abs/2604.06153v2,https://arxiv.org/pdf/2604.06153v2
0.58,0.23,low,1.0,True,True,2508.20895v2,Multicritical Infection Spreading,2025-08-28T15:22:38Z,2026-09-01T19:53:46Z,cond-mat.stat-mech,cond-mat.stat-mech; cond-mat.dis-nn; physics.bio-ph; q-bio.PE,1,1,0,scale,rg_flow,,rg_flow:renormalization group (abstract),generic_physics,ctl_generic_numerics,ctl_generic_numerics:monte carlo (abstract),https://arxiv.org/abs/2508.20895v2,https://arxiv.org/pdf/2508.20895v2
0.58,-0.12,low,2.0,False,True,2609.04938v1,Global Fixed Point Potentials in the Abelian Higgs Model with $N$ flavors,2026-09-04T09:43:27Z,2026-09-04T09:43:27Z,hep-ph,hep-ph; cond-mat.supr-con,1,1,0,scale,rg_flow,,rg_flow:renormalization group (abstract),generic_physics,ctl_generic_numerics; ctl_generic_perturbation,ctl_generic_numerics:numerically solve (abstract); ctl_generic_perturbation:perturbative (abstract),https://arxiv.org/abs/2609.04938v1,https://arxiv.org/pdf/2609.04938v1
0.58,-0.12,low,2.0,True,True,2606.24713v2,Symmetric mass generation of interacting chiral fermions on a one-dimensional lattice without fermion doubling,2026-06-23T15:34:45Z,2026-09-02T15:14:33Z,hep-th,hep-th; cond-mat.str-el; quant-ph,1,1,0,scale,rg_flow,,rg_flow:renormalization group (abstract),generic_physics,ctl_generic_perturbation; ctl_generic_symmetry,ctl_generic_perturbation:perturbative (abstract); ctl_generic_symmetry:symmetry breaking (abstract),https://arxiv.org/abs/2606.24713v2,https://arxiv.org/pdf/2606.24713v2
0.58,-0.24,low,2.35,True,True,2512.01211v2,Analysis of $H \to J/ψ+γ$ up to Next-to-Next-to-Leading Order QCD Corrections,2025-12-01T02:51:28Z,2026-09-01T14:20:57Z,hep-ph,hep-ph,1,1,0,scale,rg_flow,,rg_flow:renormalization group (abstract),generic_physics; neighbor_topic,ctl_generic_perturbation; ctl_neighbor_standard_model,ctl_generic_perturbation:perturbative (abstract); ctl_neighbor_standard_model:qcd (title),https://arxiv.org/abs/2512.01211v2,https://arxiv.org/pdf/2512.01211v2
0.58,-0.94,low,4.35,True,True,2602.00349v2,Running Love Numbers of Charged Black Holes,2026-01-30T21:55:52Z,2026-09-01T22:04:10Z,hep-th,hep-th; astro-ph.CO; gr-qc,1,1,0,scale,rg_flow,,rg_flow:beta function (abstract),generic_physics; neighbor_topic,ctl_generic_action; ctl_generic_eft; ctl_generic_perturbation; ctl_neighbor_black_hole,ctl_generic_action:equations of motion (abstract); ctl_generic_eft:effective field theory (abstract); ctl_generic_perturbation:perturbative (abstract); ctl_neighbor_black_hole:black hole (title),https://arxiv.org/abs/2602.00349v2,https://arxiv.org/pdf/2602.00349v2
0.52,0.52,low,0.0,True,True,2605.17138v2,"Energetic particles, Shafranov shift and finite $β$ effects on TAE, KBM and ITG instabilities in global electromagnetic gyrokinetic simulations",2026-05-16T20:07:02Z,2026-09-04T09:00:17Z,physics.plasm-ph,physics.plasm-ph,1,1,0,scale,coarse_graining,,coarse_graining:multi-scale (abstract),,,,https://arxiv.org/abs/2605.17138v2,https://arxiv.org/pdf/2605.17138v2
0.52,0.52,low,0.0,False,False,2609.04139v1,The conformally invariant metric on CLE$_4$ II: existence of geodesics,2026-09-03T17:32:03Z,2026-09-03T17:32:03Z,math.PR,math.PR; math-ph; math.CV,1,1,0,scale,coarse_graining,,coarse_graining:multi-scale (abstract),,,,https://arxiv.org/abs/2609.04139v1,https://arxiv.org/pdf/2609.04139v1
0.52,0.52,low,0.0,True,True,2602.24123v2,MesoMem: A mesoscale membrane model based on an additive potential,2026-02-27T15:59:31Z,2026-09-03T15:37:17Z,cond-mat.soft,cond-mat.soft; physics.bio-ph,1,1,0,scale,coarse_graining,,coarse_graining:coarse-grained (abstract),,,,https://arxiv.org/abs/2602.24123v2,https://arxiv.org/pdf/2602.24123v2
0.52,0.52,low,0.0,True,True,2606.03752v3,Continuous limit of a discrete stochastic model of cell migration,2026-06-02T15:02:56Z,2026-09-03T13:03:03Z,cond-mat.soft,cond-mat.soft,1,1,0,scale,coarse_graining,,coarse_graining:coarse-graining (abstract),,,,https://arxiv.org/abs/2606.03752v3,https://arxiv.org/pdf/2606.03752v3
0.52,0.52,low,0.0,False,True,2609.03396v1,Interface-resolved simulations of boiling heat transfer,2026-09-03T05:53:50Z,2026-09-03T05:53:50Z,physics.flu-dyn,physics.flu-dyn; physics.comp-ph,1,1,0,scale,coarse_graining,,coarse_graining:multiscale (abstract),,,,https://arxiv.org/abs/2609.03396v1,https://arxiv.org/pdf/2609.03396v1
0.52,0.52,low,0.0,True,True,2608.20404v2,Data Driven Equation Discovery for Phase-Ordering Dynamics : From Allen Cahn to the Ising Model,2026-08-04T10:13:30Z,2026-09-03T03:42:49Z,cond-mat.soft,cond-mat.soft; cond-mat.stat-mech; cs.LG,1,1,0,scale,coarse_graining,,coarse_graining:coarse-grained (abstract),,,,https://arxiv.org/abs/2608.20404v2,https://arxiv.org/pdf/2608.20404v2
0.52,0.52,low,0.0,False,True,2609.03132v1,MGKDB: An IMAS-aligned multicode gyrokinetic simulation database for reproducible fusion turbulence modeling and data-driven analysis,2026-09-02T20:15:04Z,2026-09-02T20:15:04Z,physics.plasm-ph,physics.plasm-ph,1,1,0,scale,coarse_graining,,coarse_graining:multiscale (abstract),,,,https://arxiv.org/abs/2609.03132v1,https://arxiv.org/pdf/2609.03132v1
0.52,0.52,low,0.0,False,True,2609.02627v1,"Pure FENE Bond Potential for Soft Matter and Biological Simulations: Theory, HOOMD-blue Implementation, and Applications to Polymer, Colloidal, and Membrane Systems",2026-09-02T14:06:05Z,2026-09-02T14:06:05Z,cond-mat.soft,cond-mat.soft; physics.bio-ph,1,1,0,scale,coarse_graining,,coarse_graining:coarse-grained (abstract),,,,https://arxiv.org/abs/2609.02627v1,https://arxiv.org/pdf/2609.02627v1
0.52,0.52,low,0.0,True,True,2608.22318v2,Collective dynamics of chemo-mechanical colloidal chains with active tips,2026-08-23T09:32:52Z,2026-09-01T16:30:21Z,cond-mat.soft,cond-mat.soft,1,1,0,scale,coarse_graining,,coarse_graining:coarse-grained (abstract),,,,https://arxiv.org/abs/2608.22318v2,https://arxiv.org/pdf/2608.22318v2
0.52,0.52,low,0.0,True,True,2511.03851v2,Hydrodynamical Initial State in Small Systems From the Phase-Space Entropy,2025-11-05T20:42:24Z,2026-09-01T15:43:28Z,hep-ph,hep-ph; nucl-th,1,1,0,scale,coarse_graining,,coarse_graining:coarse-graining (abstract),,,,https://arxiv.org/abs/2511.03851v2,https://arxiv.org/pdf/2511.03851v2
0.52,0.52,low,0.0,False,False,2609.01387v1,Weighted persistence intensity regression,2026-09-01T15:16:51Z,2026-09-01T15:16:51Z,math.ST,math.ST; math.AT,1,1,0,scale,coarse_graining,,coarse_graining:multiscale (abstract),,,,https://arxiv.org/abs/2609.01387v1,https://arxiv.org/pdf/2609.01387v1
0.52,0.52,low,0.0,True,False,2608.21505v2,"Earth as a Closed Life-Support System: Finite Buffers, Dynamical Thresholds, and Planetary Sustainability",2026-08-21T17:08:12Z,2026-09-01T12:02:55Z,physics.soc-ph,physics.soc-ph; cond-mat.stat-mech; physics.bio-ph,1,1,0,scale,coarse_graining,,coarse_graining:multiscale (abstract),,,,https://arxiv.org/abs/2608.21505v2,https://arxiv.org/pdf/2608.21505v2
0.52,0.17,low,1.0,False,False,2609.04891v1,Attention-guided super-resolution of 4D flow MRI in carotid arteries,2026-09-04T08:48:32Z,2026-09-04T08:48:32Z,physics.med-ph,physics.med-ph; cs.AI; physics.flu-dyn,1,1,0,scale,coarse_graining,,coarse_graining:multi-scale (abstract),nonphysics_stem,ctl_nonphysics_ml,ctl_nonphysics_ml:deep learning (abstract),https://arxiv.org/abs/2609.04891v1,https://arxiv.org/pdf/2609.04891v1
0.52,0.17,low,1.0,False,True,2609.04743v1,Analytical model for polarization transfer during gas-phase collision events in spin-exchange optical pumping: Spin-$\frac{1}{2}$ $^{129}$Xe versus spin-$\frac{3}{2}$ $^{131}$Xe,2026-09-04T05:21:28Z,2026-09-04T05:21:28Z,physics.atom-ph,physics.atom-ph; physics.chem-ph; quant-ph,1,1,0,scale,coarse_graining,,coarse_graining:multiscale (abstract),generic_physics,ctl_generic_action,ctl_generic_action:hamiltonian (abstract),https://arxiv.org/abs/2609.04743v1,https://arxiv.org/pdf/2609.04743v1
0.52,0.17,low,1.0,True,True,2608.28208v2,Non-Closing Double-Commutator Flows and the Small-Coupling Limit of Spin-Boson Models,2026-08-28T11:27:50Z,2026-09-03T22:05:27Z,math-ph,math-ph,1,1,0,scale,coarse_graining,,coarse_graining:multi-scale (abstract),generic_physics,ctl_generic_action,ctl_generic_action:hamiltonian (abstract),https://arxiv.org/abs/2608.28208v2,https://arxiv.org/pdf/2608.28208v2
0.52,0.17,low,1.0,True,True,2606.31925v2,"Fate of ""Space-like singularities"" in $c=1$ Matrix Model",2026-06-30T16:33:16Z,2026-09-03T14:47:21Z,hep-th,hep-th; cond-mat.stat-mech; gr-qc,1,1,0,scale,coarse_graining,,coarse_graining:coarse-grained (abstract),neighbor_topic,ctl_neighbor_string,ctl_neighbor_string:string theory (abstract),https://arxiv.org/abs/2606.31925v2,https://arxiv.org/pdf/2606.31925v2
0.52,0.17,low,1.0,False,True,2609.03646v1,A Bayesian Pixel Based Approach for Model Independent TMD Reconstruction,2026-09-03T10:46:16Z,2026-09-03T10:46:16Z,hep-ph,hep-ph,1,1,0,scale,coarse_graining,,coarse_graining:multi-scale (abstract),generic_physics,ctl_generic_statistics,ctl_generic_statistics:bayesian inference (abstract),https://arxiv.org/abs/2609.03646v1,https://arxiv.org/pdf/2609.03646v1
0.52,0.17,low,1.0,False,True,2609.01444v1,Macroscopic simulations of thin film wetting/dewetting using a precursor film model,2026-09-01T15:52:03Z,2026-09-01T15:52:03Z,physics.flu-dyn,physics.flu-dyn,1,1,0,scale,coarse_graining,,coarse_graining:multiscale (abstract),generic_physics,ctl_generic_numerics,ctl_generic_numerics:numerical simulation (abstract),https://arxiv.org/abs/2609.01444v1,https://arxiv.org/pdf/2609.01444v1
0.52,0.17,low,1.0,True,True,2604.11481v3,Emergence of Complex Web Structures,2026-04-13T13:47:35Z,2026-09-01T14:09:40Z,astro-ph.CO,astro-ph.CO; math-ph; nlin.PS; physics.data-an; stat.AP,1,1,0,scale,coarse_graining,,coarse_graining:coarse-grained (abstract),generic_physics,ctl_generic_action,ctl_generic_action:lagrangian (abstract),https://arxiv.org/abs/2604.11481v3,https://arxiv.org/pdf/2604.11481v3
0.52,0.05,low,1.35,False,True,2609.03088v1,Direct Four-Spacecraft Measurement of Reconnection Exhaust Thickness in the Solar Wind,2026-09-02T18:59:55Z,2026-09-02T18:59:55Z,physics.space-ph,physics.space-ph; astro-ph.SR,1,1,0,scale,coarse_graining,,coarse_graining:multiscale (abstract),orthogonal_physics,ctl_orthogonal_plasma,ctl_orthogonal_plasma:solar wind (title),https://arxiv.org/abs/2609.03088v1,https://arxiv.org/pdf/2609.03088v1
0.0,0.0,low,0.0,False,True,2609.05409v1,Decompactification and the Flat-Space Limit of AdS$_5\times$ S$^5$ Master Correlators,2026-09-04T17:57:05Z,2026-09-04T17:57:05Z,hep-th,hep-th,0,0,0,,,,,,,,https://arxiv.org/abs/2609.05409v1,https://arxiv.org/pdf/2609.05409v1
0.0,0.0,low,0.0,False,True,2609.05408v1,Towards Scaling Quantum Fine-Tuning of Foundational Time Series Models for Classification,2026-09-04T17:56:24Z,2026-09-04T17:56:24Z,quant-ph,quant-ph; cs.ET,0,0,0,,,,,,,,https://arxiv.org/abs/2609.05408v1,https://arxiv.org/pdf/2609.05408v1
0.0,0.0,low,0.0,False,False,2609.05393v1,Ion abundances in the plasma tail of 3I/ATLAS show that it is N2-rich,2026-09-04T17:43:16Z,2026-09-04T17:43:16Z,astro-ph.EP,astro-ph.EP; astro-ph.GA,0,0,0,,,,,,,,https://arxiv.org/abs/2609.05393v1,https://arxiv.org/pdf/2609.05393v1
0.0,0.0,low,0.0,False,True,2609.05391v1,"Non-reciprocally interacting Ornstein-Uhlenbeck processes: Exceptional points, Anomalous relaxation, Pseudo-equilibrium and Boundary refrigeration",2026-09-04T17:41:56Z,2026-09-04T17:41:56Z,cond-mat.stat-mech,cond-mat.stat-mech; quant-ph,0,0,0,,,,,,,,https://arxiv.org/abs/2609.05391v1,https://arxiv.org/pdf/2609.05391v1
0.0,0.0,low,0.0,True,True,2501.14154v5,Smoothness of Classical Limit in KMOC Formalism,2025-01-24T00:41:49Z,2026-09-04T17:41:15Z,hep-th,hep-th,0,0,0,,,,,,,,https://arxiv.org/abs/2501.14154v5,https://arxiv.org/pdf/2501.14154v5
0.0,0.0,low,0.0,False,True,2609.05387v1,A photonic source with half-a-GHz single-photon flux,2026-09-04T17:39:43Z,2026-09-04T17:39:43Z,quant-ph,quant-ph; cond-mat.mes-hall,0,0,0,,,,,,,,https://arxiv.org/abs/2609.05387v1,https://arxiv.org/pdf/2609.05387v1
0.0,0.0,low,0.0,False,True,2609.05379v1,Coincidence-based spectral engineering for spectral matching in cascaded downconversion,2026-09-04T17:29:08Z,2026-09-04T17:29:08Z,quant-ph,quant-ph,0,0,0,,,,,,,,https://arxiv.org/abs/2609.05379v1,https://arxiv.org/pdf/2609.05379v1
0.0,0.0,low,0.0,False,True,2609.05373v1,Molecular interfacial rheology: Lipid membrane shear viscosity,2026-09-04T17:24:46Z,2026-09-04T17:24:46Z,cond-mat.soft,cond-mat.soft; cond-mat.stat-mech; physics.bio-ph; physics.flu-dyn,0,0,0,,,,,,,,https://arxiv.org/abs/2609.05373v1,https://arxiv.org/pdf/2609.05373v1
0.0,0.0,low,0.0,True,False,2606.29456v5,"Bilinear Flexo-Antiferrodistortive Coupling in Ferroelastics: Polar Twins, Antiphase Boundaries and Fingerprints of Alterelectricity",2026-06-28T15:21:20Z,2026-09-04T17:09:19Z,cond-mat.mtrl-sci,cond-mat.mtrl-sci; cond-mat.mes-hall,0,0,0,,,,,,,,https://arxiv.org/abs/2606.29456v5,https://arxiv.org/pdf/2606.29456v5
0.0,0.0,low,0.0,True,True,2602.18169v2,Rydberg states with a liquid core,2026-02-20T12:15:13Z,2026-09-04T17:05:09Z,physics.atom-ph,physics.atom-ph; cond-mat.quant-gas; quant-ph,0,0,0,,,,,,,,https://arxiv.org/abs/2602.18169v2,https://arxiv.org/pdf/2602.18169v2
0.0,0.0,low,0.0,True,True,2608.27872v2,Hybrid Heralded Noiseless Amplification with Finite-Cutoff Quantum Scissors,2026-08-28T03:24:26Z,2026-09-04T17:04:20Z,quant-ph,quant-ph,0,0,0,,,,,,,,https://arxiv.org/abs/2608.27872v2,https://arxiv.org/pdf/2608.27872v2
0.0,0.0,low,0.0,False,True,2609.05355v1,Fundamental Limits of Quantum Metrology Beyond Fixed Causal Order,2026-09-04T17:01:27Z,2026-09-04T17:01:27Z,quant-ph,quant-ph,0,0,0,,,,,,,,https://arxiv.org/abs/2609.05355v1,https://arxiv.org/pdf/2609.05355v1
0.0,0.0,low,0.0,True,True,2504.10255v2,Dissipation-Induced Threshold on Integrability Footprints,2025-04-14T14:16:37Z,2026-09-04T16:58:21Z,quant-ph,quant-ph; cond-mat.dis-nn; cond-mat.stat-mech,0,0,0,,,,,,,,https://arxiv.org/abs/2504.10255v2,https://arxiv.org/pdf/2504.10255v2
0.0,0.0,low,0.0,True,False,2607.25666v3,Instanton slices and their superpolynomials,2026-07-28T12:50:05Z,2026-09-04T16:52:58Z,math.AG,math.AG; math.QA,0,0,0,,,,,,,,https://arxiv.org/abs/2607.25666v3,https://arxiv.org/pdf/2607.25666v3
0.0,0.0,low,0.0,False,True,2609.05336v1,Infrared Memory and Scrambling in a Dynamically Opened Coupled-SYK Majorana Junction,2026-09-04T16:41:37Z,2026-09-04T16:41:37Z,hep-th,hep-th; cond-mat.str-el,0,0,0,,,,,,,,https://arxiv.org/abs/2609.05336v1,https://arxiv.org/pdf/2609.05336v1
0.0,0.0,low,0.0,True,True,2512.12529v2,Design and Performance of the Upgraded Prototype Schwarzschild-Couder Telescope Camera Module,2025-12-14T02:55:49Z,2026-09-04T16:24:40Z,astro-ph.IM,astro-ph.IM; hep-ex,0,0,0,,,,,,,,https://arxiv.org/abs/2512.12529v2,https://arxiv.org/pdf/2512.12529v2
0.0,0.0,low,0.0,False,True,2609.05319v1,Breakdown of Anomalous Hall Scaling in Dilute Kondo System,2026-09-04T16:14:19Z,2026-09-04T16:14:19Z,cond-mat.str-el,cond-mat.str-el,0,0,0,,,,,,,,https://arxiv.org/abs/2609.05319v1,https://arxiv.org/pdf/2609.05319v1
0.0,0.0,low,0.0,False,True,2609.05316v1,Compiling the 2D Fermi-Hubbard ground-state energy estimation algorithm for active volume quantum architectures,2026-09-04T16:10:12Z,2026-09-04T16:10:12Z,quant-ph,quant-ph,0,0,0,,,,,,,,https://arxiv.org/abs/2609.05316v1,https://arxiv.org/pdf/2609.05316v1
0.0,0.0,low,0.0,False,True,2609.05315v1,Spectator shadowing as the source of the breaking of NCQ scaling at RHIC-FXT and FAIR energies,2026-09-04T16:08:08Z,2026-09-04T16:08:08Z,nucl-th,nucl-th; nucl-ex,0,0,0,,,,,,,,https://arxiv.org/abs/2609.05315v1,https://arxiv.org/pdf/2609.05315v1
0.0,0.0,low,0.0,True,True,2605.19980v2,Developing a photon-number-resolving detection chain for quantum communication protocols involving mesoscopic states of light,2026-05-19T15:23:14Z,2026-09-04T16:04:07Z,quant-ph,quant-ph,0,0,0,,,,,,,,https://arxiv.org/abs/2605.19980v2,https://arxiv.org/pdf/2605.19980v2
0.0,0.0,low,0.0,True,True,2509.09620v2,"Strong long-wavelength electron-phonon coupling in Ta$_2$Ni(Se,S)$_5$",2025-09-11T17:03:21Z,2026-09-04T15:59:39Z,cond-mat.str-el,cond-mat.str-el; cond-mat.mtrl-sci,0,0,0,,,,,,,,https://arxiv.org/abs/2509.09620v2,https://arxiv.org/pdf/2509.09620v2
0.0,0.0,low,0.0,True,True,2603.05170v2,Waiting-time based entropy estimators in continuous space without Markovian events,2026-03-05T13:38:33Z,2026-09-04T15:44:55Z,cond-mat.stat-mech,cond-mat.stat-mech; physics.bio-ph,0,0,0,,,,,,,,https://arxiv.org/abs/2603.05170v2,https://arxiv.org/pdf/2603.05170v2
0.0,0.0,low,0.0,False,True,2609.05285v1,Rapid quenching and early gas depletion in the core of a galaxy protocluster at z=2.2,2026-09-04T15:40:39Z,2026-09-04T15:40:39Z,astro-ph.GA,astro-ph.GA,0,0,0,,,,,,,,https://arxiv.org/abs/2609.05285v1,https://arxiv.org/pdf/2609.05285v1
0.0,0.0,low,0.0,False,True,2609.05280v1,Sophus Lie's problem on two-dimensional metrics with projective symmetries: completing the local classification,2026-09-04T15:33:06Z,2026-09-04T15:33:06Z,math.DG,math.DG,0,0,0,,,,,,,,https://arxiv.org/abs/2609.05280v1,https://arxiv.org/pdf/2609.05280v1
0.0,0.0,low,0.0,False,False,2609.05276v1,Connecting heterogeneous dynamics with local entropy,2026-09-04T15:31:28Z,2026-09-04T15:31:28Z,cond-mat.dis-nn,cond-mat.dis-nn; cond-mat.soft; cond-mat.stat-mech,0,0,0,,,,,,,,https://arxiv.org/abs/2609.05276v1,https://arxiv.org/pdf/2609.05276v1
0.0,0.0,low,0.0,True,True,2603.09739v3,ODIN: Confirmation and 3D Reconstruction of Six Massive Protoclusters at Cosmic Noon,2026-03-10T14:45:43Z,2026-09-04T15:29:22Z,astro-ph.GA,astro-ph.GA,0,0,0,,,,,,,,https://arxiv.org/abs/2603.09739v3,https://arxiv.org/pdf/2603.09739v3
0.0,0.0,low,0.0,False,True,2609.05272v1,ROCKETS I: Investigating the Impact of the Rocket Effect on Two Nearby Young Open Clusters Encased in Infrared Bubbles,2026-09-04T15:27:54Z,2026-09-04T15:27:54Z,astro-ph.SR,astro-ph.SR; astro-ph.GA,0,0,0,,,,,,,,https://arxiv.org/abs/2609.05272v1,https://arxiv.org/pdf/2609.05272v1
0.0,0.0,low,0.0,True,True,2609.00114v2,Reconciling Galactic rotation curve constraints with stellar stream modeling,2026-08-31T18:00:00Z,2026-09-04T15:25:28Z,astro-ph.GA,astro-ph.GA,0,0,0,,,,,,,,https://arxiv.org/abs/2609.00114v2,https://arxiv.org/pdf/2609.00114v2
0.0,0.0,low,0.0,False,False,2609.05265v1,Enabling Metallicity Measurements of Microlensing Lenses through Multi-band Lens Photometry,2026-09-04T15:24:25Z,2026-09-04T15:24:25Z,astro-ph.EP,astro-ph.EP; astro-ph.GA; astro-ph.IM; astro-ph.SR,0,0,0,,,,,,,,https://arxiv.org/abs/2609.05265v1,https://arxiv.org/pdf/2609.05265v1
0.0,0.0,low,0.0,True,True,2510.25505v4,Resonant production of millicharged scalars in $k^2>0$ electromagnetic wave background,2025-10-29T13:30:39Z,2026-09-04T15:23:38Z,hep-ph,hep-ph,0,0,0,,,,,,,,https://arxiv.org/abs/2510.25505v4,https://arxiv.org/pdf/2510.25505v4
0.0,0.0,low,0.0,False,False,2609.05252v1,Coleman Isomorphisms in Syntomic Cohomology and $\mathrm{THH}$,2026-09-04T15:15:46Z,2026-09-04T15:15:46Z,math.AG,math.AG; math.AT; math.KT; math.NT,0,0,0,,,,,,,,https://arxiv.org/abs/2609.05252v1,https://arxiv.org/pdf/2609.05252v1
0.0,0.0,low,0.0,False,True,2609.05250v1,Memory-Optimal Sequential Synthesis of Multimode Gaussian Transformations,2026-09-04T15:15:00Z,2026-09-04T15:15:00Z,quant-ph,quant-ph,0,0,0,,,,,,,,https://arxiv.org/abs/2609.05250v1,https://arxiv.org/pdf/2609.05250v1
0.0,0.0,low,0.0,False,True,2609.05240v1,What is new in NuRadioMC: Multilayer Analytic Raytracer,2026-09-04T15:05:46Z,2026-09-04T15:05:46Z,astro-ph.IM,astro-ph.IM,0,0,0,,,,,,,,https://arxiv.org/abs/2609.05240v1,https://arxiv.org/pdf/2609.05240v1
0.0,0.0,low,0.0,False,True,2609.05237v1,Representation Theory of Canonical Commutation Relations Arising from the Quantization of the Klein-Gordon Equation with an External Potential,2026-09-04T15:04:17Z,2026-09-04T15:04:17Z,math-ph,math-ph,0,0,0,,,,,,,,https://arxiv.org/abs/2609.05237v1,https://arxiv.org/pdf/2609.05237v1
0.0,0.0,low,0.0,True,True,2601.13825v2,Comparative study of quartet superfluid state: Quartet Bardeen-Cooper-Schrieffer theory and generalized Nambu-Gor'kov formalism,2026-01-20T10:34:05Z,2026-09-04T15:03:28Z,nucl-th,nucl-th; cond-mat.quant-gas; cond-mat.supr-con; physics.atom-ph,0,0,0,,,,,,,,https://arxiv.org/abs/2601.13825v2,https://arxiv.org/pdf/2601.13825v2
0.0,0.0,low,0.0,False,True,2609.05226v1,TETRIS-Q: Tiling-based Effective Transient-fault Reduction on Interleaved Superconducting Qubits,2026-09-04T14:55:26Z,2026-09-04T14:55:26Z,quant-ph,quant-ph; cs.AR,0,0,0,,,,,,,,https://arxiv.org/abs/2609.05226v1,https://arxiv.org/pdf/2609.05226v1
0.0,0.0,low,0.0,False,True,2609.05225v1,The marginal is pretty good,2026-09-04T14:55:19Z,2026-09-04T14:55:19Z,quant-ph,quant-ph; cs.IT,0,0,0,,,,,,,,https://arxiv.org/abs/2609.05225v1,https://arxiv.org/pdf/2609.05225v1
0.0,0.0,low,0.0,True,True,2406.15587v4,Escaping the Shadow of Bell's Theorem in Network Nonlocality,2024-06-21T18:43:02Z,2026-09-04T14:55:19Z,quant-ph,quant-ph,0,0,0,,,,,,,,https://arxiv.org/abs/2406.15587v4,https://arxiv.org/pdf/2406.15587v4
0.0,0.0,low,0.0,True,True,2509.21615v3,The Weakly-Nonlinear Admittance at Open Ends of Two- and Three-Dimensional Acoustic Waveguides,2025-09-25T21:31:35Z,2026-09-04T14:53:28Z,physics.flu-dyn,physics.flu-dyn,0,0,0,,,,,,,,https://arxiv.org/abs/2509.21615v3,https://arxiv.org/pdf/2509.21615v3
0.0,0.0,low,0.0,False,True,2609.02571v2,3.5-meter Segmented-Mirror Robotic Space Telescope Mission White Paper I. Overall Architecture and Scientific Mission,2026-09-02T13:18:34Z,2026-09-04T14:51:09Z,astro-ph.IM,astro-ph.IM,0,0,0,,,,,,,,https://arxiv.org/abs/2609.02571v2,https://arxiv.org/pdf/2609.02571v2
0.0,0.0,low,0.0,False,True,2609.05218v1,Screening bolt loosening in a four-bolt plate with global FRF correlation and local FRAC maps from full-field laser Doppler vibrometry,2026-09-04T14:50:34Z,2026-09-04T14:50:34Z,physics.optics,physics.optics; eess.SP,0,0,0,,,,,,,,https://arxiv.org/abs/2609.05218v1,https://arxiv.org/pdf/2609.05218v1
0.0,0.0,low,0.0,True,True,2606.19094v4,Stellar proper motions compared with the plane-of-sky magnetic field,2026-06-17T14:04:01Z,2026-09-04T14:49:18Z,astro-ph.SR,astro-ph.SR; astro-ph.GA,0,0,0,,,,,,,,https://arxiv.org/abs/2606.19094v4,https://arxiv.org/pdf/2606.19094v4
0.0,0.0,low,0.0,True,True,2603.24672v2,General Construction from Topological Loop States to Topological Invariants in Exactly Flat Bands,2026-03-25T18:00:07Z,2026-09-04T14:49:13Z,cond-mat.mes-hall,cond-mat.mes-hall; cond-mat.str-el,0,0,0,,,,,,,,https://arxiv.org/abs/2603.24672v2,https://arxiv.org/pdf/2603.24672v2
0.0,0.0,low,0.0,False,True,2609.05211v1,CFT characters from localization,2026-09-04T14:42:22Z,2026-09-04T14:42:22Z,hep-th,hep-th; math-ph; math.RT,0,0,0,,,,,,,,https://arxiv.org/abs/2609.05211v1,https://arxiv.org/pdf/2609.05211v1
0.0,0.0,low,0.0,False,True,2609.05208v1,Active focal plane phase mask coronagraphy with a discrete pixelated device: I. Study of the theoretical performance trade space,2026-09-04T14:41:12Z,2026-09-04T14:41:12Z,astro-ph.IM,astro-ph.IM; astro-ph.EP,0,0,0,,,,,,,,https://arxiv.org/abs/2609.05208v1,https://arxiv.org/pdf/2609.05208v1
0.0,0.0,low,0.0,True,False,2608.20022v2,Mutually phase-stable tunable attosecond soft X-ray attosecond pulses from a free-electron laser,2026-08-20T13:32:02Z,2026-09-04T14:38:21Z,physics.acc-ph,physics.acc-ph; physics.optics,0,0,0,,,,,,,,https://arxiv.org/abs/2608.20022v2,https://arxiv.org/pdf/2608.20022v2
0.0,0.0,low,0.0,True,True,2608.17458v2,Finite Time Type I Singularities of the Kähler Ricci Flow,2026-08-18T07:36:15Z,2026-09-04T14:37:26Z,math.DG,math.DG,0,0,0,,,,,,,,https://arxiv.org/abs/2608.17458v2,https://arxiv.org/pdf/2608.17458v2
0.0,0.0,low,0.0,False,True,2609.05205v1,Laboratory characterization of Hierarchical Fringe Tracking,2026-09-04T14:36:51Z,2026-09-04T14:36:51Z,astro-ph.IM,astro-ph.IM,0,0,0,,,,,,,,https://arxiv.org/abs/2609.05205v1,https://arxiv.org/pdf/2609.05205v1
0.0,0.0,low,0.0,False,True,2609.05201v1,Optimal inequalities for completely bounded polynomials and the limitations of quantum query algorithms,2026-09-04T14:34:56Z,2026-09-04T14:34:56Z,quant-ph,quant-ph; cs.CC; math.FA,0,0,0,,,,,,,,https://arxiv.org/abs/2609.05201v1,https://arxiv.org/pdf/2609.05201v1
0.0,0.0,low,0.0,True,True,2608.09631v2,A fully integrated dispersion-managed femtosecond mode-locked laser,2026-08-10T14:12:55Z,2026-09-04T14:34:44Z,physics.optics,physics.optics,0,0,0,,,,,,,,https://arxiv.org/abs/2608.09631v2,https://arxiv.org/pdf/2608.09631v2
0.0,0.0,low,0.0,True,False,2407.13762v4,Large deviations of Dyson Brownian motion on the circle and multiradial SLE(0+),2024-07-18T17:58:14Z,2026-09-04T14:33:48Z,math.PR,math.PR; math-ph,0,0,0,,,,,,,,https://arxiv.org/abs/2407.13762v4,https://arxiv.org/pdf/2407.13762v4
0.0,0.0,low,0.0,False,True,2609.05200v1,On the Mahler measure and root distribution of the $Q$-polynomial of links,2026-09-04T14:33:25Z,2026-09-04T14:33:25Z,math.GT,math.GT,0,0,0,,,,,,,,https://arxiv.org/abs/2609.05200v1,https://arxiv.org/pdf/2609.05200v1
0.0,0.0,low,0.0,False,True,2609.05188v1,Electrostatic splitting of an Edge Magnetoplasmon Resonator,2026-09-04T14:24:11Z,2026-09-04T14:24:11Z,cond-mat.mes-hall,cond-mat.mes-hall,0,0,0,,,,,,,,https://arxiv.org/abs/2609.05188v1,https://arxiv.org/pdf/2609.05188v1
0.0,0.0,low,0.0,False,True,2609.05187v1,Two-numbers and Euler characteristics for quandles,2026-09-04T14:23:51Z,2026-09-04T14:23:51Z,math.GT,math.GT; math.DG,0,0,0,,,,,,,,https://arxiv.org/abs/2609.05187v1,https://arxiv.org/pdf/2609.05187v1
0.0,0.0,low,0.0,False,True,2609.05183v1,Markov chains at the onset of non-reversibility,2026-09-04T14:18:06Z,2026-09-04T14:18:06Z,cond-mat.stat-mech,cond-mat.stat-mech,0,0,0,,,,,,,,https://arxiv.org/abs/2609.05183v1,https://arxiv.org/pdf/2609.05183v1
0.0,0.0,low,0.0,True,True,2606.10623v2,Rogue Ones: Orbital census of Galactic Cepheids and their Anomalies,2026-06-09T09:22:10Z,2026-09-04T14:16:51Z,astro-ph.GA,astro-ph.GA,0,0,0,,,,,,,,https://arxiv.org/abs/2606.10623v2,https://arxiv.org/pdf/2606.10623v2
0.0,0.0,low,0.0,False,True,2609.05179v1,The dispersal law of young star clusters: free expansion -- A Gaia/eROSITA census of Orion and Sco--Cen,2026-09-04T14:16:33Z,2026-09-04T14:16:33Z,astro-ph.GA,astro-ph.GA,0,0,0,,,,,,,,https://arxiv.org/abs/2609.05179v1,https://arxiv.org/pdf/2609.05179v1
0.0,0.0,low,0.0,False,True,2609.05177v1,Transparency-engineered SQUID cells for Kerr-free three-wave-mixing Josephson metamaterials,2026-09-04T14:15:18Z,2026-09-04T14:15:18Z,cond-mat.supr-con,cond-mat.supr-con; cond-mat.mes-hall,0,0,0,,,,,,,,https://arxiv.org/abs/2609.05177v1,https://arxiv.org/pdf/2609.05177v1
0.0,0.0,low,0.0,False,True,2609.05167v1,Spherically symmetric inextendibility of weak null singularities with Christoffel symbols in $L^s_{\text{loc}}$,2026-09-04T14:10:11Z,2026-09-04T14:10:11Z,gr-qc,gr-qc; math.DG,0,0,0,,,,,,,,https://arxiv.org/abs/2609.05167v1,https://arxiv.org/pdf/2609.05167v1
0.0,0.0,low,0.0,True,True,1201.0645v2,KPZ Scaling Theory and the Semi-discrete Directed Polymer Model,2012-01-03T14:33:23Z,2026-09-04T14:05:47Z,cond-mat.stat-mech,cond-mat.stat-mech; math.PR,0,0,0,,,,,,,,https://arxiv.org/abs/1201.0645v2,https://arxiv.org/pdf/1201.0645v2
0.0,0.0,low,0.0,True,True,2608.17886v2,Concerns regarding recurrent fluorescence's impact on smaller diffuse ISM aromatics,2026-08-18T15:20:21Z,2026-09-04T14:01:56Z,astro-ph.GA,astro-ph.GA,0,0,0,,,,,,,,https://arxiv.org/abs/2608.17886v2,https://arxiv.org/pdf/2608.17886v2
0.0,0.0,low,0.0,False,True,2609.05159v1,"Glassy dynamics, crossover temperature and density scaling in fragile glass-formers",2026-09-04T14:01:07Z,2026-09-04T14:01:07Z,cond-mat.soft,cond-mat.soft; cond-mat.dis-nn; cond-mat.stat-mech,0,0,0,,,,,,,,https://arxiv.org/abs/2609.05159v1,https://arxiv.org/pdf/2609.05159v1
0.0,0.0,low,0.0,False,True,2609.05157v1,AxQM: A Textbook-Scale Benchmark for Formal Proof Synthesis in a Library of Finite-Dimensional Quantum Mechanics,2026-09-04T13:58:19Z,2026-09-04T13:58:19Z,quant-ph,quant-ph; cs.AI; cs.LO,0,0,0,,,,,,,,https://arxiv.org/abs/2609.05157v1,https://arxiv.org/pdf/2609.05157v1
0.0,0.0,low,0.0,True,True,2511.20115v2,"The Cumulant Expansion Approach: The Good, The Bad and The Ugly",2025-11-25T09:37:31Z,2026-09-04T13:57:45Z,quant-ph,quant-ph; physics.optics,0,0,0,,,,,,,,https://arxiv.org/abs/2511.20115v2,https://arxiv.org/pdf/2511.20115v2
0.0,0.0,low,0.0,False,True,2609.05155v1,Euclid. A two-point correlation approach to diagnosing star-related systematics in the Euclid spectroscopic survey,2026-09-04T13:57:00Z,2026-09-04T13:57:00Z,astro-ph.CO,astro-ph.CO; astro-ph.GA,0,0,0,,,,,,,,https://arxiv.org/abs/2609.05155v1,https://arxiv.org/pdf/2609.05155v1
0.0,0.0,low,0.0,False,False,2609.05154v1,A flatness criterion for pseudo-effective sheaves on compact Kähler spaces,2026-09-04T13:55:36Z,2026-09-04T13:55:36Z,math.AG,math.AG; math.CV; math.DG,0,0,0,,,,,,,,https://arxiv.org/abs/2609.05154v1,https://arxiv.org/pdf/2609.05154v1
0.0,0.0,low,0.0,False,True,2609.05153v1,Fanout Complexity of Symmetric Boolean Functions in $\mathsf{QAC}^0$,2026-09-04T13:55:20Z,2026-09-04T13:55:20Z,quant-ph,quant-ph,0,0,0,,,,,,,,https://arxiv.org/abs/2609.05153v1,https://arxiv.org/pdf/2609.05153v1
0.0,0.0,low,0.0,True,True,2603.17483v2,Information-Geometric Signatures from Nonextensivity in the $1$-D Blume-Capel Model,2026-03-18T08:46:58Z,2026-09-04T13:46:12Z,cond-mat.stat-mech,cond-mat.stat-mech,0,0,0,,,,,,,,https://arxiv.org/abs/2603.17483v2,https://arxiv.org/pdf/2603.17483v2
0.0,0.0,low,0.0,True,True,2601.18288v3,Probing electromagnetic moments of the tau lepton in PbPb collisions at the FCC-hh,2026-01-26T09:18:09Z,2026-09-04T13:44:10Z,hep-ph,hep-ph; hep-ex,0,0,0,,,,,,,,https://arxiv.org/abs/2601.18288v3,https://arxiv.org/pdf/2601.18288v3
0.0,0.0,low,0.0,True,True,2508.18086v7,Correlation Enhanced Autonomous Quantum Battery Charging via Structured Reservoirs,2025-08-25T14:46:25Z,2026-09-04T13:34:51Z,quant-ph,quant-ph,0,0,0,,,,,,,,https://arxiv.org/abs/2508.18086v7,https://arxiv.org/pdf/2508.18086v7
0.0,0.0,low,0.0,True,True,2604.25536v2,Large-Eccentricity Asymptotics and Fast Analytic Approximation for Fourier modes of Post-Newtonian Eccentric Waveforms,2026-04-28T12:04:04Z,2026-09-04T13:34:13Z,gr-qc,gr-qc,0,0,0,,,,,,,,https://arxiv.org/abs/2604.25536v2,https://arxiv.org/pdf/2604.25536v2
0.0,0.0,low,0.0,True,False,2509.10944v3,On the almost sure spiraling of geodesics in CAT(0) spaces,2025-09-13T18:56:01Z,2026-09-04T13:28:06Z,math.DS,math.DS; math.GT,0,0,0,,,,,,,,https://arxiv.org/abs/2509.10944v3,https://arxiv.org/pdf/2509.10944v3
0.0,0.0,low,0.0,True,True,2601.07283v5,The Non-Orientable Topology of Condorcet's Paradox,2026-01-12T07:38:25Z,2026-09-04T13:25:14Z,math.AT,math.AT; cs.GT; econ.TH,0,0,0,,,,,,,,https://arxiv.org/abs/2601.07283v5,https://arxiv.org/pdf/2601.07283v5
0.0,0.0,low,0.0,False,True,2609.05122v1,Non-local games and communication complexity with noisy entanglement,2026-09-04T13:20:51Z,2026-09-04T13:20:51Z,quant-ph,quant-ph,0,0,0,,,,,,,,https://arxiv.org/abs/2609.05122v1,https://arxiv.org/pdf/2609.05122v1
0.0,0.0,low,0.0,False,False,2609.05107v1,Monotonicity formulas in positively curved settings with applications to two-phase free boundary problems,2026-09-04T12:57:17Z,2026-09-04T12:57:17Z,math.AP,math.AP; math.DG,0,0,0,,,,,,,,https://arxiv.org/abs/2609.05107v1,https://arxiv.org/pdf/2609.05107v1
0.0,0.0,low,0.0,False,True,2609.05106v1,K{ä}hler Einstein manifolds and the Calabi curvature operator,2026-09-04T12:56:56Z,2026-09-04T12:56:56Z,math.DG,math.DG,0,0,0,,,,,,,,https://arxiv.org/abs/2609.05106v1,https://arxiv.org/pdf/2609.05106v1
0.0,0.0,low,0.0,True,True,2603.17452v2,Holographic spectral functions for Sasaki-Einstein 5-manifolds,2026-03-18T07:46:57Z,2026-09-04T12:56:16Z,hep-th,hep-th,0,0,0,,,,,,,,https://arxiv.org/abs/2603.17452v2,https://arxiv.org/pdf/2603.17452v2
0.0,0.0,low,0.0,False,True,2609.05103v1,From quadratic integrals to Nijenhuis operators: two-dimensional dictionary,2026-09-04T12:54:31Z,2026-09-04T12:54:31Z,math.DG,math.DG; math.DS,0,0,0,,,,,,,,https://arxiv.org/abs/2609.05103v1,https://arxiv.org/pdf/2609.05103v1
0.0,0.0,low,0.0,True,True,2510.18675v4,On path integrals for wave functions taking $p$-adic values,2025-10-21T14:30:03Z,2026-09-04T12:27:54Z,math-ph,math-ph; math.NT,0,0,0,,,,,,,,https://arxiv.org/abs/2510.18675v4,https://arxiv.org/pdf/2510.18675v4
0.0,0.0,low,0.0,True,True,2605.24237v3,A Matrix Model for Higher-Genus Fuss--Catalan Numbers,2026-05-22T21:29:31Z,2026-09-04T12:25:11Z,hep-th,hep-th; math-ph,0,0,0,,,,,,,,https://arxiv.org/abs/2605.24237v3,https://arxiv.org/pdf/2605.24237v3
0.0,0.0,low,0.0,True,False,2608.05885v3,Exploration of Exoplanet Atmospheres with the James Webb Space Telescope,2026-08-06T11:06:13Z,2026-09-04T12:19:27Z,astro-ph.EP,astro-ph.EP; astro-ph.IM,0,0,0,,,,,,,,https://arxiv.org/abs/2608.05885v3,https://arxiv.org/pdf/2608.05885v3
0.0,0.0,low,0.0,True,True,2511.13383v4,Efficient algorithm for fidelity estimation of two quantum states,2025-11-17T13:54:47Z,2026-09-04T12:16:09Z,quant-ph,quant-ph,0,0,0,,,,,,,,https://arxiv.org/abs/2511.13383v4,https://arxiv.org/pdf/2511.13383v4
0.0,0.0,low,0.0,False,True,2609.05052v1,Bounds on Propagation Constants in Dielectric Gratings,2026-09-04T12:15:17Z,2026-09-04T12:15:17Z,physics.optics,physics.optics,0,0,0,,,,,,,,https://arxiv.org/abs/2609.05052v1,https://arxiv.org/pdf/2609.05052v1
0.0,0.0,low,0.0,False,False,2609.05051v1,Extending Structures for $n$-Lie Algebras,2026-09-04T12:14:34Z,2026-09-04T12:14:34Z,math.RA,math.RA; math-ph,0,0,0,,,,,,,,https://arxiv.org/abs/2609.05051v1,https://arxiv.org/pdf/2609.05051v1
0.0,0.0,low,0.0,False,True,2609.05045v1,Tensor-Network Inference in a Field-Coupled XY Model for Portfolio Allocation,2026-09-04T12:08:05Z,2026-09-04T12:08:05Z,cond-mat.stat-mech,cond-mat.stat-mech,0,0,0,,,,,,,,https://arxiv.org/abs/2609.05045v1,https://arxiv.org/pdf/2609.05045v1
0.0,0.0,low,0.0,True,False,2608.24538v2,"Direct linearization, Cauchy matrix and Sato Grassmannian",2026-08-25T13:22:03Z,2026-09-04T12:00:45Z,nlin.SI,nlin.SI; math-ph,0,0,0,,,,,,,,https://arxiv.org/abs/2608.24538v2,https://arxiv.org/pdf/2608.24538v2
0.0,0.0,low,0.0,False,True,2609.05039v1,Qlippy: A Retrieval-Augmented GenAI Assistant for Reproducible Quantum Workflows and Experiment Tracking,2026-09-04T11:59:55Z,2026-09-04T11:59:55Z,quant-ph,quant-ph; cs.AI,0,0,0,,,,,,,,https://arxiv.org/abs/2609.05039v1,https://arxiv.org/pdf/2609.05039v1
0.0,0.0,low,0.0,False,True,2609.05035v1,Nonstationary Stochastic Timing Signatures in the Prompt Gamma-Ray Light Curve of GRB 170817A,2026-09-04T11:56:05Z,2026-09-04T11:56:05Z,astro-ph.HE,astro-ph.HE,0,0,0,,,,,,,,https://arxiv.org/abs/2609.05035v1,https://arxiv.org/pdf/2609.05035v1
0.0,0.0,low,0.0,False,True,2609.05033v1,Hadamard Rigidity of Positive Sojourn Time Distributions for Rotation Coins,2026-09-04T11:54:30Z,2026-09-04T11:54:30Z,quant-ph,quant-ph; math.CO,0,0,0,,,,,,,,https://arxiv.org/abs/2609.05033v1,https://arxiv.org/pdf/2609.05033v1
0.0,0.0,low,0.0,False,True,2609.05032v1,Presentations of skein algebras of genus 2,2026-09-04T11:52:53Z,2026-09-04T11:52:53Z,math.GT,math.GT; math.QA,0,0,0,,,,,,,,https://arxiv.org/abs/2609.05032v1,https://arxiv.org/pdf/2609.05032v1
0.0,0.0,low,0.0,False,True,2609.05030v1,ANT:UI: An interactive 3D tool for preparing ANT.Gaussian molecular junction geometries,2026-09-04T11:51:13Z,2026-09-04T11:51:13Z,cond-mat.mes-hall,cond-mat.mes-hall,0,0,0,,,,,,,,https://arxiv.org/abs/2609.05030v1,https://arxiv.org/pdf/2609.05030v1
0.0,0.0,low,0.0,True,True,2601.09388v2,Sparse quantum state preparation with improved Toffoli cost,2026-01-14T11:28:27Z,2026-09-04T11:48:57Z,quant-ph,quant-ph,0,0,0,,,,,,,,https://arxiv.org/abs/2601.09388v2,https://arxiv.org/pdf/2601.09388v2
0.0,0.0,low,0.0,False,True,2609.05026v1,Corona Australis 151: an extremely young protostar,2026-09-04T11:45:21Z,2026-09-04T11:45:21Z,astro-ph.GA,astro-ph.GA,0,0,0,,,,,,,,https://arxiv.org/abs/2609.05026v1,https://arxiv.org/pdf/2609.05026v1
0.0,0.0,low,0.0,False,True,2609.05024v1,Lindblad Multiproduct Formulas,2026-09-04T11:43:51Z,2026-09-04T11:43:51Z,quant-ph,quant-ph,0,0,0,,,,,,,,https://arxiv.org/abs/2609.05024v1,https://arxiv.org/pdf/2609.05024v1
0.0,0.0,low,0.0,False,True,2609.05021v1,Fisher Information Dynamics: A Kinematic Framework for Phase Space Ordering with Applications to Shock Layers and Turbulence,2026-09-04T11:38:48Z,2026-09-04T11:38:48Z,physics.flu-dyn,physics.flu-dyn,0,0,0,,,,,,,,https://arxiv.org/abs/2609.05021v1,https://arxiv.org/pdf/2609.05021v1
0.0,0.0,low,0.0,True,True,2605.18322v3,Kapitza-like modulation of near-field radiative heat transfer,2026-05-18T12:41:42Z,2026-09-04T11:27:24Z,cond-mat.mes-hall,cond-mat.mes-hall,0,0,0,,,,,,,,https://arxiv.org/abs/2605.18322v3,https://arxiv.org/pdf/2605.18322v3
0.0,0.0,low,0.0,False,True,2609.05004v1,de Sitter and S-folds in type IIB from $\mathcal{N} = 4$ $D = 4$ gauged supergravity,2026-09-04T11:15:54Z,2026-09-04T11:15:54Z,hep-th,hep-th,0,0,0,,,,,,,,https://arxiv.org/abs/2609.05004v1,https://arxiv.org/pdf/2609.05004v1
0.0,0.0,low,0.0,True,True,1806.03270v2,On some Coulomb gas integrals in higher dimensions,2018-06-08T16:44:14Z,2026-09-04T11:12:00Z,hep-th,hep-th,0,0,0,,,,,,,,https://arxiv.org/abs/1806.03270v2,https://arxiv.org/pdf/1806.03270v2
0.0,0.0,low,0.0,False,True,2609.04997v1,Learning unknown stabilizer codes using product measurements,2026-09-04T11:08:46Z,2026-09-04T11:08:46Z,quant-ph,quant-ph,0,0,0,,,,,,,,https://arxiv.org/abs/2609.04997v1,https://arxiv.org/pdf/2609.04997v1
0.0,0.0,low,0.0,False,True,2609.04996v1,Fisher-information retention under local driving in non-Hermitian feed-forward chains,2026-09-04T11:08:16Z,2026-09-04T11:08:16Z,physics.optics,physics.optics,0,0,0,,,,,,,,https://arxiv.org/abs/2609.04996v1,https://arxiv.org/pdf/2609.04996v1
0.0,0.0,low,0.0,False,True,2609.04992v1,Anomalous diffusion in porous fractal media,2026-09-04T10:57:13Z,2026-09-04T10:57:13Z,cond-mat.stat-mech,cond-mat.stat-mech,0,0,0,,,,,,,,https://arxiv.org/abs/2609.04992v1,https://arxiv.org/pdf/2609.04992v1
0.0,0.0,low,0.0,True,True,2608.18912v2,Demonstration of a multimode-to-multimode photonic lantern for astronomy,2026-08-19T13:46:03Z,2026-09-04T10:54:33Z,astro-ph.IM,astro-ph.IM,0,0,0,,,,,,,,https://arxiv.org/abs/2608.18912v2,https://arxiv.org/pdf/2608.18912v2
0.0,0.0,low,0.0,False,True,2609.04991v1,Expanding the scope of dark siren cosmology: Inferring the population properties of gravitational wave-hosting galaxies,2026-09-04T10:54:04Z,2026-09-04T10:54:04Z,astro-ph.CO,astro-ph.CO; gr-qc,0,0,0,,,,,,,,https://arxiv.org/abs/2609.04991v1,https://arxiv.org/pdf/2609.04991v1
0.0,0.0,low,0.0,True,True,2606.20201v3,Dependences of radio pulsar parameters on the kick velocity,2026-06-18T13:15:54Z,2026-09-04T10:51:14Z,astro-ph.HE,astro-ph.HE,0,0,0,,,,,,,,https://arxiv.org/abs/2606.20201v3,https://arxiv.org/pdf/2606.20201v3
0.0,0.0,low,0.0,True,True,2604.25901v3,Testing a continuous-variable noncontextuality inequality with a hybrid-encoded system,2026-04-28T17:44:42Z,2026-09-04T10:50:18Z,quant-ph,quant-ph,0,0,0,,,,,,,,https://arxiv.org/abs/2604.25901v3,https://arxiv.org/pdf/2604.25901v3
0.0,0.0,low,0.0,True,True,2606.16764v2,Charging Quantum Batteries with Chiral Squeezing,2026-06-15T14:15:12Z,2026-09-04T10:49:57Z,quant-ph,quant-ph,0,0,0,,,,,,,,https://arxiv.org/abs/2606.16764v2,https://arxiv.org/pdf/2606.16764v2
0.0,0.0,low,0.0,False,True,2609.04989v1,"Sub-2-Cycle, Terawatt Pulses via Double-Stage Multi-Pass Cell Compression of an Yb Laser",2026-09-04T10:47:35Z,2026-09-04T10:47:35Z,physics.optics,physics.optics,0,0,0,,,,,,,,https://arxiv.org/abs/2609.04989v1,https://arxiv.org/pdf/2609.04989v1
0.0,0.0,low,0.0,False,True,2609.04987v1,Impact of ion-beam stopping power on proton-boron fusion yield in the pitcher-catcher scheme driven by ultra-intense laser,2026-09-04T10:45:39Z,2026-09-04T10:45:39Z,physics.plasm-ph,physics.plasm-ph,0,0,0,,,,,,,,https://arxiv.org/abs/2609.04987v1,https://arxiv.org/pdf/2609.04987v1
0.0,0.0,low,0.0,False,False,2609.04985v1,From the Light Quantum to the Photon: The Evolution of a Physical Concept,2026-09-04T10:41:09Z,2026-09-04T10:41:09Z,physics.hist-ph,physics.hist-ph; quant-ph,0,0,0,,,,,,,,https://arxiv.org/abs/2609.04985v1,https://arxiv.org/pdf/2609.04985v1
0.0,0.0,low,0.0,False,False,2609.04973v1,Updated in-flight calibration of the Hayabusa2/NIRS3 spectrometer: new global near-infrared photometric properties of asteroid (162173) Ryugu,2026-09-04T10:23:34Z,2026-09-04T10:23:34Z,astro-ph.EP,astro-ph.EP; astro-ph.IM,0,0,0,,,,,,,,https://arxiv.org/abs/2609.04973v1,https://arxiv.org/pdf/2609.04973v1
0.0,0.0,low,0.0,False,True,2609.04967v1,Rubin J122659.4+090236: An Extremely Low Surface Brightness Galaxy Candidate Discovered in the Rubin LSST Early Data Preview 2,2026-09-04T10:21:10Z,2026-09-04T10:21:10Z,astro-ph.GA,astro-ph.GA,0,0,0,,,,,,,,https://arxiv.org/abs/2609.04967v1,https://arxiv.org/pdf/2609.04967v1
0.0,0.0,low,0.0,True,True,2501.00576v2,Equivalence of sub-Laplacian on Polarized groups,2024-12-31T18:04:24Z,2026-09-04T10:19:09Z,math.DG,math.DG; math.AP,0,0,0,,,,,,,,https://arxiv.org/abs/2501.00576v2,https://arxiv.org/pdf/2501.00576v2
0.0,0.0,low,0.0,True,False,2607.16035v3,Dynamic models with $p$ parameters are identified by $2p+1$ random features,2026-07-17T15:08:20Z,2026-09-04T10:19:03Z,stat.ME,stat.ME; math.DS; math.PR; nlin.CD; physics.data-an,0,0,0,,,,,,,,https://arxiv.org/abs/2607.16035v3,https://arxiv.org/pdf/2607.16035v3
0.0,0.0,low,0.0,False,True,2609.04964v1,Tracing Gluon Saturation through Hadronization at EIC,2026-09-04T10:13:30Z,2026-09-04T10:13:30Z,hep-ph,hep-ph,0,0,0,,,,,,,,https://arxiv.org/abs/2609.04964v1,https://arxiv.org/pdf/2609.04964v1
0.0,0.0,low,0.0,False,True,2609.04957v1,Universal Thermodynamic Law Governing Stochastic Pendulum Clocks,2026-09-04T10:05:09Z,2026-09-04T10:05:09Z,cond-mat.stat-mech,cond-mat.stat-mech,0,0,0,,,,,,,,https://arxiv.org/abs/2609.04957v1,https://arxiv.org/pdf/2609.04957v1
0.0,0.0,low,0.0,False,True,2609.04954v1,Nonreciprocal plasmonic response of drift-biased two-dimensional metals,2026-09-04T10:01:17Z,2026-09-04T10:01:17Z,cond-mat.mes-hall,cond-mat.mes-hall; cond-mat.mtrl-sci; physics.optics,0,0,0,,,,,,,,https://arxiv.org/abs/2609.04954v1,https://arxiv.org/pdf/2609.04954v1
0.0,0.0,low,0.0,False,False,2609.04949v1,Noise-Resilient Detection of Neuronal Spikes by a Hopf-Bifurcation Device,2026-09-04T09:55:13Z,2026-09-04T09:55:13Z,physics.app-ph,physics.app-ph; nlin.CD,0,0,0,,,,,,,,https://arxiv.org/abs/2609.04949v1,https://arxiv.org/pdf/2609.04949v1
0.0,0.0,low,0.0,False,True,2609.04941v1,Revisiting kinetic electrostatic electron non-linear (KEEN) waves in the presence of dynamical ions,2026-09-04T09:47:59Z,2026-09-04T09:47:59Z,physics.plasm-ph,physics.plasm-ph; math.NA,0,0,0,,,,,,,,https://arxiv.org/abs/2609.04941v1,https://arxiv.org/pdf/2609.04941v1
0.0,0.0,low,0.0,True,True,2509.12338v2,Privacy in continuous-variable distributed quantum sensing,2025-09-15T18:06:48Z,2026-09-04T09:47:28Z,quant-ph,quant-ph,0,0,0,,,,,,,,https://arxiv.org/abs/2509.12338v2,https://arxiv.org/pdf/2509.12338v2
0.0,0.0,low,0.0,True,True,2608.28109v2,Dissecting ultra-diffuse galaxies in the field,2026-08-28T09:15:03Z,2026-09-04T09:43:52Z,astro-ph.GA,astro-ph.GA,0,0,0,,,,,,,,https://arxiv.org/abs/2608.28109v2,https://arxiv.org/pdf/2608.28109v2
0.0,0.0,low,0.0,True,True,2607.01666v2,Periodic Radio Technosignature Search toward 3I/ATLAS with FAST,2026-07-02T03:45:45Z,2026-09-04T09:40:03Z,astro-ph.IM,astro-ph.IM; astro-ph.EP; astro-ph.GA,0,0,0,,,,,,,,https://arxiv.org/abs/2607.01666v2,https://arxiv.org/pdf/2607.01666v2
0.0,0.0,low,0.0,True,True,2510.23293v2,Characterization of generalized quasi-Einstein manifolds and modified gravity,2025-10-27T13:01:21Z,2026-09-04T09:39:00Z,gr-qc,gr-qc; math-ph,0,0,0,,,,,,,,https://arxiv.org/abs/2510.23293v2,https://arxiv.org/pdf/2510.23293v2
0.0,0.0,low,0.0,False,False,2609.04932v1,Multi-Wavelength Post-Perihelion Polarimetry of Interstellar Comet 3I/ATLAS,2026-09-04T09:33:08Z,2026-09-04T09:33:08Z,astro-ph.EP,astro-ph.EP; astro-ph.GA,0,0,0,,,,,,,,https://arxiv.org/abs/2609.04932v1,https://arxiv.org/pdf/2609.04932v1
0.0,0.0,low,0.0,False,True,2609.04929v1,Liquid-liquid phase separation precedes crystallization in supercooled water-glycerol solutions,2026-09-04T09:29:34Z,2026-09-04T09:29:34Z,cond-mat.soft,cond-mat.soft; physics.chem-ph,0,0,0,,,,,,,,https://arxiv.org/abs/2609.04929v1,https://arxiv.org/pdf/2609.04929v1
0.0,0.0,low,0.0,True,True,2605.24918v2,Puzzling Ultra-Diffuse Galaxy Evolution (PUDGE). II. A transformation pathway from ultra-diffuse galaxies to compact dwarfs in galaxy clusters,2026-05-24T07:49:00Z,2026-09-04T09:27:00Z,astro-ph.GA,astro-ph.GA,0,0,0,,,,,,,,https://arxiv.org/abs/2605.24918v2,https://arxiv.org/pdf/2605.24918v2
0.0,0.0,low,0.0,False,True,2609.04925v1,Thermal boundaries for relativistic fluids without a conserved charge,2026-09-04T09:26:58Z,2026-09-04T09:26:58Z,nucl-th,nucl-th; hep-th; physics.flu-dyn,0,0,0,,,,,,,,https://arxiv.org/abs/2609.04925v1,https://arxiv.org/pdf/2609.04925v1
0.0,0.0,low,0.0,False,True,2609.04924v1,Relaxing Coherence Requirements on Laser Sources for Nanoscopy through Optical Fiber Technique,2026-09-04T09:26:38Z,2026-09-04T09:26:38Z,physics.optics,physics.optics,0,0,0,,,,,,,,https://arxiv.org/abs/2609.04924v1,https://arxiv.org/pdf/2609.04924v1
0.0,0.0,low,0.0,False,True,2609.04918v1,Rectangular Pegs on Jordan Curves of Finite $p$-Variation,2026-09-04T09:21:46Z,2026-09-04T09:21:46Z,math.DG,math.DG,0,0,0,,,,,,,,https://arxiv.org/abs/2609.04918v1,https://arxiv.org/pdf/2609.04918v1
0.0,0.0,low,0.0,False,True,2609.02973v2,Branching fraction measurements of $η$ and $η^\prime(958)$ anomalous decays,2026-09-02T10:22:17Z,2026-09-04T09:09:08Z,hep-ex,hep-ex,0,0,0,,,,,,,,https://arxiv.org/abs/2609.02973v2,https://arxiv.org/pdf/2609.02973v2
0.0,0.0,low,0.0,False,True,2609.04905v1,Ancilla mediated steady-state engineering in open quantum systems,2026-09-04T09:07:30Z,2026-09-04T09:07:30Z,quant-ph,quant-ph,0,0,0,,,,,,,,https://arxiv.org/abs/2609.04905v1,https://arxiv.org/pdf/2609.04905v1
0.0,0.0,low,0.0,False,True,2609.04900v1,Probing magnetic fields of compact objects with continuous gravitational waves,2026-09-04T09:00:32Z,2026-09-04T09:00:32Z,gr-qc,gr-qc,0,0,0,,,,,,,,https://arxiv.org/abs/2609.04900v1,https://arxiv.org/pdf/2609.04900v1
0.0,0.0,low,0.0,True,False,2401.04635v2,"Graph products and measure equivalence: classification, rigidity, and quantitative aspects",2024-01-09T16:05:32Z,2026-09-04T08:55:58Z,math.GR,math.GR; math.DS; math.GT; math.OA,0,0,0,,,,,,,,https://arxiv.org/abs/2401.04635v2,https://arxiv.org/pdf/2401.04635v2
0.0,0.0,low,0.0,True,False,2602.13092v2,Tensor Network Compression for Fully Spectral Vlasov-Poisson Simulation,2026-02-13T16:54:31Z,2026-09-04T08:51:02Z,physics.comp-ph,physics.comp-ph; physics.plasm-ph,0,0,0,,,,,,,,https://arxiv.org/abs/2602.13092v2,https://arxiv.org/pdf/2602.13092v2
0.0,0.0,low,0.0,True,True,2604.26601v2,"Quo vadis, stochastic thermodynamics?",2026-04-29T12:29:40Z,2026-09-04T08:47:40Z,cond-mat.stat-mech,cond-mat.stat-mech,0,0,0,,,,,,,,https://arxiv.org/abs/2604.26601v2,https://arxiv.org/pdf/2604.26601v2
0.0,0.0,low,0.0,False,True,2609.04889v1,Finite-Corner Reconstruction and Separation for Cones of Normal Maps,2026-09-04T08:45:44Z,2026-09-04T08:45:44Z,math-ph,math-ph; math.OA,0,0,0,,,,,,,,https://arxiv.org/abs/2609.04889v1,https://arxiv.org/pdf/2609.04889v1
0.0,0.0,low,0.0,False,True,2609.04888v1,Homoclinic-shedding in the steady forced water-wave problem,2026-09-04T08:44:10Z,2026-09-04T08:44:10Z,physics.flu-dyn,physics.flu-dyn,0,0,0,,,,,,,,https://arxiv.org/abs/2609.04888v1,https://arxiv.org/pdf/2609.04888v1
0.0,0.0,low,0.0,False,False,2609.04887v1,Habitable-zone Earths at the detection frontier: Measured completeness and false-alarm rate of a transit pipeline for the PLATO M-dwarf sample,2026-09-04T08:44:06Z,2026-09-04T08:44:06Z,astro-ph.EP,astro-ph.EP; astro-ph.IM,0,0,0,,,,,,,,https://arxiv.org/abs/2609.04887v1,https://arxiv.org/pdf/2609.04887v1
0.0,0.0,low,0.0,True,True,2607.02164v3,A Structure Theorem for Phase-Space Representations of Quantum Error-Correcting Codes,2026-07-02T13:35:10Z,2026-09-04T08:28:28Z,quant-ph,quant-ph,0,0,0,,,,,,,,https://arxiv.org/abs/2607.02164v3,https://arxiv.org/pdf/2607.02164v3
0.0,0.0,low,0.0,True,True,2605.23358v2,A Compilation Framework for Quantum Simulation of Non-unitary Dynamics,2026-05-22T08:22:31Z,2026-09-04T08:18:37Z,quant-ph,quant-ph; cs.PL,0,0,0,,,,,,,,https://arxiv.org/abs/2605.23358v2,https://arxiv.org/pdf/2605.23358v2
0.0,0.0,low,0.0,True,True,2509.02980v3,Quantum-optical reset with classical memory,2025-09-03T03:38:53Z,2026-09-04T08:16:12Z,quant-ph,quant-ph; cond-mat.dis-nn,0,0,0,,,,,,,,https://arxiv.org/abs/2509.02980v3,https://arxiv.org/pdf/2509.02980v3
0.0,0.0,low,0.0,False,True,2609.04857v1,Membership Determination of 45 Open Clusters Beyond 3 kpc,2026-09-04T08:13:16Z,2026-09-04T08:13:16Z,astro-ph.GA,astro-ph.GA; astro-ph.SR,0,0,0,,,,,,,,https://arxiv.org/abs/2609.04857v1,https://arxiv.org/pdf/2609.04857v1
0.0,0.0,low,0.0,True,True,2607.09219v2,Comparison of DBS measurements of turbulence spectra by vertical-displacement and poloidal-angle scans using the Scotty synthetic diagnostic,2026-07-10T09:09:46Z,2026-09-04T08:11:01Z,physics.plasm-ph,physics.plasm-ph,0,0,0,,,,,,,,https://arxiv.org/abs/2607.09219v2,https://arxiv.org/pdf/2607.09219v2
0.0,0.0,low,0.0,False,True,2609.04847v1,Dead-zone-free free-induction-decay alkali-metal atomic magnetometer,2026-09-04T08:05:32Z,2026-09-04T08:05:32Z,physics.atom-ph,physics.atom-ph; physics.ins-det,0,0,0,,,,,,,,https://arxiv.org/abs/2609.04847v1,https://arxiv.org/pdf/2609.04847v1
0.0,0.0,low,0.0,True,True,2601.17724v3,Quantum-Inspired Algorithms beyond Unitary Circuits: the Laplace Transform,2026-01-25T07:19:56Z,2026-09-04T08:00:23Z,quant-ph,quant-ph; math-ph; physics.data-an,0,0,0,,,,,,,,https://arxiv.org/abs/2601.17724v3,https://arxiv.org/pdf/2601.17724v3
0.0,0.0,low,0.0,False,True,2609.04839v1,Form Factor Alphabets and Antipodal Duality from Cluster Algebras,2026-09-04T07:55:48Z,2026-09-04T07:55:48Z,hep-th,hep-th,0,0,0,,,,,,,,https://arxiv.org/abs/2609.04839v1,https://arxiv.org/pdf/2609.04839v1
0.0,0.0,low,0.0,False,True,2609.04838v1,Microscopic Investigation of $α$ Clustering for the $α$ Decay Based on the Density-Constrained Frozen Hartree-Fock Calculations,2026-09-04T07:54:42Z,2026-09-04T07:54:42Z,nucl-th,nucl-th,0,0,0,,,,,,,,https://arxiv.org/abs/2609.04838v1,https://arxiv.org/pdf/2609.04838v1
0.0,0.0,low,0.0,True,True,2608.12162v2,"Double Yangian and reflection algebras of the Lie superalgebra $\mathfrak{gl}_{M|N}$, II: Quantum currents",2026-08-12T15:25:37Z,2026-09-04T07:50:42Z,math.QA,math.QA,0,0,0,,,,,,,,https://arxiv.org/abs/2608.12162v2,https://arxiv.org/pdf/2608.12162v2
0.0,0.0,low,0.0,True,True,2604.28127v3,Nodal algebraic curves and entropy diagnostics in degenerate two-dimensional harmonic-oscillator shells,2026-04-30T17:15:26Z,2026-09-04T07:39:27Z,quant-ph,quant-ph,0,0,0,,,,,,,,https://arxiv.org/abs/2604.28127v3,https://arxiv.org/pdf/2604.28127v3
0.0,0.0,low,0.0,True,True,2601.16437v3,The Getzler-Gauss-Manin connection and Kontsevich-Soibelman operations on the periodic cyclic homology,2026-01-23T04:26:23Z,2026-09-04T07:38:11Z,math.QA,math.QA; math.AT; math.SG,0,0,0,,,,,,,,https://arxiv.org/abs/2601.16437v3,https://arxiv.org/pdf/2601.16437v3
0.0,0.0,low,0.0,False,True,2609.04821v1,On the Stability of the Polar Phase of Superfluid 3He in Nematic Aerogels,2026-09-04T07:18:41Z,2026-09-04T07:18:41Z,cond-mat.supr-con,cond-mat.supr-con; cond-mat.dis-nn; cond-mat.other,0,0,0,,,,,,,,https://arxiv.org/abs/2609.04821v1,https://arxiv.org/pdf/2609.04821v1
0.0,0.0,low,0.0,False,True,2609.04818v1,Modulation-Frequency Dependence of Spatial Resolution in Optical Correlation-Domain Reflectometry,2026-09-04T07:16:29Z,2026-09-04T07:16:29Z,physics.optics,physics.optics; physics.app-ph,0,0,0,,,,,,,,https://arxiv.org/abs/2609.04818v1,https://arxiv.org/pdf/2609.04818v1
0.0,0.0,low,0.0,True,False,2608.25020v2,High-charge collimated and energy-selected laser-driven MeV electron beams produced by magnetic selection,2026-08-25T18:07:23Z,2026-09-04T07:13:58Z,physics.acc-ph,physics.acc-ph; physics.ins-det; physics.plasm-ph,0,0,0,,,,,,,,https://arxiv.org/abs/2608.25020v2,https://arxiv.org/pdf/2608.25020v2
0.0,0.0,low,0.0,False,True,2609.04814v1,Spin-Charge Subordination in the Infinite-$U$ $SU(N)$ Hubbard Chain,2026-09-04T07:11:01Z,2026-09-04T07:11:01Z,cond-mat.quant-gas,cond-mat.quant-gas; cond-mat.stat-mech,0,0,0,,,,,,,,https://arxiv.org/abs/2609.04814v1,https://arxiv.org/pdf/2609.04814v1
0.0,0.0,low,0.0,False,True,2609.04812v1,Transition between weak and strong measurements in the presence of post-selection,2026-09-04T07:09:37Z,2026-09-04T07:09:37Z,quant-ph,quant-ph,0,0,0,,,,,,,,https://arxiv.org/abs/2609.04812v1,https://arxiv.org/pdf/2609.04812v1
0.0,0.0,low,0.0,False,True,2609.04810v1,Dirac fields in LRS III spacetimes: a dynamical systems analysis,2026-09-04T07:07:46Z,2026-09-04T07:07:46Z,gr-qc,gr-qc,0,0,0,,,,,,,,https://arxiv.org/abs/2609.04810v1,https://arxiv.org/pdf/2609.04810v1
0.0,0.0,low,0.0,False,False,2609.04795v1,Products in $KK$- and $E$-theory,2026-09-04T06:48:14Z,2026-09-04T06:48:14Z,math.KT,math.KT; math.AT; math.OA,0,0,0,,,,,,,,https://arxiv.org/abs/2609.04795v1,https://arxiv.org/pdf/2609.04795v1
0.0,0.0,low,0.0,False,False,2609.04789v1,Height fluctuation for Lozenge Tilings of Polygons,2026-09-04T06:33:25Z,2026-09-04T06:33:25Z,math.PR,math.PR; math-ph; math.CO,0,0,0,,,,,,,,https://arxiv.org/abs/2609.04789v1,https://arxiv.org/pdf/2609.04789v1
0.0,0.0,low,0.0,False,True,2609.04788v1,Shapley Valuation of Finite-Copy Quantum Data Depends on Physical Access,2026-09-04T06:29:08Z,2026-09-04T06:29:08Z,quant-ph,quant-ph,0,0,0,,,,,,,,https://arxiv.org/abs/2609.04788v1,https://arxiv.org/pdf/2609.04788v1
0.0,0.0,low,0.0,False,True,2609.04776v1,The angular structure of the GW170817 jet from prompt emission alone,2026-09-04T06:13:55Z,2026-09-04T06:13:55Z,astro-ph.HE,astro-ph.HE,0,0,0,,,,,,,,https://arxiv.org/abs/2609.04776v1,https://arxiv.org/pdf/2609.04776v1
0.0,0.0,low,0.0,True,True,2607.00703v2,Dipolar flow of identified hadrons at mid-rapidity using transport models,2026-07-01T09:52:43Z,2026-09-04T06:03:59Z,nucl-th,nucl-th,0,0,0,,,,,,,,https://arxiv.org/abs/2607.00703v2,https://arxiv.org/pdf/2607.00703v2
0.0,0.0,low,0.0,True,False,2604.19051v2,Three-dimensional recoil-electron reconstruction using combined optical imaging and waveform readout for electron-tracking Compton cameras,2026-04-21T03:57:40Z,2026-09-04T06:03:31Z,physics.ins-det,physics.ins-det; astro-ph.IM; hep-ex,0,0,0,,,,,,,,https://arxiv.org/abs/2604.19051v2,https://arxiv.org/pdf/2604.19051v2
0.0,0.0,low,0.0,False,True,2609.04765v1,"Through a glass, darkly: a combined framework for estimating fast radio burst host galaxy and population properties in an era of uncertain host identification",2026-09-04T05:56:04Z,2026-09-04T05:56:04Z,astro-ph.HE,astro-ph.HE,0,0,0,,,,,,,,https://arxiv.org/abs/2609.04765v1,https://arxiv.org/pdf/2609.04765v1
0.0,0.0,low,0.0,True,True,2508.18889v3,W-algebras as conformal extensions of affine VOAs,2025-08-26T10:05:30Z,2026-09-04T05:46:06Z,math.QA,math.QA; hep-th; math-ph; math.RT,0,0,0,,,,,,,,https://arxiv.org/abs/2508.18889v3,https://arxiv.org/pdf/2508.18889v3
0.0,0.0,low,0.0,False,True,2609.04758v1,Rotational Feshbach resonances in the deformed halo nucleus $^{31}$Ne,2026-09-04T05:40:10Z,2026-09-04T05:40:10Z,nucl-th,nucl-th,0,0,0,,,,,,,,https://arxiv.org/abs/2609.04758v1,https://arxiv.org/pdf/2609.04758v1
0.0,0.0,low,0.0,True,True,2407.20737v3,Kolmogorov-Arnold networks in nuclear binding energy prediction,2024-07-30T11:13:20Z,2026-09-04T05:06:20Z,nucl-th,nucl-th,0,0,0,,,,,,,,https://arxiv.org/abs/2407.20737v3,https://arxiv.org/pdf/2407.20737v3
0.0,0.0,low,0.0,False,True,2609.04734v1,Activated carbon-assisted anionic dye decomposition using a dual-liquid post-double dielectric barrier discharge plasma reactor,2026-09-04T05:03:53Z,2026-09-04T05:03:53Z,physics.plasm-ph,physics.plasm-ph; physics.app-ph; physics.chem-ph; physics.ins-det,0,0,0,,,,,,,,https://arxiv.org/abs/2609.04734v1,https://arxiv.org/pdf/2609.04734v1
0.0,0.0,low,0.0,False,True,2609.04733v1,"Nitrogen Vacancy Centers in Diamond for Quantum Biosensing: Magnetometry Techniques, Platforms and Applications",2026-09-04T05:00:08Z,2026-09-04T05:00:08Z,quant-ph,quant-ph; physics.optics,0,0,0,,,,,,,,https://arxiv.org/abs/2609.04733v1,https://arxiv.org/pdf/2609.04733v1
0.0,0.0,low,0.0,False,True,2609.04731v1,Evidence of Orbital Evolution of Gigahertz-Peaked Spectra in Binary Millisecond Pulsar,2026-09-04T04:57:13Z,2026-09-04T04:57:13Z,astro-ph.HE,astro-ph.HE,0,0,0,,,,,,,,https://arxiv.org/abs/2609.04731v1,https://arxiv.org/pdf/2609.04731v1
0.0,0.0,low,0.0,False,True,2609.04730v1,One Bit of Collective Information Is Worth N ln 2 Bits of Local Information in a Many-Body Quantum Battery,2026-09-04T04:56:17Z,2026-09-04T04:56:17Z,quant-ph,quant-ph,0,0,0,,,,,,,,https://arxiv.org/abs/2609.04730v1,https://arxiv.org/pdf/2609.04730v1
0.0,0.0,low,0.0,False,True,2609.04729v1,Interlayer Exciton Condensate Stiffness Is Non-Monotonic in Quantum Metric,2026-09-04T04:55:24Z,2026-09-04T04:55:24Z,cond-mat.mes-hall,cond-mat.mes-hall,0,0,0,,,,,,,,https://arxiv.org/abs/2609.04729v1,https://arxiv.org/pdf/2609.04729v1
0.0,0.0,low,0.0,False,True,2609.04728v1,Validating the SCALES DRP: A Performance Study of the Medium-Resolution IFS Mode,2026-09-04T04:55:20Z,2026-09-04T04:55:20Z,astro-ph.IM,astro-ph.IM,0,0,0,,,,,,,,https://arxiv.org/abs/2609.04728v1,https://arxiv.org/pdf/2609.04728v1
0.0,0.0,low,0.0,False,False,2609.04722v1,Annealed Survival Probability of Random Walk in an Inhomogeneous Poisson Environment of Mobile Traps,2026-09-04T04:46:13Z,2026-09-04T04:46:13Z,math.PR,math.PR; math-ph,0,0,0,,,,,,,,https://arxiv.org/abs/2609.04722v1,https://arxiv.org/pdf/2609.04722v1
0.0,0.0,low,0.0,False,True,2609.04717v1,Mean-field theory for quantum spin chains,2026-09-04T04:40:31Z,2026-09-04T04:40:31Z,cond-mat.stat-mech,cond-mat.stat-mech,0,0,0,,,,,,,,https://arxiv.org/abs/2609.04717v1,https://arxiv.org/pdf/2609.04717v1
0.0,0.0,low,0.0,True,False,2510.24054v3,"Algorithmic Randomness, Exchangeability, and the Principal Principle",2025-10-28T04:26:19Z,2026-09-04T04:23:59Z,physics.hist-ph,physics.hist-ph; math.PR; physics.data-an; quant-ph,0,0,0,,,,,,,,https://arxiv.org/abs/2510.24054v3,https://arxiv.org/pdf/2510.24054v3
0.0,0.0,low,0.0,False,True,2609.04704v1,Strong-Drive Limits in Josephson Circuits: From Chaos to an Unbound-Resonance Threshold,2026-09-04T04:23:57Z,2026-09-04T04:23:57Z,quant-ph,quant-ph,0,0,0,,,,,,,,https://arxiv.org/abs/2609.04704v1,https://arxiv.org/pdf/2609.04704v1
0.0,0.0,low,0.0,True,True,2601.10118v3,Casimir-force spectroscopy of broadband optical response,2026-01-15T06:56:36Z,2026-09-04T03:58:34Z,quant-ph,quant-ph; physics.app-ph,0,0,0,,,,,,,,https://arxiv.org/abs/2601.10118v3,https://arxiv.org/pdf/2601.10118v3
0.0,0.0,low,0.0,False,True,2609.04695v1,A Differentiable Neural Surrogate for Photon Propagation in Neutrino Telescopes,2026-09-04T03:54:28Z,2026-09-04T03:54:28Z,astro-ph.HE,astro-ph.HE; cs.LG; hep-ex,0,0,0,,,,,,,,https://arxiv.org/abs/2609.04695v1,https://arxiv.org/pdf/2609.04695v1
0.0,0.0,low,0.0,True,True,2607.02804v2,Fault-tolerant quantum computation with static atomic buses,2026-07-02T22:34:55Z,2026-09-04T03:15:04Z,quant-ph,quant-ph,0,0,0,,,,,,,,https://arxiv.org/abs/2607.02804v2,https://arxiv.org/pdf/2607.02804v2
0.0,0.0,low,0.0,True,True,2503.15027v2,Tunable Anomalous Diffusion in Subrecoil-Laser-Cooled Atoms,2025-03-19T09:22:47Z,2026-09-04T03:10:26Z,cond-mat.stat-mech,cond-mat.stat-mech,0,0,0,,,,,,,,https://arxiv.org/abs/2503.15027v2,https://arxiv.org/pdf/2503.15027v2
0.0,0.0,low,0.0,False,True,2609.04674v1,QMClaw: A Scalable General-purpose Framework for Quantum Measurement and Control,2026-09-04T03:07:25Z,2026-09-04T03:07:25Z,quant-ph,quant-ph,0,0,0,,,,,,,,https://arxiv.org/abs/2609.04674v1,https://arxiv.org/pdf/2609.04674v1
0.0,0.0,low,0.0,False,False,2609.04671v1,Curvature Diffusion of Inverse-weight Lin--Lu--Yau Ricci Flow on Finite Trees,2026-09-04T03:02:13Z,2026-09-04T03:02:13Z,math.CO,math.CO; math.DG,0,0,0,,,,,,,,https://arxiv.org/abs/2609.04671v1,https://arxiv.org/pdf/2609.04671v1
0.0,0.0,low,0.0,False,True,2609.04668v1,Breakdown of the Overdamped Approximation in Fluctuating Environments,2026-09-04T02:59:42Z,2026-09-04T02:59:42Z,cond-mat.stat-mech,cond-mat.stat-mech,0,0,0,,,,,,,,https://arxiv.org/abs/2609.04668v1,https://arxiv.org/pdf/2609.04668v1
0.0,0.0,low,0.0,True,True,2603.14685v2,Observation-Time-Induced Crossover in Driven Anomalous Transport,2026-03-16T00:41:16Z,2026-09-04T02:42:04Z,cond-mat.stat-mech,cond-mat.stat-mech,0,0,0,,,,,,,,https://arxiv.org/abs/2603.14685v2,https://arxiv.org/pdf/2603.14685v2
0.0,0.0,low,0.0,False,True,2609.04656v1,High-Performance Photonic Crystal Biosensors using Sub-wavelength Nanopillars,2026-09-04T02:39:07Z,2026-09-04T02:39:07Z,physics.optics,physics.optics,0,0,0,,,,,,,,https://arxiv.org/abs/2609.04656v1,https://arxiv.org/pdf/2609.04656v1
0.0,0.0,low,0.0,False,True,2609.04631v1,The pinching constant for closed minimal submanifolds of high codimension in the sphere,2026-09-04T02:06:24Z,2026-09-04T02:06:24Z,math.DG,math.DG,0,0,0,,,,,,,,https://arxiv.org/abs/2609.04631v1,https://arxiv.org/pdf/2609.04631v1
0.0,0.0,low,0.0,True,True,2605.16050v2,The Low-$α$ Splash Population in the Milky Way,2026-05-15T15:18:51Z,2026-09-04T01:57:43Z,astro-ph.GA,astro-ph.GA,0,0,0,,,,,,,,https://arxiv.org/abs/2605.16050v2,https://arxiv.org/pdf/2605.16050v2
0.0,0.0,low,0.0,False,True,2609.04624v1,A welded extension of 4-equivalence,2026-09-04T01:55:24Z,2026-09-04T01:55:24Z,math.GT,math.GT,0,0,0,,,,,,,,https://arxiv.org/abs/2609.04624v1,https://arxiv.org/pdf/2609.04624v1
0.0,0.0,low,0.0,True,False,2512.11590v2,HPRMAT: A high-performance R-matrix solver with GPU acceleration for coupled-channel problems in nuclear physics,2025-12-12T14:22:31Z,2026-09-04T01:54:05Z,physics.comp-ph,physics.comp-ph; nucl-th,0,0,0,,,,,,,,https://arxiv.org/abs/2512.11590v2,https://arxiv.org/pdf/2512.11590v2
0.0,0.0,low,0.0,True,True,2605.00335v2,Dynamics of finger-type convection in double-diffusive instability,2026-05-01T01:26:58Z,2026-09-04T01:43:49Z,physics.flu-dyn,physics.flu-dyn,0,0,0,,,,,,,,https://arxiv.org/abs/2605.00335v2,https://arxiv.org/pdf/2605.00335v2
0.0,0.0,low,0.0,False,True,2609.04617v1,Elastic turbulence in straight confined geometries,2026-09-04T01:36:08Z,2026-09-04T01:36:08Z,physics.flu-dyn,physics.flu-dyn; cond-mat.soft,0,0,0,,,,,,,,https://arxiv.org/abs/2609.04617v1,https://arxiv.org/pdf/2609.04617v1
0.0,0.0,low,0.0,False,True,2609.04616v1,Systematic study of baryon-baryon interactions in singly bottomed systems,2026-09-04T01:30:50Z,2026-09-04T01:30:50Z,hep-ph,hep-ph; hep-ex; hep-lat; nucl-th,0,0,0,,,,,,,,https://arxiv.org/abs/2609.04616v1,https://arxiv.org/pdf/2609.04616v1
0.0,0.0,low,0.0,True,True,2608.05354v2,Superfluid helium,2026-08-05T19:27:00Z,2026-09-04T01:15:24Z,cond-mat.stat-mech,cond-mat.stat-mech; math-ph,0,0,0,,,,,,,,https://arxiv.org/abs/2608.05354v2,https://arxiv.org/pdf/2608.05354v2
0.0,0.0,low,0.0,False,True,2609.04606v1,Transport fidelity and domain of validity of compact Gaussian kinetic representations for rarefied flows,2026-09-04T01:12:21Z,2026-09-04T01:12:21Z,physics.flu-dyn,physics.flu-dyn,0,0,0,,,,,,,,https://arxiv.org/abs/2609.04606v1,https://arxiv.org/pdf/2609.04606v1
0.0,0.0,low,0.0,False,False,2609.04597v1,Retrieving Ocean Glint Reflectance Signatures from Directly Imaged Earth-like Exoplanets,2026-09-04T00:54:02Z,2026-09-04T00:54:02Z,astro-ph.EP,astro-ph.EP; astro-ph.IM,0,0,0,,,,,,,,https://arxiv.org/abs/2609.04597v1,https://arxiv.org/pdf/2609.04597v1
0.0,0.0,low,0.0,False,True,2609.04595v1,Michell-Prager type truss structures constructed from integrable discrete power function and discrete logarithmic function,2026-09-04T00:52:00Z,2026-09-04T00:52:00Z,math.DG,math.DG,0,0,0,,,,,,,,https://arxiv.org/abs/2609.04595v1,https://arxiv.org/pdf/2609.04595v1
0.0,0.0,low,0.0,False,True,2609.04587v1,Band Gaps and Localization of Surface Waves at Hyperbolic Material and Topological Insulator Interfaces,2026-09-04T00:37:37Z,2026-09-04T00:37:37Z,physics.optics,physics.optics; cond-mat.mes-hall,0,0,0,,,,,,,,https://arxiv.org/abs/2609.04587v1,https://arxiv.org/pdf/2609.04587v1
0.0,0.0,low,0.0,True,True,2608.22494v2,Uniqueness of capillary Gauss solitons,2026-08-23T16:27:46Z,2026-09-04T00:36:44Z,math.DG,math.DG; math.AP; math.SP,0,0,0,,,,,,,,https://arxiv.org/abs/2608.22494v2,https://arxiv.org/pdf/2608.22494v2
0.0,0.0,low,0.0,False,True,2609.04576v1,Cartesian isotropic tensors revisited,2026-09-04T00:15:05Z,2026-09-04T00:15:05Z,physics.class-ph,physics.class-ph,0,0,0,,,,,,,,https://arxiv.org/abs/2609.04576v1,https://arxiv.org/pdf/2609.04576v1
0.0,0.0,low,0.0,True,True,2604.20036v2,Wave-Appropriate Reconstruction of Compressible Multiphase and Multicomponent Flows: Fully Conservative and Semi-Conservative Eigenstructures,2026-04-21T22:40:31Z,2026-09-04T00:09:30Z,physics.flu-dyn,physics.flu-dyn,0,0,0,,,,,,,,https://arxiv.org/abs/2604.20036v2,https://arxiv.org/pdf/2604.20036v2
0.0,0.0,low,0.0,False,True,2609.04571v1,Nonlinear Photoemission for Bright Beams in X-Band Photoinjectors,2026-09-03T23:59:27Z,2026-09-03T23:59:27Z,physics.optics,physics.optics; physics.acc-ph,0,0,0,,,,,,,,https://arxiv.org/abs/2609.04571v1,https://arxiv.org/pdf/2609.04571v1
0.0,0.0,low,0.0,True,False,2605.21530v2,Pairwise Distance-Diffusion Analysis (PDDA): A Geometric Framework for Estimating Hurst Exponents in Multivariate Long-Memory Processes,2026-05-19T20:22:37Z,2026-09-03T23:49:36Z,stat.ME,stat.ME; nlin.CD; physics.data-an,0,0,0,,,,,,,,https://arxiv.org/abs/2605.21530v2,https://arxiv.org/pdf/2605.21530v2
0.0,0.0,low,0.0,False,True,2609.04568v1,A discrete crack-tip theory for nonlinear lattice networks,2026-09-03T23:48:30Z,2026-09-03T23:48:30Z,cond-mat.soft,cond-mat.soft,0,0,0,,,,,,,,https://arxiv.org/abs/2609.04568v1,https://arxiv.org/pdf/2609.04568v1
0.0,0.0,low,0.0,False,True,2609.04567v1,Even and odd minimal categorifications of the nilpotent part of classical and quantum sl(2),2026-09-03T23:47:35Z,2026-09-03T23:47:35Z,math.QA,math.QA; math.RT,0,0,0,,,,,,,,https://arxiv.org/abs/2609.04567v1,https://arxiv.org/pdf/2609.04567v1
0.0,0.0,low,0.0,False,False,2609.04562v1,A Cross-Laboratory Comparison Study of Titan Haze Analogs: Surface Energy II,2026-09-03T23:34:59Z,2026-09-03T23:34:59Z,astro-ph.EP,astro-ph.EP; astro-ph.IM,0,0,0,,,,,,,,https://arxiv.org/abs/2609.04562v1,https://arxiv.org/pdf/2609.04562v1
0.0,0.0,low,0.0,False,True,2609.04560v1,Star Formation Evolution in Galaxy Pairs: Constraints from Morphological Disturbances and Recent Star Formation Histories,2026-09-03T23:30:04Z,2026-09-03T23:30:04Z,astro-ph.GA,astro-ph.GA,0,0,0,,,,,,,,https://arxiv.org/abs/2609.04560v1,https://arxiv.org/pdf/2609.04560v1
0.0,0.0,low,0.0,False,True,2609.04557v1,A Sim-to-Real Study of Surface-Code Decoder Benchmarking,2026-09-03T23:24:40Z,2026-09-03T23:24:40Z,quant-ph,quant-ph; cs.LG,0,0,0,,,,,,,,https://arxiv.org/abs/2609.04557v1,https://arxiv.org/pdf/2609.04557v1
0.0,0.0,low,0.0,False,False,2609.04554v1,Universality in the algebra and topology of cographs,2026-09-03T23:20:45Z,2026-09-03T23:20:45Z,math.CO,math.CO; math.AC; math.AT; math.RA; math.RT,0,0,0,,,,,,,,https://arxiv.org/abs/2609.04554v1,https://arxiv.org/pdf/2609.04554v1
0.0,0.0,low,0.0,True,True,2607.20377v2,Statevector-to-Hardware Reconstruction of a Four-Qubit ZZ Quantum Kernel: A Single-Backend Case Study of Three Execution Jobs,2026-07-22T17:05:42Z,2026-09-03T23:17:09Z,quant-ph,quant-ph; cs.LG,0,0,0,,,,,,,,https://arxiv.org/abs/2607.20377v2,https://arxiv.org/pdf/2607.20377v2
0.0,0.0,low,0.0,False,True,2609.04548v1,From Single-Chain Dynamics to Structure Formation: Dynamic Self-Consistent Field Theory and Molecular Dynamics of (Co)polymer Melts across Entanglement Regimes,2026-09-03T23:12:34Z,2026-09-03T23:12:34Z,cond-mat.soft,cond-mat.soft,0,0,0,,,,,,,,https://arxiv.org/abs/2609.04548v1,https://arxiv.org/pdf/2609.04548v1
0.0,0.0,low,0.0,False,True,2609.04524v1,DPRQ: A Dynamic Programming-based Qubit Routing Algorithm for Collective Communication in Distributed Quantum Computing,2026-09-03T22:28:29Z,2026-09-03T22:28:29Z,quant-ph,quant-ph; cs.DC,0,0,0,,,,,,,,https://arxiv.org/abs/2609.04524v1,https://arxiv.org/pdf/2609.04524v1
0.0,0.0,low,0.0,False,False,2609.04517v1,Calculation of DFT Spin-Orbit Spillage with Quantum ESPRESSO,2026-09-03T22:13:10Z,2026-09-03T22:13:10Z,cond-mat.mtrl-sci,cond-mat.mtrl-sci; quant-ph,0,0,0,,,,,,,,https://arxiv.org/abs/2609.04517v1,https://arxiv.org/pdf/2609.04517v1
0.0,0.0,low,0.0,True,False,2601.20966v2,The Third Option: Color Phase Curves to Characterize the Atmospheres of Temperate Rocky Exoplanets,2026-01-28T19:06:50Z,2026-09-03T21:51:38Z,astro-ph.EP,astro-ph.EP; astro-ph.SR,0,0,0,,,,,,,,https://arxiv.org/abs/2601.20966v2,https://arxiv.org/pdf/2601.20966v2
0.0,0.0,low,0.0,False,True,2609.04506v1,State-Based Quantum Operations: Chameleon Gates,2026-09-03T21:50:18Z,2026-09-03T21:50:18Z,quant-ph,quant-ph,0,0,0,,,,,,,,https://arxiv.org/abs/2609.04506v1,https://arxiv.org/pdf/2609.04506v1
0.0,0.0,low,0.0,False,True,2609.04498v1,Breakdown of the Plane-Wave Trojan Horse Analysis of the $^{12}\mathrm{C}+{}^{12}\mathrm{C}$ Fusion Reaction: Critical Role of Coulomb Distortions,2026-09-03T21:32:23Z,2026-09-03T21:32:23Z,nucl-th,nucl-th; astro-ph.SR,0,0,0,,,,,,,,https://arxiv.org/abs/2609.04498v1,https://arxiv.org/pdf/2609.04498v1
0.0,0.0,low,0.0,True,True,2603.18110v2,Improved quantum circuits for division,2026-03-18T13:41:43Z,2026-09-03T21:31:17Z,quant-ph,quant-ph,0,0,0,,,,,,,,https://arxiv.org/abs/2603.18110v2,https://arxiv.org/pdf/2603.18110v2
0.0,0.0,low,0.0,True,True,2507.05366v2,Simultaneous Determination of Local Magnetic Fields and Sensor Orientation with Nitrogen-Vacancy Centers in Nanodiamond,2025-07-07T18:00:14Z,2026-09-03T21:29:02Z,quant-ph,quant-ph; physics.bio-ph,0,0,0,,,,,,,,https://arxiv.org/abs/2507.05366v2,https://arxiv.org/pdf/2507.05366v2
0.0,0.0,low,0.0,True,False,2507.21779v3,The conformal logarithmic Laplacian on the sphere: Yamabe-type problems and Sobolev spaces,2025-07-29T13:03:43Z,2026-09-03T21:25:21Z,math.AP,math.AP; math.DG,0,0,0,,,,,,,,https://arxiv.org/abs/2507.21779v3,https://arxiv.org/pdf/2507.21779v3
0.0,0.0,low,0.0,False,False,2609.04490v1,When Quantization Breaks Memory: Recurrent-State Write-Back in Low-Precision Temporal Inference,2026-09-03T21:23:35Z,2026-09-03T21:23:35Z,cs.AI,cs.AI; cs.LG; physics.optics; q-bio.QM,0,0,0,,,,,,,,https://arxiv.org/abs/2609.04490v1,https://arxiv.org/pdf/2609.04490v1
0.0,0.0,low,0.0,True,True,2512.17181v2,On-Demand Millisecond Storage of Spectro-Temporal Multimode Telecom Photons,2025-12-19T02:53:08Z,2026-09-03T21:10:03Z,quant-ph,quant-ph,0,0,0,,,,,,,,https://arxiv.org/abs/2512.17181v2,https://arxiv.org/pdf/2512.17181v2
0.0,0.0,low,0.0,False,True,2609.04479v1,Two-phase Temperature Reconstruction in Ice-Water Systems,2026-09-03T21:02:33Z,2026-09-03T21:02:33Z,physics.flu-dyn,physics.flu-dyn; cond-mat.soft; physics.app-ph; physics.geo-ph,0,0,0,,,,,,,,https://arxiv.org/abs/2609.04479v1,https://arxiv.org/pdf/2609.04479v1
0.0,0.0,low,0.0,False,True,2609.04472v1,Identifying Casual SETI Transmissions and Ultra-Faint RFI with Cumulant Imaging,2026-09-03T20:53:04Z,2026-09-03T20:53:04Z,astro-ph.IM,astro-ph.IM,0,0,0,,,,,,,,https://arxiv.org/abs/2609.04472v1,https://arxiv.org/pdf/2609.04472v1
0.0,0.0,low,0.0,False,True,2609.04462v1,A Representation-Theoretic Framework for Characterizing Barren Plateaus,2026-09-03T20:44:53Z,2026-09-03T20:44:53Z,quant-ph,quant-ph,0,0,0,,,,,,,,https://arxiv.org/abs/2609.04462v1,https://arxiv.org/pdf/2609.04462v1
0.0,0.0,low,0.0,False,True,2609.04459v1,Efficient Quantum Error Correction from Three Dimensional Qubit Control,2026-09-03T20:41:11Z,2026-09-03T20:41:11Z,quant-ph,quant-ph,0,0,0,,,,,,,,https://arxiv.org/abs/2609.04459v1,https://arxiv.org/pdf/2609.04459v1
0.0,0.0,low,0.0,True,False,2607.04480v3,Category $\mathcal{O}$ for truncated shifted Yangians and the bi-infinite Bott-Samelson variety,2026-07-05T20:03:18Z,2026-09-03T20:40:12Z,math.RT,math.RT; math.AG; math.QA,0,0,0,,,,,,,,https://arxiv.org/abs/2607.04480v3,https://arxiv.org/pdf/2607.04480v3
0.0,0.0,low,0.0,True,True,2608.23899v2,On the Dirichlet-to-Neumann conformal invariant of bounded planar domains,2026-08-24T23:12:15Z,2026-09-03T20:37:17Z,math-ph,math-ph; math.DG; math.SP,0,0,0,,,,,,,,https://arxiv.org/abs/2608.23899v2,https://arxiv.org/pdf/2608.23899v2
0.0,0.0,low,0.0,True,False,2608.05262v2,The law of (1+1)D SOS with an area tilt in a wedge,2026-08-05T17:27:10Z,2026-09-03T20:24:37Z,math.PR,math.PR; math-ph,0,0,0,,,,,,,,https://arxiv.org/abs/2608.05262v2,https://arxiv.org/pdf/2608.05262v2
0.0,0.0,low,0.0,True,True,2607.00063v4,Spectral Geometry and Bosonic-Bloch Probes: Explorations in Quantum Learning,2026-06-30T11:06:25Z,2026-09-03T20:21:32Z,quant-ph,quant-ph; cs.AI,0,0,0,,,,,,,,https://arxiv.org/abs/2607.00063v4,https://arxiv.org/pdf/2607.00063v4
0.0,0.0,low,0.0,True,True,2007.05440v3,The partition poset complex and the Goodwillie derivatives of the identity in spaces,2020-07-10T15:26:49Z,2026-09-03T20:12:27Z,math.AT,math.AT,0,0,0,,,,,,,,https://arxiv.org/abs/2007.05440v3,https://arxiv.org/pdf/2007.05440v3
0.0,0.0,low,0.0,False,True,2609.04448v1,From Nonmetricity Operators to the Physical Spectrum: A Branch-Complete Analysis of Local Four-Derivative Symmetric Teleparallel Gravity,2026-09-03T20:11:50Z,2026-09-03T20:11:50Z,gr-qc,gr-qc,0,0,0,,,,,,,,https://arxiv.org/abs/2609.04448v1,https://arxiv.org/pdf/2609.04448v1
0.0,0.0,low,0.0,False,True,2609.04447v1,Proof-of-principle long-distance Sagnac twin-field quantum key distribution network,2026-09-03T20:10:07Z,2026-09-03T20:10:07Z,quant-ph,quant-ph; physics.app-ph; physics.optics,0,0,0,,,,,,,,https://arxiv.org/abs/2609.04447v1,https://arxiv.org/pdf/2609.04447v1
0.0,0.0,low,0.0,False,True,2609.04437v1,KKR 18: A Late Arrival Galaxy?,2026-09-03T19:57:46Z,2026-09-03T19:57:46Z,astro-ph.GA,astro-ph.GA,0,0,0,,,,,,,,https://arxiv.org/abs/2609.04437v1,https://arxiv.org/pdf/2609.04437v1
0.0,0.0,low,0.0,False,False,2609.04431v1,SIC dimension towers via cyclotomic polynomials,2026-09-03T19:51:19Z,2026-09-03T19:51:19Z,math.NT,math.NT; quant-ph,0,0,0,,,,,,,,https://arxiv.org/abs/2609.04431v1,https://arxiv.org/pdf/2609.04431v1
0.0,0.0,low,0.0,False,False,2609.04424v1,Multiple zeta values in $λ$-rings,2026-09-03T19:43:06Z,2026-09-03T19:43:06Z,math.NT,math.NT; math.QA,0,0,0,,,,,,,,https://arxiv.org/abs/2609.04424v1,https://arxiv.org/pdf/2609.04424v1
0.0,0.0,low,0.0,True,True,2605.27278v3,Optimal quantum locally differentially private mechanisms in the high-privacy regime,2026-05-26T16:57:22Z,2026-09-03T19:38:31Z,quant-ph,quant-ph; cs.IT,0,0,0,,,,,,,,https://arxiv.org/abs/2605.27278v3,https://arxiv.org/pdf/2605.27278v3
0.0,0.0,low,0.0,False,True,2609.04408v1,Thermal lifetime of the centralized repetition code: From quantum annealing to social dynamics,2026-09-03T19:17:36Z,2026-09-03T19:17:36Z,quant-ph,quant-ph,0,0,0,,,,,,,,https://arxiv.org/abs/2609.04408v1,https://arxiv.org/pdf/2609.04408v1
0.0,0.0,low,0.0,False,True,2609.04403v1,Ultrafast Control of Lifetime in High Q Anisotropic Plasmon Polaritons,2026-09-03T19:10:52Z,2026-09-03T19:10:52Z,physics.optics,physics.optics,0,0,0,,,,,,,,https://arxiv.org/abs/2609.04403v1,https://arxiv.org/pdf/2609.04403v1
0.0,0.0,low,0.0,False,True,2609.04399v1,Composition-dependent nonlinear viscoelastic-viscoplastic behavior and constitutive framework for digitally mixed polymers spanning the glass transition,2026-09-03T19:07:18Z,2026-09-03T19:07:18Z,cond-mat.soft,cond-mat.soft; cond-mat.mtrl-sci,0,0,0,,,,,,,,https://arxiv.org/abs/2609.04399v1,https://arxiv.org/pdf/2609.04399v1
0.0,0.0,low,0.0,False,False,2609.04397v1,Accelerating Atom Simulations with Variable-Block Sparse Matrix Library,2026-09-03T19:06:28Z,2026-09-03T19:06:28Z,cond-mat.mtrl-sci,cond-mat.mtrl-sci; cs.DC; quant-ph,0,0,0,,,,,,,,https://arxiv.org/abs/2609.04397v1,https://arxiv.org/pdf/2609.04397v1
0.0,0.0,low,0.0,False,True,2609.04393v1,Rigidity of Minimal Submanifolds in Spheres of Higher Codimension,2026-09-03T19:01:49Z,2026-09-03T19:01:49Z,math.DG,math.DG,0,0,0,,,,,,,,https://arxiv.org/abs/2609.04393v1,https://arxiv.org/pdf/2609.04393v1
0.0,0.0,low,0.0,True,True,2509.04693v3,Emergent odd viscoelasticity in chiral soft glassy materials,2025-09-04T22:49:32Z,2026-09-03T18:57:58Z,cond-mat.soft,cond-mat.soft; cond-mat.stat-mech,0,0,0,,,,,,,,https://arxiv.org/abs/2509.04693v3,https://arxiv.org/pdf/2509.04693v3
0.0,0.0,low,0.0,True,True,2606.17496v3,Effects of Rotation on the Gravitational Momentum Transfer in Neutron-Star Kicks and Implications for Spin-Kick Alignment,2026-06-16T04:09:46Z,2026-09-03T18:57:51Z,astro-ph.HE,astro-ph.HE; astro-ph.SR,0,0,0,,,,,,,,https://arxiv.org/abs/2606.17496v3,https://arxiv.org/pdf/2606.17496v3
0.0,0.0,low,0.0,True,True,2509.04299v2,Three Predictions for Partonic Energy Loss from Light to Heavy Ion Collisions,2025-09-04T15:13:52Z,2026-09-03T18:51:22Z,nucl-th,nucl-th; hep-ph; nucl-ex,0,0,0,,,,,,,,https://arxiv.org/abs/2509.04299v2,https://arxiv.org/pdf/2509.04299v2
0.0,0.0,low,0.0,True,True,2606.00777v2,A plasma-material interaction design basis for NSTX-U flash lithium evaporators,2026-05-30T15:45:24Z,2026-09-03T18:42:06Z,physics.plasm-ph,physics.plasm-ph,0,0,0,,,,,,,,https://arxiv.org/abs/2606.00777v2,https://arxiv.org/pdf/2606.00777v2
0.0,0.0,low,0.0,False,True,2609.04378v1,Fukui-Kawakami chains: spectrum and hidden $\mathfrak{gl}(1|1)$-symmetry,2026-09-03T18:40:41Z,2026-09-03T18:40:41Z,cond-mat.stat-mech,cond-mat.stat-mech; cond-mat.str-el; hep-th; math-ph,0,0,0,,,,,,,,https://arxiv.org/abs/2609.04378v1,https://arxiv.org/pdf/2609.04378v1
0.0,0.0,low,0.0,False,True,2609.04376v1,Spin-dependent azimuthal asymmetry of coherent J/$ψ$ photoproduction in hadronic PbPb collisions at $\sqrt{s_\mathrm{NN}}$ = 5.36 TeV,2026-09-03T18:38:38Z,2026-09-03T18:38:38Z,nucl-ex,nucl-ex; hep-ex,0,0,0,,,,,,,,https://arxiv.org/abs/2609.04376v1,https://arxiv.org/pdf/2609.04376v1
0.0,0.0,low,0.0,False,False,2609.04371v1,Loss of memory in the periodic Ehrenfest model with small polyhedral scatterers,2026-09-03T18:37:38Z,2026-09-03T18:37:38Z,math.DS,math.DS; math-ph; math.PR,0,0,0,,,,,,,,https://arxiv.org/abs/2609.04371v1,https://arxiv.org/pdf/2609.04371v1
0.0,0.0,low,0.0,False,True,2609.04361v1,Hint of bimodal Mg-Al anticorrelation in the metal-poor Globular Cluster NGC 4372,2026-09-03T18:20:52Z,2026-09-03T18:20:52Z,astro-ph.GA,astro-ph.GA,0,0,0,,,,,,,,https://arxiv.org/abs/2609.04361v1,https://arxiv.org/pdf/2609.04361v1
0.0,0.0,low,0.0,False,False,2609.04341v1,Schatten norms and determinants of linear combinations of matrix tensor powers via virtual representations,2026-09-03T18:08:23Z,2026-09-03T18:08:23Z,math.RT,math.RT; quant-ph,0,0,0,,,,,,,,https://arxiv.org/abs/2609.04341v1,https://arxiv.org/pdf/2609.04341v1
0.0,0.0,low,0.0,False,True,2609.04327v1,Widespread Inflows Reveal Baryonic Cycling in Star-forming and Quiescent Galaxies,2026-09-03T18:01:24Z,2026-09-03T18:01:24Z,astro-ph.GA,astro-ph.GA; astro-ph.CO,0,0,0,,,,,,,,https://arxiv.org/abs/2609.04327v1,https://arxiv.org/pdf/2609.04327v1
0.0,0.0,low,0.0,False,True,2609.04324v1,Recovering Ionizing Photon Escape and Galaxy Scaling Relations in the LzLCS via Si II and C II Absorption Lines and Mock Spectra from a Radiation-Hydrodynamic Simulation,2026-09-03T18:00:14Z,2026-09-03T18:00:14Z,astro-ph.GA,astro-ph.GA,0,0,0,,,,,,,,https://arxiv.org/abs/2609.04324v1,https://arxiv.org/pdf/2609.04324v1
0.0,0.0,low,0.0,False,True,2609.04323v1,Improvements to Asteroseismic Fitting of White Dwarfs in the Gaia Era,2026-09-03T18:00:12Z,2026-09-03T18:00:12Z,astro-ph.SR,astro-ph.SR,0,0,0,,,,,,,,https://arxiv.org/abs/2609.04323v1,https://arxiv.org/pdf/2609.04323v1
0.0,0.0,low,0.0,False,True,2609.04322v1,AGN-DB: A Unified Multi-Wavelength Database of Active Galactic Nuclei,2026-09-03T18:00:09Z,2026-09-03T18:00:09Z,astro-ph.GA,astro-ph.GA; astro-ph.HE,0,0,0,,,,,,,,https://arxiv.org/abs/2609.04322v1,https://arxiv.org/pdf/2609.04322v1
0.0,0.0,low,0.0,False,True,2609.04321v1,"Reply to the Comment on ""The Axiom of Choice and the No-Signalling Principle""",2026-09-03T18:00:04Z,2026-09-03T18:00:04Z,quant-ph,quant-ph,0,0,0,,,,,,,,https://arxiv.org/abs/2609.04321v1,https://arxiv.org/pdf/2609.04321v1
0.0,0.0,low,0.0,False,True,2609.04320v1,Resolved Dust-Gas-Metallicity relations in nearby spiral galaxies,2026-09-03T18:00:03Z,2026-09-03T18:00:03Z,astro-ph.GA,astro-ph.GA,0,0,0,,,,,,,,https://arxiv.org/abs/2609.04320v1,https://arxiv.org/pdf/2609.04320v1
0.0,0.0,low,0.0,False,True,2609.04316v1,A Kinematic Measurement of the Effective Viscosity of the Intracluster Medium: The Cold Front of A3667 Seen by XRISM,2026-09-03T18:00:02Z,2026-09-03T18:00:02Z,astro-ph.HE,astro-ph.HE; astro-ph.GA,0,0,0,,,,,,,,https://arxiv.org/abs/2609.04316v1,https://arxiv.org/pdf/2609.04316v1
0.0,0.0,low,0.0,False,True,2609.04312v1,ALPACA I: Controlling source and PSF systematics in JWST time-delay cosmography with differentiable lens modeling,2026-09-03T18:00:01Z,2026-09-03T18:00:01Z,astro-ph.IM,astro-ph.IM; astro-ph.CO,0,0,0,,,,,,,,https://arxiv.org/abs/2609.04312v1,https://arxiv.org/pdf/2609.04312v1
0.0,0.0,low,0.0,False,True,2609.04315v1,JWST/NIRSpec Reveals Diverse Nuclear Environments in Dwarf Galaxies Hosting AGN,2026-09-03T18:00:01Z,2026-09-03T18:00:01Z,astro-ph.GA,astro-ph.GA,0,0,0,,,,,,,,https://arxiv.org/abs/2609.04315v1,https://arxiv.org/pdf/2609.04315v1
0.0,0.0,low,0.0,False,True,2609.04309v1,Strong-Drive Floquet Engineering of Interacting Qudits: From Finite-Duration Controls to Emergent Symmetry,2026-09-03T18:00:00Z,2026-09-03T18:00:00Z,quant-ph,quant-ph; cond-mat.str-el,0,0,0,,,,,,,,https://arxiv.org/abs/2609.04309v1,https://arxiv.org/pdf/2609.04309v1
0.0,0.0,low,0.0,False,True,2609.04310v1,A Swift X-ray view of the SMS4 sample - III: Deeper insight into previously undetected sources,2026-09-03T18:00:00Z,2026-09-03T18:00:00Z,astro-ph.HE,astro-ph.HE,0,0,0,,,,,,,,https://arxiv.org/abs/2609.04310v1,https://arxiv.org/pdf/2609.04310v1
0.0,0.0,low,0.0,False,True,2609.04307v1,Nebular Spectra of the Extremely Metal-Poor SN II 2023ufx Over a Year After Explosion: A Massive Progenitor and Unique Circumstellar Environment,2026-09-03T18:00:00Z,2026-09-03T18:00:00Z,astro-ph.HE,astro-ph.HE; astro-ph.GA; astro-ph.SR,0,0,0,,,,,,,,https://arxiv.org/abs/2609.04307v1,https://arxiv.org/pdf/2609.04307v1
0.0,0.0,low,0.0,False,True,2609.04311v1,Development of quantum technologies for optical/infrared interferometry,2026-09-03T18:00:00Z,2026-09-03T18:00:00Z,astro-ph.IM,astro-ph.IM; quant-ph,0,0,0,,,,,,,,https://arxiv.org/abs/2609.04311v1,https://arxiv.org/pdf/2609.04311v1
0.0,0.0,low,0.0,True,True,2605.05310v2,Constraints on the inflationary vacuum and reheating era from NANOGrav,2026-05-06T18:00:04Z,2026-09-03T17:58:32Z,astro-ph.CO,astro-ph.CO; hep-ex; hep-ph; hep-th,0,0,0,,,,,,,,https://arxiv.org/abs/2605.05310v2,https://arxiv.org/pdf/2605.05310v2
0.0,0.0,low,0.0,False,True,2609.04182v1,Quantum communication and Bell nonlocality require infinite classical communication to simulate,2026-09-03T17:57:48Z,2026-09-03T17:57:48Z,quant-ph,quant-ph,0,0,0,,,,,,,,https://arxiv.org/abs/2609.04182v1,https://arxiv.org/pdf/2609.04182v1
0.0,0.0,low,0.0,False,True,2609.04305v1,TNFlow: Amortized Posterior Inference for Trans-Neptunian Object Surface Composition,2026-09-03T17:56:43Z,2026-09-03T17:56:43Z,astro-ph.IM,astro-ph.IM; astro-ph.EP; cs.LG,0,0,0,,,,,,,,https://arxiv.org/abs/2609.04305v1,https://arxiv.org/pdf/2609.04305v1
0.0,0.0,low,0.0,False,True,2609.04178v1,Measurements on the separated subsystems of an entangled state,2026-09-03T17:56:28Z,2026-09-03T17:56:28Z,quant-ph,quant-ph,0,0,0,,,,,,,,https://arxiv.org/abs/2609.04178v1,https://arxiv.org/pdf/2609.04178v1
0.0,0.0,low,0.0,False,True,2609.04171v1,Twin-photon generation in a silicon nitride microresonator,2026-09-03T17:54:38Z,2026-09-03T17:54:38Z,physics.optics,physics.optics; quant-ph,0,0,0,,,,,,,,https://arxiv.org/abs/2609.04171v1,https://arxiv.org/pdf/2609.04171v1
0.0,0.0,low,0.0,False,True,2609.04169v1,Reciprocity can halve what a mechanical network can learn,2026-09-03T17:54:04Z,2026-09-03T17:54:04Z,cond-mat.soft,cond-mat.soft; cond-mat.dis-nn; cond-mat.mtrl-sci,0,0,0,,,,,,,,https://arxiv.org/abs/2609.04169v1,https://arxiv.org/pdf/2609.04169v1
0.0,0.0,low,0.0,True,True,2605.21243v3,Measurement of quantum states and nonlocal correlations,2026-05-20T14:32:43Z,2026-09-03T17:53:13Z,quant-ph,quant-ph,0,0,0,,,,,,,,https://arxiv.org/abs/2605.21243v3,https://arxiv.org/pdf/2605.21243v3
0.0,0.0,low,0.0,False,True,2609.04165v1,"Parameterised graph theory for tensor networks: entanglement rerouting, structural simplification, and agnostic tomography",2026-09-03T17:50:38Z,2026-09-03T17:50:38Z,quant-ph,quant-ph; cs.DS; cs.LG,0,0,0,,,,,,,,https://arxiv.org/abs/2609.04165v1,https://arxiv.org/pdf/2609.04165v1
0.0,0.0,low,0.0,False,True,2609.04156v1,A $dd^Φ$-Lemma and Bott--Chern-type Cohomology for Spin(7)-Manifolds,2026-09-03T17:48:11Z,2026-09-03T17:48:11Z,math.DG,math.DG,0,0,0,,,,,,,,https://arxiv.org/abs/2609.04156v1,https://arxiv.org/pdf/2609.04156v1
0.0,0.0,low,0.0,False,True,2609.04154v1,"B(E2) Serves as a Robust Signature of N = 32,34 Shell Evolution",2026-09-03T17:46:36Z,2026-09-03T17:46:36Z,nucl-th,nucl-th,0,0,0,,,,,,,,https://arxiv.org/abs/2609.04154v1,https://arxiv.org/pdf/2609.04154v1
0.0,0.0,low,0.0,False,True,2609.04150v1,Efficient Conversion of Optical to Mechanical States Close to the Single-Quantum Level,2026-09-03T17:43:22Z,2026-09-03T17:43:22Z,quant-ph,quant-ph,0,0,0,,,,,,,,https://arxiv.org/abs/2609.04150v1,https://arxiv.org/pdf/2609.04150v1
0.0,0.0,low,0.0,True,True,2606.21325v2,$L^\infty$-metrics on tori and Schoen's conjecture,2026-06-19T11:14:03Z,2026-09-03T17:40:14Z,math.DG,math.DG,0,0,0,,,,,,,,https://arxiv.org/abs/2606.21325v2,https://arxiv.org/pdf/2606.21325v2
0.0,0.0,low,0.0,False,True,2609.04145v1,Low-angular-momentum accretion shocks can power weak-to-moderate X-ray flares from SgrA*,2026-09-03T17:37:54Z,2026-09-03T17:37:54Z,astro-ph.HE,astro-ph.HE,0,0,0,,,,,,,,https://arxiv.org/abs/2609.04145v1,https://arxiv.org/pdf/2609.04145v1
0.0,0.0,low,0.0,False,False,2609.04140v1,The conformally invariant metric on CLE$_4$ III: uniqueness,2026-09-03T17:32:08Z,2026-09-03T17:32:08Z,math.PR,math.PR; math-ph; math.CV,0,0,0,,,,,,,,https://arxiv.org/abs/2609.04140v1,https://arxiv.org/pdf/2609.04140v1
0.0,0.0,low,0.0,False,False,2609.04138v1,The conformally invariant metric on CLE$_4$ I: subsequential limits of the non-simple CLE graph metric,2026-09-03T17:31:59Z,2026-09-03T17:31:59Z,math.PR,math.PR; math-ph; math.CV,0,0,0,,,,,,,,https://arxiv.org/abs/2609.04138v1,https://arxiv.org/pdf/2609.04138v1
0.0,0.0,low,0.0,True,True,2603.17565v2,Bloch sphere picture and restoration of the quantum Mpemba effect beyond the weak coupling regime in the spin boson model,2026-03-18T10:13:48Z,2026-09-03T17:25:33Z,quant-ph,quant-ph; cond-mat.mes-hall,0,0,0,,,,,,,,https://arxiv.org/abs/2603.17565v2,https://arxiv.org/pdf/2603.17565v2
0.0,0.0,low,0.0,False,True,2609.04121v1,Quantum thermalization achieves optimal approximate quantum error correction,2026-09-03T17:23:17Z,2026-09-03T17:23:17Z,quant-ph,quant-ph; cond-mat.stat-mech; math-ph,0,0,0,,,,,,,,https://arxiv.org/abs/2609.04121v1,https://arxiv.org/pdf/2609.04121v1
0.0,0.0,low,0.0,False,True,2609.04119v1,Non-local Magic: closed-form solution and equivalence with magic of purification,2026-09-03T17:21:11Z,2026-09-03T17:21:11Z,quant-ph,quant-ph,0,0,0,,,,,,,,https://arxiv.org/abs/2609.04119v1,https://arxiv.org/pdf/2609.04119v1
0.0,0.0,low,0.0,False,True,2609.04118v1,A targeted search for fast radio bursts from magnetars in elliptical galaxies,2026-09-03T17:20:52Z,2026-09-03T17:20:52Z,astro-ph.HE,astro-ph.HE; astro-ph.GA,0,0,0,,,,,,,,https://arxiv.org/abs/2609.04118v1,https://arxiv.org/pdf/2609.04118v1
0.0,0.0,low,0.0,False,True,2609.04117v1,Non-Abelian string melting and thermalization in an open lattice gauge theory,2026-09-03T17:19:56Z,2026-09-03T17:19:56Z,hep-lat,hep-lat; cond-mat.quant-gas; cond-mat.stat-mech; hep-ph; quant-ph,0,0,0,,,,,,,,https://arxiv.org/abs/2609.04117v1,https://arxiv.org/pdf/2609.04117v1
0.0,0.0,low,0.0,False,True,2609.04106v1,Sub-barrier peaks in atom-atom-ion three-body recombination,2026-09-03T17:13:36Z,2026-09-03T17:13:36Z,physics.atom-ph,physics.atom-ph,0,0,0,,,,,,,,https://arxiv.org/abs/2609.04106v1,https://arxiv.org/pdf/2609.04106v1
0.0,0.0,low,0.0,False,True,2609.04097v1,Hydrodynamics of two-dimensional electrons due to scattering by disorder,2026-09-03T17:04:23Z,2026-09-03T17:04:23Z,cond-mat.mes-hall,cond-mat.mes-hall,0,0,0,,,,,,,,https://arxiv.org/abs/2609.04097v1,https://arxiv.org/pdf/2609.04097v1
0.0,0.0,low,0.0,False,True,2609.04093v1,Extrinsic orbital Edelstein effect from asymmetric scattering,2026-09-03T17:02:04Z,2026-09-03T17:02:04Z,cond-mat.mes-hall,cond-mat.mes-hall,0,0,0,,,,,,,,https://arxiv.org/abs/2609.04093v1,https://arxiv.org/pdf/2609.04093v1
0.0,0.0,low,0.0,False,False,2609.04084v1,Transversality Conditions for Boundary Constraints Defined by Differential Equations,2026-09-03T16:51:10Z,2026-09-03T16:51:10Z,math.OC,math.OC; eess.SY; math.DG; math.NA,0,0,0,,,,,,,,https://arxiv.org/abs/2609.04084v1,https://arxiv.org/pdf/2609.04084v1
0.0,0.0,low,0.0,True,True,2608.18002v2,Small Normal Curvature and Three-Manifold Topology,2026-08-18T16:48:28Z,2026-09-03T16:50:12Z,math.DG,math.DG; math.GT,0,0,0,,,,,,,,https://arxiv.org/abs/2608.18002v2,https://arxiv.org/pdf/2608.18002v2
0.0,0.0,low,0.0,True,True,2603.25143v2,Dynamically Stable Vortices in Exciton-Polariton Condensates Engineered by Repulsive Interactions,2026-03-26T08:03:40Z,2026-09-03T16:50:01Z,cond-mat.quant-gas,cond-mat.quant-gas; nlin.PS,0,0,0,,,,,,,,https://arxiv.org/abs/2603.25143v2,https://arxiv.org/pdf/2603.25143v2
0.0,0.0,low,0.0,False,True,2609.04081v1,Frequency-Multiplexed Parallel Gates for Quantum LDPC Codes in a Two-Dimensional Ion Crystal,2026-09-03T16:49:32Z,2026-09-03T16:49:32Z,quant-ph,quant-ph,0,0,0,,,,,,,,https://arxiv.org/abs/2609.04081v1,https://arxiv.org/pdf/2609.04081v1
0.0,0.0,low,0.0,False,True,2609.04076v1,Algebraic Operator Decomposition: A Partitioned Architecture for Noise-Resilient Quantum Computing,2026-09-03T16:44:39Z,2026-09-03T16:44:39Z,quant-ph,quant-ph,0,0,0,,,,,,,,https://arxiv.org/abs/2609.04076v1,https://arxiv.org/pdf/2609.04076v1
0.0,0.0,low,0.0,False,True,2609.04299v1,Harmonic morphisms of sub-Riemannian Lie groups,2026-09-03T16:39:02Z,2026-09-03T16:39:02Z,math.DG,math.DG; math.AP,0,0,0,,,,,,,,https://arxiv.org/abs/2609.04299v1,https://arxiv.org/pdf/2609.04299v1
0.0,0.0,low,0.0,False,True,2609.04064v1,"Quantum-Enhanced Phase Estimation with Photon-Added Even and Odd Coherent States in an SU(1,1) Interferometer",2026-09-03T16:38:33Z,2026-09-03T16:38:33Z,quant-ph,quant-ph; physics.optics,0,0,0,,,,,,,,https://arxiv.org/abs/2609.04064v1,https://arxiv.org/pdf/2609.04064v1
0.0,0.0,low,0.0,False,True,2609.04057v1,Limits of Stochastic Semigroups and Block-Triangular Majorisation,2026-09-03T16:34:39Z,2026-09-03T16:34:39Z,math-ph,math-ph; math.CO; math.PR; quant-ph,0,0,0,,,,,,,,https://arxiv.org/abs/2609.04057v1,https://arxiv.org/pdf/2609.04057v1
0.0,0.0,low,0.0,True,True,2608.21548v2,The Milky Way Joins the Extragalactic World: I. PHANGS,2026-08-21T18:36:42Z,2026-09-03T16:33:21Z,astro-ph.GA,astro-ph.GA,0,0,0,,,,,,,,https://arxiv.org/abs/2608.21548v2,https://arxiv.org/pdf/2608.21548v2
0.0,0.0,low,0.0,False,True,2609.04044v1,Microscopic Calculation of Electric Quadrupole Effective Charges in Exotic Nuclei,2026-09-03T16:19:14Z,2026-09-03T16:19:14Z,nucl-th,nucl-th,0,0,0,,,,,,,,https://arxiv.org/abs/2609.04044v1,https://arxiv.org/pdf/2609.04044v1
0.0,0.0,low,0.0,False,False,2609.04042v1,Testbeam characterization of a 3D silicon sensor read out by Timepix4,2026-09-03T16:17:04Z,2026-09-03T16:17:04Z,physics.ins-det,physics.ins-det; hep-ex,0,0,0,,,,,,,,https://arxiv.org/abs/2609.04042v1,https://arxiv.org/pdf/2609.04042v1
0.0,0.0,low,0.0,False,True,2609.04036v1,Ionized Nebulae Around Two New Symbiotic Stars: GR Cygni and [D75] 141,2026-09-03T16:11:23Z,2026-09-03T16:11:23Z,astro-ph.SR,astro-ph.SR; astro-ph.GA,0,0,0,,,,,,,,https://arxiv.org/abs/2609.04036v1,https://arxiv.org/pdf/2609.04036v1
0.0,0.0,low,0.0,False,True,2609.04033v1,From configuration spaces to graph complexes via FA-modules,2026-09-03T16:09:34Z,2026-09-03T16:09:34Z,math.AT,math.AT,0,0,0,,,,,,,,https://arxiv.org/abs/2609.04033v1,https://arxiv.org/pdf/2609.04033v1
0.0,0.0,low,0.0,True,True,2608.31146v2,Integrated Microwave Photonics: From Material Platforms to Systems-on-Chip,2026-08-31T17:49:34Z,2026-09-03T16:08:44Z,physics.optics,physics.optics,0,0,0,,,,,,,,https://arxiv.org/abs/2608.31146v2,https://arxiv.org/pdf/2608.31146v2
0.0,0.0,low,0.0,False,True,2609.04027v1,Cavity Ring-Down Spectroscopy at Benchmark-Level Sub-Permille Accuracy Enabled by a System-Level Detection Transfer Function,2026-09-03T16:08:15Z,2026-09-03T16:08:15Z,physics.optics,physics.optics; physics.ins-det,0,0,0,,,,,,,,https://arxiv.org/abs/2609.04027v1,https://arxiv.org/pdf/2609.04027v1
0.0,0.0,low,0.0,False,True,2609.04020v1,Robust multi-hypothesis quantum-state discrimination under unknown common unitary perturbations via least favorable priors,2026-09-03T15:59:59Z,2026-09-03T15:59:59Z,quant-ph,quant-ph,0,0,0,,,,,,,,https://arxiv.org/abs/2609.04020v1,https://arxiv.org/pdf/2609.04020v1
0.0,0.0,low,0.0,False,True,2609.04012v1,Two sets of potential-density basis pairs for the study of radial perturbations in collisionless spherical stellar systems,2026-09-03T15:53:04Z,2026-09-03T15:53:04Z,astro-ph.GA,astro-ph.GA,0,0,0,,,,,,,,https://arxiv.org/abs/2609.04012v1,https://arxiv.org/pdf/2609.04012v1
0.0,0.0,low,0.0,False,False,2609.04297v1,Niels Bohr as a Physicist of Principle,2026-09-03T15:50:40Z,2026-09-03T15:50:40Z,physics.hist-ph,physics.hist-ph; quant-ph,0,0,0,,,,,,,,https://arxiv.org/abs/2609.04297v1,https://arxiv.org/pdf/2609.04297v1
0.0,0.0,low,0.0,False,True,2609.04001v1,Designing corrugated surfaces to guide colloidal self-assembly,2026-09-03T15:40:28Z,2026-09-03T15:40:28Z,cond-mat.soft,cond-mat.soft,0,0,0,,,,,,,,https://arxiv.org/abs/2609.04001v1,https://arxiv.org/pdf/2609.04001v1
0.0,0.0,low,0.0,False,True,2609.03997v1,Magnetic Dipole Hyperfine Constants of 15 Energy Levels in $^{169}$Tm II Determined by Collinear Laser Fluorescence Spectroscopy,2026-09-03T15:37:26Z,2026-09-03T15:37:26Z,physics.atom-ph,physics.atom-ph; nucl-ex,0,0,0,,,,,,,,https://arxiv.org/abs/2609.03997v1,https://arxiv.org/pdf/2609.03997v1
0.0,0.0,low,0.0,False,True,2609.03991v1,Boundary- and Screening-Induced Bubbly Phases in Autophoretic Active Matter,2026-09-03T15:27:20Z,2026-09-03T15:27:20Z,cond-mat.soft,cond-mat.soft; cond-mat.stat-mech,0,0,0,,,,,,,,https://arxiv.org/abs/2609.03991v1,https://arxiv.org/pdf/2609.03991v1
0.0,0.0,low,0.0,False,True,2609.03989v1,Strongly anisotropic non-Kramers electron spin as a quantum coherence probe of angular fluctuations,2026-09-03T15:24:36Z,2026-09-03T15:24:36Z,cond-mat.mes-hall,cond-mat.mes-hall; quant-ph,0,0,0,,,,,,,,https://arxiv.org/abs/2609.03989v1,https://arxiv.org/pdf/2609.03989v1
0.0,0.0,low,0.0,True,False,1602.00413v4,Linear Programming Bounds for Entanglement-Assisted Quantum Error-Correcting Codes by Split Weight Enumerators,2016-02-01T07:35:36Z,2026-09-03T15:18:46Z,cs.IT,cs.IT; quant-ph,0,0,0,,,,,,,,https://arxiv.org/abs/1602.00413v4,https://arxiv.org/pdf/1602.00413v4
0.0,0.0,low,0.0,False,False,2609.03975v1,Detection of hydrocarbons in Titan using high-resolution cross-correlation spectroscopy,2026-09-03T15:12:56Z,2026-09-03T15:12:56Z,astro-ph.EP,astro-ph.EP; astro-ph.IM; astro-ph.SR; physics.ao-ph; physics.space-ph,0,0,0,,,,,,,,https://arxiv.org/abs/2609.03975v1,https://arxiv.org/pdf/2609.03975v1
0.0,0.0,low,0.0,False,False,2609.03965v1,The finiteness conjecture for equilibria of electric fields generated by point charges of one sign,2026-09-03T15:00:22Z,2026-09-03T15:00:22Z,math.DS,math.DS; math-ph; math.CA,0,0,0,,,,,,,,https://arxiv.org/abs/2609.03965v1,https://arxiv.org/pdf/2609.03965v1
0.0,0.0,low,0.0,False,False,2609.03963v1,On the surjectivity conjectures of Dupont and Monod,2026-09-03T14:57:22Z,2026-09-03T14:57:22Z,math.GR,math.GR; math.AT; math.KT,0,0,0,,,,,,,,https://arxiv.org/abs/2609.03963v1,https://arxiv.org/pdf/2609.03963v1
0.0,0.0,low,0.0,True,True,2512.12426v2,Field-Particle Interactions in Curved Flows for Shape-Asymmetric Active Particles,2025-12-13T18:43:29Z,2026-09-03T14:54:27Z,cond-mat.soft,cond-mat.soft; physics.bio-ph; physics.flu-dyn,0,0,0,,,,,,,,https://arxiv.org/abs/2512.12426v2,https://arxiv.org/pdf/2512.12426v2
0.0,0.0,low,0.0,False,True,2609.03948v1,Three-observable measurement of the critical velocity in a paraxial superfluid of light flowing past a mobile impurity,2026-09-03T14:53:08Z,2026-09-03T14:53:08Z,cond-mat.quant-gas,cond-mat.quant-gas; nlin.PS; physics.optics,0,0,0,,,,,,,,https://arxiv.org/abs/2609.03948v1,https://arxiv.org/pdf/2609.03948v1
0.0,0.0,low,0.0,False,True,2609.03944v1,On the geometry and typicality of quantum magic,2026-09-03T14:50:19Z,2026-09-03T14:50:19Z,quant-ph,quant-ph,0,0,0,,,,,,,,https://arxiv.org/abs/2609.03944v1,https://arxiv.org/pdf/2609.03944v1
0.0,0.0,low,0.0,True,False,2604.19246v2,The Ophiuchus DIsc Survey Employing ALMA (ODISEA). Substructures as a function of SED Class and disc mass in 100 systems,2026-04-21T08:57:34Z,2026-09-03T14:45:10Z,astro-ph.EP,astro-ph.EP; astro-ph.SR,0,0,0,,,,,,,,https://arxiv.org/abs/2604.19246v2,https://arxiv.org/pdf/2604.19246v2
0.0,0.0,low,0.0,False,True,2609.03935v1,On the interplay between waveform systematics and lensing signatures in gravitational-wave signals,2026-09-03T14:43:19Z,2026-09-03T14:43:19Z,gr-qc,gr-qc,0,0,0,,,,,,,,https://arxiv.org/abs/2609.03935v1,https://arxiv.org/pdf/2609.03935v1
0.0,0.0,low,0.0,True,True,2608.19929v2,"SN 2021pfs: A Type Ia Supernova Likely Affected by Progenitor Metallicity, as Revealed by Comparison with Its Twin Counterpart",2026-08-20T11:43:03Z,2026-09-03T14:42:33Z,astro-ph.SR,astro-ph.SR; astro-ph.GA; astro-ph.HE,0,0,0,,,,,,,,https://arxiv.org/abs/2608.19929v2,https://arxiv.org/pdf/2608.19929v2
0.0,0.0,low,0.0,True,True,2607.16059v5,OpenCosmo: Community Portal and Analysis Framework for Flagship Cosmological Simulations,2026-07-17T15:38:12Z,2026-09-03T14:40:23Z,astro-ph.IM,astro-ph.IM; astro-ph.CO,0,0,0,,,,,,,,https://arxiv.org/abs/2607.16059v5,https://arxiv.org/pdf/2607.16059v5
0.0,0.0,low,0.0,False,True,2609.03928v1,Approximate maximum-likelihood decoding via truncated free energies,2026-09-03T14:40:22Z,2026-09-03T14:40:22Z,quant-ph,quant-ph,0,0,0,,,,,,,,https://arxiv.org/abs/2609.03928v1,https://arxiv.org/pdf/2609.03928v1
0.0,0.0,low,0.0,False,True,2609.03925v1,Ultra-Precise Quantum Projective Designs in Constant Depth,2026-09-03T14:38:21Z,2026-09-03T14:38:21Z,quant-ph,quant-ph,0,0,0,,,,,,,,https://arxiv.org/abs/2609.03925v1,https://arxiv.org/pdf/2609.03925v1
0.0,0.0,low,0.0,False,False,2609.03924v1,Beyond normal fluctuations in local laws for Wigner matrices,2026-09-03T14:38:17Z,2026-09-03T14:38:17Z,math.PR,math.PR; math-ph,0,0,0,,,,,,,,https://arxiv.org/abs/2609.03924v1,https://arxiv.org/pdf/2609.03924v1
0.0,0.0,low,0.0,False,True,2609.03914v1,Neutron dynamics in the fusion of neutron-rich O ions with $^{12}$C,2026-09-03T14:30:17Z,2026-09-03T14:30:17Z,nucl-ex,nucl-ex,0,0,0,,,,,,,,https://arxiv.org/abs/2609.03914v1,https://arxiv.org/pdf/2609.03914v1
0.0,0.0,low,0.0,False,True,2609.03910v1,Spin-to-polarization mapping with a coherent quantum dot-cavity receiver,2026-09-03T14:27:33Z,2026-09-03T14:27:33Z,quant-ph,quant-ph; cond-mat.mes-hall,0,0,0,,,,,,,,https://arxiv.org/abs/2609.03910v1,https://arxiv.org/pdf/2609.03910v1
0.0,0.0,low,0.0,True,True,2608.12157v2,Connecting the tensor-categorical formulation of anyon condensation with operator algebras and entropic order parameters,2026-08-12T15:20:05Z,2026-09-03T14:27:01Z,cond-mat.str-el,cond-mat.str-el; hep-th; quant-ph,0,0,0,,,,,,,,https://arxiv.org/abs/2608.12157v2,https://arxiv.org/pdf/2608.12157v2
0.0,0.0,low,0.0,False,True,2609.03909v1,Conic Pseudo-Finslerian Mechanical Systems,2026-09-03T14:25:43Z,2026-09-03T14:25:43Z,math.DG,math.DG; math-ph,0,0,0,,,,,,,,https://arxiv.org/abs/2609.03909v1,https://arxiv.org/pdf/2609.03909v1
0.0,0.0,low,0.0,False,True,2609.03902v1,\texorpdfstring{$α$}{}-decay for superheavy nucleus: The alpha decay energy to the one-fourth power,2026-09-03T14:21:34Z,2026-09-03T14:21:34Z,nucl-th,nucl-th,0,0,0,,,,,,,,https://arxiv.org/abs/2609.03902v1,https://arxiv.org/pdf/2609.03902v1
0.0,0.0,low,0.0,True,True,2609.00772v2,Superconducting Flux Memory for Cryogenic Applications,2026-09-01T06:01:53Z,2026-09-03T14:19:08Z,quant-ph,quant-ph; cond-mat.mes-hall; cond-mat.supr-con; physics.ins-det,0,0,0,,,,,,,,https://arxiv.org/abs/2609.00772v2,https://arxiv.org/pdf/2609.00772v2
0.0,0.0,low,0.0,True,True,2608.16982v3,A geodesic distance interpretation of Lanczos coefficients,2026-08-17T18:00:01Z,2026-09-03T14:10:56Z,hep-th,hep-th; cond-mat.stat-mech; math-ph,0,0,0,,,,,,,,https://arxiv.org/abs/2608.16982v3,https://arxiv.org/pdf/2608.16982v3
0.0,0.0,low,0.0,False,True,2609.03886v1,Interferometric Survey of Stellar Parameters: Mass of the metallic A-type binary $β$ Aur,2026-09-03T14:09:49Z,2026-09-03T14:09:49Z,astro-ph.SR,astro-ph.SR,0,0,0,,,,,,,,https://arxiv.org/abs/2609.03886v1,https://arxiv.org/pdf/2609.03886v1
0.0,0.0,low,0.0,False,False,2609.03876v1,Performance of Nanoring-based Transparent Conductors: a Computational Investigation,2026-09-03T14:04:59Z,2026-09-03T14:04:59Z,cond-mat.mtrl-sci,cond-mat.mtrl-sci; cond-mat.stat-mech; physics.comp-ph,0,0,0,,,,,,,,https://arxiv.org/abs/2609.03876v1,https://arxiv.org/pdf/2609.03876v1
0.0,0.0,low,0.0,True,True,2411.19310v3,Solving the Nonlinear Vlasov Equation on a Quantum Computer,2024-11-28T18:32:30Z,2026-09-03T14:04:43Z,quant-ph,quant-ph; physics.plasm-ph,0,0,0,,,,,,,,https://arxiv.org/abs/2411.19310v3,https://arxiv.org/pdf/2411.19310v3
0.0,0.0,low,0.0,True,True,2412.06309v2,FoV and Efficiency Optimization for Resonant Beam SLIPT with Telescope Integration,2024-12-09T08:56:46Z,2026-09-03T13:58:15Z,physics.optics,physics.optics,0,0,0,,,,,,,,https://arxiv.org/abs/2412.06309v2,https://arxiv.org/pdf/2412.06309v2
0.0,0.0,low,0.0,True,True,2602.06473v3,On large-scale wind-drift ocean currents: An asymptotic approach in spherical coordinates,2026-02-06T08:01:52Z,2026-09-03T13:57:27Z,physics.flu-dyn,physics.flu-dyn; math-ph; math.AP; physics.ao-ph,0,0,0,,,,,,,,https://arxiv.org/abs/2602.06473v3,https://arxiv.org/pdf/2602.06473v3
0.0,0.0,low,0.0,False,True,2609.03866v1,nufftcf: Fast Auto- and Cross-Correlation Function Estimation for Irregularly-Sampled Time Series via the Non-Uniform FFT,2026-09-03T13:56:11Z,2026-09-03T13:56:11Z,astro-ph.IM,astro-ph.IM,0,0,0,,,,,,,,https://arxiv.org/abs/2609.03866v1,https://arxiv.org/pdf/2609.03866v1
0.0,0.0,low,0.0,False,True,2609.03864v1,Exact Compatibility Geometry of Three-Qubit Entanglement,2026-09-03T13:53:06Z,2026-09-03T13:53:06Z,quant-ph,quant-ph,0,0,0,,,,,,,,https://arxiv.org/abs/2609.03864v1,https://arxiv.org/pdf/2609.03864v1
0.0,0.0,low,0.0,False,True,2609.03863v1,Classification of abstract Bose field models,2026-09-03T13:52:32Z,2026-09-03T13:52:32Z,math-ph,math-ph,0,0,0,,,,,,,,https://arxiv.org/abs/2609.03863v1,https://arxiv.org/pdf/2609.03863v1
0.0,0.0,low,0.0,False,True,2609.03859v1,A catalogue of insights from the fourth LIGO-Virgo-KAGRA observing run,2026-09-03T13:50:08Z,2026-09-03T13:50:08Z,astro-ph.HE,astro-ph.HE; gr-qc,0,0,0,,,,,,,,https://arxiv.org/abs/2609.03859v1,https://arxiv.org/pdf/2609.03859v1
0.0,0.0,low,0.0,True,False,2504.01166v2,Phase transitions in temperature for intermittent maps,2025-04-01T20:09:37Z,2026-09-03T13:46:19Z,math.DS,math.DS; math-ph,0,0,0,,,,,,,,https://arxiv.org/abs/2504.01166v2,https://arxiv.org/pdf/2504.01166v2
0.0,0.0,low,0.0,False,True,2609.03850v1,Thermal Noise in Optical Coatings: A Rigorous Opto-Mechanical Comparison of Nanolaminates and Isotropic Mixtures,2026-09-03T13:43:06Z,2026-09-03T13:43:06Z,physics.optics,physics.optics,0,0,0,,,,,,,,https://arxiv.org/abs/2609.03850v1,https://arxiv.org/pdf/2609.03850v1
0.0,0.0,low,0.0,False,False,2609.03848v1,The mean-field limit of the Schrödinger-Lohe model and emergent dynamics,2026-09-03T13:41:55Z,2026-09-03T13:41:55Z,math.AP,math.AP; math-ph,0,0,0,,,,,,,,https://arxiv.org/abs/2609.03848v1,https://arxiv.org/pdf/2609.03848v1
0.0,0.0,low,0.0,False,True,2609.03841v1,The Casimir free energy of peptide films on a silicon substrate: Impact of dielectric-to-metal transition in silicon and nanoparticles in peptide,2026-09-03T13:36:39Z,2026-09-03T13:36:39Z,cond-mat.mes-hall,cond-mat.mes-hall; quant-ph,0,0,0,,,,,,,,https://arxiv.org/abs/2609.03841v1,https://arxiv.org/pdf/2609.03841v1
0.0,0.0,low,0.0,False,False,2609.03838v1,Infinite chains of perfect fits for expanding Thurston maps,2026-09-03T13:36:30Z,2026-09-03T13:36:30Z,math.DS,math.DS; math.CV; math.GT,0,0,0,,,,,,,,https://arxiv.org/abs/2609.03838v1,https://arxiv.org/pdf/2609.03838v1
0.0,0.0,low,0.0,False,False,2609.03836v1,Koszul Orlik--Solomon Algebras from Non-supersolvable Arrangements,2026-09-03T13:36:12Z,2026-09-03T13:36:12Z,math.CO,math.CO; math.AC; math.AT; math.RA,0,0,0,,,,,,,,https://arxiv.org/abs/2609.03836v1,https://arxiv.org/pdf/2609.03836v1
0.0,0.0,low,0.0,False,True,2609.03835v1,Tailoring Mechanical and Acoustic Properties of Liquid-Filled Elastomers as Reusable Ultrasound Couplants,2026-09-03T13:35:15Z,2026-09-03T13:35:15Z,cond-mat.soft,cond-mat.soft,0,0,0,,,,,,,,https://arxiv.org/abs/2609.03835v1,https://arxiv.org/pdf/2609.03835v1
0.0,0.0,low,0.0,True,True,2605.02755v2,Readout failures in superconducting qubits due to TLS-defects in tunnel junctions,2026-05-04T15:56:40Z,2026-09-03T13:31:04Z,quant-ph,quant-ph; cond-mat.mes-hall; cond-mat.supr-con,0,0,0,,,,,,,,https://arxiv.org/abs/2605.02755v2,https://arxiv.org/pdf/2605.02755v2
0.0,0.0,low,0.0,False,True,2609.03825v1,Energetic Costs of Subspace Quantum Error Correction,2026-09-03T13:25:26Z,2026-09-03T13:25:26Z,quant-ph,quant-ph,0,0,0,,,,,,,,https://arxiv.org/abs/2609.03825v1,https://arxiv.org/pdf/2609.03825v1
0.0,0.0,low,0.0,True,True,2511.18784v2,TDLight: A Framework for Incremental Light-Curve Management and Continuous Classification Optimization,2025-11-24T05:36:06Z,2026-09-03T13:23:59Z,astro-ph.IM,astro-ph.IM,0,0,0,,,,,,,,https://arxiv.org/abs/2511.18784v2,https://arxiv.org/pdf/2511.18784v2
0.0,0.0,low,0.0,False,False,2609.03822v1,Optimisation of importance sampling implementation in rare-event shielding simulations using Geant4,2026-09-03T13:23:54Z,2026-09-03T13:23:54Z,physics.ins-det,physics.ins-det; hep-ex; physics.comp-ph,0,0,0,,,,,,,,https://arxiv.org/abs/2609.03822v1,https://arxiv.org/pdf/2609.03822v1
0.0,0.0,low,0.0,False,False,2609.03821v1,Condensation and metastability in the supercritical two-species zero-range process via resolvent and $H^1$-approximation,2026-09-03T13:22:05Z,2026-09-03T13:22:05Z,math.PR,math.PR; math-ph,0,0,0,,,,,,,,https://arxiv.org/abs/2609.03821v1,https://arxiv.org/pdf/2609.03821v1
0.0,0.0,low,0.0,False,True,2609.03812v1,Probing the Geometry of Viable Froggatt-Nielsen-like Flavor Textures,2026-09-03T13:17:09Z,2026-09-03T13:17:09Z,hep-ph,hep-ph,0,0,0,,,,,,,,https://arxiv.org/abs/2609.03812v1,https://arxiv.org/pdf/2609.03812v1
0.0,0.0,low,0.0,True,True,2602.14146v2,Early-stage memory effect on the dephasing charger-mediated quantum battery,2026-02-15T13:45:45Z,2026-09-03T13:08:37Z,quant-ph,quant-ph,0,0,0,,,,,,,,https://arxiv.org/abs/2602.14146v2,https://arxiv.org/pdf/2602.14146v2
0.0,0.0,low,0.0,False,True,2609.03802v1,Quantum Query Complexity of Finding a Tarski Fixed Point on a High-Dimensional Grid,2026-09-03T13:06:12Z,2026-09-03T13:06:12Z,quant-ph,quant-ph; cs.CC; cs.DS,0,0,0,,,,,,,,https://arxiv.org/abs/2609.03802v1,https://arxiv.org/pdf/2609.03802v1
0.0,0.0,low,0.0,True,True,2604.12275v2,Interplay of strain-induced axial gauge fields and intrinsic band-topology in the magnetoelectric conductivity of gapped nodal rings,2026-04-14T04:37:45Z,2026-09-03T13:05:17Z,cond-mat.mes-hall,cond-mat.mes-hall,0,0,0,,,,,,,,https://arxiv.org/abs/2604.12275v2,https://arxiv.org/pdf/2604.12275v2
0.0,0.0,low,0.0,False,True,2609.03799v1,Fourier Analysis and Idempotents in Quandle Algebras,2026-09-03T13:03:36Z,2026-09-03T13:03:36Z,math.GT,math.GT; math.FA; math.GR; math.RA,0,0,0,,,,,,,,https://arxiv.org/abs/2609.03799v1,https://arxiv.org/pdf/2609.03799v1
0.0,0.0,low,0.0,False,True,2609.03792v1,Simultaneous measurements of enzyme propagation and biopolymer mobility elucidate the directional degradation of a dense biopolymer matrix,2026-09-03T13:01:47Z,2026-09-03T13:01:47Z,cond-mat.soft,cond-mat.soft; physics.bio-ph,0,0,0,,,,,,,,https://arxiv.org/abs/2609.03792v1,https://arxiv.org/pdf/2609.03792v1
0.0,0.0,low,0.0,False,True,2609.03791v1,Canonical Bochner-Kähler potentials via the Sasaki-Kähler correspondence,2026-09-03T13:00:49Z,2026-09-03T13:00:49Z,math.DG,math.DG; math.CV,0,0,0,,,,,,,,https://arxiv.org/abs/2609.03791v1,https://arxiv.org/pdf/2609.03791v1
0.0,0.0,low,0.0,True,True,2606.25702v2,DANTE: A Reference-Guided Unsupervised Pipeline for Extended-Transient Anomaly Characterization in LIGO O4a,2026-06-24T11:16:30Z,2026-09-03T13:00:09Z,astro-ph.IM,astro-ph.IM; gr-qc,0,0,0,,,,,,,,https://arxiv.org/abs/2606.25702v2,https://arxiv.org/pdf/2606.25702v2
0.0,0.0,low,0.0,True,True,2601.16343v3,Unambiguous randomness from a quantum state,2026-01-22T21:57:54Z,2026-09-03T13:00:04Z,quant-ph,quant-ph,0,0,0,,,,,,,,https://arxiv.org/abs/2601.16343v3,https://arxiv.org/pdf/2601.16343v3
0.0,0.0,low,0.0,False,False,2609.03783v1,Spectral properties of the magnetic Robin Laplacian on curvilinear half-plane,2026-09-03T12:57:06Z,2026-09-03T12:57:06Z,math.SP,math.SP; math-ph,0,0,0,,,,,,,,https://arxiv.org/abs/2609.03783v1,https://arxiv.org/pdf/2609.03783v1
0.0,0.0,low,0.0,False,True,2609.03779v1,Morphology of Radio Sources in Representation Space,2026-09-03T12:54:08Z,2026-09-03T12:54:08Z,astro-ph.IM,astro-ph.IM; astro-ph.GA,0,0,0,,,,,,,,https://arxiv.org/abs/2609.03779v1,https://arxiv.org/pdf/2609.03779v1
0.0,0.0,low,0.0,True,False,2608.10642v2,Classification of positive entire solutions of the CR Yamabe equation on the Heisenberg group,2026-08-11T08:29:58Z,2026-09-03T12:52:57Z,math.AP,math.AP; math.DG,0,0,0,,,,,,,,https://arxiv.org/abs/2608.10642v2,https://arxiv.org/pdf/2608.10642v2
0.0,0.0,low,0.0,False,True,2609.03778v1,Quantisation of Abstract Data Types,2026-09-03T12:51:10Z,2026-09-03T12:51:10Z,quant-ph,quant-ph; cs.PL; cs.SE,0,0,0,,,,,,,,https://arxiv.org/abs/2609.03778v1,https://arxiv.org/pdf/2609.03778v1
0.0,0.0,low,0.0,True,True,2502.10523v35,Quantum Mechanics as a Reversible Diffusion Theory,2025-02-14T19:39:06Z,2026-09-03T12:45:32Z,quant-ph,quant-ph,0,0,0,,,,,,,,https://arxiv.org/abs/2502.10523v35,https://arxiv.org/pdf/2502.10523v35
0.0,0.0,low,0.0,True,True,2604.25798v2,Finite-time transitions in optimal control and non-equilibrium relaxation,2026-04-28T16:08:29Z,2026-09-03T12:45:03Z,cond-mat.stat-mech,cond-mat.stat-mech,0,0,0,,,,,,,,https://arxiv.org/abs/2604.25798v2,https://arxiv.org/pdf/2604.25798v2
0.0,0.0,low,0.0,False,True,2609.03769v1,Metricity of separable quantum optimal transport with the Hilbert-Schmidt cost,2026-09-03T12:36:28Z,2026-09-03T12:36:28Z,quant-ph,quant-ph; math-ph,0,0,0,,,,,,,,https://arxiv.org/abs/2609.03769v1,https://arxiv.org/pdf/2609.03769v1
0.0,0.0,low,0.0,False,True,2609.03764v1,3D scattered light imaging: extracting 3D fiber orientations from 1D line profiles in brain imaging,2026-09-03T12:30:12Z,2026-09-03T12:30:12Z,physics.optics,physics.optics; physics.med-ph,0,0,0,,,,,,,,https://arxiv.org/abs/2609.03764v1,https://arxiv.org/pdf/2609.03764v1
0.0,0.0,low,0.0,False,False,2609.03759v1,Disk survey in the Serpens star-forming region: Environmental effects in nearby star-forming regions,2026-09-03T12:27:17Z,2026-09-03T12:27:17Z,astro-ph.EP,astro-ph.EP; astro-ph.GA; astro-ph.SR,0,0,0,,,,,,,,https://arxiv.org/abs/2609.03759v1,https://arxiv.org/pdf/2609.03759v1
0.0,0.0,low,0.0,True,True,2602.21886v2,Analysis of the action of conventional trapped-ion entangling gates in qudit space,2026-02-25T13:08:30Z,2026-09-03T12:18:22Z,quant-ph,quant-ph; physics.atom-ph,0,0,0,,,,,,,,https://arxiv.org/abs/2602.21886v2,https://arxiv.org/pdf/2602.21886v2
0.0,0.0,low,0.0,True,True,2605.30304v2,Analytical model for structured light propagation through a turbulent atmosphere,2026-05-28T17:47:23Z,2026-09-03T12:12:36Z,quant-ph,quant-ph; physics.optics,0,0,0,,,,,,,,https://arxiv.org/abs/2605.30304v2,https://arxiv.org/pdf/2605.30304v2
0.0,0.0,low,0.0,False,True,2609.01178v2,Reaching the optical propagation limit in temporal analog computing,2026-09-01T12:51:54Z,2026-09-03T12:11:04Z,physics.optics,physics.optics,0,0,0,,,,,,,,https://arxiv.org/abs/2609.01178v2,https://arxiv.org/pdf/2609.01178v2
0.0,0.0,low,0.0,False,True,2609.03739v1,Rigidity and volume pinching for the sharp gradient estimate in positive Ricci curvature,2026-09-03T12:10:38Z,2026-09-03T12:10:38Z,math.DG,math.DG; math.AP,0,0,0,,,,,,,,https://arxiv.org/abs/2609.03739v1,https://arxiv.org/pdf/2609.03739v1
0.0,0.0,low,0.0,False,True,2609.03732v1,Not All Resonances Are Created Equal: Prioritizing Tidal Resonances in EMRIs,2026-09-03T12:02:42Z,2026-09-03T12:02:42Z,gr-qc,gr-qc,0,0,0,,,,,,,,https://arxiv.org/abs/2609.03732v1,https://arxiv.org/pdf/2609.03732v1
0.0,0.0,low,0.0,True,True,2607.05990v3,Separating energy scales in hadron scattering,2026-07-07T08:21:49Z,2026-09-03T11:57:36Z,hep-ph,hep-ph; hep-ex,0,0,0,,,,,,,,https://arxiv.org/abs/2607.05990v3,https://arxiv.org/pdf/2607.05990v3
0.0,0.0,low,0.0,True,True,2608.25027v2,Real-time decoder for a MegaQuOp quantum computer using a single CPU,2026-08-25T18:15:58Z,2026-09-03T11:57:28Z,quant-ph,quant-ph,0,0,0,,,,,,,,https://arxiv.org/abs/2608.25027v2,https://arxiv.org/pdf/2608.25027v2
0.0,0.0,low,0.0,False,True,2609.03723v1,Continuity of the renormalised volume between Epstein surfaces with respect to the Weil--Petersson topology,2026-09-03T11:54:52Z,2026-09-03T11:54:52Z,math.DG,math.DG,0,0,0,,,,,,,,https://arxiv.org/abs/2609.03723v1,https://arxiv.org/pdf/2609.03723v1
0.0,0.0,low,0.0,False,True,2609.03711v1,Chern's Conjecture with Constant Cubic Trace,2026-09-03T11:47:28Z,2026-09-03T11:47:28Z,math.DG,math.DG,0,0,0,,,,,,,,https://arxiv.org/abs/2609.03711v1,https://arxiv.org/pdf/2609.03711v1
0.0,0.0,low,0.0,False,True,2609.03710v1,New scaling relations from MESA models for mass and radius of subgiant stars: application to Kepler targets,2026-09-03T11:46:54Z,2026-09-03T11:46:54Z,astro-ph.SR,astro-ph.SR,0,0,0,,,,,,,,https://arxiv.org/abs/2609.03710v1,https://arxiv.org/pdf/2609.03710v1
0.0,0.0,low,0.0,True,True,2601.01817v4,First Observation of $D^{0(+)}\to \bar Kωe^+ν_e$ and Determination of the Branching Fraction of $\bar K_1(1270)\to \bar K ω$,2026-01-05T06:02:08Z,2026-09-03T11:44:37Z,hep-ex,hep-ex,0,0,0,,,,,,,,https://arxiv.org/abs/2601.01817v4,https://arxiv.org/pdf/2601.01817v4
0.0,0.0,low,0.0,False,True,2609.03706v1,Q-Edge: Symmetry-Reduced Quantum Simulation of Structured Extreme Dependence,2026-09-03T11:43:52Z,2026-09-03T11:43:52Z,quant-ph,quant-ph; stat.ML,0,0,0,,,,,,,,https://arxiv.org/abs/2609.03706v1,https://arxiv.org/pdf/2609.03706v1
0.0,0.0,low,0.0,True,True,2412.16959v2,Naturality of ${\rm SL}_n$ quantum trace maps for surfaces,2024-12-22T10:39:49Z,2026-09-03T11:41:42Z,math.QA,math.QA,0,0,0,,,,,,,,https://arxiv.org/abs/2412.16959v2,https://arxiv.org/pdf/2412.16959v2
0.0,0.0,low,0.0,False,True,2609.03703v1,Fractalizing spacetime: Floquet codes with fractonic excitations that are immobile in space and time,2026-09-03T11:41:21Z,2026-09-03T11:41:21Z,quant-ph,quant-ph; cond-mat.str-el,0,0,0,,,,,,,,https://arxiv.org/abs/2609.03703v1,https://arxiv.org/pdf/2609.03703v1
0.0,0.0,low,0.0,False,False,2609.03691v1,Modeling Tissue Detachment and Rupture Using an Extended Vertex Model with T2-inverse Transitions,2026-09-03T11:28:53Z,2026-09-03T11:28:53Z,q-bio.CB,q-bio.CB; cond-mat.soft; physics.bio-ph,0,0,0,,,,,,,,https://arxiv.org/abs/2609.03691v1,https://arxiv.org/pdf/2609.03691v1
0.0,0.0,low,0.0,False,True,2609.03684v1,Hidden Magnetic Octupolar Order driven by Spin-Orbit coupling in KFeF$_3$,2026-09-03T11:20:51Z,2026-09-03T11:20:51Z,cond-mat.str-el,cond-mat.str-el,0,0,0,,,,,,,,https://arxiv.org/abs/2609.03684v1,https://arxiv.org/pdf/2609.03684v1
0.0,0.0,low,0.0,False,True,2609.03676v1,Quadratic Scalar Curvature Decay and Uniform Positivity in Dimensions Four through Seven,2026-09-03T11:14:40Z,2026-09-03T11:14:40Z,math.DG,math.DG,0,0,0,,,,,,,,https://arxiv.org/abs/2609.03676v1,https://arxiv.org/pdf/2609.03676v1
0.0,0.0,low,0.0,True,True,2603.21283v4,"A Quantum Encoding of Traveling Salesperson Tours via Route Generation, Cost Phases, and a Reversible Valid-Permutation Oracle",2026-03-22T15:15:28Z,2026-09-03T11:09:59Z,quant-ph,quant-ph; math.CO,0,0,0,,,,,,,,https://arxiv.org/abs/2603.21283v4,https://arxiv.org/pdf/2603.21283v4
0.0,0.0,low,0.0,True,False,2511.12637v2,Universalities in the Avalanche Dynamics of Novelties and Non-Novelties and some Notes on the Heaps law,2025-11-16T15:07:48Z,2026-09-03T11:00:09Z,physics.soc-ph,physics.soc-ph; cond-mat.stat-mech; physics.data-an,0,0,0,,,,,,,,https://arxiv.org/abs/2511.12637v2,https://arxiv.org/pdf/2511.12637v2
0.0,0.0,low,0.0,False,True,2609.03656v1,Finite-temperature mass gap and quench dynamics of mobile impurities in a Fermi gas,2026-09-03T10:54:21Z,2026-09-03T10:54:21Z,cond-mat.quant-gas,cond-mat.quant-gas,0,0,0,,,,,,,,https://arxiv.org/abs/2609.03656v1,https://arxiv.org/pdf/2609.03656v1
0.0,0.0,low,0.0,True,True,2606.04837v2,Maximal Minimal Spacing for Random Points,2026-06-03T13:07:41Z,2026-09-03T10:47:36Z,math-ph,math-ph; cond-mat.stat-mech; math.PR,0,0,0,,,,,,,,https://arxiv.org/abs/2606.04837v2,https://arxiv.org/pdf/2606.04837v2
0.0,0.0,low,0.0,False,True,2609.03638v1,Entanglement dynamics of accelerated atoms with environment-induced interactions,2026-09-03T10:38:57Z,2026-09-03T10:38:57Z,quant-ph,quant-ph,0,0,0,,,,,,,,https://arxiv.org/abs/2609.03638v1,https://arxiv.org/pdf/2609.03638v1
0.0,0.0,low,0.0,False,True,2609.03636v1,Measurement of the forward angle $^{12}$C+$^{12}$C fragmentation differential cross sections at 62 MeV/nucleon,2026-09-03T10:37:05Z,2026-09-03T10:37:05Z,nucl-ex,nucl-ex,0,0,0,,,,,,,,https://arxiv.org/abs/2609.03636v1,https://arxiv.org/pdf/2609.03636v1
0.0,0.0,low,0.0,True,True,2507.09771v3,Primitive stability and the Q-conditions for the rank two free group in hyperbolic d-space,2025-07-13T19:56:17Z,2026-09-03T10:26:50Z,math.GT,math.GT,0,0,0,,,,,,,,https://arxiv.org/abs/2507.09771v3,https://arxiv.org/pdf/2507.09771v3
0.0,0.0,low,0.0,False,False,2609.03628v1,Random Garbage Separates XOR from Forward-Only Queries,2026-09-03T10:18:04Z,2026-09-03T10:18:04Z,cs.CC,cs.CC; quant-ph,0,0,0,,,,,,,,https://arxiv.org/abs/2609.03628v1,https://arxiv.org/pdf/2609.03628v1
0.0,0.0,low,0.0,True,False,2511.07316v3,Graphical Scattering Equations,2025-11-10T17:18:28Z,2026-09-03T10:07:47Z,math.CO,math.CO; hep-th; math.AC,0,0,0,,,,,,,,https://arxiv.org/abs/2511.07316v3,https://arxiv.org/pdf/2511.07316v3
0.0,0.0,low,0.0,False,False,2609.03618v1,Spectral properties of deterministic matrices multiplied by rotationally invariant random non-Hermitian ensembles,2026-09-03T10:03:05Z,2026-09-03T10:03:05Z,cond-mat.dis-nn,cond-mat.dis-nn; math-ph; math.PR,0,0,0,,,,,,,,https://arxiv.org/abs/2609.03618v1,https://arxiv.org/pdf/2609.03618v1
0.0,0.0,low,0.0,False,True,2609.03609v1,KM3NeT/ARCA stacking search for high-energy neutrino point sources: the case of ultra-luminous infrared galaxies and blazars,2026-09-03T09:55:50Z,2026-09-03T09:55:50Z,astro-ph.HE,astro-ph.HE,0,0,0,,,,,,,,https://arxiv.org/abs/2609.03609v1,https://arxiv.org/pdf/2609.03609v1
0.0,0.0,low,0.0,False,True,2609.03608v1,C3PO: A Lyα Emitting Galaxy at $z \sim 9$,2026-09-03T09:55:42Z,2026-09-03T09:55:42Z,astro-ph.GA,astro-ph.GA,0,0,0,,,,,,,,https://arxiv.org/abs/2609.03608v1,https://arxiv.org/pdf/2609.03608v1
0.0,0.0,low,0.0,False,True,2609.03606v1,Frenkel line of Yukawa fluids within the self-consistent relaxation theory,2026-09-03T09:52:44Z,2026-09-03T09:52:44Z,cond-mat.stat-mech,cond-mat.stat-mech; cond-mat.mtrl-sci; physics.chem-ph; physics.comp-ph; physics.plasm-ph,0,0,0,,,,,,,,https://arxiv.org/abs/2609.03606v1,https://arxiv.org/pdf/2609.03606v1
0.0,0.0,low,0.0,True,True,2608.30240v2,Spin-dependent fermion potentials from mixed tensor couplings of massive spin-1 and spin-2 bosons,2026-08-31T04:51:07Z,2026-09-03T09:52:40Z,hep-ph,hep-ph; nucl-th; physics.atom-ph,0,0,0,,,,,,,,https://arxiv.org/abs/2608.30240v2,https://arxiv.org/pdf/2608.30240v2
0.0,0.0,low,0.0,True,True,2607.13512v3,Basis-Independent Coherence Dynamics of Tripartite States under Pure Dephasing,2026-07-15T07:05:41Z,2026-09-03T09:52:35Z,quant-ph,quant-ph,0,0,0,,,,,,,,https://arxiv.org/abs/2607.13512v3,https://arxiv.org/pdf/2607.13512v3
0.0,0.0,low,0.0,True,False,2607.20058v2,Reading and Steering Representations of Materials-Science Mechanisms in an Open-Weight Language Model,2026-07-22T12:02:49Z,2026-09-03T09:52:08Z,cs.AI,cs.AI; cond-mat.mes-hall; cond-mat.mtrl-sci; cs.CL,0,0,0,,,,,,,,https://arxiv.org/abs/2607.20058v2,https://arxiv.org/pdf/2607.20058v2
0.0,0.0,low,0.0,False,True,2609.03593v1,New Homogeneous Einstein Metrics from Detection,2026-09-03T09:42:38Z,2026-09-03T09:42:38Z,math.DG,math.DG,0,0,0,,,,,,,,https://arxiv.org/abs/2609.03593v1,https://arxiv.org/pdf/2609.03593v1
0.0,0.0,low,0.0,True,True,2602.14025v3,Semiclassical Phase-Space Dynamics of Emitter Ensembles with Local Dissipation,2026-02-15T07:12:03Z,2026-09-03T09:33:24Z,quant-ph,quant-ph,0,0,0,,,,,,,,https://arxiv.org/abs/2602.14025v3,https://arxiv.org/pdf/2602.14025v3
0.0,0.0,low,0.0,True,True,2604.14931v2,Learning to Concatenate Quantum Codes,2026-04-16T12:20:21Z,2026-09-03T09:31:47Z,quant-ph,quant-ph; cs.LG,0,0,0,,,,,,,,https://arxiv.org/abs/2604.14931v2,https://arxiv.org/pdf/2604.14931v2
0.0,0.0,low,0.0,False,True,2609.03583v1,"Optimizing Atom Transport, Gate-Count and Depth with Parity Twine",2026-09-03T09:31:16Z,2026-09-03T09:31:16Z,quant-ph,quant-ph,0,0,0,,,,,,,,https://arxiv.org/abs/2609.03583v1,https://arxiv.org/pdf/2609.03583v1
0.0,0.0,low,0.0,True,True,2504.00590v2,A linear rotor trapped and coupled to the vibrational modes of an ion crystal,2025-04-01T09:48:15Z,2026-09-03T09:28:48Z,quant-ph,quant-ph; physics.atom-ph,0,0,0,,,,,,,,https://arxiv.org/abs/2504.00590v2,https://arxiv.org/pdf/2504.00590v2
0.0,0.0,low,0.0,True,True,2604.23020v2,The large-mass limit of interacting quantum gases in the continuum,2026-04-24T21:17:55Z,2026-09-03T09:26:24Z,math-ph,math-ph; math.PR,0,0,0,,,,,,,,https://arxiv.org/abs/2604.23020v2,https://arxiv.org/pdf/2604.23020v2
0.0,0.0,low,0.0,False,False,2609.03575v1,Trans-Neptunian Object dynamics even better explained by a stellar flyby after 4.5 Gyr of evolution,2026-09-03T09:26:00Z,2026-09-03T09:26:00Z,astro-ph.EP,astro-ph.EP; astro-ph.GA; astro-ph.SR,0,0,0,,,,,,,,https://arxiv.org/abs/2609.03575v1,https://arxiv.org/pdf/2609.03575v1
0.0,0.0,low,0.0,False,True,2609.03571v1,Heterogeneous collapse in thermoresponsive copolymer microgels varying molar composition,2026-09-03T09:21:18Z,2026-09-03T09:21:18Z,cond-mat.soft,cond-mat.soft,0,0,0,,,,,,,,https://arxiv.org/abs/2609.03571v1,https://arxiv.org/pdf/2609.03571v1
0.0,0.0,low,0.0,False,False,2609.03568v1,Effect of stellar spot-only spectral lines in high-resolution transit spectroscopy,2026-09-03T09:14:58Z,2026-09-03T09:14:58Z,astro-ph.EP,astro-ph.EP; astro-ph.IM,0,0,0,,,,,,,,https://arxiv.org/abs/2609.03568v1,https://arxiv.org/pdf/2609.03568v1
0.0,0.0,low,0.0,True,True,2608.02640v2,SU3HOB-ladder: a Fortran package for harmonic-oscillator brackets in the SU(3) basis from pseudo-spin ladder operators,2026-07-31T13:32:35Z,2026-09-03T09:01:07Z,nucl-th,nucl-th; physics.comp-ph,0,0,0,,,,,,,,https://arxiv.org/abs/2608.02640v2,https://arxiv.org/pdf/2608.02640v2
0.0,0.0,low,0.0,False,True,2609.03560v1,Sample-specific rectification-like response in a boundary-driven exclusion process,2026-09-03T09:00:20Z,2026-09-03T09:00:20Z,cond-mat.stat-mech,cond-mat.stat-mech; cond-mat.dis-nn,0,0,0,,,,,,,,https://arxiv.org/abs/2609.03560v1,https://arxiv.org/pdf/2609.03560v1
0.0,0.0,low,0.0,True,True,2606.09324v2,Electromagnetic form factors of the $\mathbfΩ$ baryon: space-like structure and time-like extrapolation,2026-06-08T10:41:05Z,2026-09-03T09:00:11Z,hep-ph,hep-ph; hep-ex; hep-lat; nucl-ex; nucl-th,0,0,0,,,,,,,,https://arxiv.org/abs/2606.09324v2,https://arxiv.org/pdf/2606.09324v2
0.0,0.0,low,0.0,False,False,2609.03556v1,An Effective SPDE Model for a Schrödinger Equation with a Fluctuating Magnetic Potential,2026-09-03T08:57:36Z,2026-09-03T08:57:36Z,math.PR,math.PR; math-ph; math.AP,0,0,0,,,,,,,,https://arxiv.org/abs/2609.03556v1,https://arxiv.org/pdf/2609.03556v1
0.0,0.0,low,0.0,False,True,2609.03551v1,Enhancing noise robustness in device-independent conference key agreement with asymmetric parity-CHSH inequalities,2026-09-03T08:52:52Z,2026-09-03T08:52:52Z,quant-ph,quant-ph,0,0,0,,,,,,,,https://arxiv.org/abs/2609.03551v1,https://arxiv.org/pdf/2609.03551v1
0.0,0.0,low,0.0,False,True,2609.03543v1,Pulse-Controlled Topologically Protected Quantum Batteries,2026-09-03T08:42:58Z,2026-09-03T08:42:58Z,quant-ph,quant-ph,0,0,0,,,,,,,,https://arxiv.org/abs/2609.03543v1,https://arxiv.org/pdf/2609.03543v1
0.0,0.0,low,0.0,False,True,2609.03542v1,"Heralded one-, two- and three-photon states from waveguided parametric down-conversion",2026-09-03T08:42:39Z,2026-09-03T08:42:39Z,quant-ph,quant-ph,0,0,0,,,,,,,,https://arxiv.org/abs/2609.03542v1,https://arxiv.org/pdf/2609.03542v1
0.0,0.0,low,0.0,False,False,2609.03541v1,BU-MBAR: A hybrid solution strategy for the MBAR equations,2026-09-03T08:41:31Z,2026-09-03T08:41:31Z,physics.comp-ph,physics.comp-ph; cond-mat.soft; cond-mat.stat-mech; physics.chem-ph,0,0,0,,,,,,,,https://arxiv.org/abs/2609.03541v1,https://arxiv.org/pdf/2609.03541v1
0.0,0.0,low,0.0,False,True,2609.03540v1,Near-surface colloidal dynamics in jammed and slipping microgel suspensions,2026-09-03T08:40:42Z,2026-09-03T08:40:42Z,cond-mat.soft,cond-mat.soft,0,0,0,,,,,,,,https://arxiv.org/abs/2609.03540v1,https://arxiv.org/pdf/2609.03540v1
0.0,0.0,low,0.0,False,True,2609.03539v1,Formation and interaction of two-dimensional electron-acoustic solitons and breathers in superthermal plasmas,2026-09-03T08:40:32Z,2026-09-03T08:40:32Z,physics.plasm-ph,physics.plasm-ph; math-ph,0,0,0,,,,,,,,https://arxiv.org/abs/2609.03539v1,https://arxiv.org/pdf/2609.03539v1
0.0,0.0,low,0.0,False,False,2609.03532v1,Airy limit for the Jack process and topological expansion,2026-09-03T08:31:18Z,2026-09-03T08:31:18Z,math.PR,math.PR; math-ph; math.AG; math.CO,0,0,0,,,,,,,,https://arxiv.org/abs/2609.03532v1,https://arxiv.org/pdf/2609.03532v1
0.0,0.0,low,0.0,True,True,2510.05232v2,MEGATRON: how the first stars can create an iron metallicity plateau in the smallest dwarf galaxies,2025-10-06T18:01:13Z,2026-09-03T08:18:14Z,astro-ph.GA,astro-ph.GA; astro-ph.CO,0,0,0,,,,,,,,https://arxiv.org/abs/2510.05232v2,https://arxiv.org/pdf/2510.05232v2
0.0,0.0,low,0.0,False,True,2609.03513v1,Competing lattice structures induced by Sn substitution in CsV$_3$Sb$_5$,2026-09-03T08:13:03Z,2026-09-03T08:13:03Z,cond-mat.str-el,cond-mat.str-el; cond-mat.mtrl-sci,0,0,0,,,,,,,,https://arxiv.org/abs/2609.03513v1,https://arxiv.org/pdf/2609.03513v1
0.0,0.0,low,0.0,False,True,2609.03509v1,A conservative coupling method of sharp-interface and multi-species model for compressible reacting gas-liquid flows with phase change,2026-09-03T08:09:02Z,2026-09-03T08:09:02Z,physics.flu-dyn,physics.flu-dyn; physics.comp-ph,0,0,0,,,,,,,,https://arxiv.org/abs/2609.03509v1,https://arxiv.org/pdf/2609.03509v1
0.0,0.0,low,0.0,False,True,2609.03499v1,A Practical Partial-Wave Method for Identifying Unstable Light Nucleus Resonances in Heavy-Ion Collisions,2026-09-03T08:02:53Z,2026-09-03T08:02:53Z,nucl-th,nucl-th; hep-ph,0,0,0,,,,,,,,https://arxiv.org/abs/2609.03499v1,https://arxiv.org/pdf/2609.03499v1
0.0,0.0,low,0.0,False,True,2609.03496v1,Topology-Dependent Enhancement of Entanglement Extraction in Repeater Graph States,2026-09-03T08:00:55Z,2026-09-03T08:00:55Z,quant-ph,quant-ph,0,0,0,,,,,,,,https://arxiv.org/abs/2609.03496v1,https://arxiv.org/pdf/2609.03496v1
0.0,0.0,low,0.0,False,True,2609.03491v1,Weakly Driven and Finite Detuning Boundary Time Crystals Enabled by Low-Dissipation Dynamical Channels,2026-09-03T07:49:18Z,2026-09-03T07:49:18Z,quant-ph,quant-ph,0,0,0,,,,,,,,https://arxiv.org/abs/2609.03491v1,https://arxiv.org/pdf/2609.03491v1
0.0,0.0,low,0.0,False,True,2609.03485v1,"Such stuff as magic is made on: compact operator algebra, stabilizer polytope and the structure of reduced density matrices in a Kitaev spin liquid",2026-09-03T07:44:08Z,2026-09-03T07:44:08Z,cond-mat.str-el,cond-mat.str-el; quant-ph,0,0,0,,,,,,,,https://arxiv.org/abs/2609.03485v1,https://arxiv.org/pdf/2609.03485v1
0.0,0.0,low,0.0,True,False,2511.01189v2,Parametric equivariant Oka principle,2025-11-03T03:30:03Z,2026-09-03T07:37:17Z,math.CV,math.CV; math.AG; math.AT; math.RT,0,0,0,,,,,,,,https://arxiv.org/abs/2511.01189v2,https://arxiv.org/pdf/2511.01189v2
0.0,0.0,low,0.0,True,True,2504.12754v4,Consecutive Measurement Tradeoffs in Quantum Cryptography,2025-04-17T08:47:29Z,2026-09-03T07:32:53Z,quant-ph,quant-ph,0,0,0,,,,,,,,https://arxiv.org/abs/2504.12754v4,https://arxiv.org/pdf/2504.12754v4
0.0,0.0,low,0.0,False,True,2609.03473v1,Granular Rods Fall Faster in Denser Obstacle Fields,2026-09-03T07:29:58Z,2026-09-03T07:29:58Z,cond-mat.soft,cond-mat.soft; cond-mat.stat-mech; physics.flu-dyn,0,0,0,,,,,,,,https://arxiv.org/abs/2609.03473v1,https://arxiv.org/pdf/2609.03473v1
0.0,0.0,low,0.0,False,True,2609.03462v1,Study of $K_{S}^{0}$-$K_{L}^{0}$ asymmetry in the decays $D^0 \to K_{S}^{0}ω$ and $D^0 \to K_{L}^{0} ω$,2026-09-03T07:19:32Z,2026-09-03T07:19:32Z,hep-ex,hep-ex,0,0,0,,,,,,,,https://arxiv.org/abs/2609.03462v1,https://arxiv.org/pdf/2609.03462v1
0.0,0.0,low,0.0,True,True,2607.17236v2,Rigidity of positive mass theorem with fast metric decay,2026-07-19T13:00:33Z,2026-09-03T07:18:08Z,math.DG,math.DG,0,0,0,,,,,,,,https://arxiv.org/abs/2607.17236v2,https://arxiv.org/pdf/2607.17236v2
0.0,0.0,low,0.0,False,True,2609.03458v1,Magnetic Fields in Massive Star-forming Regions (MagMaR). XII. Radiative Torque Alignment and Disruption in NGC6334I,2026-09-03T07:16:45Z,2026-09-03T07:16:45Z,astro-ph.GA,astro-ph.GA,0,0,0,,,,,,,,https://arxiv.org/abs/2609.03458v1,https://arxiv.org/pdf/2609.03458v1
0.0,0.0,low,0.0,False,True,2609.03452v1,Gamma-Ray Bursts and Optical Brightness: Insights from Swift Satellite,2026-09-03T07:06:53Z,2026-09-03T07:06:53Z,astro-ph.HE,astro-ph.HE; astro-ph.IM,0,0,0,,,,,,,,https://arxiv.org/abs/2609.03452v1,https://arxiv.org/pdf/2609.03452v1
0.0,0.0,low,0.0,False,False,2609.03449v1,The Lie group-Lie algebra correspondence in tangent categories,2026-09-03T07:05:33Z,2026-09-03T07:05:33Z,math.CT,math.CT; math.AG; math.DG,0,0,0,,,,,,,,https://arxiv.org/abs/2609.03449v1,https://arxiv.org/pdf/2609.03449v1
0.0,0.0,low,0.0,False,True,2609.03435v1,The Jet Properties and Accretion Regime for the Blazar Sequence,2026-09-03T06:46:00Z,2026-09-03T06:46:00Z,astro-ph.HE,astro-ph.HE,0,0,0,,,,,,,,https://arxiv.org/abs/2609.03435v1,https://arxiv.org/pdf/2609.03435v1
0.0,0.0,low,0.0,False,True,2609.03433v1,Universal scaling of fluctuations and correlations across the superfluid transition,2026-09-03T06:44:45Z,2026-09-03T06:44:45Z,cond-mat.quant-gas,cond-mat.quant-gas; cond-mat.stat-mech; physics.atom-ph,0,0,0,,,,,,,,https://arxiv.org/abs/2609.03433v1,https://arxiv.org/pdf/2609.03433v1
0.0,0.0,low,0.0,False,True,2609.03431v1,Constraints on mu-variations from the methanol CH3OH thermal lines in the Galaxy at galactocentric distances of 1.5 < D_GC < 13 kpc,2026-09-03T06:43:44Z,2026-09-03T06:43:44Z,astro-ph.GA,astro-ph.GA; hep-ex,0,0,0,,,,,,,,https://arxiv.org/abs/2609.03431v1,https://arxiv.org/pdf/2609.03431v1
0.0,0.0,low,0.0,True,True,2512.00820v3,An approach to study the adiabaticity and irreversibility in the TDHO,2025-11-30T10:01:47Z,2026-09-03T06:38:31Z,quant-ph,quant-ph,0,0,0,,,,,,,,https://arxiv.org/abs/2512.00820v3,https://arxiv.org/pdf/2512.00820v3
0.0,0.0,low,0.0,True,True,2512.24422v2,OmniCosmos: Transferring Particle Physics Knowledge Across the Cosmos,2025-12-30T19:01:14Z,2026-09-03T06:37:14Z,astro-ph.CO,astro-ph.CO; astro-ph.IM; hep-ph,0,0,0,,,,,,,,https://arxiv.org/abs/2512.24422v2,https://arxiv.org/pdf/2512.24422v2
0.0,0.0,low,0.0,True,True,2604.23915v3,Improved global stability bounds for two-dimensional plane Poiseuille flow,2026-04-26T23:59:27Z,2026-09-03T06:29:41Z,physics.flu-dyn,physics.flu-dyn; math.DS; math.OC,0,0,0,,,,,,,,https://arxiv.org/abs/2604.23915v3,https://arxiv.org/pdf/2604.23915v3
0.0,0.0,low,0.0,False,True,2609.03424v1,Catenoid-sharp index-topology estimates for minimal hypersurfaces,2026-09-03T06:28:43Z,2026-09-03T06:28:43Z,math.DG,math.DG; math.AP,0,0,0,,,,,,,,https://arxiv.org/abs/2609.03424v1,https://arxiv.org/pdf/2609.03424v1
0.0,0.0,low,0.0,True,True,2505.17709v2,Near-Unity Charge Readout in a Nonlinear Resonator without Matching,2025-05-23T10:26:39Z,2026-09-03T06:28:07Z,cond-mat.mes-hall,cond-mat.mes-hall; cond-mat.supr-con; physics.ins-det,0,0,0,,,,,,,,https://arxiv.org/abs/2505.17709v2,https://arxiv.org/pdf/2505.17709v2
0.0,0.0,low,0.0,False,True,2609.03419v1,In defence of the Ehrenfest mean-field molecular dynamics,2026-09-03T06:26:52Z,2026-09-03T06:26:52Z,quant-ph,quant-ph,0,0,0,,,,,,,,https://arxiv.org/abs/2609.03419v1,https://arxiv.org/pdf/2609.03419v1
0.0,0.0,low,0.0,False,True,2609.04285v1,On The Rational Realization of Even-dimensional Spheres and Products of Eilenberg--MacLane Spaces as Classifying Spaces,2026-09-03T06:09:47Z,2026-09-03T06:09:47Z,math.AT,math.AT,0,0,0,,,,,,,,https://arxiv.org/abs/2609.04285v1,https://arxiv.org/pdf/2609.04285v1
0.0,0.0,low,0.0,False,True,2609.03393v1,Solutions for neutron stars in General Relativity from a complexity structure scalar boundary condition,2026-09-03T05:50:56Z,2026-09-03T05:50:56Z,gr-qc,gr-qc; math-ph,0,0,0,,,,,,,,https://arxiv.org/abs/2609.03393v1,https://arxiv.org/pdf/2609.03393v1
0.0,0.0,low,0.0,False,True,2609.03375v1,Generalized Telescope Conjecture,2026-09-03T05:16:21Z,2026-09-03T05:16:21Z,math.AT,math.AT; math.AG; math.CT,0,0,0,,,,,,,,https://arxiv.org/abs/2609.03375v1,https://arxiv.org/pdf/2609.03375v1
0.0,0.0,low,0.0,False,True,2609.04284v1,Every Closed Oriented Surface of Positive Genus Is Loewner,2026-09-03T05:06:33Z,2026-09-03T05:06:33Z,math.DG,math.DG,0,0,0,,,,,,,,https://arxiv.org/abs/2609.04284v1,https://arxiv.org/pdf/2609.04284v1
0.0,0.0,low,0.0,False,True,2609.03374v1,Night-sky emission correction techniques for high-resolution spectroscopy: Demonstration with NIRPS,2026-09-03T05:05:15Z,2026-09-03T05:05:15Z,astro-ph.IM,astro-ph.IM,0,0,0,,,,,,,,https://arxiv.org/abs/2609.03374v1,https://arxiv.org/pdf/2609.03374v1
0.0,0.0,low,0.0,False,True,2609.03373v1,3.5-meter Segmented-Mirror Robotic Space Telescope Mission White Paper V. Key Scientific Mission: Compact-Object Time-Domain Science,2026-09-03T05:04:50Z,2026-09-03T05:04:50Z,astro-ph.IM,astro-ph.IM,0,0,0,,,,,,,,https://arxiv.org/abs/2609.03373v1,https://arxiv.org/pdf/2609.03373v1
0.0,0.0,low,0.0,False,True,2609.03371v1,3.5-meter Segmented-Mirror Robotic Space Telescope Mission White Paper IV. Key Scientific Mission: Solar-System Small Bodies and Planetary Defense,2026-09-03T05:01:15Z,2026-09-03T05:01:15Z,astro-ph.IM,astro-ph.IM,0,0,0,,,,,,,,https://arxiv.org/abs/2609.03371v1,https://arxiv.org/pdf/2609.03371v1
0.0,0.0,low,0.0,False,True,2609.03368v1,"Leading-Neutron Electroproduction at HERA and the EIC: Sullivan Process, Target Fragmentation, and Pion PDFs",2026-09-03T04:52:48Z,2026-09-03T04:52:48Z,hep-ph,hep-ph; hep-ex; nucl-ex,0,0,0,,,,,,,,https://arxiv.org/abs/2609.03368v1,https://arxiv.org/pdf/2609.03368v1
0.0,0.0,low,0.0,True,True,2604.11046v2,Sensitivity of Neutron Star Observables to Transition Density in Hybrid Equation-of-State Models,2026-04-13T06:22:40Z,2026-09-03T04:39:25Z,nucl-th,nucl-th; astro-ph.HE; astro-ph.SR; gr-qc; hep-ph,0,0,0,,,,,,,,https://arxiv.org/abs/2604.11046v2,https://arxiv.org/pdf/2604.11046v2
0.0,0.0,low,0.0,True,True,2607.21248v3,Tailoring optical Schrödinger cat states via orientation-dependent high-harmonic generation in $\rm{H}_2^+$,2026-07-23T12:17:16Z,2026-09-03T04:21:07Z,quant-ph,quant-ph; physics.atom-ph; physics.comp-ph; physics.optics,0,0,0,,,,,,,,https://arxiv.org/abs/2607.21248v3,https://arxiv.org/pdf/2607.21248v3
0.0,0.0,low,0.0,True,True,2512.07140v2,A unified model of active repeating fast radio bursts associated with persistent radio sources,2025-12-08T03:44:42Z,2026-09-03T04:06:36Z,astro-ph.HE,astro-ph.HE,0,0,0,,,,,,,,https://arxiv.org/abs/2512.07140v2,https://arxiv.org/pdf/2512.07140v2
0.0,0.0,low,0.0,True,True,2412.05400v3,Constraining the origin of magnetic white dwarfs,2024-12-06T19:54:27Z,2026-09-03T04:03:38Z,astro-ph.SR,astro-ph.SR; astro-ph.HE; cond-mat.other; physics.plasm-ph,0,0,0,,,,,,,,https://arxiv.org/abs/2412.05400v3,https://arxiv.org/pdf/2412.05400v3
0.0,0.0,low,0.0,True,True,2608.24543v2,Quantum Change Interval: Exact Asymptotics for Minimum Error Localization,2026-08-25T13:30:26Z,2026-09-03T03:58:38Z,quant-ph,quant-ph,0,0,0,,,,,,,,https://arxiv.org/abs/2608.24543v2,https://arxiv.org/pdf/2608.24543v2
0.0,0.0,low,0.0,False,True,2609.03333v1,Redesigning quantum theory,2026-09-03T03:44:37Z,2026-09-03T03:44:37Z,quant-ph,quant-ph,0,0,0,,,,,,,,https://arxiv.org/abs/2609.03333v1,https://arxiv.org/pdf/2609.03333v1
0.0,0.0,low,0.0,False,True,2609.03329v1,"Introducing SINFONIA: Symplectic, slimplectic and Magnusian (Neural) Flows for Orbital Numerical Integration and Acceleration",2026-09-03T03:31:07Z,2026-09-03T03:31:07Z,gr-qc,gr-qc; astro-ph.HE; astro-ph.IM; cs.LG; physics.comp-ph,0,0,0,,,,,,,,https://arxiv.org/abs/2609.03329v1,https://arxiv.org/pdf/2609.03329v1
0.0,0.0,low,0.0,False,True,2609.03323v1,Variable-Cliff Nielsen Geometry and an Exponent -4/3 Lower Bound for the Infinite-Cliff Diameter,2026-09-03T03:21:33Z,2026-09-03T03:21:33Z,quant-ph,quant-ph; math-ph; math.PR,0,0,0,,,,,,,,https://arxiv.org/abs/2609.03323v1,https://arxiv.org/pdf/2609.03323v1
0.0,0.0,low,0.0,True,True,2605.24424v2,Non-monotonic evolution of multipartite entanglement under the Unruh effect,2026-05-23T06:39:58Z,2026-09-03T03:08:26Z,gr-qc,gr-qc; quant-ph,0,0,0,,,,,,,,https://arxiv.org/abs/2605.24424v2,https://arxiv.org/pdf/2605.24424v2
0.0,0.0,low,0.0,True,True,2608.30243v2,Systematic and Statistical Properties of Prominence Eruptions on the M-dwarf YZ CMi,2026-08-31T04:54:25Z,2026-09-03T03:06:07Z,astro-ph.SR,astro-ph.SR; astro-ph.EP,0,0,0,,,,,,,,https://arxiv.org/abs/2608.30243v2,https://arxiv.org/pdf/2608.30243v2
0.0,0.0,low,0.0,False,True,2609.03310v1,NGC 1901: A new benchmark cluster for gyrochronology in the TESS Southern continuous viewing zone,2026-09-03T03:00:41Z,2026-09-03T03:00:41Z,astro-ph.SR,astro-ph.SR; astro-ph.GA,0,0,0,,,,,,,,https://arxiv.org/abs/2609.03310v1,https://arxiv.org/pdf/2609.03310v1
0.0,0.0,low,0.0,True,True,2008.08738v3,Exact mapping from short-ranged harmonic elastic models of spin crossover materials to Ising models with interactions at all length scales,2020-08-20T02:32:38Z,2026-09-03T02:57:55Z,cond-mat.str-el,cond-mat.str-el; cond-mat.other; cond-mat.stat-mech; physics.chem-ph,0,0,0,,,,,,,,https://arxiv.org/abs/2008.08738v3,https://arxiv.org/pdf/2008.08738v3
0.0,0.0,low,0.0,True,False,2603.08565v3,"A Kagome-Derived Mosaic Lattice Family A3V9Te13 (A = Cs, Rb) with Tunable Strong Electronic Correlations",2026-03-09T16:25:59Z,2026-09-03T02:54:08Z,cond-mat.mtrl-sci,cond-mat.mtrl-sci; cond-mat.str-el,0,0,0,,,,,,,,https://arxiv.org/abs/2603.08565v3,https://arxiv.org/pdf/2603.08565v3
0.0,0.0,low,0.0,False,True,2609.03300v1,Finite-source filtering and Doppler modulation of infragravity waves generated by breakpoint forcing,2026-09-03T02:48:58Z,2026-09-03T02:48:58Z,physics.flu-dyn,physics.flu-dyn,0,0,0,,,,,,,,https://arxiv.org/abs/2609.03300v1,https://arxiv.org/pdf/2609.03300v1
0.0,0.0,low,0.0,False,True,2609.03296v1,Nonuniqueness of Model Potentials and Weak Geodesic Rays,2026-09-03T02:42:41Z,2026-09-03T02:42:41Z,math.DG,math.DG; math.CV,0,0,0,,,,,,,,https://arxiv.org/abs/2609.03296v1,https://arxiv.org/pdf/2609.03296v1
0.0,0.0,low,0.0,True,True,2602.21253v3,A Physics-Informed Neuro-Fuzzy Framework for Quantum Error Attribution,2026-02-22T16:19:51Z,2026-09-03T02:33:50Z,quant-ph,quant-ph; cs.SE,0,0,0,,,,,,,,https://arxiv.org/abs/2602.21253v3,https://arxiv.org/pdf/2602.21253v3
0.0,0.0,low,0.0,False,True,2609.03287v1,Spectral Improvements of Geometric Inequalities on Closed Kähler Manifolds,2026-09-03T02:30:53Z,2026-09-03T02:30:53Z,math.DG,math.DG; math.AP,0,0,0,,,,,,,,https://arxiv.org/abs/2609.03287v1,https://arxiv.org/pdf/2609.03287v1
0.0,0.0,low,0.0,False,True,2609.03284v1,A Silicon-Compatible Uncooled Compact Broadband Infrared Spectrometer,2026-09-03T02:28:17Z,2026-09-03T02:28:17Z,physics.optics,physics.optics,0,0,0,,,,,,,,https://arxiv.org/abs/2609.03284v1,https://arxiv.org/pdf/2609.03284v1
0.0,0.0,low,0.0,True,True,2608.08668v2,"What solvable models reveal about Born-Oppenheimer, Born-Huang, and exact factorization",2026-08-09T12:22:10Z,2026-09-03T02:06:03Z,quant-ph,quant-ph; physics.chem-ph,0,0,0,,,,,,,,https://arxiv.org/abs/2608.08668v2,https://arxiv.org/pdf/2608.08668v2
0.0,0.0,low,0.0,True,False,2407.07242v3,Tensor network approximation of Koopman operators,2024-07-09T21:40:14Z,2026-09-03T02:03:08Z,math.DS,math.DS; quant-ph,0,0,0,,,,,,,,https://arxiv.org/abs/2407.07242v3,https://arxiv.org/pdf/2407.07242v3
0.0,0.0,low,0.0,False,True,2609.03272v1,Discrete-time quantum walks with energy-dependent coins,2026-09-03T02:01:51Z,2026-09-03T02:01:51Z,quant-ph,quant-ph; math-ph,0,0,0,,,,,,,,https://arxiv.org/abs/2609.03272v1,https://arxiv.org/pdf/2609.03272v1
0.0,0.0,low,0.0,False,False,2609.03268v1,Poincare Polynomials of Heavy-Light Hassett Spaces,2026-09-03T01:50:21Z,2026-09-03T01:50:21Z,math.CO,math.CO; math.AG; math.AT; math.GN,0,0,0,,,,,,,,https://arxiv.org/abs/2609.03268v1,https://arxiv.org/pdf/2609.03268v1
0.0,0.0,low,0.0,True,True,2601.20766v3,Observation of Dipolar Spin-ice--like Correlations in the Quantum Spin Ice Candidate Ce$_2$Sn$_2$O$_7$,2026-01-28T16:55:30Z,2026-09-03T01:44:14Z,cond-mat.str-el,cond-mat.str-el,0,0,0,,,,,,,,https://arxiv.org/abs/2601.20766v3,https://arxiv.org/pdf/2601.20766v3
0.0,0.0,low,0.0,False,False,2609.03257v1,On the trapping of ray families by mirrors,2026-09-03T01:32:15Z,2026-09-03T01:32:15Z,math.DS,math.DS; math.SG,0,0,0,,,,,,,,https://arxiv.org/abs/2609.03257v1,https://arxiv.org/pdf/2609.03257v1
0.0,0.0,low,0.0,True,True,2605.24129v3,On the Two-Dimensional Structure and Asymmetries of Ionic Liquid Electrospray Plumes,2026-05-22T18:47:38Z,2026-09-03T01:28:43Z,physics.flu-dyn,physics.flu-dyn; physics.app-ph,0,0,0,,,,,,,,https://arxiv.org/abs/2605.24129v3,https://arxiv.org/pdf/2605.24129v3
0.0,0.0,low,0.0,True,True,2602.06559v2,Optically tunable nonlinear mechanical damping in an optomechanical resonator,2026-02-06T10:02:01Z,2026-09-03T01:21:13Z,cond-mat.mes-hall,cond-mat.mes-hall; physics.optics,0,0,0,,,,,,,,https://arxiv.org/abs/2602.06559v2,https://arxiv.org/pdf/2602.06559v2
0.0,0.0,low,0.0,True,True,2606.01758v2,Prediction of doubly-charm hadronic molecules with double strange quarks,2026-06-01T06:25:55Z,2026-09-03T01:20:55Z,hep-ph,hep-ph; hep-ex,0,0,0,,,,,,,,https://arxiv.org/abs/2606.01758v2,https://arxiv.org/pdf/2606.01758v2
0.0,0.0,low,0.0,True,True,2507.01122v5,Entanglement certification using noncontextuality inequalities,2025-07-01T18:34:07Z,2026-09-03T01:11:52Z,quant-ph,quant-ph,0,0,0,,,,,,,,https://arxiv.org/abs/2507.01122v5,https://arxiv.org/pdf/2507.01122v5
0.0,0.0,low,0.0,True,True,2503.05884v3,Reassessing the boundary between classical and nonclassical for individual quantum processes,2025-03-07T19:09:45Z,2026-09-03T00:54:55Z,quant-ph,quant-ph,0,0,0,,,,,,,,https://arxiv.org/abs/2503.05884v3,https://arxiv.org/pdf/2503.05884v3
0.0,0.0,low,0.0,False,True,2609.03242v1,Nodal obstruction to conditioned-diffusion representations of the weak momentum,2026-09-03T00:47:20Z,2026-09-03T00:47:20Z,quant-ph,quant-ph; math-ph,0,0,0,,,,,,,,https://arxiv.org/abs/2609.03242v1,https://arxiv.org/pdf/2609.03242v1
0.0,0.0,low,0.0,False,False,2609.01960v2,Mesoscopic Light Localization and Inverse Participation Ratio Analysis of Tissue Structural Disorder for Optical Cancer Detection,2026-09-02T00:33:11Z,2026-09-03T00:24:58Z,physics.med-ph,physics.med-ph; physics.bio-ph; physics.optics,0,0,0,,,,,,,,https://arxiv.org/abs/2609.01960v2,https://arxiv.org/pdf/2609.01960v2
0.0,0.0,low,0.0,True,True,2508.21298v2,Critical photoinduced reflectivity relaxation dynamics in single-layer Bi-based cuprates near the pseudogap end point,2025-08-29T01:38:12Z,2026-09-03T00:19:22Z,cond-mat.supr-con,cond-mat.supr-con; cond-mat.str-el,0,0,0,,,,,,,,https://arxiv.org/abs/2508.21298v2,https://arxiv.org/pdf/2508.21298v2
0.0,0.0,low,0.0,False,True,2609.03232v1,CLAS+: A large catalog of Changing-Look AGN candidates selected through S-PLUS narrow-band photometry,2026-09-03T00:18:45Z,2026-09-03T00:18:45Z,astro-ph.GA,astro-ph.GA,0,0,0,,,,,,,,https://arxiv.org/abs/2609.03232v1,https://arxiv.org/pdf/2609.03232v1
0.0,0.0,low,0.0,True,True,2508.21247v2,Bright yet dark: how strong coupling quenches exciton-polariton radiation,2025-08-28T22:30:10Z,2026-09-03T00:09:57Z,physics.optics,physics.optics; cond-mat.mes-hall,0,0,0,,,,,,,,https://arxiv.org/abs/2508.21247v2,https://arxiv.org/pdf/2508.21247v2
0.0,0.0,low,0.0,False,True,2609.03226v1,Revealing Many-Body Phases at finite temperatures through Quantum Coherence Distribution,2026-09-03T00:03:26Z,2026-09-03T00:03:26Z,quant-ph,quant-ph; cond-mat.quant-gas; cond-mat.stat-mech,0,0,0,,,,,,,,https://arxiv.org/abs/2609.03226v1,https://arxiv.org/pdf/2609.03226v1
0.0,0.0,low,0.0,False,True,2609.03224v1,Optimal bounds for embedded eigenvalues of one-dimensional discrete Schrödinger operators with decaying potentials,2026-09-02T23:48:29Z,2026-09-02T23:48:29Z,math-ph,math-ph; math.DS; math.SP,0,0,0,,,,,,,,https://arxiv.org/abs/2609.03224v1,https://arxiv.org/pdf/2609.03224v1
0.0,0.0,low,0.0,True,False,2512.13859v2,Neuromodulation-inspired gated associative memory networks: extended memory retrieval and emergent multistability,2025-12-15T19:47:33Z,2026-09-02T23:43:19Z,q-bio.NC,q-bio.NC; cond-mat.stat-mech,0,0,0,,,,,,,,https://arxiv.org/abs/2512.13859v2,https://arxiv.org/pdf/2512.13859v2
0.0,0.0,low,0.0,True,True,2605.14181v2,Decoherence in matter-wave Talbot interference: A hydrodynamic probability-flow analysis,2026-05-13T23:02:42Z,2026-09-02T23:33:23Z,quant-ph,quant-ph; physics.atom-ph; physics.optics,0,0,0,,,,,,,,https://arxiv.org/abs/2605.14181v2,https://arxiv.org/pdf/2605.14181v2
0.0,0.0,low,0.0,True,True,2606.12624v2,Dynamical large deviations and long-range correlations for local weak wave turbulence,2026-06-10T19:30:40Z,2026-09-02T23:31:36Z,physics.flu-dyn,physics.flu-dyn; cond-mat.stat-mech,0,0,0,,,,,,,,https://arxiv.org/abs/2606.12624v2,https://arxiv.org/pdf/2606.12624v2
0.0,0.0,low,0.0,False,True,2609.03217v1,Optimal Control of Periodic Nonequilibrium Mechanochemical Systems via Automatic Differentiation,2026-09-02T23:16:26Z,2026-09-02T23:16:26Z,cond-mat.stat-mech,cond-mat.stat-mech; physics.bio-ph,0,0,0,,,,,,,,https://arxiv.org/abs/2609.03217v1,https://arxiv.org/pdf/2609.03217v1
0.0,0.0,low,0.0,False,False,2609.03198v1,A Smooth Counterexample to the Trautman Conjecture,2026-09-02T22:29:48Z,2026-09-02T22:29:48Z,math.CV,math.CV; math.DG,0,0,0,,,,,,,,https://arxiv.org/abs/2609.03198v1,https://arxiv.org/pdf/2609.03198v1
0.0,0.0,low,0.0,False,True,2609.03196v1,Grammar-based topology search for reconfigurable integrated photonic spectrometers,2026-09-02T22:26:27Z,2026-09-02T22:26:27Z,physics.optics,physics.optics,0,0,0,,,,,,,,https://arxiv.org/abs/2609.03196v1,https://arxiv.org/pdf/2609.03196v1
0.0,0.0,low,0.0,False,True,2609.03194v1,Experimental validation of a compact fault-tolerant architecture for trapped ions,2026-09-02T22:21:23Z,2026-09-02T22:21:23Z,quant-ph,quant-ph,0,0,0,,,,,,,,https://arxiv.org/abs/2609.03194v1,https://arxiv.org/pdf/2609.03194v1
0.0,0.0,low,0.0,True,True,2604.11678v2,Kinematic and rheological equivalence of steady shearing and planar extensional flows,2026-04-13T16:23:26Z,2026-09-02T22:12:53Z,cond-mat.soft,cond-mat.soft,0,0,0,,,,,,,,https://arxiv.org/abs/2604.11678v2,https://arxiv.org/pdf/2604.11678v2
0.0,0.0,low,0.0,False,True,2609.03185v1,Uniqueness of tangent flows in free boundary flow,2026-09-02T22:02:49Z,2026-09-02T22:02:49Z,math.DG,math.DG,0,0,0,,,,,,,,https://arxiv.org/abs/2609.03185v1,https://arxiv.org/pdf/2609.03185v1
0.0,0.0,low,0.0,True,True,2608.30781v2,Radio measurements of air showers with the IceCube-Gen2 surface prototype station at the Pierre Auger Observatory,2026-08-31T13:39:54Z,2026-09-02T22:02:05Z,astro-ph.IM,astro-ph.IM; astro-ph.HE,0,0,0,,,,,,,,https://arxiv.org/abs/2608.30781v2,https://arxiv.org/pdf/2608.30781v2
0.0,0.0,low,0.0,True,True,2602.05294v3,Unified criteria for crystallization in hard-core lattice systems with applications to polyomino fluids and multi-component mixtures,2026-02-05T04:29:56Z,2026-09-02T21:53:28Z,math-ph,math-ph; cond-mat.stat-mech; math.PR,0,0,0,,,,,,,,https://arxiv.org/abs/2602.05294v3,https://arxiv.org/pdf/2602.05294v3
0.0,0.0,low,0.0,False,True,2609.03179v1,Accelerating stochastic processes through nonequilibrium driving: Thermodynamic constraints on the maximum speed-up,2026-09-02T21:45:24Z,2026-09-02T21:45:24Z,cond-mat.stat-mech,cond-mat.stat-mech,0,0,0,,,,,,,,https://arxiv.org/abs/2609.03179v1,https://arxiv.org/pdf/2609.03179v1
0.0,0.0,low,0.0,False,True,2609.03173v1,Topological Boundary States and the Edge Chain in Semi-Infinite Two-Dimensional Insulators,2026-09-02T21:26:10Z,2026-09-02T21:26:10Z,cond-mat.mes-hall,cond-mat.mes-hall,0,0,0,,,,,,,,https://arxiv.org/abs/2609.03173v1,https://arxiv.org/pdf/2609.03173v1
0.0,0.0,low,0.0,False,True,2609.03166v1,Multi-tracer exploration of molecular gas in main sequence galaxies at z~4.5,2026-09-02T21:09:54Z,2026-09-02T21:09:54Z,astro-ph.GA,astro-ph.GA,0,0,0,,,,,,,,https://arxiv.org/abs/2609.03166v1,https://arxiv.org/pdf/2609.03166v1
0.0,0.0,low,0.0,True,True,2608.23184v2,"Semilinear overdetermined problems, a divergence formula, and geometric inequalities",2026-08-24T12:32:35Z,2026-09-02T21:07:42Z,math.DG,math.DG; math.AP,0,0,0,,,,,,,,https://arxiv.org/abs/2608.23184v2,https://arxiv.org/pdf/2608.23184v2
0.0,0.0,low,0.0,False,True,2609.03157v1,"Observational selection effects on radio pulsars are minimal for masses, but significant for orbits and spins",2026-09-02T20:44:41Z,2026-09-02T20:44:41Z,astro-ph.HE,astro-ph.HE; gr-qc,0,0,0,,,,,,,,https://arxiv.org/abs/2609.03157v1,https://arxiv.org/pdf/2609.03157v1
0.0,0.0,low,0.0,False,False,2609.03152v1,"Experiments with membranes, maps and sheaves",2026-09-02T20:36:16Z,2026-09-02T20:36:16Z,math.AG,math.AG; hep-th; math-ph,0,0,0,,,,,,,,https://arxiv.org/abs/2609.03152v1,https://arxiv.org/pdf/2609.03152v1
0.0,0.0,low,0.0,True,True,2605.31554v2,Expanding the Population of Short Gamma-Ray Transients with a Coherent Fermi/GBM Search. A 13-year catalog of short GRBs,2026-05-29T17:17:53Z,2026-09-02T20:32:34Z,astro-ph.HE,astro-ph.HE,0,0,0,,,,,,,,https://arxiv.org/abs/2605.31554v2,https://arxiv.org/pdf/2605.31554v2
0.0,0.0,low,0.0,True,False,2601.17554v2,Full event interpretation with machine-learning-based particle-flow reconstruction in the CMS detector,2026-01-24T18:49:22Z,2026-09-02T20:23:14Z,physics.ins-det,physics.ins-det; hep-ex,0,0,0,,,,,,,,https://arxiv.org/abs/2601.17554v2,https://arxiv.org/pdf/2601.17554v2
0.0,0.0,low,0.0,True,True,2404.03934v2,Direct Electrical Detection of Spin Chemical Potential Due to Spin Hall Effect in $β$-Tungsten and Platinum Using a Pair of Ferromagnetic and Normal Metal Voltage Probes,2024-04-05T07:38:51Z,2026-09-02T20:22:14Z,cond-mat.mes-hall,cond-mat.mes-hall,0,0,0,,,,,,,,https://arxiv.org/abs/2404.03934v2,https://arxiv.org/pdf/2404.03934v2
0.0,0.0,low,0.0,True,True,2203.15642v4,Generalized $q$-MZVs and Characters of Vertex Algebras,2022-03-29T15:04:20Z,2026-09-02T20:19:16Z,math.QA,math.QA,0,0,0,,,,,,,,https://arxiv.org/abs/2203.15642v4,https://arxiv.org/pdf/2203.15642v4
0.0,0.0,low,0.0,True,True,2409.18689v2,Streaming Belief Propagation on Mixed-Alphabet Tanner Graphs for Practical Quantum Memory,2024-09-27T12:21:45Z,2026-09-02T20:08:39Z,quant-ph,quant-ph,0,0,0,,,,,,,,https://arxiv.org/abs/2409.18689v2,https://arxiv.org/pdf/2409.18689v2
0.0,0.0,low,0.0,False,True,2609.03124v1,Relativistic transformation of temperature for exotic cosmological fluids,2026-09-02T20:00:49Z,2026-09-02T20:00:49Z,gr-qc,gr-qc; cond-mat.stat-mech,0,0,0,,,,,,,,https://arxiv.org/abs/2609.03124v1,https://arxiv.org/pdf/2609.03124v1
0.0,0.0,low,0.0,True,True,2411.09084v2,Real-time measurement error mitigation for one-way quantum computation,2024-11-13T23:27:47Z,2026-09-02T19:59:11Z,quant-ph,quant-ph,0,0,0,,,,,,,,https://arxiv.org/abs/2411.09084v2,https://arxiv.org/pdf/2411.09084v2
0.0,0.0,low,0.0,False,False,2609.03121v1,The stealthiest particle configurations in 8 and 24 dimensions,2026-09-02T19:58:18Z,2026-09-02T19:58:18Z,math.MG,math.MG; cond-mat.stat-mech; math.PR,0,0,0,,,,,,,,https://arxiv.org/abs/2609.03121v1,https://arxiv.org/pdf/2609.03121v1
0.0,0.0,low,0.0,False,True,2609.03119v1,"Infrared-excess sources in VVV: candidate debris discs, SED characterization, and variability analysis",2026-09-02T19:55:07Z,2026-09-02T19:55:07Z,astro-ph.SR,astro-ph.SR; astro-ph.EP; astro-ph.GA,0,0,0,,,,,,,,https://arxiv.org/abs/2609.03119v1,https://arxiv.org/pdf/2609.03119v1
0.0,0.0,low,0.0,False,False,2609.00826v2,Regularity and Rivière's ${GL}(m)$-Gauge Construction for Elliptic Systems with Antisymmetric Potentials in Arbitrary Dimensions,2026-09-01T07:26:55Z,2026-09-02T19:53:40Z,math.AP,math.AP; math.DG,0,0,0,,,,,,,,https://arxiv.org/abs/2609.00826v2,https://arxiv.org/pdf/2609.00826v2
0.0,0.0,low,0.0,False,True,2609.03110v1,Critical scaling and soft granular rheology of frictionless non-Brownian suspensions across jamming,2026-09-02T19:44:47Z,2026-09-02T19:44:47Z,cond-mat.soft,cond-mat.soft,0,0,0,,,,,,,,https://arxiv.org/abs/2609.03110v1,https://arxiv.org/pdf/2609.03110v1
0.0,0.0,low,0.0,False,True,2609.03103v1,Optimizing Field Geometry for Modular Micropore-Optics Soft X-ray Time-Domain Surveys,2026-09-02T19:29:15Z,2026-09-02T19:29:15Z,astro-ph.IM,astro-ph.IM,0,0,0,,,,,,,,https://arxiv.org/abs/2609.03103v1,https://arxiv.org/pdf/2609.03103v1
0.0,0.0,low,0.0,True,True,2605.27206v4,Structure of $\mathcal{N} = 2$ superfield higher-spin abelian cubic interactions,2026-05-26T16:01:14Z,2026-09-02T19:28:34Z,hep-th,hep-th,0,0,0,,,,,,,,https://arxiv.org/abs/2605.27206v4,https://arxiv.org/pdf/2605.27206v4
0.0,0.0,low,0.0,True,False,1003.0563v3,Cooperative and collective effects in light of the maximum energy dissipation principle,2010-03-02T11:35:09Z,2026-09-02T19:20:19Z,physics.chem-ph,physics.chem-ph; cond-mat.stat-mech,0,0,0,,,,,,,,https://arxiv.org/abs/1003.0563v3,https://arxiv.org/pdf/1003.0563v3
0.0,0.0,low,0.0,True,True,2608.05453v2,The Zero-Age Massive Stellar Population of W49A from VLA Observations,2026-08-05T22:56:49Z,2026-09-02T19:17:27Z,astro-ph.GA,astro-ph.GA; astro-ph.SR,0,0,0,,,,,,,,https://arxiv.org/abs/2608.05453v2,https://arxiv.org/pdf/2608.05453v2
0.0,0.0,low,0.0,False,False,2609.03098v1,Standing waves for Schrodinger equations with Kato class potentials and $L^\infty$-bounded nonlinearities,2026-09-02T19:14:18Z,2026-09-02T19:14:18Z,math.AP,math.AP; math-ph,0,0,0,,,,,,,,https://arxiv.org/abs/2609.03098v1,https://arxiv.org/pdf/2609.03098v1
0.0,0.0,low,0.0,False,True,2609.03089v1,TDCOSMO XXIX: JWST/NIRSpec IFU Spatially Resolved Kinematics of Three Time-delay Lenses,2026-09-02T19:01:15Z,2026-09-02T19:01:15Z,astro-ph.CO,astro-ph.CO; astro-ph.GA,0,0,0,,,,,,,,https://arxiv.org/abs/2609.03089v1,https://arxiv.org/pdf/2609.03089v1
0.0,0.0,low,0.0,False,True,2609.03083v1,"Same galaxy, different CGM: how the metal loading of galactic winds regulates the baryon cycle in Milky Way-mass galaxies",2026-09-02T18:53:37Z,2026-09-02T18:53:37Z,astro-ph.GA,astro-ph.GA,0,0,0,,,,,,,,https://arxiv.org/abs/2609.03083v1,https://arxiv.org/pdf/2609.03083v1
0.0,0.0,low,0.0,False,True,2609.03082v1,Gravitational Waves and Matter Constraints in Gravity from Entropy,2026-09-02T18:52:29Z,2026-09-02T18:52:29Z,gr-qc,gr-qc; hep-th,0,0,0,,,,,,,,https://arxiv.org/abs/2609.03082v1,https://arxiv.org/pdf/2609.03082v1
0.0,0.0,low,0.0,True,True,2607.22276v2,The Threshold Theorem in Watts: Fault Tolerance as a Question About Objective Probability,2026-07-24T13:14:07Z,2026-09-02T18:47:44Z,quant-ph,quant-ph,0,0,0,,,,,,,,https://arxiv.org/abs/2607.22276v2,https://arxiv.org/pdf/2607.22276v2
0.0,0.0,low,0.0,False,True,2609.03076v1,Deterministic nanofabrication for engineering nanowire quantum dot devices,2026-09-02T18:44:51Z,2026-09-02T18:44:51Z,cond-mat.mes-hall,cond-mat.mes-hall; quant-ph,0,0,0,,,,,,,,https://arxiv.org/abs/2609.03076v1,https://arxiv.org/pdf/2609.03076v1
0.0,0.0,low,0.0,False,True,2609.03073v1,Optimized Matrix-Product State Simulations of Quantum Error Correction Circuits,2026-09-02T18:42:47Z,2026-09-02T18:42:47Z,quant-ph,quant-ph,0,0,0,,,,,,,,https://arxiv.org/abs/2609.03073v1,https://arxiv.org/pdf/2609.03073v1
0.0,0.0,low,0.0,False,True,2609.03065v1,Distinctness threshold for pseudorandom unitaries,2026-09-02T18:38:01Z,2026-09-02T18:38:01Z,quant-ph,quant-ph; cs.CC; cs.CR,0,0,0,,,,,,,,https://arxiv.org/abs/2609.03065v1,https://arxiv.org/pdf/2609.03065v1
0.0,0.0,low,0.0,False,True,2609.03059v1,Flux noise without flux tunability in superconducting qubits,2026-09-02T18:33:18Z,2026-09-02T18:33:18Z,cond-mat.mes-hall,cond-mat.mes-hall; cond-mat.supr-con,0,0,0,,,,,,,,https://arxiv.org/abs/2609.03059v1,https://arxiv.org/pdf/2609.03059v1
0.0,0.0,low,0.0,False,True,2609.03056v1,Single-pulse reanalysis of the 2024 Vela glitch and new observations of PSR~J0437$-$4715 and PSR~J1644$-$4559,2026-09-02T18:29:32Z,2026-09-02T18:29:32Z,astro-ph.HE,astro-ph.HE; astro-ph.IM; astro-ph.SR,0,0,0,,,,,,,,https://arxiv.org/abs/2609.03056v1,https://arxiv.org/pdf/2609.03056v1
0.0,0.0,low,0.0,True,False,2406.12868v9,Triple Products of Eigenfunctions and Spectral Geometry,2024-04-16T20:50:13Z,2026-09-02T18:27:35Z,math.SP,math.SP; math-ph; math.FA,0,0,0,,,,,,,,https://arxiv.org/abs/2406.12868v9,https://arxiv.org/pdf/2406.12868v9
0.0,0.0,low,0.0,False,True,2609.03048v1,Resource-adaptive distributed fault tolerance with very noisy Bell pairs,2026-09-02T18:23:12Z,2026-09-02T18:23:12Z,quant-ph,quant-ph,0,0,0,,,,,,,,https://arxiv.org/abs/2609.03048v1,https://arxiv.org/pdf/2609.03048v1
0.0,0.0,low,0.0,True,True,2608.26446v2,Detuning-robust Rydberg entangling gates from echoed pulses,2026-08-26T22:49:03Z,2026-09-02T18:10:11Z,quant-ph,quant-ph; physics.atom-ph,0,0,0,,,,,,,,https://arxiv.org/abs/2608.26446v2,https://arxiv.org/pdf/2608.26446v2
0.0,0.0,low,0.0,False,True,2609.03039v1,Nanoscale magnetometry via collective many-body dynamics in diamond,2026-09-02T18:09:52Z,2026-09-02T18:09:52Z,quant-ph,quant-ph; cond-mat.dis-nn,0,0,0,,,,,,,,https://arxiv.org/abs/2609.03039v1,https://arxiv.org/pdf/2609.03039v1
0.0,0.0,low,0.0,False,True,2609.03033v1,An Overview of Einstein 4-Manifolds,2026-09-02T18:05:35Z,2026-09-02T18:05:35Z,math.DG,math.DG,0,0,0,,,,,,,,https://arxiv.org/abs/2609.03033v1,https://arxiv.org/pdf/2609.03033v1
0.0,0.0,low,0.0,False,True,2609.03032v1,Approximate cubic phase states in a trapped ion,2026-09-02T18:04:48Z,2026-09-02T18:04:48Z,quant-ph,quant-ph,0,0,0,,,,,,,,https://arxiv.org/abs/2609.03032v1,https://arxiv.org/pdf/2609.03032v1
0.0,0.0,low,0.0,False,True,2609.03027v1,"A fast, wide-field, and real-time imaging prototype for large aperture arrays",2026-09-02T18:01:31Z,2026-09-02T18:01:31Z,astro-ph.IM,astro-ph.IM,0,0,0,,,,,,,,https://arxiv.org/abs/2609.03027v1,https://arxiv.org/pdf/2609.03027v1
0.0,0.0,low,0.0,False,True,2609.03023v1,Holographic zeros and poles from apparent singularities,2026-09-02T18:01:00Z,2026-09-02T18:01:00Z,hep-th,hep-th; cond-mat.str-el; math-ph,0,0,0,,,,,,,,https://arxiv.org/abs/2609.03023v1,https://arxiv.org/pdf/2609.03023v1
0.0,0.0,low,0.0,False,True,2609.03022v1,Evolution of bar-induced dark gaps in galaxy discs: evidence of strong bar-driven effects already at $z > 2$,2026-09-02T18:00:41Z,2026-09-02T18:00:41Z,astro-ph.GA,astro-ph.GA,0,0,0,,,,,,,,https://arxiv.org/abs/2609.03022v1,https://arxiv.org/pdf/2609.03022v1
0.0,0.0,low,0.0,True,True,2603.03608v2,Weibel Instability-Driven Seed Magnetic Fields during Reionization,2026-03-04T00:44:10Z,2026-09-02T18:00:26Z,astro-ph.CO,astro-ph.CO,0,0,0,,,,,,,,https://arxiv.org/abs/2603.03608v2,https://arxiv.org/pdf/2603.03608v2
0.0,0.0,low,0.0,False,True,2609.03021v1,Quantum low-density lattice codes,2026-09-02T18:00:19Z,2026-09-02T18:00:19Z,quant-ph,quant-ph,0,0,0,,,,,,,,https://arxiv.org/abs/2609.03021v1,https://arxiv.org/pdf/2609.03021v1
0.0,0.0,low,0.0,False,True,2609.03019v1,Multi-epoch Detection of an Ultra-fast Inflow in ESP 39607: Evidence for an Accretion Cascade,2026-09-02T18:00:09Z,2026-09-02T18:00:09Z,astro-ph.HE,astro-ph.HE; astro-ph.GA,0,0,0,,,,,,,,https://arxiv.org/abs/2609.03019v1,https://arxiv.org/pdf/2609.03019v1
0.0,0.0,low,0.0,False,True,2609.03018v1,Microscopically exact transport equation for the quantum Calogero model,2026-09-02T18:00:08Z,2026-09-02T18:00:08Z,cond-mat.stat-mech,cond-mat.stat-mech; cond-mat.str-el; math-ph; quant-ph,0,0,0,,,,,,,,https://arxiv.org/abs/2609.03018v1,https://arxiv.org/pdf/2609.03018v1
0.0,0.0,low,0.0,False,True,2609.03017v1,The scarcity of white dwarf-brown dwarf binaries in the solar neighbourhood: A population synthesis study,2026-09-02T18:00:05Z,2026-09-02T18:00:05Z,astro-ph.SR,astro-ph.SR; astro-ph.GA,0,0,0,,,,,,,,https://arxiv.org/abs/2609.03017v1,https://arxiv.org/pdf/2609.03017v1
0.0,0.0,low,0.0,False,True,2609.03015v1,Classical Cepheids in the Nuclear Stellar Disk: membership via dynamical analysis,2026-09-02T18:00:04Z,2026-09-02T18:00:04Z,astro-ph.GA,astro-ph.GA,0,0,0,,,,,,,,https://arxiv.org/abs/2609.03015v1,https://arxiv.org/pdf/2609.03015v1
0.0,0.0,low,0.0,False,True,2609.03014v1,Shuttling-aware dynamical decoupling for quantum charge-coupled devices,2026-09-02T18:00:03Z,2026-09-02T18:00:03Z,quant-ph,quant-ph,0,0,0,,,,,,,,https://arxiv.org/abs/2609.03014v1,https://arxiv.org/pdf/2609.03014v1
0.0,0.0,low,0.0,False,True,2609.03013v1,"From $Z$ to $a$: High-temperature relations, subleading semi-universality, and conformal anomalies",2026-09-02T18:00:03Z,2026-09-02T18:00:03Z,hep-th,hep-th,0,0,0,,,,,,,,https://arxiv.org/abs/2609.03013v1,https://arxiv.org/pdf/2609.03013v1
0.0,0.0,low,0.0,False,True,2609.03010v1,Bridging integrated-light and resolved-star studies of Local Group dwarf spheroidals. A novel use of deep imaging based on amateur telescopes,2026-09-02T18:00:01Z,2026-09-02T18:00:01Z,astro-ph.GA,astro-ph.GA,0,0,0,,,,,,,,https://arxiv.org/abs/2609.03010v1,https://arxiv.org/pdf/2609.03010v1
0.0,0.0,low,0.0,False,True,2609.03000v1,Yukawa coupling deviations from four-quark interactions,2026-09-02T18:00:00Z,2026-09-02T18:00:00Z,hep-ph,hep-ph,0,0,0,,,,,,,,https://arxiv.org/abs/2609.03000v1,https://arxiv.org/pdf/2609.03000v1
0.0,0.0,low,0.0,False,True,2609.02999v1,Computing with qLDPC Codes by Climbing the Chain Map Hierarchy,2026-09-02T18:00:00Z,2026-09-02T18:00:00Z,quant-ph,quant-ph; cond-mat.str-el,0,0,0,,,,,,,,https://arxiv.org/abs/2609.02999v1,https://arxiv.org/pdf/2609.02999v1
0.0,0.0,low,0.0,False,True,2609.02878v1,Finite-Time Singularities of the Kähler--Ricci Flow on Fano Bundles,2026-09-02T17:56:22Z,2026-09-02T17:56:22Z,math.DG,math.DG,0,0,0,,,,,,,,https://arxiv.org/abs/2609.02878v1,https://arxiv.org/pdf/2609.02878v1
0.0,0.0,low,0.0,True,True,2602.20254v3,A strongly hyperbolic viscous relativistic hydrodynamics theory with first-order charge current,2026-02-23T19:00:04Z,2026-09-02T17:53:22Z,gr-qc,gr-qc; astro-ph.HE; hep-th,0,0,0,,,,,,,,https://arxiv.org/abs/2602.20254v3,https://arxiv.org/pdf/2602.20254v3
0.0,0.0,low,0.0,False,True,2609.02865v1,A quantum oracle separation between QMA(2) and QMA,2026-09-02T17:50:05Z,2026-09-02T17:50:05Z,quant-ph,quant-ph,0,0,0,,,,,,,,https://arxiv.org/abs/2609.02865v1,https://arxiv.org/pdf/2609.02865v1
0.0,0.0,low,0.0,False,True,2609.02863v1,Vortex pinning and the elastic response of neutron-star crusts II. Non-axisymmetric loading and Magnus mountains,2026-09-02T17:46:46Z,2026-09-02T17:46:46Z,astro-ph.HE,astro-ph.HE; astro-ph.SR,0,0,0,,,,,,,,https://arxiv.org/abs/2609.02863v1,https://arxiv.org/pdf/2609.02863v1
0.0,0.0,low,0.0,False,True,2609.02857v1,High performance Stingray,2026-09-02T17:42:31Z,2026-09-02T17:42:31Z,astro-ph.IM,astro-ph.IM,0,0,0,,,,,,,,https://arxiv.org/abs/2609.02857v1,https://arxiv.org/pdf/2609.02857v1
0.0,0.0,low,0.0,True,True,2510.06257v2,Toward Uncertainty-Aware and Generalizable Neural Decoding for Quantum LDPC Codes,2025-10-05T01:08:39Z,2026-09-02T17:41:56Z,quant-ph,quant-ph; cs.IT; cs.LG,0,0,0,,,,,,,,https://arxiv.org/abs/2510.06257v2,https://arxiv.org/pdf/2510.06257v2
0.0,0.0,low,0.0,False,False,2609.02856v1,The Ultraviolet Spectrograph on ESA's Jupiter Icy Moons Explorer Mission (JUICE-UVS),2026-09-02T17:40:18Z,2026-09-02T17:40:18Z,astro-ph.EP,astro-ph.EP; astro-ph.IM,0,0,0,,,,,,,,https://arxiv.org/abs/2609.02856v1,https://arxiv.org/pdf/2609.02856v1
0.0,0.0,low,0.0,False,True,2609.02853v1,LHAASO-WCDA observed a $\sim$ 5 days TeV-delayed flaring event in blazar 1ES 1959+650,2026-09-02T17:37:57Z,2026-09-02T17:37:57Z,astro-ph.HE,astro-ph.HE,0,0,0,,,,,,,,https://arxiv.org/abs/2609.02853v1,https://arxiv.org/pdf/2609.02853v1
0.0,0.0,low,0.0,False,True,2609.02848v1,The universal moduli space of non-degenerate $\mathbb{Z}/2\mathbb{Z}$ harmonic spinors,2026-09-02T17:33:35Z,2026-09-02T17:33:35Z,math.DG,math.DG,0,0,0,,,,,,,,https://arxiv.org/abs/2609.02848v1,https://arxiv.org/pdf/2609.02848v1
0.0,0.0,low,0.0,True,True,2503.22805v2,Greybody Factor in AdS Black Brane Spectroscopy: A Study with Scalar and Electromagnetic Perturbations,2025-03-28T18:09:23Z,2026-09-02T17:29:06Z,hep-th,hep-th; gr-qc,0,0,0,,,,,,,,https://arxiv.org/abs/2503.22805v2,https://arxiv.org/pdf/2503.22805v2
0.0,0.0,low,0.0,False,True,2609.02841v1,Exponential speedup of polarization stabilization for long distance DWDM quantum networks,2026-09-02T17:26:55Z,2026-09-02T17:26:55Z,quant-ph,quant-ph; physics.app-ph; physics.optics,0,0,0,,,,,,,,https://arxiv.org/abs/2609.02841v1,https://arxiv.org/pdf/2609.02841v1
0.0,0.0,low,0.0,True,True,2603.04792v2,Search for continuous gravitational waves from neutron stars in five globular clusters in the first part of the fourth LIGO-Virgo-KAGRA observing run,2026-03-05T04:14:17Z,2026-09-02T17:14:38Z,gr-qc,gr-qc; astro-ph.HE,0,0,0,,,,,,,,https://arxiv.org/abs/2603.04792v2,https://arxiv.org/pdf/2603.04792v2
0.0,0.0,low,0.0,True,True,2608.10208v4,Parametric Study of the Torus Instability Threshold,2026-08-10T20:21:59Z,2026-09-02T17:02:06Z,astro-ph.SR,astro-ph.SR,0,0,0,,,,,,,,https://arxiv.org/abs/2608.10208v4,https://arxiv.org/pdf/2608.10208v4
0.0,0.0,low,0.0,False,True,2609.02809v1,17 Yr of Magnetar Bursts Observed with the Fermi Gamma-ray Burst Monitor,2026-09-02T16:50:17Z,2026-09-02T16:50:17Z,astro-ph.HE,astro-ph.HE,0,0,0,,,,,,,,https://arxiv.org/abs/2609.02809v1,https://arxiv.org/pdf/2609.02809v1
0.0,0.0,low,0.0,False,True,2609.02808v1,Minimizers of Laplace eigenvalues under a lower curvature bound,2026-09-02T16:49:50Z,2026-09-02T16:49:50Z,math.DG,math.DG; math.SP,0,0,0,,,,,,,,https://arxiv.org/abs/2609.02808v1,https://arxiv.org/pdf/2609.02808v1
0.0,0.0,low,0.0,True,True,2608.20986v3,Optical conductivity signature of Van Hove singularity in altermagnetic topological systems,2026-08-21T11:13:55Z,2026-09-02T16:48:00Z,cond-mat.mes-hall,cond-mat.mes-hall,0,0,0,,,,,,,,https://arxiv.org/abs/2608.20986v3,https://arxiv.org/pdf/2608.20986v3
0.0,0.0,low,0.0,True,True,2606.01119v2,Spaces with Multiple Conical Singularities and their Stratifications,2026-05-31T09:37:36Z,2026-09-02T16:44:56Z,math.GT,math.GT; math.GN; math.MG,0,0,0,,,,,,,,https://arxiv.org/abs/2606.01119v2,https://arxiv.org/pdf/2606.01119v2
0.0,0.0,low,0.0,True,True,2503.13641v2,Interpolation categories for Conformal Embeddings,2025-03-17T18:45:47Z,2026-09-02T16:40:03Z,math.QA,math.QA; math.OA; math.RT,0,0,0,,,,,,,,https://arxiv.org/abs/2503.13641v2,https://arxiv.org/pdf/2503.13641v2
0.0,0.0,low,0.0,True,True,2604.20247v7,Near-Threshold OPE Constraints and High-Energy Diffractive Dynamics in J/psi Photoproduction,2026-04-22T06:50:04Z,2026-09-02T16:37:54Z,hep-ph,hep-ph,0,0,0,,,,,,,,https://arxiv.org/abs/2604.20247v7,https://arxiv.org/pdf/2604.20247v7
0.0,0.0,low,0.0,False,True,2609.02802v1,GRINTA: a new Probe of the Dynamic Universe,2026-09-02T16:36:47Z,2026-09-02T16:36:47Z,astro-ph.IM,astro-ph.IM; astro-ph.HE,0,0,0,,,,,,,,https://arxiv.org/abs/2609.02802v1,https://arxiv.org/pdf/2609.02802v1
0.0,0.0,low,0.0,True,True,2605.05022v2,Existence of rotationally symmetric embedded f-minimal tori,2026-05-06T15:19:00Z,2026-09-02T16:34:32Z,math.DG,math.DG,0,0,0,,,,,,,,https://arxiv.org/abs/2605.05022v2,https://arxiv.org/pdf/2605.05022v2
0.0,0.0,low,0.0,False,False,2609.02799v1,Noncommutative majorization,2026-09-02T16:32:02Z,2026-09-02T16:32:02Z,math.OA,math.OA; math-ph; math.FA,0,0,0,,,,,,,,https://arxiv.org/abs/2609.02799v1,https://arxiv.org/pdf/2609.02799v1
0.0,0.0,low,0.0,False,True,2609.02794v1,MadSpin2: automated spin-entangled decays of heavy resonances via the spin-density matrix formalism,2026-09-02T16:27:58Z,2026-09-02T16:27:58Z,hep-ph,hep-ph,0,0,0,,,,,,,,https://arxiv.org/abs/2609.02794v1,https://arxiv.org/pdf/2609.02794v1
0.0,0.0,low,0.0,False,True,2609.02793v1,Variational preparation of thermofield double states for SYK models via multi-angle QAOA: sequential angle pruning for circuit reduction,2026-09-02T16:27:50Z,2026-09-02T16:27:50Z,quant-ph,quant-ph,0,0,0,,,,,,,,https://arxiv.org/abs/2609.02793v1,https://arxiv.org/pdf/2609.02793v1
0.0,0.0,low,0.0,True,False,2608.25254v2,The Pauli Lightcone: Information-Theoretic Error Mitigation Beyond the Autocorrelation,2026-08-26T00:31:09Z,2026-09-02T16:26:36Z,cs.MS,cs.MS; cs.IT; quant-ph,0,0,0,,,,,,,,https://arxiv.org/abs/2608.25254v2,https://arxiv.org/pdf/2608.25254v2
0.0,0.0,low,0.0,False,True,2609.02792v1,Phonon-limited detection thresholds for genetically encoded fluorescent-protein spin-qubit relaxometry of neural radicals,2026-09-02T16:25:19Z,2026-09-02T16:25:19Z,quant-ph,quant-ph,0,0,0,,,,,,,,https://arxiv.org/abs/2609.02792v1,https://arxiv.org/pdf/2609.02792v1
0.0,0.0,low,0.0,True,True,2604.21419v2,Energy Loss of Newborn Magnetars by Schwinger Process,2026-04-23T08:34:51Z,2026-09-02T16:24:39Z,astro-ph.HE,astro-ph.HE,0,0,0,,,,,,,,https://arxiv.org/abs/2604.21419v2,https://arxiv.org/pdf/2604.21419v2
0.0,0.0,low,0.0,True,True,2604.11169v2,Artificial-gauge-field-driven reentrant charge-density-wave phase in a three-leg Bose-Hubbard ladder,2026-04-13T08:29:42Z,2026-09-02T16:24:26Z,cond-mat.quant-gas,cond-mat.quant-gas; cond-mat.stat-mech; cond-mat.str-el; cond-mat.supr-con,0,0,0,,,,,,,,https://arxiv.org/abs/2604.11169v2,https://arxiv.org/pdf/2604.11169v2
0.0,0.0,low,0.0,False,True,2609.02788v1,Quantized Einstein Metrics on $S^7$ with $SU(3)$-Symmetry,2026-09-02T16:21:43Z,2026-09-02T16:21:43Z,math.DG,math.DG,0,0,0,,,,,,,,https://arxiv.org/abs/2609.02788v1,https://arxiv.org/pdf/2609.02788v1
0.0,0.0,low,0.0,False,True,2609.02781v1,Conditional validity of quantum event classifiers under collider systematics and quantum estimation uncertainty,2026-09-02T16:14:58Z,2026-09-02T16:14:58Z,quant-ph,quant-ph,0,0,0,,,,,,,,https://arxiv.org/abs/2609.02781v1,https://arxiv.org/pdf/2609.02781v1
0.0,0.0,low,0.0,True,True,2605.23896v3,A Stochastic Approach for Determining the Quark Confinement Potential of Charmonia,2026-05-22T17:57:09Z,2026-09-02T16:11:53Z,hep-ph,hep-ph,0,0,0,,,,,,,,https://arxiv.org/abs/2605.23896v3,https://arxiv.org/pdf/2605.23896v3
0.0,0.0,low,0.0,False,True,2609.02768v1,Emergence of the magnetic octupole Rashba-Edelstein effect from spin-orbit entanglement,2026-09-02T16:06:05Z,2026-09-02T16:06:05Z,cond-mat.mes-hall,cond-mat.mes-hall,0,0,0,,,,,,,,https://arxiv.org/abs/2609.02768v1,https://arxiv.org/pdf/2609.02768v1
0.0,0.0,low,0.0,False,False,2609.02766v1,"Do Tabular Foundation Models Know Physics? Contamination, Units, and the Deterministic Limit",2026-09-02T16:05:40Z,2026-09-02T16:05:40Z,cs.LG,cs.LG; astro-ph.IM,0,0,0,,,,,,,,https://arxiv.org/abs/2609.02766v1,https://arxiv.org/pdf/2609.02766v1
0.0,0.0,low,0.0,True,False,2512.10550v2,Local convergence in $t$-PNG,2025-12-11T11:30:53Z,2026-09-02T15:56:10Z,math.PR,math.PR; math-ph,0,0,0,,,,,,,,https://arxiv.org/abs/2512.10550v2,https://arxiv.org/pdf/2512.10550v2
0.0,0.0,low,0.0,False,False,2609.02743v1,Sharp mean-field estimates for diffusive log/Riesz gases in the Hilbert--Schmidt regime,2026-09-02T15:47:27Z,2026-09-02T15:47:27Z,math.PR,math.PR; math-ph; math.AP,0,0,0,,,,,,,,https://arxiv.org/abs/2609.02743v1,https://arxiv.org/pdf/2609.02743v1
0.0,0.0,low,0.0,False,True,2609.02738v1,Spin squeezing by geometric focusing in vacuum Rabi oscillations,2026-09-02T15:44:49Z,2026-09-02T15:44:49Z,quant-ph,quant-ph,0,0,0,,,,,,,,https://arxiv.org/abs/2609.02738v1,https://arxiv.org/pdf/2609.02738v1
0.0,0.0,low,0.0,True,True,2411.04035v4,Generalized quantum asymptotic equipartition,2024-11-06T16:33:16Z,2026-09-02T15:44:37Z,quant-ph,quant-ph; cs.IT,0,0,0,,,,,,,,https://arxiv.org/abs/2411.04035v4,https://arxiv.org/pdf/2411.04035v4
0.0,0.0,low,0.0,False,True,2609.02736v1,QArray+: A physics-informed GPU-accelerated simulator for quantum dot arrays,2026-09-02T15:43:37Z,2026-09-02T15:43:37Z,cond-mat.mes-hall,cond-mat.mes-hall; cs.DC; quant-ph,0,0,0,,,,,,,,https://arxiv.org/abs/2609.02736v1,https://arxiv.org/pdf/2609.02736v1
0.0,0.0,low,0.0,False,True,2609.02733v1,Optical Reservoir Computing with Structural Nonlinearity for Forecasting Chaotic Time Series,2026-09-02T15:41:07Z,2026-09-02T15:41:07Z,physics.optics,physics.optics,0,0,0,,,,,,,,https://arxiv.org/abs/2609.02733v1,https://arxiv.org/pdf/2609.02733v1
0.0,0.0,low,0.0,False,False,2609.02732v1,Conservation of mass for solutions of Leibenson's equation on Riemannian Manifolds,2026-09-02T15:40:46Z,2026-09-02T15:40:46Z,math.AP,math.AP; math.DG,0,0,0,,,,,,,,https://arxiv.org/abs/2609.02732v1,https://arxiv.org/pdf/2609.02732v1
0.0,0.0,low,0.0,True,True,2607.07869v2,Perturbations in the spin-orbital liquid (the Yao-Lee model),2026-07-08T19:14:34Z,2026-09-02T15:39:09Z,cond-mat.str-el,cond-mat.str-el,0,0,0,,,,,,,,https://arxiv.org/abs/2607.07869v2,https://arxiv.org/pdf/2607.07869v2
0.0,0.0,low,0.0,True,True,2604.20971v2,Chaotic migration of LISA Extreme Mass Ratio Inspirals in a turbulent accretion disk: effect on waveform de-phasing,2026-04-22T18:05:08Z,2026-09-02T15:38:47Z,astro-ph.GA,astro-ph.GA; astro-ph.HE; gr-qc,0,0,0,,,,,,,,https://arxiv.org/abs/2604.20971v2,https://arxiv.org/pdf/2604.20971v2
0.0,0.0,low,0.0,True,True,2408.15202v3,Canonical Form and Finite Blocklength Bounds for Stabilizer Codes,2024-08-27T17:02:52Z,2026-09-02T15:38:22Z,quant-ph,quant-ph,0,0,0,,,,,,,,https://arxiv.org/abs/2408.15202v3,https://arxiv.org/pdf/2408.15202v3
0.0,0.0,low,0.0,False,False,2609.02726v1,Revisiting orbital recurrence in the dimmings of Boyajian's star (KIC~8462852),2026-09-02T15:38:12Z,2026-09-02T15:38:12Z,astro-ph.EP,astro-ph.EP; astro-ph.SR,0,0,0,,,,,,,,https://arxiv.org/abs/2609.02726v1,https://arxiv.org/pdf/2609.02726v1
0.0,0.0,low,0.0,True,False,2603.17776v2,Explicit Betti Numbers for Skeletons of Chordal Clique Complexes and Their Alexander Duals,2026-03-18T14:39:47Z,2026-09-02T15:34:19Z,math.AC,math.AC; math.AT; math.CO,0,0,0,,,,,,,,https://arxiv.org/abs/2603.17776v2,https://arxiv.org/pdf/2603.17776v2
0.0,0.0,low,0.0,False,True,2609.02723v1,Twist as a Mechanical Switch for Reconfigurable Stacking in h-BN,2026-09-02T15:32:54Z,2026-09-02T15:32:54Z,cond-mat.mes-hall,cond-mat.mes-hall,0,0,0,,,,,,,,https://arxiv.org/abs/2609.02723v1,https://arxiv.org/pdf/2609.02723v1
0.0,0.0,low,0.0,False,True,2609.02720v1,Optimal-work feedback on particles with activity --- gliding on active fluctuations using positional information,2026-09-02T15:27:43Z,2026-09-02T15:27:43Z,cond-mat.stat-mech,cond-mat.stat-mech,0,0,0,,,,,,,,https://arxiv.org/abs/2609.02720v1,https://arxiv.org/pdf/2609.02720v1
0.0,0.0,low,0.0,True,True,2606.14850v2,"An Analytic Model for Stellar Metallicity Gradient Residuals in Cold, Phase-Mixed Galactic Disks",2026-06-12T18:00:02Z,2026-09-02T15:27:42Z,astro-ph.GA,astro-ph.GA,0,0,0,,,,,,,,https://arxiv.org/abs/2606.14850v2,https://arxiv.org/pdf/2606.14850v2
0.0,0.0,low,0.0,False,True,2609.02715v1,Quantum amplitude estimation beyond power-of-two schedules,2026-09-02T15:20:50Z,2026-09-02T15:20:50Z,quant-ph,quant-ph,0,0,0,,,,,,,,https://arxiv.org/abs/2609.02715v1,https://arxiv.org/pdf/2609.02715v1
0.0,0.0,low,0.0,False,True,2609.02989v1,Measurement of Differential Cross Sections and Integrated Luminosity using Proton-Proton Elastic Scattering with HADES at T = 4.53 GeV and T = 1.60 GeV,2026-09-02T15:18:39Z,2026-09-02T15:18:39Z,hep-ex,hep-ex; nucl-ex,0,0,0,,,,,,,,https://arxiv.org/abs/2609.02989v1,https://arxiv.org/pdf/2609.02989v1
0.0,0.0,low,0.0,False,True,2609.02710v1,Asymptotic mean value Laplacian on equiregular sub-Riemannian manifolds,2026-09-02T15:14:02Z,2026-09-02T15:14:02Z,math.DG,math.DG,0,0,0,,,,,,,,https://arxiv.org/abs/2609.02710v1,https://arxiv.org/pdf/2609.02710v1
0.0,0.0,low,0.0,False,False,2609.02709v1,From Goldene to Noblene: exhaustive enumeration of the ordered Au-Ag-Cu monolayer alloys,2026-09-02T15:11:40Z,2026-09-02T15:11:40Z,cond-mat.mtrl-sci,cond-mat.mtrl-sci; cond-mat.mes-hall,0,0,0,,,,,,,,https://arxiv.org/abs/2609.02709v1,https://arxiv.org/pdf/2609.02709v1
0.0,0.0,low,0.0,True,True,2502.03357v2,Rationally Convex Surfaces with hyperbolic complex tangencies,2025-02-05T16:53:45Z,2026-09-02T15:10:24Z,math.SG,math.SG; math.CV,0,0,0,,,,,,,,https://arxiv.org/abs/2502.03357v2,https://arxiv.org/pdf/2502.03357v2
0.0,0.0,low,0.0,False,True,2609.02706v1,On the length conjecture for twist knots,2026-09-02T15:07:33Z,2026-09-02T15:07:33Z,math.GT,math.GT; hep-th; math.QA,0,0,0,,,,,,,,https://arxiv.org/abs/2609.02706v1,https://arxiv.org/pdf/2609.02706v1
0.0,0.0,low,0.0,True,True,2607.24968v2,Universal Optimization and Tighter Fidelity Bounds for Approximate Quantum Error Correction,2026-07-27T18:18:58Z,2026-09-02T15:06:50Z,quant-ph,quant-ph,0,0,0,,,,,,,,https://arxiv.org/abs/2607.24968v2,https://arxiv.org/pdf/2607.24968v2
0.0,0.0,low,0.0,False,True,2609.02701v1,Circuit Decomposition for Triangulations of Surfaces,2026-09-02T15:06:37Z,2026-09-02T15:06:37Z,math.GT,math.GT; math.CO,0,0,0,,,,,,,,https://arxiv.org/abs/2609.02701v1,https://arxiv.org/pdf/2609.02701v1
0.0,0.0,low,0.0,True,True,2606.14080v2,Geodesic nets on the Euclidean plane and closed geodesic nets on Euclidean surfaces,2026-06-12T03:56:04Z,2026-09-02T15:05:15Z,math.DG,math.DG,0,0,0,,,,,,,,https://arxiv.org/abs/2606.14080v2,https://arxiv.org/pdf/2606.14080v2
0.0,0.0,low,0.0,False,True,2609.02699v1,Gauge theory and symplectic structures,2026-09-02T15:05:07Z,2026-09-02T15:05:07Z,math.DG,math.DG; math.SG,0,0,0,,,,,,,,https://arxiv.org/abs/2609.02699v1,https://arxiv.org/pdf/2609.02699v1
0.0,0.0,low,0.0,False,False,2609.02696v1,A viscoelastic theory for ultrasound-induced intracellular streaming,2026-09-02T15:03:35Z,2026-09-02T15:03:35Z,physics.bio-ph,physics.bio-ph; cond-mat.soft; physics.flu-dyn; q-bio.SC,0,0,0,,,,,,,,https://arxiv.org/abs/2609.02696v1,https://arxiv.org/pdf/2609.02696v1
0.0,0.0,low,0.0,False,False,2609.02693v1,Galactic tides in the Solar System within a non-axisymmetric Milky Way model adjusted to Gaia data,2026-09-02T15:00:34Z,2026-09-02T15:00:34Z,astro-ph.EP,astro-ph.EP; astro-ph.GA,0,0,0,,,,,,,,https://arxiv.org/abs/2609.02693v1,https://arxiv.org/pdf/2609.02693v1
0.0,0.0,low,0.0,True,True,2508.12901v3,Error exponents of quantum state discrimination with composite correlated hypotheses,2025-08-18T13:04:06Z,2026-09-02T15:00:32Z,quant-ph,quant-ph; cs.IT; math.ST,0,0,0,,,,,,,,https://arxiv.org/abs/2508.12901v3,https://arxiv.org/pdf/2508.12901v3
0.0,0.0,low,0.0,False,True,2609.02692v1,Response of a Model Glass to Athermal Quasistatic Pinching,2026-09-02T14:59:37Z,2026-09-02T14:59:37Z,cond-mat.soft,cond-mat.soft; cond-mat.dis-nn; cond-mat.stat-mech,0,0,0,,,,,,,,https://arxiv.org/abs/2609.02692v1,https://arxiv.org/pdf/2609.02692v1
0.0,0.0,low,0.0,True,True,2608.20443v2,Granthi: Higher-Order Quantum Programming via Unitary Wiring,2026-08-20T15:49:09Z,2026-09-02T14:56:04Z,quant-ph,quant-ph; cs.ET; cs.LO; cs.PL,0,0,0,,,,,,,,https://arxiv.org/abs/2608.20443v2,https://arxiv.org/pdf/2608.20443v2
0.0,0.0,low,0.0,False,True,2609.02687v1,Quantum Meta-Complexity Is All You Need: Characterizing One-Way Puzzles via Time-Bounded Kolmogorov Complexity,2026-09-02T14:54:44Z,2026-09-02T14:54:44Z,quant-ph,quant-ph,0,0,0,,,,,,,,https://arxiv.org/abs/2609.02687v1,https://arxiv.org/pdf/2609.02687v1
0.0,0.0,low,0.0,True,True,2607.03619v5,Archival Diagnostics for Potential Background Contaminantsof Project Hephaistos Dyson Sphere Candidates,2026-07-03T22:31:21Z,2026-09-02T14:54:13Z,astro-ph.SR,astro-ph.SR; astro-ph.GA,0,0,0,,,,,,,,https://arxiv.org/abs/2607.03619v5,https://arxiv.org/pdf/2607.03619v5
0.0,0.0,low,0.0,False,True,2609.02686v1,The Bonnet-Myers theorem on Finsler manifolds with integral weighted Ricci curvature bounds,2026-09-02T14:54:04Z,2026-09-02T14:54:04Z,math.DG,math.DG; math.GT,0,0,0,,,,,,,,https://arxiv.org/abs/2609.02686v1,https://arxiv.org/pdf/2609.02686v1
0.0,0.0,low,0.0,True,True,1911.11682v3,Real K-theory for Waldhausen infinity categories with genuine duality,2019-11-26T16:36:08Z,2026-09-02T14:47:17Z,math.AT,math.AT; math.CT,0,0,0,,,,,,,,https://arxiv.org/abs/1911.11682v3,https://arxiv.org/pdf/1911.11682v3
0.0,0.0,low,0.0,False,True,2609.02665v1,Survival in a partially reactive wedge,2026-09-02T14:40:44Z,2026-09-02T14:40:44Z,cond-mat.stat-mech,cond-mat.stat-mech; math-ph; math.PR,0,0,0,,,,,,,,https://arxiv.org/abs/2609.02665v1,https://arxiv.org/pdf/2609.02665v1
0.0,0.0,low,0.0,False,True,2609.02658v1,The Neutral Atomic Hydrogen in the solar neighborhood (NeAtHood) project I. Ghost in the shell: Neutral atomic hydrogen in the extended Orion nebula,2026-09-02T14:33:05Z,2026-09-02T14:33:05Z,astro-ph.GA,astro-ph.GA,0,0,0,,,,,,,,https://arxiv.org/abs/2609.02658v1,https://arxiv.org/pdf/2609.02658v1
0.0,0.0,low,0.0,True,True,2507.09769v3,Highly divisible cycles in homological Atiyah-Hirzebruch spectral sequences,2025-07-13T19:54:50Z,2026-09-02T14:31:16Z,math.AT,math.AT,0,0,0,,,,,,,,https://arxiv.org/abs/2507.09769v3,https://arxiv.org/pdf/2507.09769v3
0.0,0.0,low,0.0,True,True,2601.15023v3,Carroll hydrodynamics with spin,2026-01-21T14:27:03Z,2026-09-02T14:25:43Z,hep-th,hep-th; nucl-th,0,0,0,,,,,,,,https://arxiv.org/abs/2601.15023v3,https://arxiv.org/pdf/2601.15023v3
0.0,0.0,low,0.0,False,True,2609.02648v1,Can diffuse X-rays be important in driving photoionisation in molecular clouds?,2026-09-02T14:22:33Z,2026-09-02T14:22:33Z,astro-ph.GA,astro-ph.GA; astro-ph.HE,0,0,0,,,,,,,,https://arxiv.org/abs/2609.02648v1,https://arxiv.org/pdf/2609.02648v1
0.0,0.0,low,0.0,True,True,2509.08487v2,Holevo classicalisation and context integration: Global versus protocolwise integration,2025-09-10T10:53:29Z,2026-09-02T14:21:56Z,quant-ph,quant-ph,0,0,0,,,,,,,,https://arxiv.org/abs/2509.08487v2,https://arxiv.org/pdf/2509.08487v2
0.0,0.0,low,0.0,True,True,2512.09146v2,Domination of manifolds by hypersurfaces,2025-12-09T21:49:02Z,2026-09-02T14:20:40Z,math.GT,math.GT; math.AT; math.DG,0,0,0,,,,,,,,https://arxiv.org/abs/2512.09146v2,https://arxiv.org/pdf/2512.09146v2
0.0,0.0,low,0.0,False,True,2609.02645v1,XPCS-Echo and broad relaxation measurements using a bunch-mode data acquisition scheme,2026-09-02T14:19:50Z,2026-09-02T14:19:50Z,cond-mat.soft,cond-mat.soft,0,0,0,,,,,,,,https://arxiv.org/abs/2609.02645v1,https://arxiv.org/pdf/2609.02645v1
0.0,0.0,low,0.0,False,True,2609.02641v1,Transversal Gates and Magic State Distillation in an Optimally Synthesized Spin-Qubit Shuttling Bus,2026-09-02T14:17:47Z,2026-09-02T14:17:47Z,quant-ph,quant-ph,0,0,0,,,,,,,,https://arxiv.org/abs/2609.02641v1,https://arxiv.org/pdf/2609.02641v1
0.0,0.0,low,0.0,True,True,2609.00534v2,Imaginarity witnessing enhancement via spectral norms of witnesses,2026-09-01T01:05:55Z,2026-09-02T14:12:15Z,quant-ph,quant-ph,0,0,0,,,,,,,,https://arxiv.org/abs/2609.00534v2,https://arxiv.org/pdf/2609.00534v2
0.0,0.0,low,0.0,False,True,2609.02635v1,Frequency-domain extended-effective-source gravitational self-force for eccentric Schwarzschild orbits,2026-09-02T14:11:59Z,2026-09-02T14:11:59Z,gr-qc,gr-qc,0,0,0,,,,,,,,https://arxiv.org/abs/2609.02635v1,https://arxiv.org/pdf/2609.02635v1
0.0,0.0,low,0.0,False,True,2609.02633v1,"Heuristically optimizing, synthesizing, and prioritizing measurement settings for quantum state tomography",2026-09-02T14:10:45Z,2026-09-02T14:10:45Z,quant-ph,quant-ph,0,0,0,,,,,,,,https://arxiv.org/abs/2609.02633v1,https://arxiv.org/pdf/2609.02633v1
0.0,0.0,low,0.0,True,True,2608.09067v3,Torus and Positive Mass stability for metrics with Ricci curvature lower bound,2026-08-10T03:14:49Z,2026-09-02T14:09:41Z,math.DG,math.DG,0,0,0,,,,,,,,https://arxiv.org/abs/2608.09067v3,https://arxiv.org/pdf/2608.09067v3
0.0,0.0,low,0.0,True,False,2605.28719v2,A Homogeneous Catalog of Rossiter-McLaughlin Systems: Distinct $e$-$λ$ Trends in Three Gas-Giant Mass Regimes,2026-05-27T16:39:15Z,2026-09-02T13:59:40Z,astro-ph.EP,astro-ph.EP; astro-ph.IM,0,0,0,,,,,,,,https://arxiv.org/abs/2605.28719v2,https://arxiv.org/pdf/2605.28719v2
0.0,0.0,low,0.0,False,True,2609.02618v1,Asymptotic long-range order for the XY-model on random geometric graphs,2026-09-02T13:58:51Z,2026-09-02T13:58:51Z,math-ph,math-ph; math.PR,0,0,0,,,,,,,,https://arxiv.org/abs/2609.02618v1,https://arxiv.org/pdf/2609.02618v1
0.0,0.0,low,0.0,False,True,2609.02615v1,Covariant linear response theory for a photon gas in curved spacetime,2026-09-02T13:56:50Z,2026-09-02T13:56:50Z,gr-qc,gr-qc; hep-th,0,0,0,,,,,,,,https://arxiv.org/abs/2609.02615v1,https://arxiv.org/pdf/2609.02615v1
0.0,0.0,low,0.0,False,True,2609.02614v1,Ruelle--Pollicott Theory for Metastable Systems: A Unified Framework for Tipping Transitions,2026-09-02T13:53:52Z,2026-09-02T13:53:52Z,math-ph,math-ph; math.PR; math.SP; physics.ao-ph,0,0,0,,,,,,,,https://arxiv.org/abs/2609.02614v1,https://arxiv.org/pdf/2609.02614v1
0.0,0.0,low,0.0,False,True,2609.02613v1,Thermodynamic optimization of thermal landscapes and energy barriers in a Brownian heat engine,2026-09-02T13:53:24Z,2026-09-02T13:53:24Z,cond-mat.stat-mech,cond-mat.stat-mech,0,0,0,,,,,,,,https://arxiv.org/abs/2609.02613v1,https://arxiv.org/pdf/2609.02613v1
0.0,0.0,low,0.0,False,True,2609.02609v1,The Universal Role of Fragility on the Yielding Transition of Active Glass under Oscillatory Shear,2026-09-02T13:50:34Z,2026-09-02T13:50:34Z,cond-mat.soft,cond-mat.soft; cond-mat.dis-nn; cond-mat.stat-mech,0,0,0,,,,,,,,https://arxiv.org/abs/2609.02609v1,https://arxiv.org/pdf/2609.02609v1
0.0,0.0,low,0.0,True,True,2607.06357v2,White dwarfs within 13 pc: insights from ultraviolet spectroscopy,2026-07-07T14:55:15Z,2026-09-02T13:49:36Z,astro-ph.SR,astro-ph.SR,0,0,0,,,,,,,,https://arxiv.org/abs/2607.06357v2,https://arxiv.org/pdf/2607.06357v2
0.0,0.0,low,0.0,True,True,2602.24053v2,Experimental implementation of a discrete-time quantum walk on biological networks,2026-02-27T14:42:37Z,2026-09-02T13:47:10Z,quant-ph,quant-ph,0,0,0,,,,,,,,https://arxiv.org/abs/2602.24053v2,https://arxiv.org/pdf/2602.24053v2
0.0,0.0,low,0.0,False,True,2609.02603v1,Spatially-resolved multiphoton photoemission from a lateral transition metal dichalcogenide heterostructure,2026-09-02T13:46:26Z,2026-09-02T13:46:26Z,physics.optics,physics.optics,0,0,0,,,,,,,,https://arxiv.org/abs/2609.02603v1,https://arxiv.org/pdf/2609.02603v1
0.0,0.0,low,0.0,True,True,2606.28107v2,Chromatic Euler characteristics and duality for infinite groups,2026-06-26T14:07:17Z,2026-09-02T13:45:02Z,math.AT,math.AT; math.GR; math.KT,0,0,0,,,,,,,,https://arxiv.org/abs/2606.28107v2,https://arxiv.org/pdf/2606.28107v2
0.0,0.0,low,0.0,False,True,2609.02593v1,The advantages of extended nonreciprocal quantum batteries,2026-09-02T13:37:53Z,2026-09-02T13:37:53Z,quant-ph,quant-ph,0,0,0,,,,,,,,https://arxiv.org/abs/2609.02593v1,https://arxiv.org/pdf/2609.02593v1
0.0,0.0,low,0.0,True,True,2603.20740v2,Southern eROSITA bubble as a forward shock and the low-metallicity CGM. South-east side story,2026-03-21T09:59:45Z,2026-09-02T13:35:42Z,astro-ph.HE,astro-ph.HE; astro-ph.GA,0,0,0,,,,,,,,https://arxiv.org/abs/2603.20740v2,https://arxiv.org/pdf/2603.20740v2
0.0,0.0,low,0.0,False,True,2609.02584v1,Measurement of inelastic scattering $Λ(\overlineΛ)+p\toΣ^{0}(\overlineΣ^{0})+p$ via $e^+e^-\to J/ψ\toΛ\overlineΛ$,2026-09-02T13:26:57Z,2026-09-02T13:26:57Z,hep-ex,hep-ex; hep-ph,0,0,0,,,,,,,,https://arxiv.org/abs/2609.02584v1,https://arxiv.org/pdf/2609.02584v1
0.0,0.0,low,0.0,False,False,2609.02581v1,Interior Curvature Estimates for the Graphical Scalar Curvature Equation in All Dimensions,2026-09-02T13:25:01Z,2026-09-02T13:25:01Z,math.AP,math.AP; math.DG,0,0,0,,,,,,,,https://arxiv.org/abs/2609.02581v1,https://arxiv.org/pdf/2609.02581v1
0.0,0.0,low,0.0,False,True,2609.02579v1,Long-lived telecom-heralded single-photon storage in an absorptive spin-rephased quantum memory,2026-09-02T13:23:53Z,2026-09-02T13:23:53Z,quant-ph,quant-ph,0,0,0,,,,,,,,https://arxiv.org/abs/2609.02579v1,https://arxiv.org/pdf/2609.02579v1
0.0,0.0,low,0.0,False,True,2609.02577v1,3.5-meter Segmented-Mirror Robotic Space Telescope Mission White Paper III. Key Scientific Mission: Exoplanet Science with a Coronagraph,2026-09-02T13:23:29Z,2026-09-02T13:23:29Z,astro-ph.IM,astro-ph.IM; astro-ph.EP; astro-ph.SR,0,0,0,,,,,,,,https://arxiv.org/abs/2609.02577v1,https://arxiv.org/pdf/2609.02577v1
0.0,0.0,low,0.0,False,True,2609.02572v1,Magnetic-Field-Calibration-Free Determination of the Hyperfine Constant $A$ in Ultracold Fermi gases of $^{40}$K,2026-09-02T13:18:48Z,2026-09-02T13:18:48Z,cond-mat.quant-gas,cond-mat.quant-gas; physics.atom-ph,0,0,0,,,,,,,,https://arxiv.org/abs/2609.02572v1,https://arxiv.org/pdf/2609.02572v1
0.0,0.0,low,0.0,False,True,2609.02569v1,Thouless pumping and generation of squeezed Fock-state superpositions in a Fock-state lattice,2026-09-02T13:18:05Z,2026-09-02T13:18:05Z,quant-ph,quant-ph,0,0,0,,,,,,,,https://arxiv.org/abs/2609.02569v1,https://arxiv.org/pdf/2609.02569v1
0.0,0.0,low,0.0,False,True,2609.02562v1,Combinatorial optimization of connected UAV communication bridges for emergency response,2026-09-02T13:14:12Z,2026-09-02T13:14:12Z,quant-ph,quant-ph; math.OC,0,0,0,,,,,,,,https://arxiv.org/abs/2609.02562v1,https://arxiv.org/pdf/2609.02562v1
0.0,0.0,low,0.0,False,True,2609.02559v1,Optimal Fusion Strategies for Quantum Computation,2026-09-02T13:11:23Z,2026-09-02T13:11:23Z,quant-ph,quant-ph,0,0,0,,,,,,,,https://arxiv.org/abs/2609.02559v1,https://arxiv.org/pdf/2609.02559v1
0.0,0.0,low,0.0,False,True,2609.02558v1,Constraining reionization-era Ly$α$ escape with JELS-MUSE: a highly complete H$α$-selected sample at $z\sim6.1$,2026-09-02T13:10:52Z,2026-09-02T13:10:52Z,astro-ph.GA,astro-ph.GA,0,0,0,,,,,,,,https://arxiv.org/abs/2609.02558v1,https://arxiv.org/pdf/2609.02558v1
0.0,0.0,low,0.0,False,True,2609.02980v1,"Homology Nilpotency in Rational Homotopy Theory: Cell Attachments, Retractive Towers, Divergence, and Stabilization",2026-09-02T13:08:19Z,2026-09-02T13:08:19Z,math.AT,math.AT,0,0,0,,,,,,,,https://arxiv.org/abs/2609.02980v1,https://arxiv.org/pdf/2609.02980v1
0.0,0.0,low,0.0,True,True,2604.12053v2,The exponential growth of infinitesimal perturbations in the long-term evolution of simulated galaxies,2026-04-13T20:49:25Z,2026-09-02T13:06:22Z,astro-ph.GA,astro-ph.GA; nlin.CD,0,0,0,,,,,,,,https://arxiv.org/abs/2604.12053v2,https://arxiv.org/pdf/2604.12053v2
0.0,0.0,low,0.0,False,True,2609.02554v1,Experimental Evaluation of Passive Polarization Compensation Techniques for Fiber-Distributed Polarization-Entangled Photons,2026-09-02T13:05:30Z,2026-09-02T13:05:30Z,quant-ph,quant-ph,0,0,0,,,,,,,,https://arxiv.org/abs/2609.02554v1,https://arxiv.org/pdf/2609.02554v1
0.0,0.0,low,0.0,False,True,2609.02547v1,Visual Discovery of Fading Events in the Wolf-Rayet Star WR 80,2026-09-02T13:00:22Z,2026-09-02T13:00:22Z,astro-ph.SR,astro-ph.SR,0,0,0,,,,,,,,https://arxiv.org/abs/2609.02547v1,https://arxiv.org/pdf/2609.02547v1
0.0,0.0,low,0.0,True,True,2605.22761v3,Topological cell-openness index for porous materials,2026-05-21T17:24:19Z,2026-09-02T12:53:51Z,cond-mat.soft,cond-mat.soft; cond-mat.mtrl-sci,0,0,0,,,,,,,,https://arxiv.org/abs/2605.22761v3,https://arxiv.org/pdf/2605.22761v3
0.0,0.0,low,0.0,True,True,2311.09199v3,$\mathfrak{sl}(2)$-cohomology on multidifferential operators space,2023-11-15T18:43:13Z,2026-09-02T12:52:21Z,math.DG,math.DG,0,0,0,,,,,,,,https://arxiv.org/abs/2311.09199v3,https://arxiv.org/pdf/2311.09199v3
0.0,0.0,low,0.0,True,True,2406.03449v2,Global fermionic mode optimization via swap gates,2024-06-05T16:47:37Z,2026-09-02T12:40:53Z,cond-mat.str-el,cond-mat.str-el; quant-ph,0,0,0,,,,,,,,https://arxiv.org/abs/2406.03449v2,https://arxiv.org/pdf/2406.03449v2
0.0,0.0,low,0.0,True,False,2606.14660v3,Hilbert's basis theorem for Poisson Ore extensions,2026-06-12T17:29:31Z,2026-09-02T12:36:46Z,math.RA,math.RA; math.AC; math.QA,0,0,0,,,,,,,,https://arxiv.org/abs/2606.14660v3,https://arxiv.org/pdf/2606.14660v3
0.0,0.0,low,0.0,True,True,2511.16380v3,"QFT Realization of Non-Unitary $\mathfrak{sl}(2,\mathbb{C})$ WRT Invariants and Their Galois Conjugations",2025-11-20T14:01:26Z,2026-09-02T12:33:47Z,hep-th,hep-th,0,0,0,,,,,,,,https://arxiv.org/abs/2511.16380v3,https://arxiv.org/pdf/2511.16380v3
0.0,0.0,low,0.0,True,True,2607.25941v3,Sampling hard circuits with verifiably high fidelity,2026-07-28T16:26:56Z,2026-09-02T12:28:43Z,quant-ph,quant-ph,0,0,0,,,,,,,,https://arxiv.org/abs/2607.25941v3,https://arxiv.org/pdf/2607.25941v3
0.0,0.0,low,0.0,False,True,2609.02518v1,Efficient Simulation of Nonreciprocal Many-body Physics via Quantum Feedback,2026-09-02T12:24:46Z,2026-09-02T12:24:46Z,quant-ph,quant-ph,0,0,0,,,,,,,,https://arxiv.org/abs/2609.02518v1,https://arxiv.org/pdf/2609.02518v1
0.0,0.0,low,0.0,True,True,2511.11568v2,Implicit inference of the reionization history with higher-order statistics of the 21-cm signal,2025-11-14T18:58:13Z,2026-09-02T12:22:59Z,astro-ph.CO,astro-ph.CO,0,0,0,,,,,,,,https://arxiv.org/abs/2511.11568v2,https://arxiv.org/pdf/2511.11568v2
0.0,0.0,low,0.0,False,False,2609.02516v1,Power convexity of the torsion function on horo-convex domains in hyperbolic space,2026-09-02T12:22:03Z,2026-09-02T12:22:03Z,math.AP,math.AP; math.DG,0,0,0,,,,,,,,https://arxiv.org/abs/2609.02516v1,https://arxiv.org/pdf/2609.02516v1
0.0,0.0,low,0.0,True,True,2607.05245v2,Geminga and Monogem in the CTAO Era: Probing TeV Halos and Cosmic-Ray Transport,2026-07-06T15:55:09Z,2026-09-02T12:18:45Z,astro-ph.HE,astro-ph.HE,0,0,0,,,,,,,,https://arxiv.org/abs/2607.05245v2,https://arxiv.org/pdf/2607.05245v2
0.0,0.0,low,0.0,True,True,2604.02011v2,Merging and oscillations of dipolar Bose-Einstein condensate droplets,2026-04-02T13:16:39Z,2026-09-02T12:17:53Z,cond-mat.quant-gas,cond-mat.quant-gas,0,0,0,,,,,,,,https://arxiv.org/abs/2604.02011v2,https://arxiv.org/pdf/2604.02011v2
0.0,0.0,low,0.0,True,True,2608.30605v2,Hadron interactions in the U-70 energy range: results and problems,2026-08-31T11:18:38Z,2026-09-02T12:16:30Z,hep-ph,hep-ph,0,0,0,,,,,,,,https://arxiv.org/abs/2608.30605v2,https://arxiv.org/pdf/2608.30605v2
0.0,0.0,low,0.0,False,True,2609.02503v1,Single-Shot Fidelity Reveals Hard and Soft Limits: A Universal Yardstick for Photon-Number-Resolving Detectors,2026-09-02T12:07:53Z,2026-09-02T12:07:53Z,quant-ph,quant-ph; physics.optics,0,0,0,,,,,,,,https://arxiv.org/abs/2609.02503v1,https://arxiv.org/pdf/2609.02503v1
0.0,0.0,low,0.0,True,False,2607.11639v2,The chain replacement of a poset flow,2026-07-13T14:56:35Z,2026-09-02T12:01:51Z,math.CO,math.CO; math.AT; math.CT,0,0,0,,,,,,,,https://arxiv.org/abs/2607.11639v2,https://arxiv.org/pdf/2607.11639v2
0.0,0.0,low,0.0,False,False,2609.02491v1,Generalised Random Parking for Trapeziums on a Strip,2026-09-02T12:00:59Z,2026-09-02T12:00:59Z,math.PR,math.PR; cond-mat.stat-mech; math-ph,0,0,0,,,,,,,,https://arxiv.org/abs/2609.02491v1,https://arxiv.org/pdf/2609.02491v1
0.0,0.0,low,0.0,False,True,2609.02472v1,Localization and Abelianization of Strings on Group Manifolds: The Non-simply Connected Case,2026-09-02T11:44:08Z,2026-09-02T11:44:08Z,hep-th,hep-th,0,0,0,,,,,,,,https://arxiv.org/abs/2609.02472v1,https://arxiv.org/pdf/2609.02472v1
0.0,0.0,low,0.0,False,True,2609.02466v1,Prominent Dimensional Effects on High-order Harmonic Generation in Strongly Correlated Electron Systems,2026-09-02T11:37:43Z,2026-09-02T11:37:43Z,cond-mat.str-el,cond-mat.str-el; physics.optics,0,0,0,,,,,,,,https://arxiv.org/abs/2609.02466v1,https://arxiv.org/pdf/2609.02466v1
0.0,0.0,low,0.0,False,True,2609.02463v1,Clustered Nature of Hot and Dense Nuclear Matter: A quantum statistical approach,2026-09-02T11:33:40Z,2026-09-02T11:33:40Z,nucl-th,nucl-th,0,0,0,,,,,,,,https://arxiv.org/abs/2609.02463v1,https://arxiv.org/pdf/2609.02463v1
0.0,0.0,low,0.0,False,True,2609.02461v1,Computational methods for photoionization of H$_2$ molecules: a comparative study,2026-09-02T11:32:09Z,2026-09-02T11:32:09Z,quant-ph,quant-ph; physics.atom-ph,0,0,0,,,,,,,,https://arxiv.org/abs/2609.02461v1,https://arxiv.org/pdf/2609.02461v1
0.0,0.0,low,0.0,False,True,2609.02458v1,Impedance in Periodically Driven Stochastic Systems,2026-09-02T11:31:09Z,2026-09-02T11:31:09Z,cond-mat.stat-mech,cond-mat.stat-mech,0,0,0,,,,,,,,https://arxiv.org/abs/2609.02458v1,https://arxiv.org/pdf/2609.02458v1
0.0,0.0,low,0.0,False,True,2609.02456v1,"Horizon energy fluctuations beyond Einstein's gravity: Gauss-Bonnet, Lovelock and Quantum deformed frameworks",2026-09-02T11:27:59Z,2026-09-02T11:27:59Z,gr-qc,gr-qc,0,0,0,,,,,,,,https://arxiv.org/abs/2609.02456v1,https://arxiv.org/pdf/2609.02456v1
0.0,0.0,low,0.0,False,True,2609.02443v1,Thermodynamic Electric Toroidal Dipole and Intrinsic Longitudinal Spin Transport,2026-09-02T11:07:29Z,2026-09-02T11:07:29Z,cond-mat.str-el,cond-mat.str-el,0,0,0,,,,,,,,https://arxiv.org/abs/2609.02443v1,https://arxiv.org/pdf/2609.02443v1
0.0,0.0,low,0.0,False,True,2609.02442v1,Transient discs around isolated accreting neutron stars,2026-09-02T11:04:12Z,2026-09-02T11:04:12Z,astro-ph.HE,astro-ph.HE,0,0,0,,,,,,,,https://arxiv.org/abs/2609.02442v1,https://arxiv.org/pdf/2609.02442v1
0.0,0.0,low,0.0,False,True,2609.02441v1,Effects of Strong Magnetic Fields on the Equation of State and Mass-Radius Structure of Hyperonic Neutron-Star Matter with Anomalous Magnetic Moments,2026-09-02T11:03:37Z,2026-09-02T11:03:37Z,nucl-th,nucl-th,0,0,0,,,,,,,,https://arxiv.org/abs/2609.02441v1,https://arxiv.org/pdf/2609.02441v1
0.0,0.0,low,0.0,False,False,2609.02435v1,Chemical pressure and vacancies in crystals under nonhydrostatic stress,2026-09-02T10:57:42Z,2026-09-02T10:57:42Z,cond-mat.mtrl-sci,cond-mat.mtrl-sci; cond-mat.mes-hall,0,0,0,,,,,,,,https://arxiv.org/abs/2609.02435v1,https://arxiv.org/pdf/2609.02435v1
0.0,0.0,low,0.0,True,False,2602.18364v4,Quantum Maximum Likelihood Prediction via Hilbert Space Embeddings,2026-02-20T17:16:38Z,2026-09-02T10:55:29Z,cs.IT,cs.IT; cs.LG; quant-ph; stat.ML,0,0,0,,,,,,,,https://arxiv.org/abs/2602.18364v4,https://arxiv.org/pdf/2602.18364v4
0.0,0.0,low,0.0,False,True,2609.02430v1,Mixed Radial Volume Comparison under Spectral Ricci Bounds,2026-09-02T10:50:01Z,2026-09-02T10:50:01Z,math.DG,math.DG; math.AP,0,0,0,,,,,,,,https://arxiv.org/abs/2609.02430v1,https://arxiv.org/pdf/2609.02430v1
0.0,0.0,low,0.0,False,True,2609.02429v1,Rank-Selective Optical Tomography of Higher-Wave Altermagnetism,2026-09-02T10:46:38Z,2026-09-02T10:46:38Z,cond-mat.mes-hall,cond-mat.mes-hall; cond-mat.mtrl-sci,0,0,0,,,,,,,,https://arxiv.org/abs/2609.02429v1,https://arxiv.org/pdf/2609.02429v1
0.0,0.0,low,0.0,False,True,2609.02974v1,Quilt decompositions of surfaces and Torelli group action on the extended Hatcher complex,2026-09-02T10:46:29Z,2026-09-02T10:46:29Z,math.GT,math.GT,0,0,0,,,,,,,,https://arxiv.org/abs/2609.02974v1,https://arxiv.org/pdf/2609.02974v1
0.0,0.0,low,0.0,False,True,2609.02426v1,Deformations of the $\mathfrak{osp}(n|2)$-action on the superspace of symbols of differential operators on $\R^{1|n}$,2026-09-02T10:44:29Z,2026-09-02T10:44:29Z,math.DG,math.DG,0,0,0,,,,,,,,https://arxiv.org/abs/2609.02426v1,https://arxiv.org/pdf/2609.02426v1
0.0,0.0,low,0.0,True,True,2608.01152v2,Kerr-NUT Thermodynamics: Misner Strings and Nut Charges,2026-08-02T11:05:29Z,2026-09-02T10:30:20Z,gr-qc,gr-qc,0,0,0,,,,,,,,https://arxiv.org/abs/2608.01152v2,https://arxiv.org/pdf/2608.01152v2
0.0,0.0,low,0.0,False,True,2609.01078v2,Statistical Language Competition Model with Dynamic Edge Weighting on a Random Network,2026-09-01T11:08:10Z,2026-09-02T10:26:01Z,cond-mat.stat-mech,cond-mat.stat-mech,0,0,0,,,,,,,,https://arxiv.org/abs/2609.01078v2,https://arxiv.org/pdf/2609.01078v2
0.0,0.0,low,0.0,False,False,2609.02409v1,Membranes and Maps,2026-09-02T10:23:55Z,2026-09-02T10:23:55Z,math.AG,math.AG; hep-th; math-ph,0,0,0,,,,,,,,https://arxiv.org/abs/2609.02409v1,https://arxiv.org/pdf/2609.02409v1
0.0,0.0,low,0.0,False,True,2609.02406v1,CHARA/SPICA: The six-telescope visible combiner and near-infrared fringe tracker for the CHARA Array,2026-09-02T10:21:53Z,2026-09-02T10:21:53Z,astro-ph.IM,astro-ph.IM,0,0,0,,,,,,,,https://arxiv.org/abs/2609.02406v1,https://arxiv.org/pdf/2609.02406v1
0.0,0.0,low,0.0,False,True,2609.02405v1,Programming anharmonic potentials in a superconducting harmonic oscillator,2026-09-02T10:18:09Z,2026-09-02T10:18:09Z,quant-ph,quant-ph,0,0,0,,,,,,,,https://arxiv.org/abs/2609.02405v1,https://arxiv.org/pdf/2609.02405v1
0.0,0.0,low,0.0,False,True,2609.02400v1,Multiplicity of Cool Stars and their Evolution,2026-09-02T10:11:27Z,2026-09-02T10:11:27Z,astro-ph.SR,astro-ph.SR; astro-ph.EP; astro-ph.GA,0,0,0,,,,,,,,https://arxiv.org/abs/2609.02400v1,https://arxiv.org/pdf/2609.02400v1
0.0,0.0,low,0.0,True,True,2608.22942v2,Bounded Harmonic Functions on Products with a Parabolic Factor,2026-08-24T08:13:55Z,2026-09-02T10:09:12Z,math.DG,math.DG,0,0,0,,,,,,,,https://arxiv.org/abs/2608.22942v2,https://arxiv.org/pdf/2608.22942v2
0.0,0.0,low,0.0,True,True,2607.01013v2,"Exploring the Milky Way stellar disk. Carbon, nitrogen, oxygen, sulphur, potassium, and copper abundances for 714 F- and G-type dwarf stars in the solar neighbourhood",2026-07-01T14:48:34Z,2026-09-02T10:09:12Z,astro-ph.GA,astro-ph.GA; astro-ph.SR,0,0,0,,,,,,,,https://arxiv.org/abs/2607.01013v2,https://arxiv.org/pdf/2607.01013v2
0.0,0.0,low,0.0,True,True,2605.09715v2,All-optical universal control of nuclear-spin qudits in trapped neutral atoms,2026-05-10T19:28:06Z,2026-09-02T10:07:48Z,quant-ph,quant-ph; physics.atom-ph,0,0,0,,,,,,,,https://arxiv.org/abs/2605.09715v2,https://arxiv.org/pdf/2605.09715v2
0.0,0.0,low,0.0,False,True,2609.02395v1,Searching for optical pulsations from spider millisecond pulsars with the fast photometer SiFAP2,2026-09-02T10:04:36Z,2026-09-02T10:04:36Z,astro-ph.HE,astro-ph.HE,0,0,0,,,,,,,,https://arxiv.org/abs/2609.02395v1,https://arxiv.org/pdf/2609.02395v1
0.0,0.0,low,0.0,False,True,2609.01205v2,The Physical Conditions of Low-Mass Galaxies at z=3.5-7.0 from JWST Spectroscopy: The Behaviour of Spectral Line Ratios with Burstiness,2026-09-01T13:12:23Z,2026-09-02T09:59:05Z,astro-ph.GA,astro-ph.GA,0,0,0,,,,,,,,https://arxiv.org/abs/2609.01205v2,https://arxiv.org/pdf/2609.01205v2
0.0,0.0,low,0.0,False,True,2609.02972v1,Resolving Local Structure of Distribution Functions in Collider Measurements,2026-09-02T09:51:04Z,2026-09-02T09:51:04Z,hep-ph,hep-ph,0,0,0,,,,,,,,https://arxiv.org/abs/2609.02972v1,https://arxiv.org/pdf/2609.02972v1
0.0,0.0,low,0.0,False,True,2609.02378v1,Inside-out growth and the kiloparsec-scale star formation main sequence for low-surface-brightness disk galaxies in MaNGA,2026-09-02T09:50:43Z,2026-09-02T09:50:43Z,astro-ph.GA,astro-ph.GA,0,0,0,,,,,,,,https://arxiv.org/abs/2609.02378v1,https://arxiv.org/pdf/2609.02378v1
0.0,0.0,low,0.0,False,True,2609.02372v1,Implementation of quantum gates by Floquet analysis of kicked quantum system,2026-09-02T09:44:28Z,2026-09-02T09:44:28Z,quant-ph,quant-ph; cond-mat.mes-hall,0,0,0,,,,,,,,https://arxiv.org/abs/2609.02372v1,https://arxiv.org/pdf/2609.02372v1
0.0,0.0,low,0.0,False,True,2609.02370v1,Surprises of Klein paradox,2026-09-02T09:41:08Z,2026-09-02T09:41:08Z,hep-th,hep-th; cond-mat.other,0,0,0,,,,,,,,https://arxiv.org/abs/2609.02370v1,https://arxiv.org/pdf/2609.02370v1
0.0,0.0,low,0.0,True,True,2606.15101v3,Optimizing Wigner Negativity in Scattering Processes Using Energetic Cost Functions,2026-06-13T04:23:10Z,2026-09-02T09:36:58Z,quant-ph,quant-ph,0,0,0,,,,,,,,https://arxiv.org/abs/2606.15101v3,https://arxiv.org/pdf/2606.15101v3
0.0,0.0,low,0.0,True,True,2608.15658v2,Light deflection in the gravitational field of a solar system body with finite distance of source and observer for sub-micro-arcsecond astrometry,2026-08-16T10:03:47Z,2026-09-02T09:32:44Z,gr-qc,gr-qc,0,0,0,,,,,,,,https://arxiv.org/abs/2608.15658v2,https://arxiv.org/pdf/2608.15658v2
0.0,0.0,low,0.0,False,True,2609.02361v1,DMRG using Belief Propagation,2026-09-02T09:31:26Z,2026-09-02T09:31:26Z,quant-ph,quant-ph,0,0,0,,,,,,,,https://arxiv.org/abs/2609.02361v1,https://arxiv.org/pdf/2609.02361v1
0.0,0.0,low,0.0,False,True,2609.02360v1,Collective Cell Fluidity Controls Active Prestress Transmission in Cell-Extracellular-Matrix Tissues,2026-09-02T09:30:33Z,2026-09-02T09:30:33Z,cond-mat.soft,cond-mat.soft; physics.bio-ph,0,0,0,,,,,,,,https://arxiv.org/abs/2609.02360v1,https://arxiv.org/pdf/2609.02360v1
0.0,0.0,low,0.0,False,True,2609.02355v1,Effect of reactive targets on diffusive transport with intermittent restarts,2026-09-02T09:27:12Z,2026-09-02T09:27:12Z,cond-mat.stat-mech,cond-mat.stat-mech; cond-mat.soft; physics.chem-ph,0,0,0,,,,,,,,https://arxiv.org/abs/2609.02355v1,https://arxiv.org/pdf/2609.02355v1
0.0,0.0,low,0.0,False,True,2609.02340v1,Room-temperature local strain control of moiré excitons in MoS$_2$/WSe$_2$ heterobilayers,2026-09-02T09:16:12Z,2026-09-02T09:16:12Z,cond-mat.mes-hall,cond-mat.mes-hall,0,0,0,,,,,,,,https://arxiv.org/abs/2609.02340v1,https://arxiv.org/pdf/2609.02340v1
0.0,0.0,low,0.0,True,True,2601.12183v2,Maximum-precision charging of multi-qubit quantum batteries,2026-01-17T21:58:03Z,2026-09-02T09:09:55Z,quant-ph,quant-ph,0,0,0,,,,,,,,https://arxiv.org/abs/2601.12183v2,https://arxiv.org/pdf/2601.12183v2
0.0,0.0,low,0.0,False,True,2609.02335v1,Dispersion-engineered meta-coverslip for multimodal synthetic imaging,2026-09-02T09:09:54Z,2026-09-02T09:09:54Z,physics.optics,physics.optics,0,0,0,,,,,,,,https://arxiv.org/abs/2609.02335v1,https://arxiv.org/pdf/2609.02335v1
0.0,0.0,low,0.0,False,False,2609.02331v1,Metastability of interacting stochastic systems with countably many metastable states: beyond positive recurrence,2026-09-02T09:08:54Z,2026-09-02T09:08:54Z,math.PR,math.PR; math-ph,0,0,0,,,,,,,,https://arxiv.org/abs/2609.02331v1,https://arxiv.org/pdf/2609.02331v1
0.0,0.0,low,0.0,False,True,2609.02330v1,"QFT on flat, compact, orientable manifolds",2026-09-02T09:08:53Z,2026-09-02T09:08:53Z,hep-th,hep-th,0,0,0,,,,,,,,https://arxiv.org/abs/2609.02330v1,https://arxiv.org/pdf/2609.02330v1
0.0,0.0,low,0.0,False,True,2609.02326v1,Chirped-Pulse Forward Raman Amplification in Nonuniform Plasmas,2026-09-02T09:07:37Z,2026-09-02T09:07:37Z,physics.plasm-ph,physics.plasm-ph,0,0,0,,,,,,,,https://arxiv.org/abs/2609.02326v1,https://arxiv.org/pdf/2609.02326v1
0.0,0.0,low,0.0,False,False,2609.02325v1,A Payne-Weinberger inequality for quantum dot Dirac operators,2026-09-02T09:07:33Z,2026-09-02T09:07:33Z,math.AP,math.AP; math-ph,0,0,0,,,,,,,,https://arxiv.org/abs/2609.02325v1,https://arxiv.org/pdf/2609.02325v1
0.0,0.0,low,0.0,False,True,2609.02314v1,Surface brightness inhomogeneity on the helium-rich hot subdwarf in the X-ray binary HD 49798,2026-09-02T09:01:03Z,2026-09-02T09:01:03Z,astro-ph.SR,astro-ph.SR,0,0,0,,,,,,,,https://arxiv.org/abs/2609.02314v1,https://arxiv.org/pdf/2609.02314v1
0.0,0.0,low,0.0,False,True,2609.02312v1,Quark masses and mixing in the D_5 model under spontaneous CP violation,2026-09-02T08:57:18Z,2026-09-02T08:57:18Z,hep-ph,hep-ph,0,0,0,,,,,,,,https://arxiv.org/abs/2609.02312v1,https://arxiv.org/pdf/2609.02312v1
0.0,0.0,low,0.0,True,True,2505.13351v2,Poisson structure on predual of Banach Lie algebroid,2025-05-19T16:54:02Z,2026-09-02T08:49:58Z,math.DG,math.DG; math-ph; math.FA,0,0,0,,,,,,,,https://arxiv.org/abs/2505.13351v2,https://arxiv.org/pdf/2505.13351v2
0.0,0.0,low,0.0,False,False,2609.02297v1,Robin counting functions on cuboids in the critical scaling regime,2026-09-02T08:43:20Z,2026-09-02T08:43:20Z,math.SP,math.SP; math-ph,0,0,0,,,,,,,,https://arxiv.org/abs/2609.02297v1,https://arxiv.org/pdf/2609.02297v1
0.0,0.0,low,0.0,False,True,2609.02280v1,Evading Sudakov Dilution in Gluon Tomography,2026-09-02T08:26:17Z,2026-09-02T08:26:17Z,hep-ph,hep-ph,0,0,0,,,,,,,,https://arxiv.org/abs/2609.02280v1,https://arxiv.org/pdf/2609.02280v1
0.0,0.0,low,0.0,False,True,2609.02279v1,"Ventilated Cavitation around a sphere through surface air injection at Re = 10,000",2026-09-02T08:26:15Z,2026-09-02T08:26:15Z,physics.flu-dyn,physics.flu-dyn,0,0,0,,,,,,,,https://arxiv.org/abs/2609.02279v1,https://arxiv.org/pdf/2609.02279v1
0.0,0.0,low,0.0,False,True,2609.02278v1,"Frobenius Alexander quandles, knot colorings, and isogeny classes of abelian varieties over finite fields",2026-09-02T08:24:52Z,2026-09-02T08:24:52Z,math.GT,math.GT; math.AG,0,0,0,,,,,,,,https://arxiv.org/abs/2609.02278v1,https://arxiv.org/pdf/2609.02278v1
0.0,0.0,low,0.0,False,True,2609.02276v1,Heat transfer problem of a dense gas described by the Enskog equation with a modification of the Enskog factor,2026-09-02T08:23:15Z,2026-09-02T08:23:15Z,math-ph,math-ph; cond-mat.mes-hall; physics.flu-dyn,0,0,0,,,,,,,,https://arxiv.org/abs/2609.02276v1,https://arxiv.org/pdf/2609.02276v1
0.0,0.0,low,0.0,False,True,2609.02274v1,A topological version of Huber's theorem,2026-09-02T08:21:39Z,2026-09-02T08:21:39Z,math.GT,math.GT,0,0,0,,,,,,,,https://arxiv.org/abs/2609.02274v1,https://arxiv.org/pdf/2609.02274v1
0.0,0.0,low,0.0,True,True,2512.20421v3,Irreversibility and randomness,2025-12-23T15:05:51Z,2026-09-02T08:17:18Z,math-ph,math-ph,0,0,0,,,,,,,,https://arxiv.org/abs/2512.20421v3,https://arxiv.org/pdf/2512.20421v3
0.0,0.0,low,0.0,True,True,2608.25540v2,Pair creation in weak gravity and gauge backgrounds: spinning fields and binary stars,2026-08-26T08:52:17Z,2026-09-02T08:10:46Z,gr-qc,gr-qc; hep-th; math-ph,0,0,0,,,,,,,,https://arxiv.org/abs/2608.25540v2,https://arxiv.org/pdf/2608.25540v2
0.0,0.0,low,0.0,False,True,2609.02254v1,Searching for Gravitational Wave Events Counterparts in X-Rays by Tilting the Multiple Shells of Wolter-I Optics,2026-09-02T08:02:28Z,2026-09-02T08:02:28Z,astro-ph.IM,astro-ph.IM; astro-ph.HE,0,0,0,,,,,,,,https://arxiv.org/abs/2609.02254v1,https://arxiv.org/pdf/2609.02254v1
0.0,0.0,low,0.0,False,True,2609.02245v1,An updated census of the Vast Polar Structure member galaxies,2026-09-02T07:51:51Z,2026-09-02T07:51:51Z,astro-ph.GA,astro-ph.GA,0,0,0,,,,,,,,https://arxiv.org/abs/2609.02245v1,https://arxiv.org/pdf/2609.02245v1
0.0,0.0,low,0.0,False,True,2609.02240v1,Instabilities in Cylindrical Geometry Using the Minimalist Approach: Formalism and Rotational Instabilities,2026-09-02T07:47:28Z,2026-09-02T07:47:28Z,physics.plasm-ph,physics.plasm-ph; astro-ph.HE; astro-ph.SR; physics.flu-dyn,0,0,0,,,,,,,,https://arxiv.org/abs/2609.02240v1,https://arxiv.org/pdf/2609.02240v1
0.0,0.0,low,0.0,False,True,2609.02235v1,Scientific performances of the XGIS instrument on-board THESEUS,2026-09-02T07:44:06Z,2026-09-02T07:44:06Z,astro-ph.IM,astro-ph.IM,0,0,0,,,,,,,,https://arxiv.org/abs/2609.02235v1,https://arxiv.org/pdf/2609.02235v1
0.0,0.0,low,0.0,True,True,2603.23144v2,The Persistent Radio Sources and Multi-wavelength Counterparts of Fast Radio Bursts in Massive Binary Systems,2026-03-24T12:44:31Z,2026-09-02T07:43:00Z,astro-ph.HE,astro-ph.HE; astro-ph.SR,0,0,0,,,,,,,,https://arxiv.org/abs/2603.23144v2,https://arxiv.org/pdf/2603.23144v2
0.0,0.0,low,0.0,False,True,2609.02230v1,Is the Nuclear Star Cluster a Bulge Fossil Fragment?,2026-09-02T07:40:14Z,2026-09-02T07:40:14Z,astro-ph.GA,astro-ph.GA,0,0,0,,,,,,,,https://arxiv.org/abs/2609.02230v1,https://arxiv.org/pdf/2609.02230v1
0.0,0.0,low,0.0,False,True,2609.02229v1,A proposal for a hybrid free-space optical quantum communication network with hexagonal boron nitride-based single photon sources,2026-09-02T07:40:00Z,2026-09-02T07:40:00Z,quant-ph,quant-ph; physics.optics,0,0,0,,,,,,,,https://arxiv.org/abs/2609.02229v1,https://arxiv.org/pdf/2609.02229v1
0.0,0.0,low,0.0,False,True,2609.02228v1,Unfolded Krylov complexity: universal chaotic dynamics without false positives,2026-09-02T07:39:12Z,2026-09-02T07:39:12Z,hep-th,hep-th; nlin.CD; quant-ph,0,0,0,,,,,,,,https://arxiv.org/abs/2609.02228v1,https://arxiv.org/pdf/2609.02228v1
0.0,0.0,low,0.0,False,True,2609.02226v1,Coherent microwave-to-optical transduction with Yb:YSO spins strongly coupled to a 3D resonator,2026-09-02T07:37:10Z,2026-09-02T07:37:10Z,quant-ph,quant-ph,0,0,0,,,,,,,,https://arxiv.org/abs/2609.02226v1,https://arxiv.org/pdf/2609.02226v1
0.0,0.0,low,0.0,False,True,2609.02221v1,Demonstrating the Time-Domain Capabilities of the 4-m International Liquid Mirror Telescope: An Early Census of Transient and Variable Detections,2026-09-02T07:34:41Z,2026-09-02T07:34:41Z,astro-ph.IM,astro-ph.IM; astro-ph.HE; astro-ph.SR,0,0,0,,,,,,,,https://arxiv.org/abs/2609.02221v1,https://arxiv.org/pdf/2609.02221v1
0.0,0.0,low,0.0,False,True,2609.02200v1,Observation of Hong-Ou-Mandel interference between photon and polariton,2026-09-02T07:09:02Z,2026-09-02T07:09:02Z,quant-ph,quant-ph; physics.optics,0,0,0,,,,,,,,https://arxiv.org/abs/2609.02200v1,https://arxiv.org/pdf/2609.02200v1
0.0,0.0,low,0.0,False,False,2609.02197v1,Paracontrolled approach to the stochastic Cahn-Hilliard equation,2026-09-02T07:06:32Z,2026-09-02T07:06:32Z,math.PR,math.PR; math-ph; math.AP,0,0,0,,,,,,,,https://arxiv.org/abs/2609.02197v1,https://arxiv.org/pdf/2609.02197v1
0.0,0.0,low,0.0,False,True,2609.02192v1,Asymptotics of holomorphic torsion on orbifolds and an equivariant arithmetic Hilbert-Samuel theorem,2026-09-02T06:57:14Z,2026-09-02T06:57:14Z,math.DG,math.DG; math.AG,0,0,0,,,,,,,,https://arxiv.org/abs/2609.02192v1,https://arxiv.org/pdf/2609.02192v1
0.0,0.0,low,0.0,False,False,2609.02189v1,Double Gravity-Assist Rendezvous Trajectory to Halley's Comet Using Deep-Space Low Thrust,2026-09-02T06:53:02Z,2026-09-02T06:53:02Z,astro-ph.EP,astro-ph.EP; astro-ph.IM; math-ph,0,0,0,,,,,,,,https://arxiv.org/abs/2609.02189v1,https://arxiv.org/pdf/2609.02189v1
0.0,0.0,low,0.0,False,True,2609.02182v1,A Hybrid Simulation Code for Hall Thrusters and its Sensitivity to Numerical Parameters,2026-09-02T06:46:04Z,2026-09-02T06:46:04Z,physics.plasm-ph,physics.plasm-ph,0,0,0,,,,,,,,https://arxiv.org/abs/2609.02182v1,https://arxiv.org/pdf/2609.02182v1
0.0,0.0,low,0.0,False,False,2609.02175v1,Inverse Semiclassical Scattering at Fixed Energy,2026-09-02T06:38:41Z,2026-09-02T06:38:41Z,math.AP,math.AP; math-ph; math.SP,0,0,0,,,,,,,,https://arxiv.org/abs/2609.02175v1,https://arxiv.org/pdf/2609.02175v1
0.0,0.0,low,0.0,True,True,2108.03665v2,Leggett-type inequalities for testing nonlocal realism in multipartite systems,2021-08-08T15:20:00Z,2026-09-02T06:36:31Z,quant-ph,quant-ph,0,0,0,,,,,,,,https://arxiv.org/abs/2108.03665v2,https://arxiv.org/pdf/2108.03665v2
0.0,0.0,low,0.0,False,True,2609.02167v1,Empirical Near-Infrared Spectral Templates from SPHEREx: Disentangling AGN and Host-Galaxy Emission,2026-09-02T06:30:16Z,2026-09-02T06:30:16Z,astro-ph.GA,astro-ph.GA; astro-ph.IM,0,0,0,,,,,,,,https://arxiv.org/abs/2609.02167v1,https://arxiv.org/pdf/2609.02167v1
0.0,0.0,low,0.0,False,True,2609.02166v1,Simulation of the electron escape ratio for keV alpha-particle ionization tracks in liquid helium,2026-09-02T06:27:29Z,2026-09-02T06:27:29Z,astro-ph.IM,astro-ph.IM,0,0,0,,,,,,,,https://arxiv.org/abs/2609.02166v1,https://arxiv.org/pdf/2609.02166v1
0.0,0.0,low,0.0,False,True,2609.02151v1,Electron acceleration by turbulent reconnection in solar flares,2026-09-02T06:05:26Z,2026-09-02T06:05:26Z,astro-ph.SR,astro-ph.SR; physics.plasm-ph; physics.space-ph,0,0,0,,,,,,,,https://arxiv.org/abs/2609.02151v1,https://arxiv.org/pdf/2609.02151v1
0.0,0.0,low,0.0,False,True,2609.02146v1,Overview of multi-conjugate adaptive optics reconstructors,2026-09-02T06:01:03Z,2026-09-02T06:01:03Z,astro-ph.IM,astro-ph.IM,0,0,0,,,,,,,,https://arxiv.org/abs/2609.02146v1,https://arxiv.org/pdf/2609.02146v1
0.0,0.0,low,0.0,True,True,1203.0127v5,A Diagrammer's Note on Superconducting Fluctuation Transport for Beginners: II. Hall and Nernst Effects with Perturbational Treatment of Magnetic Field,2012-03-01T09:44:47Z,2026-09-02T05:59:55Z,cond-mat.supr-con,cond-mat.supr-con,0,0,0,,,,,,,,https://arxiv.org/abs/1203.0127v5,https://arxiv.org/pdf/1203.0127v5
0.0,0.0,low,0.0,True,True,2609.00031v2,Fuzzy local reduced order models (fl-ROMs),2026-08-28T17:13:38Z,2026-09-02T05:49:12Z,nlin.CD,nlin.CD; physics.flu-dyn,0,0,0,,,,,,,,https://arxiv.org/abs/2609.00031v2,https://arxiv.org/pdf/2609.00031v2
0.0,0.0,low,0.0,False,True,2609.02137v1,$\mathfrak{sl}_2$-action on the uri Lie algebra,2026-09-02T05:44:53Z,2026-09-02T05:44:53Z,math.QA,math.QA; math.NT,0,0,0,,,,,,,,https://arxiv.org/abs/2609.02137v1,https://arxiv.org/pdf/2609.02137v1
0.0,0.0,low,0.0,True,True,2608.19196v2,An improved volume bound under Ricci and scalar curvature lower bounds,2026-08-19T17:58:22Z,2026-09-02T05:40:50Z,math.DG,math.DG; math.MG,0,0,0,,,,,,,,https://arxiv.org/abs/2608.19196v2,https://arxiv.org/pdf/2608.19196v2
0.0,0.0,low,0.0,False,False,2609.02962v1,Monoidal Categorification and Quantization of Braid Varieties,2026-09-02T05:38:04Z,2026-09-02T05:38:04Z,math.RT,math.RT; math.QA,0,0,0,,,,,,,,https://arxiv.org/abs/2609.02962v1,https://arxiv.org/pdf/2609.02962v1
0.0,0.0,low,0.0,False,True,2609.02130v1,Extension of the non-pole technique to the twist-3 gluon distribution contribution in $pp$ collisions,2026-09-02T05:37:09Z,2026-09-02T05:37:09Z,hep-ph,hep-ph,0,0,0,,,,,,,,https://arxiv.org/abs/2609.02130v1,https://arxiv.org/pdf/2609.02130v1
0.0,0.0,low,0.0,False,True,2609.02128v1,Bridging the local and the global: a physically constrained buoyancy--drag model for unified prediction of Rayleigh--Taylor and Richtmyer--Meshkov mixing widths across density ratios,2026-09-02T05:35:38Z,2026-09-02T05:35:38Z,physics.flu-dyn,physics.flu-dyn,0,0,0,,,,,,,,https://arxiv.org/abs/2609.02128v1,https://arxiv.org/pdf/2609.02128v1
0.0,0.0,low,0.0,True,True,2608.29707v2,Tight Global Bound on Pairwise Entanglement of Formation in Three-Qubit Systems,2026-08-30T10:27:20Z,2026-09-02T05:15:31Z,quant-ph,quant-ph,0,0,0,,,,,,,,https://arxiv.org/abs/2608.29707v2,https://arxiv.org/pdf/2608.29707v2
0.0,0.0,low,0.0,False,True,2609.02960v1,Constituent-Tagged Transfer Linking Cluster Dynamics to Static Scaling,2026-09-02T05:14:10Z,2026-09-02T05:14:10Z,cond-mat.stat-mech,cond-mat.stat-mech; nlin.AO; nlin.CD,0,0,0,,,,,,,,https://arxiv.org/abs/2609.02960v1,https://arxiv.org/pdf/2609.02960v1
0.0,0.0,low,0.0,True,True,2606.10306v2,Recon?figurable measurement scheme compatible with MDI-QKD and BB84 protocols using single-laser sideband generation,2026-06-09T01:51:18Z,2026-09-02T05:11:12Z,quant-ph,quant-ph,0,0,0,,,,,,,,https://arxiv.org/abs/2606.10306v2,https://arxiv.org/pdf/2606.10306v2
0.0,0.0,low,0.0,False,True,2609.02117v1,Optimization of adaptive optics correction during observations: Algorithms and system parameters identification in closed-loop,2026-09-02T05:10:48Z,2026-09-02T05:10:48Z,astro-ph.IM,astro-ph.IM,0,0,0,,,,,,,,https://arxiv.org/abs/2609.02117v1,https://arxiv.org/pdf/2609.02117v1
0.0,0.0,low,0.0,True,True,2505.18913v2,Quantum Teleportation of a Single Qutrit using Two-Qutrit Entangled States,2025-05-25T00:40:50Z,2026-09-02T04:57:47Z,quant-ph,quant-ph,0,0,0,,,,,,,,https://arxiv.org/abs/2505.18913v2,https://arxiv.org/pdf/2505.18913v2
0.0,0.0,low,0.0,True,True,2509.06446v2,Improving Entanglement Resilience in Quantum Memories with Error-Detection-Based Distillation,2025-09-08T08:47:11Z,2026-09-02T04:46:35Z,quant-ph,quant-ph,0,0,0,,,,,,,,https://arxiv.org/abs/2509.06446v2,https://arxiv.org/pdf/2509.06446v2
0.0,0.0,low,0.0,False,True,2609.02104v1,Conformal Ricci Curvature and Spectral Estimates,2026-09-02T04:45:36Z,2026-09-02T04:45:36Z,math.DG,math.DG; math.SP,0,0,0,,,,,,,,https://arxiv.org/abs/2609.02104v1,https://arxiv.org/pdf/2609.02104v1
0.0,0.0,low,0.0,True,True,2608.27015v2,Field-driven attosecond deflection of electron beams at the position of planar foils,2026-08-27T12:01:46Z,2026-09-02T04:41:01Z,physics.optics,physics.optics,0,0,0,,,,,,,,https://arxiv.org/abs/2608.27015v2,https://arxiv.org/pdf/2608.27015v2
0.0,0.0,low,0.0,False,True,2609.02100v1,Persistence and emergence of quantum defects through pressure-induced phase changes,2026-09-02T04:38:19Z,2026-09-02T04:38:19Z,cond-mat.mes-hall,cond-mat.mes-hall,0,0,0,,,,,,,,https://arxiv.org/abs/2609.02100v1,https://arxiv.org/pdf/2609.02100v1
0.0,0.0,low,0.0,False,True,2609.02098v1,An Entanglement-Assisted Stabilizer Framework for Distributed Sensing of Local Phases,2026-09-02T04:38:00Z,2026-09-02T04:38:00Z,quant-ph,quant-ph,0,0,0,,,,,,,,https://arxiv.org/abs/2609.02098v1,https://arxiv.org/pdf/2609.02098v1
0.0,0.0,low,0.0,True,True,2605.01433v2,Online Estimation of Partial Transpose Moments via Fast Classical Updates,2026-05-02T13:13:46Z,2026-09-02T04:31:56Z,quant-ph,quant-ph,0,0,0,,,,,,,,https://arxiv.org/abs/2605.01433v2,https://arxiv.org/pdf/2605.01433v2
0.0,0.0,low,0.0,False,True,2609.02084v1,A Quantum Algorithm for the Radical of a Lie Algebra: Kernel Projection and Conditioning,2026-09-02T04:15:38Z,2026-09-02T04:15:38Z,quant-ph,quant-ph,0,0,0,,,,,,,,https://arxiv.org/abs/2609.02084v1,https://arxiv.org/pdf/2609.02084v1
0.0,0.0,low,0.0,True,True,2502.19876v10,Frobenius subalgebra lattices in tensor categories,2025-02-27T08:33:10Z,2026-09-02T04:10:11Z,math.QA,math.QA; math.CO; math.CT; math.OA; math.RA,0,0,0,,,,,,,,https://arxiv.org/abs/2502.19876v10,https://arxiv.org/pdf/2502.19876v10
0.0,0.0,low,0.0,False,True,2609.02065v1,From Bowditch question to Goldman conjecture for type-preserving representations,2026-09-02T03:44:56Z,2026-09-02T03:44:56Z,math.GT,math.GT,0,0,0,,,,,,,,https://arxiv.org/abs/2609.02065v1,https://arxiv.org/pdf/2609.02065v1
0.0,0.0,low,0.0,False,False,2609.02064v1,Coalescence and fluctuations of O'Connell$\unicode{x2013}$Yor polymers via the free-energy correlation profile,2026-09-02T03:44:54Z,2026-09-02T03:44:54Z,math.PR,math.PR; math-ph,0,0,0,,,,,,,,https://arxiv.org/abs/2609.02064v1,https://arxiv.org/pdf/2609.02064v1
0.0,0.0,low,0.0,False,True,2609.02053v1,Impact of nuclear triaxial deformation on electromagnetic fields in relativistic $^{129}\mathrm{Xe}+^{129}\mathrm{Xe}$ collisions,2026-09-02T03:32:41Z,2026-09-02T03:32:41Z,nucl-th,nucl-th,0,0,0,,,,,,,,https://arxiv.org/abs/2609.02053v1,https://arxiv.org/pdf/2609.02053v1
0.0,0.0,low,0.0,False,True,2609.02045v1,Analytic Maximal Violation of Extended MABK Inequalities for Generalized GHZ States,2026-09-02T03:19:58Z,2026-09-02T03:19:58Z,quant-ph,quant-ph,0,0,0,,,,,,,,https://arxiv.org/abs/2609.02045v1,https://arxiv.org/pdf/2609.02045v1
0.0,0.0,low,0.0,False,True,2609.02044v1,Rydberg-atom microwave angle-of-arrival detection via cylindrical vapor-cell-mediated field redistribution,2026-09-02T03:19:18Z,2026-09-02T03:19:18Z,physics.optics,physics.optics; physics.ins-det,0,0,0,,,,,,,,https://arxiv.org/abs/2609.02044v1,https://arxiv.org/pdf/2609.02044v1
0.0,0.0,low,0.0,False,True,2609.02043v1,A generalized harmonic oscillator problem for a spin-1/2 fermion,2026-09-02T03:17:44Z,2026-09-02T03:17:44Z,quant-ph,quant-ph; math-ph,0,0,0,,,,,,,,https://arxiv.org/abs/2609.02043v1,https://arxiv.org/pdf/2609.02043v1
0.0,0.0,low,0.0,False,True,2609.02037v1,Are Repeaters Prevalent Among the Known Fast Radio Burst Sources?,2026-09-02T03:07:46Z,2026-09-02T03:07:46Z,astro-ph.HE,astro-ph.HE,0,0,0,,,,,,,,https://arxiv.org/abs/2609.02037v1,https://arxiv.org/pdf/2609.02037v1
0.0,0.0,low,0.0,False,True,2609.02033v1,Search for the baryonic decay $ D_{s}^{*+} \to \ p \bar{n} $,2026-09-02T03:02:57Z,2026-09-02T03:02:57Z,hep-ex,hep-ex,0,0,0,,,,,,,,https://arxiv.org/abs/2609.02033v1,https://arxiv.org/pdf/2609.02033v1
0.0,0.0,low,0.0,False,True,2609.02025v1,Complete Topological Classification with P and T Symmetries: Revealing a Topological Invariant Invisible to K-Theory,2026-09-02T02:55:21Z,2026-09-02T02:55:21Z,cond-mat.mes-hall,cond-mat.mes-hall,0,0,0,,,,,,,,https://arxiv.org/abs/2609.02025v1,https://arxiv.org/pdf/2609.02025v1
0.0,0.0,low,0.0,True,True,2607.18848v2,Quantum-Enhanced Multi-Objective Optimization,2026-07-21T08:35:45Z,2026-09-02T02:54:06Z,quant-ph,quant-ph,0,0,0,,,,,,,,https://arxiv.org/abs/2607.18848v2,https://arxiv.org/pdf/2607.18848v2
0.0,0.0,low,0.0,False,True,2609.02009v1,Bell inequality violation with momentum-entangled massive particles,2026-09-02T02:34:23Z,2026-09-02T02:34:23Z,cond-mat.quant-gas,cond-mat.quant-gas; quant-ph,0,0,0,,,,,,,,https://arxiv.org/abs/2609.02009v1,https://arxiv.org/pdf/2609.02009v1
0.0,0.0,low,0.0,False,True,2609.01191v2,Low-threshold vortex lasing in three-dimensional cavities via flatband bound states in the continuum,2026-09-01T13:03:45Z,2026-09-02T02:26:22Z,physics.optics,physics.optics,0,0,0,,,,,,,,https://arxiv.org/abs/2609.01191v2,https://arxiv.org/pdf/2609.01191v2
0.0,0.0,low,0.0,False,True,2609.01995v1,"A measurement-based approach to EPFD calculation, to quantify the impact of satellite mega-constellations on low-frequency radio astronomy",2026-09-02T02:04:56Z,2026-09-02T02:04:56Z,astro-ph.IM,astro-ph.IM,0,0,0,,,,,,,,https://arxiv.org/abs/2609.01995v1,https://arxiv.org/pdf/2609.01995v1
0.0,0.0,low,0.0,False,True,2609.01994v1,Spin transport in intermediate-energy heavy-ion collisions,2026-09-02T02:02:00Z,2026-09-02T02:02:00Z,nucl-th,nucl-th; hep-ex; nucl-ex,0,0,0,,,,,,,,https://arxiv.org/abs/2609.01994v1,https://arxiv.org/pdf/2609.01994v1
0.0,0.0,low,0.0,False,True,2609.01993v1,"Entanglement, anti-flatness, and nonlocal nonstabilizerness: a unified perspective from entanglement spectrum",2026-09-02T02:00:20Z,2026-09-02T02:00:20Z,quant-ph,quant-ph,0,0,0,,,,,,,,https://arxiv.org/abs/2609.01993v1,https://arxiv.org/pdf/2609.01993v1
0.0,0.0,low,0.0,False,True,2609.01988v1,Contrasting Effects of Control on Fidelity and Fidelity Deviation in Controlled Teleportation,2026-09-02T01:51:45Z,2026-09-02T01:51:45Z,quant-ph,quant-ph,0,0,0,,,,,,,,https://arxiv.org/abs/2609.01988v1,https://arxiv.org/pdf/2609.01988v1
0.0,0.0,low,0.0,True,True,2409.20182v4,Quantum Blind Rotation for Fast Functional Bootstrapping,2024-09-30T10:49:18Z,2026-09-02T01:46:07Z,quant-ph,quant-ph; cs.CC; cs.CR,0,0,0,,,,,,,,https://arxiv.org/abs/2409.20182v4,https://arxiv.org/pdf/2409.20182v4
0.0,0.0,low,0.0,False,True,2609.01978v1,"Scalability in Simulating a Large-Aperture, Fresnel Zone Plate Lens for a Conceptual Space Telescope",2026-09-02T01:29:50Z,2026-09-02T01:29:50Z,astro-ph.IM,astro-ph.IM; physics.optics,0,0,0,,,,,,,,https://arxiv.org/abs/2609.01978v1,https://arxiv.org/pdf/2609.01978v1
0.0,0.0,low,0.0,True,True,2607.09882v4,Benchmarking Zero-Setup Quantum Circuit Simulators,2026-07-10T18:15:12Z,2026-09-02T01:14:06Z,quant-ph,quant-ph; cs.DC; cs.PF,0,0,0,,,,,,,,https://arxiv.org/abs/2607.09882v4,https://arxiv.org/pdf/2607.09882v4
0.0,0.0,low,0.0,False,True,2609.01970v1,Maximal-velocity deficit under a finite-support constraint in hard-wall half-line continuous-time quantum walk,2026-09-02T00:56:20Z,2026-09-02T00:56:20Z,quant-ph,quant-ph; cond-mat.quant-gas; cond-mat.stat-mech; math-ph; math.SP,0,0,0,,,,,,,,https://arxiv.org/abs/2609.01970v1,https://arxiv.org/pdf/2609.01970v1
0.0,0.0,low,0.0,True,True,2608.28307v2,Rigidity of closed $λ$-self-expanders,2026-08-28T13:13:47Z,2026-09-02T00:54:24Z,math.DG,math.DG,0,0,0,,,,,,,,https://arxiv.org/abs/2608.28307v2,https://arxiv.org/pdf/2608.28307v2
0.0,0.0,low,0.0,False,True,2609.02951v1,The Impact of Artificial Space Objects on Optical Astronomy as Determined from 32 Million Photometric Observations,2026-09-02T00:13:44Z,2026-09-02T00:13:44Z,astro-ph.IM,astro-ph.IM,0,0,0,,,,,,,,https://arxiv.org/abs/2609.02951v1,https://arxiv.org/pdf/2609.02951v1
0.0,0.0,low,0.0,False,True,2609.01951v1,Universal scaling and protocol-dependent amplitude in hybrid quantum walks,2026-09-01T23:48:19Z,2026-09-01T23:48:19Z,quant-ph,quant-ph; cond-mat.stat-mech,0,0,0,,,,,,,,https://arxiv.org/abs/2609.01951v1,https://arxiv.org/pdf/2609.01951v1
0.0,0.0,low,0.0,True,True,2602.07116v2,Revealing quantum geometry of solids through vacuum fluctuations,2026-02-06T19:00:03Z,2026-09-01T23:25:57Z,cond-mat.mes-hall,cond-mat.mes-hall; cond-mat.str-el; quant-ph,0,0,0,,,,,,,,https://arxiv.org/abs/2602.07116v2,https://arxiv.org/pdf/2602.07116v2
0.0,0.0,low,0.0,True,True,2509.26583v4,Higher-form (quasi)hydrodynamics from holography: deformations and dualities,2025-09-30T17:42:32Z,2026-09-01T23:25:07Z,hep-th,hep-th; cond-mat.str-el; gr-qc,0,0,0,,,,,,,,https://arxiv.org/abs/2509.26583v4,https://arxiv.org/pdf/2509.26583v4
0.0,0.0,low,0.0,False,True,2609.01940v1,Non-Additivity of Microwave-Shielded Interactions between Dipolar Molecules,2026-09-01T23:08:02Z,2026-09-01T23:08:02Z,cond-mat.quant-gas,cond-mat.quant-gas,0,0,0,,,,,,,,https://arxiv.org/abs/2609.01940v1,https://arxiv.org/pdf/2609.01940v1
0.0,0.0,low,0.0,False,True,2609.02950v1,"Comment on arXiv:2608.29450: ""First Measurement of Solar Neutrinos through Elastic Neutrino-Electron Scattering at the keV Scale""",2026-09-01T23:03:52Z,2026-09-01T23:03:52Z,hep-ex,hep-ex,0,0,0,,,,,,,,https://arxiv.org/abs/2609.02950v1,https://arxiv.org/pdf/2609.02950v1
0.0,0.0,low,0.0,False,True,2609.01934v1,On the Convergence of Metadynamics with Gaussian Hills,2026-09-01T23:00:19Z,2026-09-01T23:00:19Z,math-ph,math-ph,0,0,0,,,,,,,,https://arxiv.org/abs/2609.01934v1,https://arxiv.org/pdf/2609.01934v1
0.0,0.0,low,0.0,False,True,2609.01927v1,Microscopic dynamics of contagion using active Brownian particles: universal scaling and propagation controlled by protection,2026-09-01T22:54:18Z,2026-09-01T22:54:18Z,cond-mat.stat-mech,cond-mat.stat-mech; cond-mat.soft,0,0,0,,,,,,,,https://arxiv.org/abs/2609.01927v1,https://arxiv.org/pdf/2609.01927v1
0.0,0.0,low,0.0,False,True,2609.01920v1,Isospectral and not strongly isospectral spherical space forms with non-cyclic fundamental group,2026-09-01T22:38:01Z,2026-09-01T22:38:01Z,math.DG,math.DG,0,0,0,,,,,,,,https://arxiv.org/abs/2609.01920v1,https://arxiv.org/pdf/2609.01920v1
0.0,0.0,low,0.0,False,True,2609.01917v1,A Tale of Two Calibrators: Comparing Newtonian and Photon Calibration in Advanced LIGO after the Third Observing Run,2026-09-01T22:37:21Z,2026-09-01T22:37:21Z,gr-qc,gr-qc,0,0,0,,,,,,,,https://arxiv.org/abs/2609.01917v1,https://arxiv.org/pdf/2609.01917v1
0.0,0.0,low,0.0,False,True,2609.01904v1,Quantum Circuit and Tensor Network Implementation of the 2D Acoustic Wave Equation,2026-09-01T22:05:17Z,2026-09-01T22:05:17Z,quant-ph,quant-ph; cond-mat.dis-nn; cs.MS,0,0,0,,,,,,,,https://arxiv.org/abs/2609.01904v1,https://arxiv.org/pdf/2609.01904v1
0.0,0.0,low,0.0,False,True,2609.01903v1,The GOGREEN Survey: AI Powered Deconvolution Lifts The Veil on Outside-in Environmental Quenching at z > 1,2026-09-01T22:04:12Z,2026-09-01T22:04:12Z,astro-ph.GA,astro-ph.GA,0,0,0,,,,,,,,https://arxiv.org/abs/2609.01903v1,https://arxiv.org/pdf/2609.01903v1
0.0,0.0,low,0.0,False,True,2609.01901v1,Need One Bell-pair Only (NOBOL) for Low-Overhead Fault-Tolerant Quantum Computing,2026-09-01T22:02:03Z,2026-09-01T22:02:03Z,quant-ph,quant-ph,0,0,0,,,,,,,,https://arxiv.org/abs/2609.01901v1,https://arxiv.org/pdf/2609.01901v1
0.0,0.0,low,0.0,False,True,2609.01898v1,Curving X-ray detectors for astrophysics applications,2026-09-01T21:58:21Z,2026-09-01T21:58:21Z,astro-ph.IM,astro-ph.IM,0,0,0,,,,,,,,https://arxiv.org/abs/2609.01898v1,https://arxiv.org/pdf/2609.01898v1
0.0,0.0,low,0.0,False,True,2609.01897v1,The ViSta method for optimized stacking of broadband interferometric data in the Fourier domain,2026-09-01T21:56:44Z,2026-09-01T21:56:44Z,astro-ph.IM,astro-ph.IM; astro-ph.GA,0,0,0,,,,,,,,https://arxiv.org/abs/2609.01897v1,https://arxiv.org/pdf/2609.01897v1
0.0,0.0,low,0.0,True,True,2608.23935v2,Wave-Particle Complementarity from Fourier-Pontryagin Duality: A Categorical Formulation on Schwartz Rigged Hilbert Spaces,2026-08-25T00:51:13Z,2026-09-01T21:51:54Z,quant-ph,quant-ph,0,0,0,,,,,,,,https://arxiv.org/abs/2608.23935v2,https://arxiv.org/pdf/2608.23935v2
0.0,0.0,low,0.0,False,False,2609.01894v1,A Hilbert Module Approach to Classical and Quantum Reference Frames,2026-09-01T21:51:05Z,2026-09-01T21:51:05Z,math.OA,math.OA; math-ph,0,0,0,,,,,,,,https://arxiv.org/abs/2609.01894v1,https://arxiv.org/pdf/2609.01894v1
0.0,0.0,low,0.0,False,True,2609.01893v1,Lissajous-type orbits on a sphere and their non-Riemannian geometry,2026-09-01T21:39:36Z,2026-09-01T21:39:36Z,physics.class-ph,physics.class-ph,0,0,0,,,,,,,,https://arxiv.org/abs/2609.01893v1,https://arxiv.org/pdf/2609.01893v1
0.0,0.0,low,0.0,False,True,2609.01890v1,A novel objective function minimizes resonant trapped energetic particle losses in stellarators,2026-09-01T21:34:50Z,2026-09-01T21:34:50Z,physics.plasm-ph,physics.plasm-ph,0,0,0,,,,,,,,https://arxiv.org/abs/2609.01890v1,https://arxiv.org/pdf/2609.01890v1
0.0,0.0,low,0.0,True,True,2608.18382v2,Optical Voltage Profiling of 2D Semiconductors via Proximal Exciton Sensing,2026-08-18T23:25:33Z,2026-09-01T21:33:24Z,cond-mat.mes-hall,cond-mat.mes-hall; cond-mat.str-el; physics.optics,0,0,0,,,,,,,,https://arxiv.org/abs/2608.18382v2,https://arxiv.org/pdf/2608.18382v2
0.0,0.0,low,0.0,False,True,2609.01883v1,Fractional oscillators with fractional damping in the presence of external forces,2026-09-01T21:29:45Z,2026-09-01T21:29:45Z,math-ph,math-ph,0,0,0,,,,,,,,https://arxiv.org/abs/2609.01883v1,https://arxiv.org/pdf/2609.01883v1
0.0,0.0,low,0.0,False,False,2609.01882v1,Coxeter Descents and Parabolic Homotopy Colimits: A Hochster-type decomposition and integral Morse reduction,2026-09-01T21:28:03Z,2026-09-01T21:28:03Z,math.CO,math.CO; math.AT,0,0,0,,,,,,,,https://arxiv.org/abs/2609.01882v1,https://arxiv.org/pdf/2609.01882v1
0.0,0.0,low,0.0,False,True,2609.01880v1,EWOCS-IX: JWST/NIRCam observations of Westerlund 2 - Identification of candidate substellar members,2026-09-01T21:25:26Z,2026-09-01T21:25:26Z,astro-ph.GA,astro-ph.GA; astro-ph.SR,0,0,0,,,,,,,,https://arxiv.org/abs/2609.01880v1,https://arxiv.org/pdf/2609.01880v1
0.0,0.0,low,0.0,True,False,2407.01439v2,Optical Point-Spread Function via Defocus Phase Retrieval in Scanning Electron Microscopy,2024-07-01T16:32:39Z,2026-09-01T21:19:26Z,cond-mat.mtrl-sci,cond-mat.mtrl-sci; physics.ins-det; physics.optics,0,0,0,,,,,,,,https://arxiv.org/abs/2407.01439v2,https://arxiv.org/pdf/2407.01439v2
0.0,0.0,low,0.0,False,True,2609.01862v1,Applying the convolution theorem to the two-dimensional magnetic inverse problem,2026-09-01T20:51:39Z,2026-09-01T20:51:39Z,math-ph,math-ph,0,0,0,,,,,,,,https://arxiv.org/abs/2609.01862v1,https://arxiv.org/pdf/2609.01862v1
0.0,0.0,low,0.0,True,True,2509.11690v3,Lie symmetry analysis and similarity reductions for the tempered-fractional Keller Segel system,2025-09-15T08:41:27Z,2026-09-01T20:51:38Z,math-ph,math-ph; math.AP; math.OC,0,0,0,,,,,,,,https://arxiv.org/abs/2509.11690v3,https://arxiv.org/pdf/2509.11690v3
0.0,0.0,low,0.0,True,True,2605.16044v4,Quantum Feature Amplification Network (QFAN) as An Autoregressive Quantum Generative Model,2026-05-15T15:16:55Z,2026-09-01T20:49:28Z,quant-ph,quant-ph; physics.comp-ph,0,0,0,,,,,,,,https://arxiv.org/abs/2605.16044v4,https://arxiv.org/pdf/2605.16044v4
0.0,0.0,low,0.0,False,False,2609.01860v1,Comments on the recent improvements of the MRRW bounds,2026-09-01T20:43:23Z,2026-09-01T20:43:23Z,cs.IT,cs.IT; math.CO; quant-ph,0,0,0,,,,,,,,https://arxiv.org/abs/2609.01860v1,https://arxiv.org/pdf/2609.01860v1
0.0,0.0,low,0.0,False,False,2609.01858v1,A greedy nearest-neighbor approach to quantify site revisitation: comparing two sympatric raven species,2026-09-01T20:41:54Z,2026-09-01T20:41:54Z,q-bio.PE,q-bio.PE; cond-mat.stat-mech,0,0,0,,,,,,,,https://arxiv.org/abs/2609.01858v1,https://arxiv.org/pdf/2609.01858v1
0.0,0.0,low,0.0,False,False,2609.01857v1,"The Hessian of Planar Central Configurations in Pair Space: Decomposition, Morse Index and Symmetry Reduction",2026-09-01T20:41:54Z,2026-09-01T20:41:54Z,math.DS,math.DS; math-ph,0,0,0,,,,,,,,https://arxiv.org/abs/2609.01857v1,https://arxiv.org/pdf/2609.01857v1
0.0,0.0,low,0.0,False,True,2609.01848v1,Error accumulation in dissipative quantum circuits,2026-09-01T20:30:36Z,2026-09-01T20:30:36Z,quant-ph,quant-ph,0,0,0,,,,,,,,https://arxiv.org/abs/2609.01848v1,https://arxiv.org/pdf/2609.01848v1
0.0,0.0,low,0.0,True,True,2605.13011v3,No Measurable Changes in Radio and X-ray Emission Surrounding Glitches in the Young Pulsar PSR J2229+6114,2026-05-13T05:04:07Z,2026-09-01T20:27:29Z,astro-ph.HE,astro-ph.HE,0,0,0,,,,,,,,https://arxiv.org/abs/2605.13011v3,https://arxiv.org/pdf/2605.13011v3
0.0,0.0,low,0.0,False,False,2609.01843v1,Algebraic K-theory of quotient ring spectra,2026-09-01T20:22:58Z,2026-09-01T20:22:58Z,math.KT,math.KT; math.AT,0,0,0,,,,,,,,https://arxiv.org/abs/2609.01843v1,https://arxiv.org/pdf/2609.01843v1
0.0,0.0,low,0.0,False,True,2609.04258v1,Minimal-Volume Equiangular Hyperbolic $4$-Polytopes,2026-09-01T20:09:34Z,2026-09-01T20:09:34Z,math.GT,math.GT,0,0,0,,,,,,,,https://arxiv.org/abs/2609.04258v1,https://arxiv.org/pdf/2609.04258v1
0.0,0.0,low,0.0,False,True,2609.01831v1,Kelvin-Helmholtz instability in annular superfluids across the UFG-BCS crossover,2026-09-01T20:06:55Z,2026-09-01T20:06:55Z,cond-mat.quant-gas,cond-mat.quant-gas,0,0,0,,,,,,,,https://arxiv.org/abs/2609.01831v1,https://arxiv.org/pdf/2609.01831v1
0.0,0.0,low,0.0,True,True,2606.13244v2,Coupling-Grouped XY-QAOA for Joint Anomaly-Feature Selection,2026-06-11T11:56:54Z,2026-09-01T20:05:10Z,quant-ph,quant-ph,0,0,0,,,,,,,,https://arxiv.org/abs/2606.13244v2,https://arxiv.org/pdf/2606.13244v2
0.0,0.0,low,0.0,False,True,2609.01830v1,The bounded area class of negatively curved surfaces,2026-09-01T20:04:46Z,2026-09-01T20:04:46Z,math.GT,math.GT; math.AG; math.DG,0,0,0,,,,,,,,https://arxiv.org/abs/2609.01830v1,https://arxiv.org/pdf/2609.01830v1
0.0,0.0,low,0.0,False,True,2609.01829v1,Extended Body Propagators,2026-09-01T20:02:51Z,2026-09-01T20:02:51Z,math-ph,math-ph,0,0,0,,,,,,,,https://arxiv.org/abs/2609.01829v1,https://arxiv.org/pdf/2609.01829v1
0.0,0.0,low,0.0,False,False,2609.01826v1,An extension theory for fully fractional Schrödinger equations with memory,2026-09-01T19:59:14Z,2026-09-01T19:59:14Z,math.AP,math.AP; math-ph,0,0,0,,,,,,,,https://arxiv.org/abs/2609.01826v1,https://arxiv.org/pdf/2609.01826v1
0.0,0.0,low,0.0,False,True,2609.01822v1,Mass-dependent multiplicity fraction in low mass stars revealed by Gaia astrometry,2026-09-01T19:55:40Z,2026-09-01T19:55:40Z,astro-ph.SR,astro-ph.SR; astro-ph.EP; astro-ph.GA,0,0,0,,,,,,,,https://arxiv.org/abs/2609.01822v1,https://arxiv.org/pdf/2609.01822v1
0.0,0.0,low,0.0,True,False,2511.23406v2,Quantum Private Distributed Matrix Multiplication: Extending the Classical Codes and Limitations,2025-11-28T18:02:11Z,2026-09-01T19:47:01Z,cs.IT,cs.IT; cs.CR; cs.NI; eess.SP; quant-ph,0,0,0,,,,,,,,https://arxiv.org/abs/2511.23406v2,https://arxiv.org/pdf/2511.23406v2
0.0,0.0,low,0.0,False,True,2609.01817v1,Bosonic quantum control with a weakly coupled fluxonium qubit,2026-09-01T19:45:50Z,2026-09-01T19:45:50Z,quant-ph,quant-ph,0,0,0,,,,,,,,https://arxiv.org/abs/2609.01817v1,https://arxiv.org/pdf/2609.01817v1
0.0,0.0,low,0.0,False,True,2609.01812v1,Tuning Boron-Vacancy Qubit Coherence through Layer Number in hBN,2026-09-01T19:37:27Z,2026-09-01T19:37:27Z,cond-mat.mes-hall,cond-mat.mes-hall; quant-ph,0,0,0,,,,,,,,https://arxiv.org/abs/2609.01812v1,https://arxiv.org/pdf/2609.01812v1
0.0,0.0,low,0.0,True,True,2606.10114v3,A Cryogenic Hybrid Photonic/CMOS Controller Architecture for Scalable Superconducting Qubit Control,2026-06-08T19:48:15Z,2026-09-01T19:23:27Z,quant-ph,quant-ph,0,0,0,,,,,,,,https://arxiv.org/abs/2606.10114v3,https://arxiv.org/pdf/2606.10114v3
0.0,0.0,low,0.0,False,True,2609.01803v1,Exploration of Zero-Complexity Compact Stars in Higher Dimensions under the Finch-Skea Background,2026-09-01T19:20:16Z,2026-09-01T19:20:16Z,gr-qc,gr-qc,0,0,0,,,,,,,,https://arxiv.org/abs/2609.01803v1,https://arxiv.org/pdf/2609.01803v1
0.0,0.0,low,0.0,False,True,2609.01801v1,"Chemical evolution of Na, Mg, and Al in the Galactic bulge from UVES data",2026-09-01T19:12:13Z,2026-09-01T19:12:13Z,astro-ph.SR,astro-ph.SR,0,0,0,,,,,,,,https://arxiv.org/abs/2609.01801v1,https://arxiv.org/pdf/2609.01801v1
0.0,0.0,low,0.0,True,True,2511.23430v2,The EBLM Project XVIII. 3D Obliquities of Five Low-Mass Eclipsing Binaries,2025-11-28T18:26:56Z,2026-09-01T19:12:03Z,astro-ph.SR,astro-ph.SR; astro-ph.EP,0,0,0,,,,,,,,https://arxiv.org/abs/2511.23430v2,https://arxiv.org/pdf/2511.23430v2
0.0,0.0,low,0.0,True,True,1901.06530v2,The quantum algorithm for graph isomorphism problem,2019-01-19T14:17:16Z,2026-09-01T19:07:51Z,quant-ph,quant-ph,0,0,0,,,,,,,,https://arxiv.org/abs/1901.06530v2,https://arxiv.org/pdf/1901.06530v2
0.0,0.0,low,0.0,True,True,1711.01765v5,The optimal search on graph by continuous-time quantum walks,2017-11-06T07:56:47Z,2026-09-01T19:07:28Z,quant-ph,quant-ph,0,0,0,,,,,,,,https://arxiv.org/abs/1711.01765v5,https://arxiv.org/pdf/1711.01765v5
0.0,0.0,low,0.0,False,False,2609.01790v1,Precise Stellar Age Constraints and Habitable Zone Evolution in Exoplanet Systems,2026-09-01T19:01:42Z,2026-09-01T19:01:42Z,astro-ph.EP,astro-ph.EP; astro-ph.SR,0,0,0,,,,,,,,https://arxiv.org/abs/2609.01790v1,https://arxiv.org/pdf/2609.01790v1
0.0,0.0,low,0.0,False,False,2609.01785v1,IFU Observations of Comet 3I/ATLAS = C/2025 N1 (ATLAS) using the Hobby-Eberly Telescope with the VIRUS Instrument,2026-09-01T18:58:28Z,2026-09-01T18:58:28Z,astro-ph.EP,astro-ph.EP; astro-ph.GA,0,0,0,,,,,,,,https://arxiv.org/abs/2609.01785v1,https://arxiv.org/pdf/2609.01785v1
0.0,0.0,low,0.0,False,False,2609.01770v1,Support of Dyson Brownian Motion,2026-09-01T18:41:20Z,2026-09-01T18:41:20Z,math.PR,math.PR; math-ph,0,0,0,,,,,,,,https://arxiv.org/abs/2609.01770v1,https://arxiv.org/pdf/2609.01770v1
0.0,0.0,low,0.0,True,True,2602.13410v2,Evolutionary design of thermodynamic logic gates and their heat emission,2026-02-13T19:17:56Z,2026-09-01T18:34:31Z,cond-mat.stat-mech,cond-mat.stat-mech; cs.NE,0,0,0,,,,,,,,https://arxiv.org/abs/2602.13410v2,https://arxiv.org/pdf/2602.13410v2
0.0,0.0,low,0.0,False,True,2609.01760v1,Piston-Like Information Engine II: Boundary-Controlled Optimum in Active Matter,2026-09-01T18:27:23Z,2026-09-01T18:27:23Z,cond-mat.stat-mech,cond-mat.stat-mech; cond-mat.soft,0,0,0,,,,,,,,https://arxiv.org/abs/2609.01760v1,https://arxiv.org/pdf/2609.01760v1
0.0,0.0,low,0.0,True,True,2606.02748v2,Elemental cosmic ray spectra reveal two populations of Galactic sources and an immediate transition to an extragalactic component after the knee,2026-06-01T18:12:28Z,2026-09-01T18:27:19Z,astro-ph.HE,astro-ph.HE,0,0,0,,,,,,,,https://arxiv.org/abs/2606.02748v2,https://arxiv.org/pdf/2606.02748v2
0.0,0.0,low,0.0,False,True,2609.01755v1,Asymmetric optical transmission from broken interface-orientation symmetry in self-shadowed grating metallizations,2026-09-01T18:23:36Z,2026-09-01T18:23:36Z,physics.optics,physics.optics; cond-mat.mes-hall,0,0,0,,,,,,,,https://arxiv.org/abs/2609.01755v1,https://arxiv.org/pdf/2609.01755v1
0.0,0.0,low,0.0,False,False,2609.01753v1,The entropy production is not always monotone for hard spheres or for Maxwell molecules,2026-09-01T18:22:50Z,2026-09-01T18:22:50Z,math.AP,math.AP; math-ph,0,0,0,,,,,,,,https://arxiv.org/abs/2609.01753v1,https://arxiv.org/pdf/2609.01753v1
0.0,0.0,low,0.0,True,True,2607.24335v3,The Magnusian generator for dissipative systems and application to leading 2.5PN radiation-reaction dynamics,2026-07-27T12:11:50Z,2026-09-01T18:20:30Z,gr-qc,gr-qc; astro-ph.SR; physics.class-ph,0,0,0,,,,,,,,https://arxiv.org/abs/2607.24335v3,https://arxiv.org/pdf/2607.24335v3
0.0,0.0,low,0.0,False,True,2609.01744v1,Reliable Sample-Level Quantum Error Mitigation via Dominance-Aware Clustering,2026-09-01T18:10:44Z,2026-09-01T18:10:44Z,quant-ph,quant-ph; cs.IT,0,0,0,,,,,,,,https://arxiv.org/abs/2609.01744v1,https://arxiv.org/pdf/2609.01744v1
0.0,0.0,low,0.0,False,True,2609.01726v1,Non-Markovian interactions with pulses of quantum radiation,2026-09-01T18:01:09Z,2026-09-01T18:01:09Z,quant-ph,quant-ph,0,0,0,,,,,,,,https://arxiv.org/abs/2609.01726v1,https://arxiv.org/pdf/2609.01726v1
0.0,0.0,low,0.0,False,True,2609.01715v1,Measuring Small-scale Turbulence in Supernova Remnants with Jitter Radiation,2026-09-01T18:00:03Z,2026-09-01T18:00:03Z,astro-ph.HE,astro-ph.HE,0,0,0,,,,,,,,https://arxiv.org/abs/2609.01715v1,https://arxiv.org/pdf/2609.01715v1
0.0,0.0,low,0.0,False,True,2609.01713v1,One-cycle radiation-reaction Magnusian for eccentric binaries through relative 1PN order,2026-09-01T18:00:02Z,2026-09-01T18:00:02Z,gr-qc,gr-qc; hep-th,0,0,0,,,,,,,,https://arxiv.org/abs/2609.01713v1,https://arxiv.org/pdf/2609.01713v1
0.0,0.0,low,0.0,False,True,2609.01710v1,Purification of photonic graph states,2026-09-01T18:00:01Z,2026-09-01T18:00:01Z,quant-ph,quant-ph,0,0,0,,,,,,,,https://arxiv.org/abs/2609.01710v1,https://arxiv.org/pdf/2609.01710v1
0.0,0.0,low,0.0,False,True,2609.01709v1,The Comprehensive Investigations of the NGC 7419 Open Cluster and the New Perspective on Mass Populations,2026-09-01T18:00:01Z,2026-09-01T18:00:01Z,astro-ph.GA,astro-ph.GA,0,0,0,,,,,,,,https://arxiv.org/abs/2609.01709v1,https://arxiv.org/pdf/2609.01709v1
0.0,0.0,low,0.0,False,True,2609.01707v1,Linking neutral gas inflows and outflows to offsets in the star-forming main sequence and mass-metallicity relation,2026-09-01T18:00:00Z,2026-09-01T18:00:00Z,astro-ph.GA,astro-ph.GA,0,0,0,,,,,,,,https://arxiv.org/abs/2609.01707v1,https://arxiv.org/pdf/2609.01707v1
0.0,0.0,low,0.0,False,False,2609.01705v1,Generative Diffusion Surrogates with Analytical Variance Schedule,2026-09-01T18:00:00Z,2026-09-01T18:00:00Z,cs.LG,cs.LG; astro-ph.IM; physics.plasm-ph,0,0,0,,,,,,,,https://arxiv.org/abs/2609.01705v1,https://arxiv.org/pdf/2609.01705v1
0.0,0.0,low,0.0,False,True,2609.01708v1,The HERON Coma Project: Exploring the low-surface-brightness frontiers in the Coma cluster,2026-09-01T18:00:00Z,2026-09-01T18:00:00Z,astro-ph.GA,astro-ph.GA; astro-ph.IM,0,0,0,,,,,,,,https://arxiv.org/abs/2609.01708v1,https://arxiv.org/pdf/2609.01708v1
0.0,0.0,low,0.0,True,True,2602.08150v2,Brillouin Spectroscopy Reveals Mechanical Properties Beyond Hydration,2026-02-08T22:49:41Z,2026-09-01T17:57:34Z,physics.optics,physics.optics,0,0,0,,,,,,,,https://arxiv.org/abs/2602.08150v2,https://arxiv.org/pdf/2602.08150v2
0.0,0.0,low,0.0,False,True,2609.01586v1,The JWST Emission Line Survey (JELS): A narrow-band determination of the H$α$ Luminosity Function and Cosmic Star Formation into the Epoch of Reionization,2026-09-01T17:50:30Z,2026-09-01T17:50:30Z,astro-ph.GA,astro-ph.GA,0,0,0,,,,,,,,https://arxiv.org/abs/2609.01586v1,https://arxiv.org/pdf/2609.01586v1
0.0,0.0,low,0.0,True,True,2503.24045v3,Performance evaluation of variational quantum eigensolver and quantum dynamics algorithms on the advection-diffusion equation,2025-03-31T13:09:59Z,2026-09-01T17:46:54Z,quant-ph,quant-ph; cs.CE; cs.ET,0,0,0,,,,,,,,https://arxiv.org/abs/2503.24045v3,https://arxiv.org/pdf/2503.24045v3
0.0,0.0,low,0.0,False,False,2609.01581v1,Concentration of additive functionals of Stratonovich-type,2026-09-01T17:46:31Z,2026-09-01T17:46:31Z,math.PR,math.PR; cond-mat.stat-mech; math-ph,0,0,0,,,,,,,,https://arxiv.org/abs/2609.01581v1,https://arxiv.org/pdf/2609.01581v1
0.0,0.0,low,0.0,False,False,2609.01577v1,Beyond Five Scale Heights: Composition- and Cloud-dependent Ariel Tier-2 Requirements for sub-Neptunes,2026-09-01T17:43:40Z,2026-09-01T17:43:40Z,astro-ph.EP,astro-ph.EP; astro-ph.IM,0,0,0,,,,,,,,https://arxiv.org/abs/2609.01577v1,https://arxiv.org/pdf/2609.01577v1
0.0,0.0,low,0.0,True,True,2604.25790v2,Mixed-dimensional quantum MacWilliams identity: Bounds for codes and absolutely maximally entangled states in heterogeneous systems,2026-04-28T15:59:03Z,2026-09-01T17:40:40Z,quant-ph,quant-ph; cs.IT; math.CO,0,0,0,,,,,,,,https://arxiv.org/abs/2604.25790v2,https://arxiv.org/pdf/2604.25790v2
0.0,0.0,low,0.0,False,True,2609.01566v1,Odd-viscosity-induced instability in shear flows,2026-09-01T17:32:54Z,2026-09-01T17:32:54Z,physics.flu-dyn,physics.flu-dyn; cond-mat.soft,0,0,0,,,,,,,,https://arxiv.org/abs/2609.01566v1,https://arxiv.org/pdf/2609.01566v1
0.0,0.0,low,0.0,False,True,2609.01565v1,Hypersurfaces of constant higher order mean curvature in hyperbolic space with prescribed asymptotic boundary at infinity,2026-09-01T17:31:11Z,2026-09-01T17:31:11Z,math.DG,math.DG; math.AP,0,0,0,,,,,,,,https://arxiv.org/abs/2609.01565v1,https://arxiv.org/pdf/2609.01565v1
0.0,0.0,low,0.0,False,True,2609.01703v1,Multidimensional Double Refraction Microscopy,2026-09-01T17:27:41Z,2026-09-01T17:27:41Z,physics.optics,physics.optics; physics.app-ph; physics.ins-det,0,0,0,,,,,,,,https://arxiv.org/abs/2609.01703v1,https://arxiv.org/pdf/2609.01703v1
0.0,0.0,low,0.0,False,True,2609.01547v1,Irreducibility and regularisation properties of Gaussian quantum Markov semigroups,2026-09-01T17:14:48Z,2026-09-01T17:14:48Z,quant-ph,quant-ph; math-ph; math.PR,0,0,0,,,,,,,,https://arxiv.org/abs/2609.01547v1,https://arxiv.org/pdf/2609.01547v1
0.0,0.0,low,0.0,False,True,2609.01546v1,Construction and Performance of the sMDT Precision Muon Tracking Chambers for ATLAS at the HL-LHC,2026-09-01T17:14:34Z,2026-09-01T17:14:34Z,hep-ex,hep-ex,0,0,0,,,,,,,,https://arxiv.org/abs/2609.01546v1,https://arxiv.org/pdf/2609.01546v1
0.0,0.0,low,0.0,False,True,2609.01545v1,Homeomorphisms of surfaces in $4$-manifolds,2026-09-01T17:13:41Z,2026-09-01T17:13:41Z,math.GT,math.GT,0,0,0,,,,,,,,https://arxiv.org/abs/2609.01545v1,https://arxiv.org/pdf/2609.01545v1
0.0,0.0,low,0.0,False,True,2609.01701v1,A reconfigurable multi-axis cyber-physical framework for multi-regime fluid--structure interaction experiments,2026-09-01T17:10:06Z,2026-09-01T17:10:06Z,physics.flu-dyn,physics.flu-dyn,0,0,0,,,,,,,,https://arxiv.org/abs/2609.01701v1,https://arxiv.org/pdf/2609.01701v1
0.0,0.0,low,0.0,False,True,2609.01700v1,Tunneling assisted interference in double-well levitodynamics,2026-09-01T17:07:46Z,2026-09-01T17:07:46Z,quant-ph,quant-ph,0,0,0,,,,,,,,https://arxiv.org/abs/2609.01700v1,https://arxiv.org/pdf/2609.01700v1
0.0,0.0,low,0.0,False,True,2609.01541v1,Quantum Hopf rigidity in symmetric monoidal categories,2026-09-01T17:07:17Z,2026-09-01T17:07:17Z,math.QA,math.QA; math.CT; math.RA,0,0,0,,,,,,,,https://arxiv.org/abs/2609.01541v1,https://arxiv.org/pdf/2609.01541v1
0.0,0.0,low,0.0,False,True,2609.01540v1,Stability of the Riemannian positive mass theorem for spin manifolds,2026-09-01T17:05:50Z,2026-09-01T17:05:50Z,math.DG,math.DG,0,0,0,,,,,,,,https://arxiv.org/abs/2609.01540v1,https://arxiv.org/pdf/2609.01540v1
0.0,0.0,low,0.0,False,True,2609.01536v1,Bounded Electromagnetic Power Flux at Naked Kasner Singularities,2026-09-01T17:04:48Z,2026-09-01T17:04:48Z,gr-qc,gr-qc,0,0,0,,,,,,,,https://arxiv.org/abs/2609.01536v1,https://arxiv.org/pdf/2609.01536v1
0.0,0.0,low,0.0,False,True,2609.01534v1,Irreducible-Mass Growth and Extractable Energy in a Self-Gravitating Blandford-Znajek Engine,2026-09-01T17:04:34Z,2026-09-01T17:04:34Z,astro-ph.GA,astro-ph.GA,0,0,0,,,,,,,,https://arxiv.org/abs/2609.01534v1,https://arxiv.org/pdf/2609.01534v1
0.0,0.0,low,0.0,True,True,2510.08070v2,An infinite hierarchy of multi-copy quantum learning tasks,2025-10-09T10:57:42Z,2026-09-01T17:04:02Z,quant-ph,quant-ph,0,0,0,,,,,,,,https://arxiv.org/abs/2510.08070v2,https://arxiv.org/pdf/2510.08070v2
0.0,0.0,low,0.0,True,True,2608.25842v2,Enhanced quantum metrology with robust multipass interferometry,2026-08-26T14:18:52Z,2026-09-01T17:02:01Z,quant-ph,quant-ph,0,0,0,,,,,,,,https://arxiv.org/abs/2608.25842v2,https://arxiv.org/pdf/2608.25842v2
0.0,0.0,low,0.0,False,True,2609.01524v1,Quantum Weighted Moving Average for Predicting Limit Order Book Trends,2026-09-01T16:54:59Z,2026-09-01T16:54:59Z,quant-ph,quant-ph,0,0,0,,,,,,,,https://arxiv.org/abs/2609.01524v1,https://arxiv.org/pdf/2609.01524v1
0.0,0.0,low,0.0,True,True,2602.17572v3,A break in the X-ray loudness of Markarian 590: evidence for an AGN spectral state transition?,2026-02-19T17:28:19Z,2026-09-01T16:45:12Z,astro-ph.HE,astro-ph.HE; astro-ph.GA,0,0,0,,,,,,,,https://arxiv.org/abs/2602.17572v3,https://arxiv.org/pdf/2602.17572v3
0.0,0.0,low,0.0,False,True,2609.01696v1,CosmicPAH-IRDB: A Web Application for Including Anharmonicity in Simulated PAH Spectra for Astrophysics,2026-09-01T16:42:45Z,2026-09-01T16:42:45Z,astro-ph.IM,astro-ph.IM,0,0,0,,,,,,,,https://arxiv.org/abs/2609.01696v1,https://arxiv.org/pdf/2609.01696v1
0.0,0.0,low,0.0,False,True,2609.01508v1,Fifth-Harmonic Feedback Controls the Existence of a Third-Harmonic Zero,2026-09-01T16:39:19Z,2026-09-01T16:39:19Z,nlin.CD,nlin.CD,0,0,0,,,,,,,,https://arxiv.org/abs/2609.01508v1,https://arxiv.org/pdf/2609.01508v1
0.0,0.0,low,0.0,False,True,2609.01506v1,The $\mathrm{FK}_3$ knot polynomial,2026-09-01T16:37:16Z,2026-09-01T16:37:16Z,math.GT,math.GT,0,0,0,,,,,,,,https://arxiv.org/abs/2609.01506v1,https://arxiv.org/pdf/2609.01506v1
0.0,0.0,low,0.0,False,True,2609.01505v1,"Higher smooth surgery structure sets of complex projective spaces, part II",2026-09-01T16:35:39Z,2026-09-01T16:35:39Z,math.AT,math.AT; math.GT,0,0,0,,,,,,,,https://arxiv.org/abs/2609.01505v1,https://arxiv.org/pdf/2609.01505v1
0.0,0.0,low,0.0,True,True,2410.09622v2,Strong decay widths of S- and P-wave singly- and doubly-heavy charm and bottom baryons,2024-10-12T19:24:00Z,2026-09-01T16:28:02Z,hep-ph,hep-ph; hep-ex; nucl-th,0,0,0,,,,,,,,https://arxiv.org/abs/2410.09622v2,https://arxiv.org/pdf/2410.09622v2
0.0,0.0,low,0.0,False,True,2609.01694v1,A monolithic segmented 3D ion trap fabricated from fused silica by selective laser-induced etching,2026-09-01T16:27:20Z,2026-09-01T16:27:20Z,physics.atom-ph,physics.atom-ph; quant-ph,0,0,0,,,,,,,,https://arxiv.org/abs/2609.01694v1,https://arxiv.org/pdf/2609.01694v1
0.0,0.0,low,0.0,False,True,2609.01494v1,Polarized quantum effects in countable signals from intense laser - electron beam interactions,2026-09-01T16:22:30Z,2026-09-01T16:22:30Z,physics.plasm-ph,physics.plasm-ph; hep-th,0,0,0,,,,,,,,https://arxiv.org/abs/2609.01494v1,https://arxiv.org/pdf/2609.01494v1
0.0,0.0,low,0.0,False,True,2609.01482v1,Jet creation and wave energy dissipation by a submerged elastic plate,2026-09-01T16:17:50Z,2026-09-01T16:17:50Z,physics.flu-dyn,physics.flu-dyn,0,0,0,,,,,,,,https://arxiv.org/abs/2609.01482v1,https://arxiv.org/pdf/2609.01482v1
0.0,0.0,low,0.0,False,True,2609.01473v1,Keller sequences of exact $\infty$-categories,2026-09-01T16:07:20Z,2026-09-01T16:07:20Z,math.AT,math.AT; math.KT,0,0,0,,,,,,,,https://arxiv.org/abs/2609.01473v1,https://arxiv.org/pdf/2609.01473v1
0.0,0.0,low,0.0,False,True,2609.01471v1,A Magnetothermodynamic Theory of Energy Transport In Collisionless Plasmas,2026-09-01T16:05:51Z,2026-09-01T16:05:51Z,physics.plasm-ph,physics.plasm-ph; physics.space-ph,0,0,0,,,,,,,,https://arxiv.org/abs/2609.01471v1,https://arxiv.org/pdf/2609.01471v1
0.0,0.0,low,0.0,False,True,2609.01464v1,Removability of non-isolated singularities for Einstein metrics and RCD spaces,2026-09-01T16:03:01Z,2026-09-01T16:03:01Z,math.DG,math.DG; math.MG,0,0,0,,,,,,,,https://arxiv.org/abs/2609.01464v1,https://arxiv.org/pdf/2609.01464v1
0.0,0.0,low,0.0,False,True,2609.01463v1,Gromov-Hausdorff Stability and Rigidity of manifolds via Heisenberg-Pauli-Weyl Uncertainty Principle,2026-09-01T16:02:39Z,2026-09-01T16:02:39Z,math.DG,math.DG; math.AP,0,0,0,,,,,,,,https://arxiv.org/abs/2609.01463v1,https://arxiv.org/pdf/2609.01463v1
0.0,0.0,low,0.0,False,False,2609.01458v1,Confluence relations for $q$-analogues of multiple zeta values,2026-09-01T16:00:51Z,2026-09-01T16:00:51Z,math.NT,math.NT; math.QA,0,0,0,,,,,,,,https://arxiv.org/abs/2609.01458v1,https://arxiv.org/pdf/2609.01458v1
0.0,0.0,low,0.0,False,True,2609.01452v1,Project management of the Canadian Hydrogen Observatory and Radio-transient Detector,2026-09-01T15:57:25Z,2026-09-01T15:57:25Z,astro-ph.IM,astro-ph.IM,0,0,0,,,,,,,,https://arxiv.org/abs/2609.01452v1,https://arxiv.org/pdf/2609.01452v1
0.0,0.0,low,0.0,False,False,2609.01451v1,Behavioral Memory under Symmetry in One-Way Quantum Automata,2026-09-01T15:56:26Z,2026-09-01T15:56:26Z,cs.FL,cs.FL; quant-ph,0,0,0,,,,,,,,https://arxiv.org/abs/2609.01451v1,https://arxiv.org/pdf/2609.01451v1
0.0,0.0,low,0.0,False,True,2609.01448v1,Verifiable quantum advantage in extremely low depth,2026-09-01T15:54:34Z,2026-09-01T15:54:34Z,quant-ph,quant-ph; cs.CR,0,0,0,,,,,,,,https://arxiv.org/abs/2609.01448v1,https://arxiv.org/pdf/2609.01448v1
0.0,0.0,low,0.0,False,False,2609.01446v1,Polar nanoregions and reentrant-like ferroelectric behavior in SrTiO$_3$,2026-09-01T15:54:05Z,2026-09-01T15:54:05Z,cond-mat.mtrl-sci,cond-mat.mtrl-sci; cond-mat.mes-hall,0,0,0,,,,,,,,https://arxiv.org/abs/2609.01446v1,https://arxiv.org/pdf/2609.01446v1
0.0,0.0,low,0.0,False,True,2609.01443v1,$A_1$ - Coulomb branches over finite fields and Selberg Character sums,2026-09-01T15:51:59Z,2026-09-01T15:51:59Z,math-ph,math-ph; math.AG; math.NT,0,0,0,,,,,,,,https://arxiv.org/abs/2609.01443v1,https://arxiv.org/pdf/2609.01443v1
0.0,0.0,low,0.0,False,True,2609.01442v1,Finite Time Singularities of Collapsing Kähler Ricci Flow on Ruled Surfaces,2026-09-01T15:51:29Z,2026-09-01T15:51:29Z,math.DG,math.DG,0,0,0,,,,,,,,https://arxiv.org/abs/2609.01442v1,https://arxiv.org/pdf/2609.01442v1
0.0,0.0,low,0.0,False,False,2609.01436v1,Bose--Einstein Condensation without an Initial Low-Energy Concentration Assumption,2026-09-01T15:45:22Z,2026-09-01T15:45:22Z,math.AP,math.AP; math-ph,0,0,0,,,,,,,,https://arxiv.org/abs/2609.01436v1,https://arxiv.org/pdf/2609.01436v1
0.0,0.0,low,0.0,False,True,2609.01424v1,Spatiotemporal Chaos with Extended Spatial Interactions,2026-09-01T15:38:06Z,2026-09-01T15:38:06Z,nlin.CD,nlin.CD; nlin.PS; physics.comp-ph,0,0,0,,,,,,,,https://arxiv.org/abs/2609.01424v1,https://arxiv.org/pdf/2609.01424v1
0.0,0.0,low,0.0,False,True,2609.01419v1,Exact Virtual Channel Programming with Vanishing Excess Overhead,2026-09-01T15:35:16Z,2026-09-01T15:35:16Z,quant-ph,quant-ph,0,0,0,,,,,,,,https://arxiv.org/abs/2609.01419v1,https://arxiv.org/pdf/2609.01419v1
0.0,0.0,low,0.0,False,True,2609.01416v1,Probing jet medium interaction with generalized projected energy correlators,2026-09-01T15:34:20Z,2026-09-01T15:34:20Z,hep-ph,hep-ph,0,0,0,,,,,,,,https://arxiv.org/abs/2609.01416v1,https://arxiv.org/pdf/2609.01416v1
0.0,0.0,low,0.0,False,True,2609.01414v1,The role of different nonlinearities and potential vorticity conservation in two-dimensional fluid ITG models,2026-09-01T15:32:51Z,2026-09-01T15:32:51Z,physics.plasm-ph,physics.plasm-ph,0,0,0,,,,,,,,https://arxiv.org/abs/2609.01414v1,https://arxiv.org/pdf/2609.01414v1
0.0,0.0,low,0.0,True,True,2506.24112v3,Singular value transformation for unknown quantum channels,2025-06-30T17:56:07Z,2026-09-01T15:32:09Z,quant-ph,quant-ph,0,0,0,,,,,,,,https://arxiv.org/abs/2506.24112v3,https://arxiv.org/pdf/2506.24112v3
0.0,0.0,low,0.0,False,True,2609.01405v1,The MWA Interestingly Deep AStrophysical (MIDAS) Survey: Survey Description and First Data Release,2026-09-01T15:27:51Z,2026-09-01T15:27:51Z,astro-ph.GA,astro-ph.GA,0,0,0,,,,,,,,https://arxiv.org/abs/2609.01405v1,https://arxiv.org/pdf/2609.01405v1
0.0,0.0,low,0.0,True,True,2608.30060v2,Chemical potentials from structure factors: II. Charged multi-component mixtures,2026-08-30T22:00:22Z,2026-09-01T15:26:41Z,cond-mat.stat-mech,cond-mat.stat-mech; cond-mat.soft; physics.chem-ph; physics.comp-ph,0,0,0,,,,,,,,https://arxiv.org/abs/2608.30060v2,https://arxiv.org/pdf/2608.30060v2
0.0,0.0,low,0.0,True,False,2005.06003v2,"Dissipative coupling, dispersive coupling and their combination in the cavity-less opto-mechanical systems",2020-05-12T18:45:57Z,2026-09-01T15:23:23Z,physics.ins-det,physics.ins-det; physics.optics,0,0,0,,,,,,,,https://arxiv.org/abs/2005.06003v2,https://arxiv.org/pdf/2005.06003v2
0.0,0.0,low,0.0,False,True,2609.01400v1,Semiresolved Stellar Populations as Distance Indicators,2026-09-01T15:22:54Z,2026-09-01T15:22:54Z,astro-ph.GA,astro-ph.GA,0,0,0,,,,,,,,https://arxiv.org/abs/2609.01400v1,https://arxiv.org/pdf/2609.01400v1
0.0,0.0,low,0.0,False,True,2609.01388v1,The quiescent states of V745 Sco and V3890 Sgr: VLT/X-shooter and Swift/XRT+UVOT observations,2026-09-01T15:18:03Z,2026-09-01T15:18:03Z,astro-ph.SR,astro-ph.SR,0,0,0,,,,,,,,https://arxiv.org/abs/2609.01388v1,https://arxiv.org/pdf/2609.01388v1
0.0,0.0,low,0.0,False,True,2609.01382v1,Exact curve counting of given word length on the once-punctured torus,2026-09-01T15:15:27Z,2026-09-01T15:15:27Z,math.GT,math.GT; cs.CG; math.CO,0,0,0,,,,,,,,https://arxiv.org/abs/2609.01382v1,https://arxiv.org/pdf/2609.01382v1
0.0,0.0,low,0.0,False,True,2609.01686v1,"Comment on ""Environmental memory effects and quantum resource hierarchies in polarized hyperon--antihyperon systems""",2026-09-01T15:08:09Z,2026-09-01T15:08:09Z,quant-ph,quant-ph; hep-ex; hep-ph,0,0,0,,,,,,,,https://arxiv.org/abs/2609.01686v1,https://arxiv.org/pdf/2609.01686v1
0.0,0.0,low,0.0,False,True,2609.01366v1,Science Of Nuclear Fusion: Insights and Ideas,2026-09-01T15:05:34Z,2026-09-01T15:05:34Z,nucl-th,nucl-th; physics.soc-ph,0,0,0,,,,,,,,https://arxiv.org/abs/2609.01366v1,https://arxiv.org/pdf/2609.01366v1
0.0,0.0,low,0.0,False,True,2609.01364v1,Low-lying states of neutron-rich $N=50$ isotones in multi-reference covariant density functional theory,2026-09-01T15:03:36Z,2026-09-01T15:03:36Z,nucl-th,nucl-th,0,0,0,,,,,,,,https://arxiv.org/abs/2609.01364v1,https://arxiv.org/pdf/2609.01364v1
0.0,0.0,low,0.0,False,True,2609.01363v1,Antiresonances of Wannier-Stark ladders in Su-Schrieffer-Heeger lattices,2026-09-01T15:02:53Z,2026-09-01T15:02:53Z,cond-mat.mes-hall,cond-mat.mes-hall,0,0,0,,,,,,,,https://arxiv.org/abs/2609.01363v1,https://arxiv.org/pdf/2609.01363v1
0.0,0.0,low,0.0,False,False,2609.01362v1,Double cluster swapping for spin models: Pfaffian relations and sharpness,2026-09-01T15:01:48Z,2026-09-01T15:01:48Z,math.PR,math.PR; math-ph,0,0,0,,,,,,,,https://arxiv.org/abs/2609.01362v1,https://arxiv.org/pdf/2609.01362v1
0.0,0.0,low,0.0,True,True,2602.08940v3,Microquasar Remnants as Pevatrons Illuminating the Galactic Cosmic Ray Knee,2026-02-09T17:38:21Z,2026-09-01T15:00:48Z,astro-ph.HE,astro-ph.HE,0,0,0,,,,,,,,https://arxiv.org/abs/2602.08940v3,https://arxiv.org/pdf/2602.08940v3
0.0,0.0,low,0.0,False,True,2609.01359v1,Shot-noise-limited few-cycle mid-infrared frequency comb with attosecond phase stability,2026-09-01T15:00:20Z,2026-09-01T15:00:20Z,physics.optics,physics.optics,0,0,0,,,,,,,,https://arxiv.org/abs/2609.01359v1,https://arxiv.org/pdf/2609.01359v1
0.0,0.0,low,0.0,False,False,2609.01348v1,Collision-based logic in Lenia and its composition boundary,2026-09-01T14:56:13Z,2026-09-01T14:56:13Z,cs.ET,cs.ET; nlin.CG; nlin.PS,0,0,0,,,,,,,,https://arxiv.org/abs/2609.01348v1,https://arxiv.org/pdf/2609.01348v1
0.0,0.0,low,0.0,False,True,2609.01342v1,On the Nature of $X(2370)$,2026-09-01T14:51:59Z,2026-09-01T14:51:59Z,hep-ph,hep-ph,0,0,0,,,,,,,,https://arxiv.org/abs/2609.01342v1,https://arxiv.org/pdf/2609.01342v1
0.0,0.0,low,0.0,True,True,2605.26296v4,Superdilations at Schwarzschild null infinity,2026-05-25T19:42:06Z,2026-09-01T14:51:55Z,gr-qc,gr-qc,0,0,0,,,,,,,,https://arxiv.org/abs/2605.26296v4,https://arxiv.org/pdf/2605.26296v4
0.0,0.0,low,0.0,True,True,2501.11629v3,Quantum transistors for heat flux in and out of working substance parts: harmonic vs transmon and Kerr environs,2025-01-20T17:59:36Z,2026-09-01T14:50:13Z,quant-ph,quant-ph,0,0,0,,,,,,,,https://arxiv.org/abs/2501.11629v3,https://arxiv.org/pdf/2501.11629v3
0.0,0.0,low,0.0,False,True,2609.01336v1,Validating a BDT-based Electron-Positron Identification Algorithm at CLAS12 with Experimental Data,2026-09-01T14:49:00Z,2026-09-01T14:49:00Z,hep-ex,hep-ex; nucl-ex; physics.ins-det,0,0,0,,,,,,,,https://arxiv.org/abs/2609.01336v1,https://arxiv.org/pdf/2609.01336v1
0.0,0.0,low,0.0,False,True,2609.01334v1,Fast Microwave-free State Preparation and Measurement of Superconducting Qubits,2026-09-01T14:47:44Z,2026-09-01T14:47:44Z,quant-ph,quant-ph,0,0,0,,,,,,,,https://arxiv.org/abs/2609.01334v1,https://arxiv.org/pdf/2609.01334v1
0.0,0.0,low,0.0,False,True,2609.01329v1,"Pole-Zero Geometry, Model Reduction, and Identifiability in Sensory Adaptation",2026-09-01T14:44:34Z,2026-09-01T14:44:34Z,cond-mat.stat-mech,cond-mat.stat-mech; physics.bio-ph,0,0,0,,,,,,,,https://arxiv.org/abs/2609.01329v1,https://arxiv.org/pdf/2609.01329v1
0.0,0.0,low,0.0,True,True,2608.27627v2,The Late-time Ramp of the Double-Scaled SYK Model from the large-$n$ tail of Cactus Diagram,2026-08-27T19:08:30Z,2026-09-01T14:41:36Z,hep-th,hep-th,0,0,0,,,,,,,,https://arxiv.org/abs/2608.27627v2,https://arxiv.org/pdf/2608.27627v2
0.0,0.0,low,0.0,True,True,2512.07428v2,Single-Q and Double-Q magnetic orders: A Theoretical Analysis of Inelastic Neutron Scattering in a Centrosymmetric Structure,2025-12-08T11:02:56Z,2026-09-01T14:40:08Z,cond-mat.str-el,cond-mat.str-el; cond-mat.mtrl-sci,0,0,0,,,,,,,,https://arxiv.org/abs/2512.07428v2,https://arxiv.org/pdf/2512.07428v2
0.0,0.0,low,0.0,True,False,2607.20213v2,Graphon as a Bridge between Graphs and Manifolds,2026-07-22T14:33:37Z,2026-09-01T14:39:22Z,math.CO,math.CO; math.DG; math.MG,0,0,0,,,,,,,,https://arxiv.org/abs/2607.20213v2,https://arxiv.org/pdf/2607.20213v2
0.0,0.0,low,0.0,False,True,2609.01314v1,Collisional excitation of cyclopentadiene by helium. A complete set of rate coefficients and astrophysical applications,2026-09-01T14:37:31Z,2026-09-01T14:37:31Z,astro-ph.GA,astro-ph.GA; physics.chem-ph,0,0,0,,,,,,,,https://arxiv.org/abs/2609.01314v1,https://arxiv.org/pdf/2609.01314v1
0.0,0.0,low,0.0,True,True,2604.01004v4,"Modeling of point charges with distributions, regularizations, and generalized functions",2026-04-01T15:04:25Z,2026-09-01T14:36:35Z,math-ph,math-ph,0,0,0,,,,,,,,https://arxiv.org/abs/2604.01004v4,https://arxiv.org/pdf/2604.01004v4
0.0,0.0,low,0.0,False,True,2609.01307v1,"HEL1OS on Aditya-L1 Mission: Operations, Data Processing and Monitoring of Sun in Hard X-rays",2026-09-01T14:33:18Z,2026-09-01T14:33:18Z,astro-ph.IM,astro-ph.IM,0,0,0,,,,,,,,https://arxiv.org/abs/2609.01307v1,https://arxiv.org/pdf/2609.01307v1
0.0,0.0,low,0.0,False,True,2609.01303v1,"Completing or Refusing Low-Dimensional Records of Structured Quantum Circuits: Measurement Loss, Compression Loss, and Hardware Drift",2026-09-01T14:30:37Z,2026-09-01T14:30:37Z,quant-ph,quant-ph,0,0,0,,,,,,,,https://arxiv.org/abs/2609.01303v1,https://arxiv.org/pdf/2609.01303v1
0.0,0.0,low,0.0,True,True,2604.27963v2,International Optical Clock Comparison Using the European Optical Fiber Network,2026-04-30T14:56:20Z,2026-09-01T14:29:56Z,physics.atom-ph,physics.atom-ph; physics.optics,0,0,0,,,,,,,,https://arxiv.org/abs/2604.27963v2,https://arxiv.org/pdf/2604.27963v2
0.0,0.0,low,0.0,False,False,2609.01300v1,Virasoro Constraints for Orbifold Curves,2026-09-01T14:29:20Z,2026-09-01T14:29:20Z,math.AG,math.AG; math-ph,0,0,0,,,,,,,,https://arxiv.org/abs/2609.01300v1,https://arxiv.org/pdf/2609.01300v1
0.0,0.0,low,0.0,False,True,2609.01299v1,Emerging Personas and Tools for Hybrid Quantum-HPC Systems,2026-09-01T14:29:16Z,2026-09-01T14:29:16Z,quant-ph,quant-ph,0,0,0,,,,,,,,https://arxiv.org/abs/2609.01299v1,https://arxiv.org/pdf/2609.01299v1
0.0,0.0,low,0.0,True,True,2512.00681v2,Certified Quotient Calibration with Weighted-Projective Orbits and Finite-Shot Guarantees,2025-11-30T00:43:57Z,2026-09-01T14:26:41Z,quant-ph,quant-ph,0,0,0,,,,,,,,https://arxiv.org/abs/2512.00681v2,https://arxiv.org/pdf/2512.00681v2
0.0,0.0,low,0.0,False,True,2609.01285v1,"Addendum: Production of $π^{+} π^{-}$ pairs in diffractive photon-proton and in proton-proton collisions revisited, in particular concerning the Drell-Söding contribution",2026-09-01T14:21:28Z,2026-09-01T14:21:28Z,hep-ph,hep-ph,0,0,0,,,,,,,,https://arxiv.org/abs/2609.01285v1,https://arxiv.org/pdf/2609.01285v1
0.0,0.0,low,0.0,True,False,2202.02787v2,Stable cooperation emerges in stochastic multiplicative growth,2022-02-06T14:51:58Z,2026-09-01T14:20:41Z,q-bio.PE,q-bio.PE; cond-mat.stat-mech; econ.TH; physics.bio-ph; q-fin.GN,0,0,0,,,,,,,,https://arxiv.org/abs/2202.02787v2,https://arxiv.org/pdf/2202.02787v2
0.0,0.0,low,0.0,True,False,2512.16475v2,Fields of Toeplitz algebras form the principal symbol of regular 2-step nilpotent groups,2025-12-18T12:46:32Z,2026-09-01T14:18:35Z,math.OA,math.OA; math.DG; math.FA,0,0,0,,,,,,,,https://arxiv.org/abs/2512.16475v2,https://arxiv.org/pdf/2512.16475v2
0.0,0.0,low,0.0,True,True,2509.14071v2,GUE-corners process in two-periodic Aztec diamonds,2025-09-17T15:16:33Z,2026-09-01T14:16:55Z,math-ph,math-ph; math.PR,0,0,0,,,,,,,,https://arxiv.org/abs/2509.14071v2,https://arxiv.org/pdf/2509.14071v2
0.0,0.0,low,0.0,False,True,2609.01280v1,Dynamical regimes of QAOA gradient response,2026-09-01T14:14:29Z,2026-09-01T14:14:29Z,quant-ph,quant-ph,0,0,0,,,,,,,,https://arxiv.org/abs/2609.01280v1,https://arxiv.org/pdf/2609.01280v1
0.0,0.0,low,0.0,False,True,2609.01278v1,An exact and fast solution of the inverse Regularized Optimal Transport problem,2026-09-01T14:14:04Z,2026-09-01T14:14:04Z,cond-mat.stat-mech,cond-mat.stat-mech,0,0,0,,,,,,,,https://arxiv.org/abs/2609.01278v1,https://arxiv.org/pdf/2609.01278v1
0.0,0.0,low,0.0,True,True,2412.18007v3,Entropy density benchmarking of near-term quantum circuits,2024-12-23T22:01:09Z,2026-09-01T14:07:36Z,quant-ph,quant-ph,0,0,0,,,,,,,,https://arxiv.org/abs/2412.18007v3,https://arxiv.org/pdf/2412.18007v3
0.0,0.0,low,0.0,True,True,2607.08217v2,Spherically symmetric Finsler metrics satisfying the $σ$T-condition,2026-07-09T08:13:25Z,2026-09-01T14:06:44Z,math.DG,math.DG,0,0,0,,,,,,,,https://arxiv.org/abs/2607.08217v2,https://arxiv.org/pdf/2607.08217v2
0.0,0.0,low,0.0,True,False,2604.12248v3,Localization Lengths of Power-Law Random Band Matrices,2026-04-14T03:50:20Z,2026-09-01T14:02:35Z,math.PR,math.PR; math-ph,0,0,0,,,,,,,,https://arxiv.org/abs/2604.12248v3,https://arxiv.org/pdf/2604.12248v3
0.0,0.0,low,0.0,False,True,2609.01267v1,A nonabelian anyon violates Haag duality,2026-09-01T13:57:08Z,2026-09-01T13:57:08Z,quant-ph,quant-ph; cond-mat.str-el; math-ph; math.OA,0,0,0,,,,,,,,https://arxiv.org/abs/2609.01267v1,https://arxiv.org/pdf/2609.01267v1
0.0,0.0,low,0.0,False,True,2609.01266v1,Intruder dynamics in granular media under localized surface loading,2026-09-01T13:57:02Z,2026-09-01T13:57:02Z,cond-mat.soft,cond-mat.soft,0,0,0,,,,,,,,https://arxiv.org/abs/2609.01266v1,https://arxiv.org/pdf/2609.01266v1
0.0,0.0,low,0.0,False,True,2609.01265v1,AGN X-ray coronae at high luminosity: A broadband study of RBS 229 and PG 1407+265,2026-09-01T13:56:31Z,2026-09-01T13:56:31Z,astro-ph.HE,astro-ph.HE,0,0,0,,,,,,,,https://arxiv.org/abs/2609.01265v1,https://arxiv.org/pdf/2609.01265v1
0.0,0.0,low,0.0,False,True,2609.01261v1,Spin alignment of vector mesons in a plasma at finite density,2026-09-01T13:52:34Z,2026-09-01T13:52:34Z,hep-ph,hep-ph,0,0,0,,,,,,,,https://arxiv.org/abs/2609.01261v1,https://arxiv.org/pdf/2609.01261v1
0.0,0.0,low,0.0,True,True,2106.08012v3,Strong convexity in flip-graphs,2021-06-15T09:46:13Z,2026-09-01T13:50:23Z,math.GT,math.GT; math.CO,0,0,0,,,,,,,,https://arxiv.org/abs/2106.08012v3,https://arxiv.org/pdf/2106.08012v3
0.0,0.0,low,0.0,False,True,2609.01251v1,"On the Non-Negativity of Longitudinal Velocity Autocorrelations in Homogeneous Isotropic Turbulence: Kinematic Constraints, Convexity, and Spectral Broadening",2026-09-01T13:47:12Z,2026-09-01T13:47:12Z,physics.flu-dyn,physics.flu-dyn,0,0,0,,,,,,,,https://arxiv.org/abs/2609.01251v1,https://arxiv.org/pdf/2609.01251v1
0.0,0.0,low,0.0,True,False,2512.05856v2,Fluctuating Environments Favor Extreme Reproductive Delays and Penalize Intermediate Ones,2025-12-05T16:33:31Z,2026-09-01T13:47:12Z,q-bio.PE,q-bio.PE; cond-mat.stat-mech; physics.bio-ph,0,0,0,,,,,,,,https://arxiv.org/abs/2512.05856v2,https://arxiv.org/pdf/2512.05856v2
0.0,0.0,low,0.0,False,True,2609.01248v1,A Backend-Agnostic MWIS Kernel for Stochastic Unit Commitment with Neutral-Atom Hardware Validation,2026-09-01T13:46:26Z,2026-09-01T13:46:26Z,quant-ph,quant-ph; cs.ET; math.OC,0,0,0,,,,,,,,https://arxiv.org/abs/2609.01248v1,https://arxiv.org/pdf/2609.01248v1
0.0,0.0,low,0.0,False,True,2609.01242v1,Polarization measurements of the $2s$--$2p_{3/2}$ VUV transition in N$^{4+}$ excited by electron collisions,2026-09-01T13:42:10Z,2026-09-01T13:42:10Z,physics.atom-ph,physics.atom-ph; physics.plasm-ph,0,0,0,,,,,,,,https://arxiv.org/abs/2609.01242v1,https://arxiv.org/pdf/2609.01242v1
0.0,0.0,low,0.0,True,True,2605.03471v2,Disentangling Memory and Nonlinearity in Time-Multiplexed Optical Reservoir Computing,2026-05-05T07:56:20Z,2026-09-01T13:38:42Z,nlin.CD,nlin.CD; physics.optics,0,0,0,,,,,,,,https://arxiv.org/abs/2605.03471v2,https://arxiv.org/pdf/2605.03471v2
0.0,0.0,low,0.0,True,True,2607.21240v2,Approximate Virtual Quantum Recovery,2026-07-23T11:58:01Z,2026-09-01T13:36:44Z,quant-ph,quant-ph,0,0,0,,,,,,,,https://arxiv.org/abs/2607.21240v2,https://arxiv.org/pdf/2607.21240v2
0.0,0.0,low,0.0,True,True,2604.19688v2,Quantum Eigenvalue Transformations for Arbitrary Matrices,2026-04-21T17:11:03Z,2026-09-01T13:33:28Z,quant-ph,quant-ph,0,0,0,,,,,,,,https://arxiv.org/abs/2604.19688v2,https://arxiv.org/pdf/2604.19688v2
0.0,0.0,low,0.0,True,True,2607.15188v2,One more radiative-recoil correction to the Lamb shift in muonium,2026-07-16T16:39:40Z,2026-09-01T13:32:59Z,physics.atom-ph,physics.atom-ph; hep-ph,0,0,0,,,,,,,,https://arxiv.org/abs/2607.15188v2,https://arxiv.org/pdf/2607.15188v2
0.0,0.0,low,0.0,True,True,2608.05775v3,Robust logarithmic entanglement lower bound for $f$-routing,2026-08-06T09:09:44Z,2026-09-01T13:30:21Z,quant-ph,quant-ph,0,0,0,,,,,,,,https://arxiv.org/abs/2608.05775v3,https://arxiv.org/pdf/2608.05775v3
0.0,0.0,low,0.0,True,True,2606.25817v2,On-Sky Single-photon Time resolution of 35 ps with White Rabbit synchronization: towards the measurement of the size of a White Dwarf star,2026-06-24T13:32:15Z,2026-09-01T13:29:16Z,astro-ph.IM,astro-ph.IM; astro-ph.SR; physics.ins-det,0,0,0,,,,,,,,https://arxiv.org/abs/2606.25817v2,https://arxiv.org/pdf/2606.25817v2
0.0,0.0,low,0.0,True,True,2607.29650v2,"The IACOB project XIX. Revisiting massive-star evolution with empirical TAMS constraints: updated models, overshoot calibration, and the population of blue supergiants",2026-07-31T17:28:04Z,2026-09-01T13:23:11Z,astro-ph.SR,astro-ph.SR; astro-ph.GA,0,0,0,,,,,,,,https://arxiv.org/abs/2607.29650v2,https://arxiv.org/pdf/2607.29650v2
0.0,0.0,low,0.0,False,True,2609.01219v1,4MOST Low Resolution Spectrographs Characterization in Chile,2026-09-01T13:22:12Z,2026-09-01T13:22:12Z,astro-ph.IM,astro-ph.IM,0,0,0,,,,,,,,https://arxiv.org/abs/2609.01219v1,https://arxiv.org/pdf/2609.01219v1
0.0,0.0,low,0.0,True,True,2603.28649v2,The $B^{(*)}\bar{K}^{(*)}$-coupled-channel system in the hidden-gauge approach,2026-03-30T16:33:26Z,2026-09-01T13:21:42Z,hep-ph,hep-ph,0,0,0,,,,,,,,https://arxiv.org/abs/2603.28649v2,https://arxiv.org/pdf/2603.28649v2
0.0,0.0,low,0.0,True,True,2408.06173v2,Koszul duality and a conjecture of Francis-Gaitsgory,2024-08-12T14:18:42Z,2026-09-01T13:21:25Z,math.AT,math.AT; math.KT; math.RT,0,0,0,,,,,,,,https://arxiv.org/abs/2408.06173v2,https://arxiv.org/pdf/2408.06173v2
0.0,0.0,low,0.0,True,False,2601.10427v3,The eigenvalues and eigenvectors of finite-rank normal perturbations of large rotationally invariant non-Hermitian matrices,2026-01-15T14:21:54Z,2026-09-01T13:17:25Z,cond-mat.dis-nn,cond-mat.dis-nn; math-ph; math.PR,0,0,0,,,,,,,,https://arxiv.org/abs/2601.10427v3,https://arxiv.org/pdf/2601.10427v3
0.0,0.0,low,0.0,True,True,2606.12516v2,Bar-induced migration of $ω$ Centauri away from Gaia Sausage-Enceladus,2026-06-10T18:00:00Z,2026-09-01T13:10:42Z,astro-ph.GA,astro-ph.GA,0,0,0,,,,,,,,https://arxiv.org/abs/2606.12516v2,https://arxiv.org/pdf/2606.12516v2
0.0,0.0,low,0.0,True,False,2601.09360v3,R-transforms for non-Hermitian matrices: a spherical integral approach,2026-01-14T10:40:27Z,2026-09-01T13:09:32Z,cond-mat.dis-nn,cond-mat.dis-nn; math-ph; math.PR,0,0,0,,,,,,,,https://arxiv.org/abs/2601.09360v3,https://arxiv.org/pdf/2601.09360v3
0.0,0.0,low,0.0,True,True,2608.04870v3,Universal Scaling of the Minimum Error Probability in Qualification of Quantum States,2026-08-05T14:00:45Z,2026-09-01T13:07:55Z,quant-ph,quant-ph,0,0,0,,,,,,,,https://arxiv.org/abs/2608.04870v3,https://arxiv.org/pdf/2608.04870v3
0.0,0.0,low,0.0,True,False,2404.07689v5,Addressing bedload flux variability due to grain shape effects and experimental channel geometry,2024-04-11T12:32:56Z,2026-09-01T13:07:03Z,physics.geo-ph,physics.geo-ph; cond-mat.soft; physics.flu-dyn,0,0,0,,,,,,,,https://arxiv.org/abs/2404.07689v5,https://arxiv.org/pdf/2404.07689v5
0.0,0.0,low,0.0,False,True,2609.01199v1,Exploring reinforcement learning to enhance focal-plane wavefront control for vortex coronagraphs,2026-09-01T13:06:56Z,2026-09-01T13:06:56Z,astro-ph.IM,astro-ph.IM,0,0,0,,,,,,,,https://arxiv.org/abs/2609.01199v1,https://arxiv.org/pdf/2609.01199v1
0.0,0.0,low,0.0,False,True,2609.01197v1,Dynamical phase transitions for single particles in the semiclassical and weak noise limits,2026-09-01T13:06:11Z,2026-09-01T13:06:11Z,cond-mat.stat-mech,cond-mat.stat-mech; quant-ph,0,0,0,,,,,,,,https://arxiv.org/abs/2609.01197v1,https://arxiv.org/pdf/2609.01197v1
0.0,0.0,low,0.0,False,True,2609.01193v1,Angular power spectrum of induced gravitational waves: breaking model and parameter degeneracies in PTA observations,2026-09-01T13:04:15Z,2026-09-01T13:04:15Z,astro-ph.CO,astro-ph.CO; gr-qc; hep-ph; hep-th,0,0,0,,,,,,,,https://arxiv.org/abs/2609.01193v1,https://arxiv.org/pdf/2609.01193v1
0.0,0.0,low,0.0,False,True,2609.01189v1,The lower mean curvature bound in Gromov's mean-of-the-mean-curvature conjecture,2026-09-01T13:02:37Z,2026-09-01T13:02:37Z,math.DG,math.DG,0,0,0,,,,,,,,https://arxiv.org/abs/2609.01189v1,https://arxiv.org/pdf/2609.01189v1
0.0,0.0,low,0.0,True,False,2608.29785v2,Valley-Enabled Intrinsic Dresselhaus Spin-Orbit Coupling in Silicon,2026-08-30T13:25:34Z,2026-09-01T12:57:32Z,cond-mat.mtrl-sci,cond-mat.mtrl-sci; quant-ph,0,0,0,,,,,,,,https://arxiv.org/abs/2608.29785v2,https://arxiv.org/pdf/2608.29785v2
0.0,0.0,low,0.0,True,True,2608.30871v2,On the relaxation problem in statistical mechanics,2026-08-31T14:32:36Z,2026-09-01T12:53:32Z,cond-mat.stat-mech,cond-mat.stat-mech; math-ph; nlin.CD; physics.hist-ph; quant-ph,0,0,0,,,,,,,,https://arxiv.org/abs/2608.30871v2,https://arxiv.org/pdf/2608.30871v2
0.0,0.0,low,0.0,True,True,2604.22387v2,Embeddability between 3-manifolds is not stable,2026-04-24T09:23:56Z,2026-09-01T12:51:42Z,math.GT,math.GT,0,0,0,,,,,,,,https://arxiv.org/abs/2604.22387v2,https://arxiv.org/pdf/2604.22387v2
0.0,0.0,low,0.0,False,True,2609.01175v1,"Quantum time-flip beats adaptive metrology: Asymptotic benefit, activation, and unsimulability",2026-09-01T12:50:51Z,2026-09-01T12:50:51Z,quant-ph,quant-ph,0,0,0,,,,,,,,https://arxiv.org/abs/2609.01175v1,https://arxiv.org/pdf/2609.01175v1
0.0,0.0,low,0.0,False,False,2609.01169v1,Optical Colors as Compressed Spectral Information for Trans-Neptunian Objects,2026-09-01T12:46:15Z,2026-09-01T12:46:15Z,astro-ph.EP,astro-ph.EP; astro-ph.IM,0,0,0,,,,,,,,https://arxiv.org/abs/2609.01169v1,https://arxiv.org/pdf/2609.01169v1
0.0,0.0,low,0.0,False,True,2609.01163v1,Saturation effects in diffractive deep inelastic scattering,2026-09-01T12:43:20Z,2026-09-01T12:43:20Z,hep-ph,hep-ph; hep-ex; hep-th; nucl-ex; nucl-th,0,0,0,,,,,,,,https://arxiv.org/abs/2609.01163v1,https://arxiv.org/pdf/2609.01163v1
0.0,0.0,low,0.0,False,True,2609.01162v1,Sulphur within the extreme environment of the central molecular zone of NGC 253: a chemical modelling approach,2026-09-01T12:43:08Z,2026-09-01T12:43:08Z,astro-ph.GA,astro-ph.GA,0,0,0,,,,,,,,https://arxiv.org/abs/2609.01162v1,https://arxiv.org/pdf/2609.01162v1
0.0,0.0,low,0.0,False,True,2609.01157v1,A continuous-mode quantum-optical representation of finite strong-field laser pulses in free space,2026-09-01T12:34:47Z,2026-09-01T12:34:47Z,quant-ph,quant-ph,0,0,0,,,,,,,,https://arxiv.org/abs/2609.01157v1,https://arxiv.org/pdf/2609.01157v1
0.0,0.0,low,0.0,False,True,2609.01155v1,Helical and Straight Solitons Induced by Vortex Beams with Off-Axis Pivots in Cubic-Quintic Nonlinear Media,2026-09-01T12:31:39Z,2026-09-01T12:31:39Z,nlin.PS,nlin.PS,0,0,0,,,,,,,,https://arxiv.org/abs/2609.01155v1,https://arxiv.org/pdf/2609.01155v1
0.0,0.0,low,0.0,False,True,2609.01154v1,The cosmic multipoles: a consistency test for the Szekeres cosmological model,2026-09-01T12:30:57Z,2026-09-01T12:30:57Z,astro-ph.CO,astro-ph.CO,0,0,0,,,,,,,,https://arxiv.org/abs/2609.01154v1,https://arxiv.org/pdf/2609.01154v1
0.0,0.0,low,0.0,True,False,2606.27442v3,A Quantum Method of Types,2026-06-25T18:08:36Z,2026-09-01T12:25:48Z,cs.IT,cs.IT; quant-ph,0,0,0,,,,,,,,https://arxiv.org/abs/2606.27442v3,https://arxiv.org/pdf/2606.27442v3
0.0,0.0,low,0.0,False,True,2609.01149v1,Probing Nonlinear Interactions of Dipolar Interlayer Excitons in MoSe$_2$/WSe$_2$ Heterobilayers,2026-09-01T12:25:21Z,2026-09-01T12:25:21Z,cond-mat.mes-hall,cond-mat.mes-hall; cond-mat.mtrl-sci,0,0,0,,,,,,,,https://arxiv.org/abs/2609.01149v1,https://arxiv.org/pdf/2609.01149v1
0.0,0.0,low,0.0,False,True,2609.01145v1,Direct laser-written optomechanical double membranes in an optical microcavity,2026-09-01T12:20:00Z,2026-09-01T12:20:00Z,physics.optics,physics.optics; quant-ph,0,0,0,,,,,,,,https://arxiv.org/abs/2609.01145v1,https://arxiv.org/pdf/2609.01145v1
0.0,0.0,low,0.0,False,False,2609.01144v1,On the Gram matrix of standard inner products of asymmetrically-weighted Hermite functions,2026-09-01T12:19:35Z,2026-09-01T12:19:35Z,math.NA,math.NA; math-ph,0,0,0,,,,,,,,https://arxiv.org/abs/2609.01144v1,https://arxiv.org/pdf/2609.01144v1
0.0,0.0,low,0.0,True,True,2604.19433v2,Towards Application of Nanodiamonds for in-situ Monitoring of Radicals in Liquid Phase Chemical Reactions,2026-04-21T13:08:56Z,2026-09-01T12:17:38Z,cond-mat.mes-hall,cond-mat.mes-hall; physics.chem-ph; quant-ph,0,0,0,,,,,,,,https://arxiv.org/abs/2604.19433v2,https://arxiv.org/pdf/2604.19433v2
0.0,0.0,low,0.0,True,True,2603.27658v2,Entropy Production Rate in Stochastically Time-evolving Asymmetric Networks,2026-03-29T12:20:46Z,2026-09-01T12:16:24Z,cond-mat.stat-mech,cond-mat.stat-mech; cond-mat.dis-nn; nlin.CD,0,0,0,,,,,,,,https://arxiv.org/abs/2603.27658v2,https://arxiv.org/pdf/2603.27658v2
0.0,0.0,low,0.0,False,True,2609.01138v1,High-Speed and High-Responsivity Asymmetric Waveguide Photodiode with Low Optical Back-Reflection,2026-09-01T12:13:10Z,2026-09-01T12:13:10Z,physics.optics,physics.optics; physics.plasm-ph,0,0,0,,,,,,,,https://arxiv.org/abs/2609.01138v1,https://arxiv.org/pdf/2609.01138v1
0.0,0.0,low,0.0,False,True,2609.01137v1,Quantum antidipolar systems in two-dimensional geometries,2026-09-01T12:12:24Z,2026-09-01T12:12:24Z,cond-mat.quant-gas,cond-mat.quant-gas,0,0,0,,,,,,,,https://arxiv.org/abs/2609.01137v1,https://arxiv.org/pdf/2609.01137v1
0.0,0.0,low,0.0,False,True,2609.01134v1,Relative-Phase Control of Common-Bridge Survival in Collisions of Radially Excited Boson Stars,2026-09-01T12:10:15Z,2026-09-01T12:10:15Z,gr-qc,gr-qc,0,0,0,,,,,,,,https://arxiv.org/abs/2609.01134v1,https://arxiv.org/pdf/2609.01134v1
0.0,0.0,low,0.0,True,True,2508.14829v3,Data-Driven Thiele Equation Approach for State-Dependent Coefficients in the Nonlinear Dynamics of Vortex-based Nano-Oscillators,2025-08-20T16:23:54Z,2026-09-01T12:07:34Z,cond-mat.mes-hall,cond-mat.mes-hall,0,0,0,,,,,,,,https://arxiv.org/abs/2508.14829v3,https://arxiv.org/pdf/2508.14829v3
0.0,0.0,low,0.0,False,True,2609.01127v1,Nonmonotonic control of pattern formation by chemotaxis,2026-09-01T12:04:09Z,2026-09-01T12:04:09Z,cond-mat.stat-mech,cond-mat.stat-mech; cond-mat.soft,0,0,0,,,,,,,,https://arxiv.org/abs/2609.01127v1,https://arxiv.org/pdf/2609.01127v1
0.0,0.0,low,0.0,False,True,2609.01125v1,Quantifying Sky Map Resolution Requirements for Beam Chromaticity Correction in Sky-Averaged 21 cm Experiments,2026-09-01T12:04:07Z,2026-09-01T12:04:07Z,astro-ph.CO,astro-ph.CO,0,0,0,,,,,,,,https://arxiv.org/abs/2609.01125v1,https://arxiv.org/pdf/2609.01125v1
0.0,0.0,low,0.0,False,False,2609.01124v1,Helium-Gas-Cooled Cryogenic Current Comparator Integrated with a Quantum Resistance Standard,2026-09-01T12:02:07Z,2026-09-01T12:02:07Z,physics.ins-det,physics.ins-det; cond-mat.mes-hall,0,0,0,,,,,,,,https://arxiv.org/abs/2609.01124v1,https://arxiv.org/pdf/2609.01124v1
0.0,0.0,low,0.0,True,True,2608.10250v2,Astro+ database. I. Description and first results,2026-08-10T21:34:17Z,2026-09-01T11:59:00Z,astro-ph.SR,astro-ph.SR,0,0,0,,,,,,,,https://arxiv.org/abs/2608.10250v2,https://arxiv.org/pdf/2608.10250v2
0.0,0.0,low,0.0,False,True,2609.01119v1,Integrated Mass Loss for Very Metal-poor Stars: Asterosesimic Red Giant Masses of K2 Globular Cluster NGC 5897,2026-09-01T11:58:58Z,2026-09-01T11:58:58Z,astro-ph.SR,astro-ph.SR,0,0,0,,,,,,,,https://arxiv.org/abs/2609.01119v1,https://arxiv.org/pdf/2609.01119v1
0.0,0.0,low,0.0,True,False,2408.07493v3,Gradient flow dynamics for cell membranes in the Canham-Helfrich model,2024-08-14T12:19:20Z,2026-09-01T11:53:02Z,math.AP,math.AP; math.DG,0,0,0,,,,,,,,https://arxiv.org/abs/2408.07493v3,https://arxiv.org/pdf/2408.07493v3
0.0,0.0,low,0.0,True,True,2601.07166v2,Dynamic Water-Wave Tweezers,2026-01-12T03:25:21Z,2026-09-01T11:50:49Z,physics.flu-dyn,physics.flu-dyn; physics.optics,0,0,0,,,,,,,,https://arxiv.org/abs/2601.07166v2,https://arxiv.org/pdf/2601.07166v2
0.0,0.0,low,0.0,False,True,2609.01104v1,The asymptotic Plateau problem for Hypersurfaces of constant $H_{k}$ curvature in hyperbolic space,2026-09-01T11:47:16Z,2026-09-01T11:47:16Z,math.DG,math.DG; math.AP,0,0,0,,,,,,,,https://arxiv.org/abs/2609.01104v1,https://arxiv.org/pdf/2609.01104v1
0.0,0.0,low,0.0,True,True,2602.22386v3,Little Red Dots as Obscured Little Blue Dots: A Super-Eddington Unification Model,2026-02-25T20:32:56Z,2026-09-01T11:46:45Z,astro-ph.GA,astro-ph.GA; astro-ph.HE,0,0,0,,,,,,,,https://arxiv.org/abs/2602.22386v3,https://arxiv.org/pdf/2602.22386v3
0.0,0.0,low,0.0,True,True,2607.18998v3,Free energy and spectral edge of the SYK model,2026-07-21T11:32:10Z,2026-09-01T11:45:37Z,math-ph,math-ph; hep-th; math.OA; math.PR,0,0,0,,,,,,,,https://arxiv.org/abs/2607.18998v3,https://arxiv.org/pdf/2607.18998v3
0.0,0.0,low,0.0,False,False,2609.01095v1,Reliable LLM-Generated Programs for High-Energy Physics Experiments through Graph-Grounded Software Knowledge,2026-09-01T11:35:02Z,2026-09-01T11:35:02Z,cs.SE,cs.SE; hep-ex,0,0,0,,,,,,,,https://arxiv.org/abs/2609.01095v1,https://arxiv.org/pdf/2609.01095v1
0.0,0.0,low,0.0,True,True,2604.20510v3,Modeling of flopping-mode spin qubits: beyond the two-site model,2026-04-22T12:53:16Z,2026-09-01T11:33:52Z,cond-mat.mes-hall,cond-mat.mes-hall,0,0,0,,,,,,,,https://arxiv.org/abs/2604.20510v3,https://arxiv.org/pdf/2604.20510v3
0.0,0.0,low,0.0,True,True,2601.02556v2,The Lazuli Space Observatory: Architecture & Capabilities,2026-01-05T21:12:43Z,2026-09-01T11:28:46Z,astro-ph.IM,astro-ph.IM; astro-ph.CO; astro-ph.EP; astro-ph.HE; astro-ph.SR,0,0,0,,,,,,,,https://arxiv.org/abs/2601.02556v2,https://arxiv.org/pdf/2601.02556v2
0.0,0.0,low,0.0,False,True,2609.01083v1,The thermal emission for knot A of radio galaxy M87 by Chandra,2026-09-01T11:16:43Z,2026-09-01T11:16:43Z,astro-ph.HE,astro-ph.HE,0,0,0,,,,,,,,https://arxiv.org/abs/2609.01083v1,https://arxiv.org/pdf/2609.01083v1
0.0,0.0,low,0.0,True,True,2605.13443v2,Numerical speckle reduction for optical coherence tomography based on an analytical image formation model,2026-05-13T12:37:50Z,2026-09-01T11:02:04Z,physics.optics,physics.optics,0,0,0,,,,,,,,https://arxiv.org/abs/2605.13443v2,https://arxiv.org/pdf/2605.13443v2
0.0,0.0,low,0.0,False,True,2609.01066v1,Scattering and Tunneling in Real Quantum Mechanics,2026-09-01T10:59:17Z,2026-09-01T10:59:17Z,quant-ph,quant-ph; hep-th,0,0,0,,,,,,,,https://arxiv.org/abs/2609.01066v1,https://arxiv.org/pdf/2609.01066v1
0.0,0.0,low,0.0,False,True,2609.01065v1,Investigating the Young Stellar Populations and Hierarchies in Nearby Galaxies with the UVIT. III. Evidence for a Largest Scale of Correlated Stellar Structures and a Non-universal Fractal Dimension,2026-09-01T10:59:12Z,2026-09-01T10:59:12Z,astro-ph.GA,astro-ph.GA,0,0,0,,,,,,,,https://arxiv.org/abs/2609.01065v1,https://arxiv.org/pdf/2609.01065v1
0.0,0.0,low,0.0,True,True,2603.06364v2,Generation of Imaging Air Cherenkov Telescope images using Diffusion Models,2026-03-06T15:14:44Z,2026-09-01T10:54:14Z,astro-ph.IM,astro-ph.IM; astro-ph.HE,0,0,0,,,,,,,,https://arxiv.org/abs/2603.06364v2,https://arxiv.org/pdf/2603.06364v2
0.0,0.0,low,0.0,True,True,2507.00470v3,Geodesic orbit pseudo-Riemannian H-type nilmanifolds: case of minimal admissible Clifford modules,2025-07-01T06:33:02Z,2026-09-01T10:50:48Z,math.DG,math.DG,0,0,0,,,,,,,,https://arxiv.org/abs/2507.00470v3,https://arxiv.org/pdf/2507.00470v3
0.0,0.0,low,0.0,False,True,2609.01054v1,High-Frequency Gravitational-Wave Transduction in a SQUID-Terminated Superconducting Cavity,2026-09-01T10:49:32Z,2026-09-01T10:49:32Z,gr-qc,gr-qc,0,0,0,,,,,,,,https://arxiv.org/abs/2609.01054v1,https://arxiv.org/pdf/2609.01054v1
0.0,0.0,low,0.0,False,True,2609.01052v1,Archival transients detected with the MeerLICHT telescope I: Supernovae,2026-09-01T10:48:43Z,2026-09-01T10:48:43Z,astro-ph.SR,astro-ph.SR,0,0,0,,,,,,,,https://arxiv.org/abs/2609.01052v1,https://arxiv.org/pdf/2609.01052v1
0.0,0.0,low,0.0,False,False,2609.01049v1,QILP-0: Constructing Observational Declarative Twins of Quantum Circuits,2026-09-01T10:46:42Z,2026-09-01T10:46:42Z,cs.AI,cs.AI; quant-ph,0,0,0,,,,,,,,https://arxiv.org/abs/2609.01049v1,https://arxiv.org/pdf/2609.01049v1
0.0,0.0,low,0.0,True,True,2605.28670v3,Non-integral geometry: additional term $f_A$ as a regularizing term,2026-05-27T16:04:36Z,2026-09-01T10:46:37Z,hep-th,hep-th; math-ph; math.FA,0,0,0,,,,,,,,https://arxiv.org/abs/2605.28670v3,https://arxiv.org/pdf/2605.28670v3
0.0,0.0,low,0.0,False,True,2609.01044v1,Mass-conserving growth percolation in polymer gelation,2026-09-01T10:43:26Z,2026-09-01T10:43:26Z,cond-mat.soft,cond-mat.soft; cond-mat.mtrl-sci; physics.chem-ph,0,0,0,,,,,,,,https://arxiv.org/abs/2609.01044v1,https://arxiv.org/pdf/2609.01044v1
0.0,0.0,low,0.0,False,False,2609.01037v1,A Dynamic Intermediate Representation for Hybrid Quantum-Classical Programs,2026-09-01T10:35:46Z,2026-09-01T10:35:46Z,cs.PL,cs.PL; quant-ph,0,0,0,,,,,,,,https://arxiv.org/abs/2609.01037v1,https://arxiv.org/pdf/2609.01037v1
0.0,0.0,low,0.0,True,True,2607.27819v2,Partial vision leads to an unexpected emergent collective behavior in active aligning particles,2026-07-30T07:59:36Z,2026-09-01T10:35:10Z,cond-mat.soft,cond-mat.soft; physics.comp-ph,0,0,0,,,,,,,,https://arxiv.org/abs/2607.27819v2,https://arxiv.org/pdf/2607.27819v2
0.0,0.0,low,0.0,False,True,2609.01033v1,Fundamental effective temperature measurements for eclipsing binary stars - IX. Characterisation of 5 solar-type sclipsing binaries with M-dwarf companions,2026-09-01T10:32:47Z,2026-09-01T10:32:47Z,astro-ph.SR,astro-ph.SR,0,0,0,,,,,,,,https://arxiv.org/abs/2609.01033v1,https://arxiv.org/pdf/2609.01033v1
0.0,0.0,low,0.0,True,False,2503.11374v2,Investigation into thorium sulfate as a spinless crystal for a high-performance solid-state $^{229}Th$ nuclear clock,2025-03-14T13:18:14Z,2026-09-01T10:31:44Z,cond-mat.mtrl-sci,cond-mat.mtrl-sci; nucl-th; physics.atom-ph; physics.optics,0,0,0,,,,,,,,https://arxiv.org/abs/2503.11374v2,https://arxiv.org/pdf/2503.11374v2
0.0,0.0,low,0.0,False,True,2609.01029v1,Tangent fermions can restore vacuum stability of discrete-time Dirac models,2026-09-01T10:27:21Z,2026-09-01T10:27:21Z,quant-ph,quant-ph; cond-mat.mes-hall; hep-th,0,0,0,,,,,,,,https://arxiv.org/abs/2609.01029v1,https://arxiv.org/pdf/2609.01029v1
0.0,0.0,low,0.0,True,True,2608.28793v2,On the complete maximal maps and their singularities,2026-08-28T18:56:12Z,2026-09-01T10:25:17Z,math.DG,math.DG,0,0,0,,,,,,,,https://arxiv.org/abs/2608.28793v2,https://arxiv.org/pdf/2608.28793v2
0.0,0.0,low,0.0,False,True,2609.01026v1,Quantitative avoidance for free boundary flows and applications,2026-09-01T10:23:12Z,2026-09-01T10:23:12Z,math.DG,math.DG; math.AP,0,0,0,,,,,,,,https://arxiv.org/abs/2609.01026v1,https://arxiv.org/pdf/2609.01026v1
0.0,0.0,low,0.0,False,True,2609.01019v1,Photonic fusion operations transform partial distinguishability,2026-09-01T10:13:11Z,2026-09-01T10:13:11Z,quant-ph,quant-ph,0,0,0,,,,,,,,https://arxiv.org/abs/2609.01019v1,https://arxiv.org/pdf/2609.01019v1
0.0,0.0,low,0.0,False,True,2609.01017v1,Nonlocal wavefront shaping through complex media,2026-09-01T10:08:08Z,2026-09-01T10:08:08Z,quant-ph,quant-ph; physics.optics,0,0,0,,,,,,,,https://arxiv.org/abs/2609.01017v1,https://arxiv.org/pdf/2609.01017v1
0.0,0.0,low,0.0,True,True,2604.15815v2,Coupled-channels method for the scattering hypervolume in ultracold atomic three-body collisions,2026-04-17T08:12:04Z,2026-09-01T10:05:37Z,cond-mat.quant-gas,cond-mat.quant-gas,0,0,0,,,,,,,,https://arxiv.org/abs/2604.15815v2,https://arxiv.org/pdf/2604.15815v2
0.0,0.0,low,0.0,False,False,2609.01013v1,Exoplanets in star clusters,2026-09-01T10:00:47Z,2026-09-01T10:00:47Z,astro-ph.EP,astro-ph.EP; astro-ph.SR,0,0,0,,,,,,,,https://arxiv.org/abs/2609.01013v1,https://arxiv.org/pdf/2609.01013v1
0.0,0.0,low,0.0,False,True,2609.01012v1,Charging higher-dimensional spacetimes with a generalized Kerr-Schild transformation,2026-09-01T09:59:44Z,2026-09-01T09:59:44Z,gr-qc,gr-qc; hep-th,0,0,0,,,,,,,,https://arxiv.org/abs/2609.01012v1,https://arxiv.org/pdf/2609.01012v1
0.0,0.0,low,0.0,False,True,2609.01011v1,Revisiting candidates for non-pulsating stars located in the Cepheid instability strip in the Large Magellanic Cloud,2026-09-01T09:57:36Z,2026-09-01T09:57:36Z,astro-ph.SR,astro-ph.SR,0,0,0,,,,,,,,https://arxiv.org/abs/2609.01011v1,https://arxiv.org/pdf/2609.01011v1
0.0,0.0,low,0.0,False,True,2609.01008v1,Uniform Hiding of Haar Block Transpose Gram Matrices,2026-09-01T09:55:29Z,2026-09-01T09:55:29Z,quant-ph,quant-ph,0,0,0,,,,,,,,https://arxiv.org/abs/2609.01008v1,https://arxiv.org/pdf/2609.01008v1
0.0,0.0,low,0.0,True,True,2507.05943v2,Coherent superposition of emitted and resonantly scattered photons from a two-level system in a cavity driven by an even-$π$ pulse,2025-07-08T12:40:51Z,2026-09-01T09:53:19Z,cond-mat.mes-hall,cond-mat.mes-hall; quant-ph,0,0,0,,,,,,,,https://arxiv.org/abs/2507.05943v2,https://arxiv.org/pdf/2507.05943v2
0.0,0.0,low,0.0,True,True,2103.03669v6,Enumerating all bilocal Clifford distillation protocols through symmetry reduction,2021-03-05T13:45:16Z,2026-09-01T09:48:02Z,quant-ph,quant-ph,0,0,0,,,,,,,,https://arxiv.org/abs/2103.03669v6,https://arxiv.org/pdf/2103.03669v6
0.0,0.0,low,0.0,False,True,2609.00990v1,A Galactic microblazar as a potential accelerator of ultra-high-energy particles,2026-09-01T09:43:37Z,2026-09-01T09:43:37Z,astro-ph.HE,astro-ph.HE,0,0,0,,,,,,,,https://arxiv.org/abs/2609.00990v1,https://arxiv.org/pdf/2609.00990v1
0.0,0.0,low,0.0,False,True,2609.00989v1,The Missing MeV Window for Identifying Galactic PeVatrons: the need for a dedicated MeV Observatory,2026-09-01T09:43:03Z,2026-09-01T09:43:03Z,astro-ph.HE,astro-ph.HE; astro-ph.IM,0,0,0,,,,,,,,https://arxiv.org/abs/2609.00989v1,https://arxiv.org/pdf/2609.00989v1
0.0,0.0,low,0.0,True,False,2608.09115v3,Quantum Bicycle LDPC Codes with High $kd^2/n$ from Divisor-Driven Search,2026-08-10T04:45:08Z,2026-09-01T09:42:47Z,cs.IT,cs.IT; quant-ph,0,0,0,,,,,,,,https://arxiv.org/abs/2608.09115v3,https://arxiv.org/pdf/2608.09115v3
0.0,0.0,low,0.0,False,True,2609.00985v1,Amplitude structure of $3\to 3$ scattering in a Mandelstam variable representation,2026-09-01T09:41:14Z,2026-09-01T09:41:14Z,hep-ph,hep-ph; hep-lat; nucl-th,0,0,0,,,,,,,,https://arxiv.org/abs/2609.00985v1,https://arxiv.org/pdf/2609.00985v1
0.0,0.0,low,0.0,False,True,2609.00979v1,Topological charge switching in trapped polariton condensates,2026-09-01T09:37:23Z,2026-09-01T09:37:23Z,physics.optics,physics.optics; cond-mat.quant-gas,0,0,0,,,,,,,,https://arxiv.org/abs/2609.00979v1,https://arxiv.org/pdf/2609.00979v1
0.0,0.0,low,0.0,False,False,2609.00978v1,Towards Categorical Kähler Geometry,2026-09-01T09:35:15Z,2026-09-01T09:35:15Z,math.AG,math.AG; math.RT; math.SG,0,0,0,,,,,,,,https://arxiv.org/abs/2609.00978v1,https://arxiv.org/pdf/2609.00978v1
0.0,0.0,low,0.0,False,True,2609.00976v1,Lipshitz-Sarkar refines mirrors more than Khovanov,2026-09-01T09:32:01Z,2026-09-01T09:32:01Z,math.GT,math.GT; hep-th; math.QA,0,0,0,,,,,,,,https://arxiv.org/abs/2609.00976v1,https://arxiv.org/pdf/2609.00976v1
0.0,0.0,low,0.0,False,True,2609.00971v1,Kibble--Zurek Mechanism and Defect Freezing in Imbalanced-Pairing Kitaev Models,2026-09-01T09:28:04Z,2026-09-01T09:28:04Z,cond-mat.stat-mech,cond-mat.stat-mech; quant-ph,0,0,0,,,,,,,,https://arxiv.org/abs/2609.00971v1,https://arxiv.org/pdf/2609.00971v1
0.0,0.0,low,0.0,True,False,2601.10647v3,Michael-Simon inequality for anisotropic energies close to the area via multilinear Kakeya-type bounds,2026-01-15T18:11:15Z,2026-09-01T09:23:25Z,math.AP,math.AP; math.DG,0,0,0,,,,,,,,https://arxiv.org/abs/2601.10647v3,https://arxiv.org/pdf/2601.10647v3
0.0,0.0,low,0.0,False,True,2609.00965v1,The Radius of the Neutron Star PSR J0614-3329 from NICER Data,2026-09-01T09:20:54Z,2026-09-01T09:20:54Z,astro-ph.HE,astro-ph.HE; gr-qc; nucl-th,0,0,0,,,,,,,,https://arxiv.org/abs/2609.00965v1,https://arxiv.org/pdf/2609.00965v1
0.0,0.0,low,0.0,False,True,2609.00962v1,"Connecting radio pulsars, magnetars, and XDINSs in a unified evolutionary framework using simulation-based inference",2026-09-01T09:20:33Z,2026-09-01T09:20:33Z,astro-ph.HE,astro-ph.HE,0,0,0,,,,,,,,https://arxiv.org/abs/2609.00962v1,https://arxiv.org/pdf/2609.00962v1
0.0,0.0,low,0.0,True,True,2607.24429v3,QuantumFCS.jl: Efficient Full-Counting Statistics for Open Quantum Systems,2026-07-27T13:40:37Z,2026-09-01T09:11:55Z,quant-ph,quant-ph,0,0,0,,,,,,,,https://arxiv.org/abs/2607.24429v3,https://arxiv.org/pdf/2607.24429v3
0.0,0.0,low,0.0,True,True,2605.12663v3,Insights into the Nature of Quantum Emitters in Electron-Irradiated hexagonal Boron Nitride,2026-05-12T19:10:44Z,2026-09-01T09:07:34Z,physics.optics,physics.optics; physics.app-ph; quant-ph,0,0,0,,,,,,,,https://arxiv.org/abs/2605.12663v3,https://arxiv.org/pdf/2605.12663v3
0.0,0.0,low,0.0,False,True,2609.00939v1,Robust CZ gate against flux line memory,2026-09-01T09:00:39Z,2026-09-01T09:00:39Z,quant-ph,quant-ph,0,0,0,,,,,,,,https://arxiv.org/abs/2609.00939v1,https://arxiv.org/pdf/2609.00939v1
0.0,0.0,low,0.0,False,True,2609.00938v1,X-shooter survey Across Regions and Ages to probe Disk Evolution (ARADE): Accretion properties in Orion A and their relation with disk masses,2026-09-01T08:57:54Z,2026-09-01T08:57:54Z,astro-ph.SR,astro-ph.SR; astro-ph.GA,0,0,0,,,,,,,,https://arxiv.org/abs/2609.00938v1,https://arxiv.org/pdf/2609.00938v1
0.0,0.0,low,0.0,False,False,2609.00933v1,Optical free space extreme learning machine for the implementation of emergent complex systems,2026-09-01T08:54:25Z,2026-09-01T08:54:25Z,nlin.CG,nlin.CG; physics.app-ph; physics.optics,0,0,0,,,,,,,,https://arxiv.org/abs/2609.00933v1,https://arxiv.org/pdf/2609.00933v1
0.0,0.0,low,0.0,False,True,2609.00930v1,Kinematic Relationship Between Solar Extreme Ultraviolet Waves and Type II Metric Radio Bursts,2026-09-01T08:51:58Z,2026-09-01T08:51:58Z,astro-ph.SR,astro-ph.SR,0,0,0,,,,,,,,https://arxiv.org/abs/2609.00930v1,https://arxiv.org/pdf/2609.00930v1
0.0,0.0,low,0.0,False,True,2609.00928v1,Thermal screening and critical scaling of quantum energy teleportation in a harmonic chain,2026-09-01T08:51:41Z,2026-09-01T08:51:41Z,quant-ph,quant-ph; cond-mat.stat-mech; physics.atom-ph,0,0,0,,,,,,,,https://arxiv.org/abs/2609.00928v1,https://arxiv.org/pdf/2609.00928v1
0.0,0.0,low,0.0,False,True,2609.00917v1,The Discrete Harmonic Center of a Quadrilateral,2026-09-01T08:44:27Z,2026-09-01T08:44:27Z,math.DG,math.DG; cs.CG; math.CV; math.MG,0,0,0,,,,,,,,https://arxiv.org/abs/2609.00917v1,https://arxiv.org/pdf/2609.00917v1
0.0,0.0,low,0.0,True,True,2506.12581v2,Large volume statistics of first-passage observables of $d$-dimensional Jump Processes,2025-06-14T17:30:11Z,2026-09-01T08:39:56Z,cond-mat.stat-mech,cond-mat.stat-mech,0,0,0,,,,,,,,https://arxiv.org/abs/2506.12581v2,https://arxiv.org/pdf/2506.12581v2
0.0,0.0,low,0.0,False,False,2609.00910v1,Synchronization Pathways and Resilience in Power Grids,2026-09-01T08:39:09Z,2026-09-01T08:39:09Z,nlin.AO,nlin.AO; cond-mat.stat-mech,0,0,0,,,,,,,,https://arxiv.org/abs/2609.00910v1,https://arxiv.org/pdf/2609.00910v1
0.0,0.0,low,0.0,True,True,2508.11841v3,Homological Description of Equivariant Geometric Bordism,2025-08-15T23:41:19Z,2026-09-01T08:35:34Z,math.AT,math.AT,0,0,0,,,,,,,,https://arxiv.org/abs/2508.11841v3,https://arxiv.org/pdf/2508.11841v3
0.0,0.0,low,0.0,False,True,2609.00902v1,H II region filling factors in NGC 628: Luminosity-size relation and connection with polycyclic aromatic hydrocarbon emission,2026-09-01T08:28:43Z,2026-09-01T08:28:43Z,astro-ph.GA,astro-ph.GA,0,0,0,,,,,,,,https://arxiv.org/abs/2609.00902v1,https://arxiv.org/pdf/2609.00902v1
0.0,0.0,low,0.0,False,True,2609.00897v1,Femtoscopy as a New Probe of the Nuclear Equation of State,2026-09-01T08:23:44Z,2026-09-01T08:23:44Z,nucl-th,nucl-th,0,0,0,,,,,,,,https://arxiv.org/abs/2609.00897v1,https://arxiv.org/pdf/2609.00897v1
0.0,0.0,low,0.0,True,True,2511.02236v2,Magnetic-type Love number differentiating quark stars from neutron stars,2025-11-04T03:56:28Z,2026-09-01T08:18:28Z,astro-ph.HE,astro-ph.HE; nucl-th,0,0,0,,,,,,,,https://arxiv.org/abs/2511.02236v2,https://arxiv.org/pdf/2511.02236v2
0.0,0.0,low,0.0,False,True,2609.00881v1,Towards Natural Gas Contract Selection via Quantum-Guided Independent Set Reduction,2026-09-01T08:14:34Z,2026-09-01T08:14:34Z,quant-ph,quant-ph,0,0,0,,,,,,,,https://arxiv.org/abs/2609.00881v1,https://arxiv.org/pdf/2609.00881v1
0.0,0.0,low,0.0,False,True,2609.00876v1,A general improbability result for non-collision singularities as subsystems with at most four particles,2026-09-01T08:09:44Z,2026-09-01T08:09:44Z,math-ph,math-ph,0,0,0,,,,,,,,https://arxiv.org/abs/2609.00876v1,https://arxiv.org/pdf/2609.00876v1
0.0,0.0,low,0.0,False,True,2609.00869v1,Understanding IR singularities in the Loop-Tree Duality,2026-09-01T08:03:18Z,2026-09-01T08:03:18Z,hep-ph,hep-ph; hep-th; quant-ph,0,0,0,,,,,,,,https://arxiv.org/abs/2609.00869v1,https://arxiv.org/pdf/2609.00869v1
0.0,0.0,low,0.0,True,True,2603.12830v2,Quantum entanglement and Bell nonlocality in top-quark pair production at a photon linear collider,2026-03-13T09:32:56Z,2026-09-01T08:02:25Z,hep-ph,hep-ph; hep-ex,0,0,0,,,,,,,,https://arxiv.org/abs/2603.12830v2,https://arxiv.org/pdf/2603.12830v2
0.0,0.0,low,0.0,True,True,2608.27571v2,"Dust and PAHs in late-stage galaxy evolution: Imprints of TP-AGB dust injection, grain growth and AGN feedback in high-z quiescent galaxies with JWST and ALMA",2026-08-27T18:01:33Z,2026-09-01T08:01:59Z,astro-ph.GA,astro-ph.GA,0,0,0,,,,,,,,https://arxiv.org/abs/2608.27571v2,https://arxiv.org/pdf/2608.27571v2
0.0,0.0,low,0.0,False,False,2609.00867v1,Uniform Partition-Function Estimates for Coulomb Modulated Energy at All Positive Temperatures,2026-09-01T08:01:39Z,2026-09-01T08:01:39Z,math.PR,math.PR; math-ph; math.AP,0,0,0,,,,,,,,https://arxiv.org/abs/2609.00867v1,https://arxiv.org/pdf/2609.00867v1
0.0,0.0,low,0.0,True,True,2608.22878v2,Spontaneous currents determine capillary rise in active matter,2026-08-24T07:04:31Z,2026-09-01T07:59:11Z,cond-mat.soft,cond-mat.soft; cond-mat.stat-mech,0,0,0,,,,,,,,https://arxiv.org/abs/2608.22878v2,https://arxiv.org/pdf/2608.22878v2
0.0,0.0,low,0.0,True,True,2508.12011v2,Preparation of the single-spinon wave function on a quantum computer,2025-08-16T10:49:03Z,2026-09-01T07:57:59Z,quant-ph,quant-ph; cond-mat.str-el,0,0,0,,,,,,,,https://arxiv.org/abs/2508.12011v2,https://arxiv.org/pdf/2508.12011v2
0.0,0.0,low,0.0,False,True,2609.00860v1,On the photospheric abundances of the B-type fast rotator Regulus,2026-09-01T07:56:56Z,2026-09-01T07:56:56Z,astro-ph.SR,astro-ph.SR,0,0,0,,,,,,,,https://arxiv.org/abs/2609.00860v1,https://arxiv.org/pdf/2609.00860v1
0.0,0.0,low,0.0,False,True,2609.00856v1,Spatio-temporal coherent molding and retrieval of pulsed signals in optical waveguides,2026-09-01T07:52:31Z,2026-09-01T07:52:31Z,physics.optics,physics.optics; cond-mat.mes-hall; physics.comp-ph,0,0,0,,,,,,,,https://arxiv.org/abs/2609.00856v1,https://arxiv.org/pdf/2609.00856v1
0.0,0.0,low,0.0,False,True,2609.00852v1,Structure-Aware Placement and Routing of Multi-Controlled Toffoli on Bivariate Bicycle Code Architectures,2026-09-01T07:47:42Z,2026-09-01T07:47:42Z,quant-ph,quant-ph,0,0,0,,,,,,,,https://arxiv.org/abs/2609.00852v1,https://arxiv.org/pdf/2609.00852v1
0.0,0.0,low,0.0,False,True,2609.00851v1,Hyperonic Softening versus Nucleonic Three-Body Repulsion in Hypernuclear Matter within a microscopic approach,2026-09-01T07:47:41Z,2026-09-01T07:47:41Z,nucl-th,nucl-th,0,0,0,,,,,,,,https://arxiv.org/abs/2609.00851v1,https://arxiv.org/pdf/2609.00851v1
0.0,0.0,low,0.0,False,True,2609.00849v1,"Optimizing diffusion-limited transport, with applications to electrochemical systems",2026-09-01T07:46:33Z,2026-09-01T07:46:33Z,cond-mat.soft,cond-mat.soft; cond-mat.mtrl-sci; cond-mat.stat-mech; math.OC; physics.chem-ph,0,0,0,,,,,,,,https://arxiv.org/abs/2609.00849v1,https://arxiv.org/pdf/2609.00849v1
0.0,0.0,low,0.0,False,True,2609.00842v1,Neutrino Experiments at the LHC and the HL-LHC,2026-09-01T07:41:16Z,2026-09-01T07:41:16Z,hep-ex,hep-ex,0,0,0,,,,,,,,https://arxiv.org/abs/2609.00842v1,https://arxiv.org/pdf/2609.00842v1
0.0,0.0,low,0.0,True,False,2604.05542v2,Localization of Bergman Kernels and the Cheng-Yau Conjecture on Real Analytic Pseudoconvex Domains,2026-04-07T07:39:48Z,2026-09-01T07:39:50Z,math.CV,math.CV; math.DG,0,0,0,,,,,,,,https://arxiv.org/abs/2604.05542v2,https://arxiv.org/pdf/2604.05542v2
0.0,0.0,low,0.0,False,True,2609.00840v1,Kählerity of complete almost-Kähler gradient shrinking Ricci solitons,2026-09-01T07:39:11Z,2026-09-01T07:39:11Z,math.DG,math.DG,0,0,0,,,,,,,,https://arxiv.org/abs/2609.00840v1,https://arxiv.org/pdf/2609.00840v1
0.0,0.0,low,0.0,False,True,2609.00836v1,Neural-Network-Based Variational Method in Nuclear Density Functional Theory: Application to the Kohn--Sham method,2026-09-01T07:37:21Z,2026-09-01T07:37:21Z,nucl-th,nucl-th,0,0,0,,,,,,,,https://arxiv.org/abs/2609.00836v1,https://arxiv.org/pdf/2609.00836v1
0.0,0.0,low,0.0,True,True,2606.23647v2,Genuine certification of incompatible quantum instruments through sequential communication tasks,2026-06-22T17:34:34Z,2026-09-01T07:21:17Z,quant-ph,quant-ph; math-ph,0,0,0,,,,,,,,https://arxiv.org/abs/2606.23647v2,https://arxiv.org/pdf/2606.23647v2
0.0,0.0,low,0.0,True,True,2509.11217v2,Frustration-enhanced quantum annealing correction models with additional inter-replica interactions,2025-09-14T11:23:17Z,2026-09-01T07:12:33Z,cond-mat.stat-mech,cond-mat.stat-mech; quant-ph,0,0,0,,,,,,,,https://arxiv.org/abs/2509.11217v2,https://arxiv.org/pdf/2509.11217v2
0.0,-0.35,low,1.0,False,True,2609.05398v1,Metallicity dependence of Wolf-Rayet binaries using detailed binary models: An absence of long-period systems at low metallicity,2026-09-04T17:45:10Z,2026-09-04T17:45:10Z,astro-ph.SR,astro-ph.SR; astro-ph.GA,0,0,0,,,,,neighbor_topic,ctl_neighbor_black_hole,ctl_neighbor_black_hole:black-hole (abstract),https://arxiv.org/abs/2609.05398v1,https://arxiv.org/pdf/2609.05398v1
0.0,-0.35,low,1.0,False,True,2609.05352v1,Displaced Signals from Long-lived Particles in Neutrinoless Double Beta Decay,2026-09-04T17:00:26Z,2026-09-04T17:00:26Z,hep-ph,hep-ph; hep-ex,0,0,0,,,,,neighbor_topic,ctl_neighbor_dark,ctl_neighbor_dark:dark photon (abstract),https://arxiv.org/abs/2609.05352v1,https://arxiv.org/pdf/2609.05352v1
0.0,-0.35,low,1.0,False,True,2609.05344v1,How dipolar interactions structure molecular droplets,2026-09-04T16:46:24Z,2026-09-04T16:46:24Z,cond-mat.quant-gas,cond-mat.quant-gas; quant-ph,0,0,0,,,,,generic_physics,ctl_generic_numerics,ctl_generic_numerics:monte carlo (abstract),https://arxiv.org/abs/2609.05344v1,https://arxiv.org/pdf/2609.05344v1
0.0,-0.35,low,1.0,False,False,2609.05337v1,Variational Continuation for Double Pendulum Periodic Orbits,2026-09-04T16:42:51Z,2026-09-04T16:42:51Z,cs.LG,cs.LG; math-ph; nlin.CD; physics.class-ph,0,0,0,,,,,nonphysics_stem,ctl_nonphysics_ml,ctl_nonphysics_ml:machine learning (abstract),https://arxiv.org/abs/2609.05337v1,https://arxiv.org/pdf/2609.05337v1
0.0,-0.35,low,1.0,True,True,2601.22226v3,Andreev spin qubits based on the helical edge states of magnetically doped two-dimensional topological insulators,2026-01-29T19:00:40Z,2026-09-04T16:14:39Z,cond-mat.mes-hall,cond-mat.mes-hall; cond-mat.supr-con; quant-ph,0,0,0,,,,,orthogonal_physics,ctl_orthogonal_superconductivity,ctl_orthogonal_superconductivity:josephson junction (abstract),https://arxiv.org/abs/2601.22226v3,https://arxiv.org/pdf/2601.22226v3
0.0,-0.35,low,1.0,False,True,2609.02301v2,Improved uncertainty representation for reducing artificial energy production in structured input-output stability analysis,2026-09-02T08:47:18Z,2026-09-04T16:11:40Z,physics.flu-dyn,physics.flu-dyn,0,0,0,,,,,orthogonal_physics,ctl_orthogonal_fluid,ctl_orthogonal_fluid:navier-stokes (abstract),https://arxiv.org/abs/2609.02301v2,https://arxiv.org/pdf/2609.02301v2
0.0,-0.35,low,1.0,False,True,2609.05313v1,SAR and InSAR Change Detection with Quantum Generative Models,2026-09-04T16:07:01Z,2026-09-04T16:07:01Z,quant-ph,quant-ph,0,0,0,,,,,nonphysics_stem,ctl_nonphysics_ml,ctl_nonphysics_ml:machine learning (abstract),https://arxiv.org/abs/2609.05313v1,https://arxiv.org/pdf/2609.05313v1
0.0,-0.35,low,1.0,True,True,2505.09055v3,Entropy in Loop Quantum Cosmology,2025-05-14T01:19:52Z,2026-09-04T15:52:07Z,gr-qc,gr-qc; math-ph,0,0,0,,,,,neighbor_topic,ctl_neighbor_black_hole,ctl_neighbor_black_hole:black hole (abstract),https://arxiv.org/abs/2505.09055v3,https://arxiv.org/pdf/2505.09055v3
0.0,-0.35,low,1.0,False,True,2609.05291v1,Inelastic from the Other Side: Xenon Excitation Signals in Light of the LZ High-Recoil Event,2026-09-04T15:44:02Z,2026-09-04T15:44:02Z,hep-ph,hep-ph; hep-ex,0,0,0,,,,,neighbor_topic,ctl_neighbor_dark,ctl_neighbor_dark:dark matter (abstract),https://arxiv.org/abs/2609.05291v1,https://arxiv.org/pdf/2609.05291v1
0.0,-0.35,low,1.0,False,True,2609.05287v1,Fluctuations of a Photon Bose-Einstein Condensate Coupled to a Reservoir: Describing Coherence Properties in a Free-Energy Model,2026-09-04T15:42:47Z,2026-09-04T15:42:47Z,cond-mat.quant-gas,cond-mat.quant-gas,0,0,0,,,,,generic_physics,ctl_generic_symmetry,ctl_generic_symmetry:symmetry breaking (abstract),https://arxiv.org/abs/2609.05287v1,https://arxiv.org/pdf/2609.05287v1
0.0,-0.35,low,1.0,True,True,2604.28002v3,Spatially Resolved Temperature Measurement Using Rydberg Doppler Broadening Thermometry,2026-04-30T15:24:57Z,2026-09-04T15:41:26Z,physics.atom-ph,physics.atom-ph,0,0,0,,,,,orthogonal_physics,ctl_orthogonal_atomic,ctl_orthogonal_atomic:cold atom (abstract),https://arxiv.org/abs/2604.28002v3,https://arxiv.org/pdf/2604.28002v3
0.0,-0.35,low,1.0,False,True,2609.05267v1,Energy Partitioning at the Termination Shock,2026-09-04T15:25:33Z,2026-09-04T15:25:33Z,astro-ph.SR,astro-ph.SR,0,0,0,,,,,orthogonal_physics,ctl_orthogonal_plasma,ctl_orthogonal_plasma:magnetohydrodynamic (abstract),https://arxiv.org/abs/2609.05267v1,https://arxiv.org/pdf/2609.05267v1
0.0,-0.35,low,1.0,False,True,2609.05248v1,Quantum-State Texture Dynamics: Theory and Experiment,2026-09-04T15:14:10Z,2026-09-04T15:14:10Z,quant-ph,quant-ph,0,0,0,,,,,orthogonal_physics,ctl_orthogonal_quantum_critical,ctl_orthogonal_quantum_critical:quantum criticality (abstract),https://arxiv.org/abs/2609.05248v1,https://arxiv.org/pdf/2609.05248v1
0.0,-0.35,low,1.0,False,True,2609.05247v1,Diffusion under competing bulk and surface stopping mechanisms,2026-09-04T15:13:51Z,2026-09-04T15:13:51Z,cond-mat.stat-mech,cond-mat.stat-mech; math-ph; physics.chem-ph,0,0,0,,,,,generic_physics,ctl_generic_numerics,ctl_generic_numerics:monte carlo (abstract),https://arxiv.org/abs/2609.05247v1,https://arxiv.org/pdf/2609.05247v1
0.0,-0.35,low,1.0,False,True,2609.05238v1,Quantum Optimisation for Protein-Protein Interaction Network Alignment,2026-09-04T15:04:55Z,2026-09-04T15:04:55Z,quant-ph,quant-ph; q-bio.MN,0,0,0,,,,,generic_physics,ctl_generic_action,ctl_generic_action:hamiltonian (abstract),https://arxiv.org/abs/2609.05238v1,https://arxiv.org/pdf/2609.05238v1
0.0,-0.35,low,1.0,False,True,2609.05231v1,New measurements in leptonic kaon and pion decays: experimental and theoretical perspectives,2026-09-04T14:56:53Z,2026-09-04T14:56:53Z,hep-ph,hep-ph; hep-ex,0,0,0,,,,,neighbor_topic,ctl_neighbor_standard_model,ctl_neighbor_standard_model:standard model (abstract),https://arxiv.org/abs/2609.05231v1,https://arxiv.org/pdf/2609.05231v1
0.0,-0.35,low,1.0,False,True,2609.05222v1,A double-resonator coupler for high-fidelity two-qubit gates between superconducting qubits,2026-09-04T14:53:20Z,2026-09-04T14:53:20Z,quant-ph,quant-ph,0,0,0,,,,,orthogonal_physics,ctl_orthogonal_superconductivity,ctl_orthogonal_superconductivity:josephson junction (abstract),https://arxiv.org/abs/2609.05222v1,https://arxiv.org/pdf/2609.05222v1
0.0,-0.35,low,1.0,False,True,2609.05219v1,Robustness of RKKY interactions across a Weyl node-annihilation transition,2026-09-04T14:50:50Z,2026-09-04T14:50:50Z,cond-mat.mes-hall,cond-mat.mes-hall; cond-mat.str-el,0,0,0,,,,,orthogonal_physics,ctl_orthogonal_materials,ctl_orthogonal_materials:electronic structure (abstract),https://arxiv.org/abs/2609.05219v1,https://arxiv.org/pdf/2609.05219v1
0.0,-0.35,low,1.0,False,True,2609.05216v1,Stellar Population and Dynamical Modeling of Galaxies with Kinematically Misaligned Components: Age and Metallicity of Structural Components,2026-09-04T14:49:25Z,2026-09-04T14:49:25Z,astro-ph.GA,astro-ph.GA,0,0,0,,,,,generic_physics,ctl_generic_numerics,ctl_generic_numerics:monte carlo (abstract),https://arxiv.org/abs/2609.05216v1,https://arxiv.org/pdf/2609.05216v1
0.0,-0.35,low,1.0,False,True,2609.05209v1,Exploring the connection between Fast Radio Bursts and binary neutron star mergers,2026-09-04T14:41:43Z,2026-09-04T14:41:43Z,astro-ph.HE,astro-ph.HE,0,0,0,,,,,neighbor_topic,ctl_neighbor_black_hole,ctl_neighbor_black_hole:black hole (abstract),https://arxiv.org/abs/2609.05209v1,https://arxiv.org/pdf/2609.05209v1
0.0,-0.35,low,1.0,True,True,2408.01400v5,Order Parameter Discovery for Quantum Many-Body Systems,2024-08-02T17:25:04Z,2026-09-04T14:20:11Z,quant-ph,quant-ph,0,0,0,,,,,orthogonal_physics,ctl_orthogonal_atomic,ctl_orthogonal_atomic:rydberg atom (abstract),https://arxiv.org/abs/2408.01400v5,https://arxiv.org/pdf/2408.01400v5
0.0,-0.35,low,1.0,False,True,2609.05168v1,Cosmological Evolution of the Randall-Sundrum II Model with Running Vacuum: A Special Class of Solutions,2026-09-04T14:11:13Z,2026-09-04T14:11:13Z,gr-qc,gr-qc,0,0,0,,,,,neighbor_topic,ctl_neighbor_cosmology,ctl_neighbor_cosmology:inflation (abstract),https://arxiv.org/abs/2609.05168v1,https://arxiv.org/pdf/2609.05168v1
0.0,-0.35,low,1.0,True,True,2607.24494v2,Implications of $K\toπν\barν$ for new physics in $B$ decays,2026-07-27T14:30:52Z,2026-09-04T14:07:51Z,hep-ph,hep-ph,0,0,0,,,,,neighbor_topic,ctl_neighbor_standard_model,ctl_neighbor_standard_model:standard model (abstract),https://arxiv.org/abs/2607.24494v2,https://arxiv.org/pdf/2607.24494v2
0.0,-0.35,low,1.0,True,True,2510.12553v3,Mass dependence of halo baryon fractions from the kinetic Sunyaev-Zeldovich effect,2025-10-14T14:17:21Z,2026-09-04T13:55:50Z,astro-ph.CO,astro-ph.CO; astro-ph.GA,0,0,0,,,,,neighbor_topic,ctl_neighbor_cosmology,ctl_neighbor_cosmology:cmb (abstract),https://arxiv.org/abs/2510.12553v3,https://arxiv.org/pdf/2510.12553v3
0.0,-0.35,low,1.0,True,True,2604.16156v2,Experimental evidence for coronal mass ejection suppression in strong stellar magnetic fields,2026-04-17T15:27:04Z,2026-09-04T13:54:30Z,physics.plasm-ph,physics.plasm-ph; astro-ph.SR,0,0,0,,,,,generic_physics,ctl_generic_numerics,ctl_generic_numerics:numerical simulation (abstract),https://arxiv.org/abs/2604.16156v2,https://arxiv.org/pdf/2604.16156v2
0.0,-0.35,low,1.0,False,True,2609.05145v1,Signals for Nuclear Solid-Liquid Phase Transition in Clustering Nuclei,2026-09-04T13:49:12Z,2026-09-04T13:49:12Z,nucl-th,nucl-th,0,0,0,,,,,orthogonal_physics,ctl_orthogonal_nuclear,ctl_orthogonal_nuclear:nuclear structure (abstract),https://arxiv.org/abs/2609.05145v1,https://arxiv.org/pdf/2609.05145v1
0.0,-0.35,low,1.0,True,True,2604.08085v2,"Hubbard vs. Emery model: spectra, transport and relevance for cuprates",2026-04-09T11:01:57Z,2026-09-04T13:46:40Z,cond-mat.str-el,cond-mat.str-el,0,0,0,,,,,orthogonal_physics,ctl_orthogonal_superconductivity,ctl_orthogonal_superconductivity:superconductor (abstract),https://arxiv.org/abs/2604.08085v2,https://arxiv.org/pdf/2604.08085v2
0.0,-0.35,low,1.0,True,True,2403.08547v3,Search for low-mass resonances decaying into two jets and produced in association with a photon or a jet at $\sqrt{s}=13$ TeV with the ATLAS detector,2024-03-13T14:00:00Z,2026-09-04T13:44:33Z,hep-ex,hep-ex,0,0,0,,,,,neighbor_topic,ctl_neighbor_standard_model,ctl_neighbor_standard_model:standard model (abstract),https://arxiv.org/abs/2403.08547v3,https://arxiv.org/pdf/2403.08547v3
0.0,-0.35,low,1.0,False,True,2609.05137v1,Environment-assisted transport in a strongly correlated boundary-driven Fermi-Hubbard chain,2026-09-04T13:38:15Z,2026-09-04T13:38:15Z,cond-mat.str-el,cond-mat.str-el; quant-ph,0,0,0,,,,,generic_physics,ctl_generic_action,ctl_generic_action:hamiltonian (abstract),https://arxiv.org/abs/2609.05137v1,https://arxiv.org/pdf/2609.05137v1
0.0,-0.35,low,1.0,True,True,2511.11856v4,Measurement of reactor antineutrino oscillations with 1.46 ktonne-years of data at SNO+,2025-11-14T20:29:18Z,2026-09-04T13:35:32Z,hep-ex,hep-ex,0,0,0,,,,,neighbor_topic,ctl_neighbor_neutrino,ctl_neighbor_neutrino:neutrino mixing (abstract),https://arxiv.org/abs/2511.11856v4,https://arxiv.org/pdf/2511.11856v4
0.0,-0.35,low,1.0,False,True,2609.05118v1,Probing Neutron Star Equation of State Universality with Gravitational Waves,2026-09-04T13:16:20Z,2026-09-04T13:16:20Z,gr-qc,gr-qc; astro-ph.HE; nucl-th,0,0,0,,,,,generic_physics,ctl_generic_statistics,ctl_generic_statistics:bayesian inference (abstract),https://arxiv.org/abs/2609.05118v1,https://arxiv.org/pdf/2609.05118v1
0.0,-0.35,low,1.0,False,False,2609.05105v1,Modelling Palomar Transients: Constraints from Reflection Geometry and Orbital Altitude,2026-09-04T12:56:27Z,2026-09-04T12:56:27Z,astro-ph.EP,astro-ph.EP; astro-ph.IM,0,0,0,,,,,generic_physics,ctl_generic_numerics,ctl_generic_numerics:monte carlo (abstract),https://arxiv.org/abs/2609.05105v1,https://arxiv.org/pdf/2609.05105v1
0.0,-0.35,low,1.0,True,True,2604.25896v3,Thermodynamic Evidence of Tetracritical Topology in the $H$-$T$ Phase Diagram of UTe$_2$ for $H \parallel b$,2026-04-28T17:39:27Z,2026-09-04T12:12:32Z,cond-mat.supr-con,cond-mat.supr-con; cond-mat.str-el,0,0,0,,,,,orthogonal_physics,ctl_orthogonal_superconductivity,ctl_orthogonal_superconductivity:superconductivity (abstract),https://arxiv.org/abs/2604.25896v3,https://arxiv.org/pdf/2604.25896v3
0.0,-0.35,low,1.0,True,True,2605.03897v2,Shadow of a Noncommutative Thin-Shell Gravastar,2026-05-05T15:52:35Z,2026-09-04T12:05:20Z,gr-qc,gr-qc,0,0,0,,,,,neighbor_topic,ctl_neighbor_black_hole,ctl_neighbor_black_hole:black hole (abstract),https://arxiv.org/abs/2605.03897v2,https://arxiv.org/pdf/2605.03897v2
0.0,-0.35,low,1.0,True,True,2510.27511v3,Area-Law Entanglement in Quantum Chaotic System,2025-10-31T14:37:57Z,2026-09-04T12:00:38Z,quant-ph,quant-ph,0,0,0,,,,,generic_physics,ctl_generic_action,ctl_generic_action:hamiltonian (abstract),https://arxiv.org/abs/2510.27511v3,https://arxiv.org/pdf/2510.27511v3
0.0,-0.35,low,1.0,True,True,2608.20269v2,Nonlinear Drude weight of the one-dimensional Hubbard model,2026-08-20T17:07:16Z,2026-09-04T12:00:12Z,cond-mat.str-el,cond-mat.str-el; cond-mat.quant-gas; cond-mat.stat-mech,0,0,0,,,,,generic_physics,ctl_generic_eft,ctl_generic_eft:effective field theory (abstract),https://arxiv.org/abs/2608.20269v2,https://arxiv.org/pdf/2608.20269v2
0.0,-0.35,low,1.0,True,True,2510.26621v2,Study of neutrino spin oscillations in a gravitational field with a differential equations method,2025-10-30T15:47:40Z,2026-09-04T11:34:27Z,hep-ph,hep-ph; astro-ph.HE; gr-qc,0,0,0,,,,,neighbor_topic,ctl_neighbor_black_hole,ctl_neighbor_black_hole:black hole (abstract),https://arxiv.org/abs/2510.26621v2,https://arxiv.org/pdf/2510.26621v2
0.0,-0.35,low,1.0,False,True,2609.01109v2,Complex Lags from Simple Physics,2026-09-01T11:48:49Z,2026-09-04T11:20:03Z,astro-ph.HE,astro-ph.HE,0,0,0,,,,,neighbor_topic,ctl_neighbor_black_hole,ctl_neighbor_black_hole:black hole (abstract),https://arxiv.org/abs/2609.01109v2,https://arxiv.org/pdf/2609.01109v2
0.0,-0.35,low,1.0,True,True,2606.07039v2,Collisional excitation of H$_2$CO by He: Experimental validation of state-of-the-art scattering calculations,2026-06-05T08:33:09Z,2026-09-04T10:19:12Z,astro-ph.IM,astro-ph.IM; physics.chem-ph,0,0,0,,,,,generic_physics,ctl_generic_statistics,ctl_generic_statistics:confidence interval (abstract),https://arxiv.org/abs/2606.07039v2,https://arxiv.org/pdf/2606.07039v2
0.0,-0.35,low,1.0,False,True,2609.04951v1,"Cascade spin dynamics of excitons localized in indirect-band-gap (In,Al)As/AlAs quantum dots with type-I band alignment",2026-09-04T09:56:18Z,2026-09-04T09:56:18Z,cond-mat.mes-hall,cond-mat.mes-hall,0,0,0,,,,,orthogonal_physics,ctl_orthogonal_materials,ctl_orthogonal_materials:band structure (abstract),https://arxiv.org/abs/2609.04951v1,https://arxiv.org/pdf/2609.04951v1
0.0,-0.35,low,1.0,True,True,2302.09894v3,A Riemann-Roch formula for singular reductions by circle actions,2023-02-20T10:40:47Z,2026-09-04T09:37:18Z,math.DG,math.DG; math.SG,0,0,0,,,,,generic_physics,ctl_generic_action,ctl_generic_action:hamiltonian (abstract),https://arxiv.org/abs/2302.09894v3,https://arxiv.org/pdf/2302.09894v3
0.0,-0.35,low,1.0,True,True,2510.01324v3,AdS vacua of non-supersymmetric strings,2025-10-01T18:00:06Z,2026-09-04T09:21:47Z,hep-th,hep-th,0,0,0,,,,,generic_physics,ctl_generic_action,ctl_generic_action:equations of motion (abstract),https://arxiv.org/abs/2510.01324v3,https://arxiv.org/pdf/2510.01324v3
0.0,-0.35,low,1.0,True,True,2608.12856v2,Phase Space Reorganization and Traveling Wave Emergence Driven by Non-Kerr Effects in Nonparaxial Optical Media,2026-08-13T05:57:04Z,2026-09-04T09:13:35Z,nlin.PS,nlin.PS,0,0,0,,,,,generic_physics,ctl_generic_action,ctl_generic_action:hamiltonian (abstract),https://arxiv.org/abs/2608.12856v2,https://arxiv.org/pdf/2608.12856v2
0.0,-0.35,low,1.0,False,True,2609.04907v1,Microkelvin resolution thermometry at the nanometre scale,2026-09-04T09:09:42Z,2026-09-04T09:09:42Z,quant-ph,quant-ph; physics.app-ph; physics.ins-det,0,0,0,,,,,nonphysics_stem,ctl_nonphysics_chem,ctl_nonphysics_chem:catalyst (abstract),https://arxiv.org/abs/2609.04907v1,https://arxiv.org/pdf/2609.04907v1
0.0,-0.35,low,1.0,False,True,2609.04892v1,Quantifying collision-driven mass loss in supermassive star formation: the role of stellar structure and accretion,2026-09-04T08:48:55Z,2026-09-04T08:48:55Z,astro-ph.GA,astro-ph.GA,0,0,0,,,,,neighbor_topic,ctl_neighbor_black_hole,ctl_neighbor_black_hole:black hole (abstract),https://arxiv.org/abs/2609.04892v1,https://arxiv.org/pdf/2609.04892v1
0.0,-0.35,low,1.0,False,True,2609.04883v1,Spin-Point-Group Classification of Multipoles for Nonrelativistic Collinear Magnets,2026-09-04T08:39:11Z,2026-09-04T08:39:11Z,cond-mat.mes-hall,cond-mat.mes-hall,0,0,0,,,,,orthogonal_physics,ctl_orthogonal_magnetism,ctl_orthogonal_magnetism:magnetic ordering (abstract),https://arxiv.org/abs/2609.04883v1,https://arxiv.org/pdf/2609.04883v1
0.0,-0.35,low,1.0,False,True,2609.04863v1,Frugal Effective Models for Nanophotonic Scattering: Optimizing Global Polarizability Matrices for Metasurface Design,2026-09-04T08:23:47Z,2026-09-04T08:23:47Z,physics.optics,physics.optics; physics.comp-ph,0,0,0,,,,,nonphysics_stem,ctl_nonphysics_ml,ctl_nonphysics_ml:neural network (abstract),https://arxiv.org/abs/2609.04863v1,https://arxiv.org/pdf/2609.04863v1
0.0,-0.35,low,1.0,False,True,2609.04854v1,Excitation caging in a vertex-frustrated quasiperiodic Einstein artificial spin ice,2026-09-04T08:10:30Z,2026-09-04T08:10:30Z,cond-mat.mes-hall,cond-mat.mes-hall; cond-mat.stat-mech,0,0,0,,,,,generic_physics,ctl_generic_numerics,ctl_generic_numerics:monte carlo (abstract),https://arxiv.org/abs/2609.04854v1,https://arxiv.org/pdf/2609.04854v1
0.0,-0.35,low,1.0,True,True,2607.03187v2,Quantum Kolmogorov--Arnold representation theorem for continuous unitary-valued maps,2026-07-03T10:46:32Z,2026-09-04T08:09:48Z,quant-ph,quant-ph; cs.LG; math.FA,0,0,0,,,,,nonphysics_stem,ctl_nonphysics_ml,ctl_nonphysics_ml:machine learning (abstract),https://arxiv.org/abs/2607.03187v2,https://arxiv.org/pdf/2607.03187v2
0.0,-0.35,low,1.0,False,True,2609.04816v1,Deformations of Kähler and Balanced Hyperbolicity,2026-09-04T07:14:40Z,2026-09-04T07:14:40Z,math.DG,math.DG; math.AG,0,0,0,,,,,mathematical_context,ctl_math_category_geometry,ctl_math_category_geometry:universal cover (abstract),https://arxiv.org/abs/2609.04816v1,https://arxiv.org/pdf/2609.04816v1
0.0,-0.35,low,1.0,True,True,2411.15562v2,A unified mechanism for the origin and evolution of nuclear magicity,2024-11-23T13:42:35Z,2026-09-04T07:07:19Z,nucl-th,nucl-th,0,0,0,,,,,orthogonal_physics,ctl_orthogonal_nuclear,ctl_orthogonal_nuclear:nuclear structure (abstract),https://arxiv.org/abs/2411.15562v2,https://arxiv.org/pdf/2411.15562v2
0.0,-0.35,low,1.0,True,True,2512.23248v2,Quantum Phase Transitions in Coherent Ising Machines: XY Model for Demonstration,2025-12-29T07:10:15Z,2026-09-04T06:45:33Z,quant-ph,quant-ph; physics.optics,0,0,0,,,,,orthogonal_physics,ctl_orthogonal_quantum_critical,ctl_orthogonal_quantum_critical:quantum critical point (abstract),https://arxiv.org/abs/2512.23248v2,https://arxiv.org/pdf/2512.23248v2
0.0,-0.35,low,1.0,False,False,2609.04790v1,Signatures of rocky debris accretion in AF-Type planet hosts,2026-09-04T06:34:35Z,2026-09-04T06:34:35Z,astro-ph.EP,astro-ph.EP; astro-ph.SR,0,0,0,,,,,generic_physics,ctl_generic_statistics,ctl_generic_statistics:statistical significance (abstract),https://arxiv.org/abs/2609.04790v1,https://arxiv.org/pdf/2609.04790v1
0.0,-0.35,low,1.0,True,True,2608.19601v2,Proton emission half-lives and shape coexistence for $71 \leq Z \leq 83$ odd-$Z$ nuclei,2026-08-20T03:39:40Z,2026-09-04T06:21:47Z,nucl-th,nucl-th,0,0,0,,,,,orthogonal_physics,ctl_orthogonal_nuclear,ctl_orthogonal_nuclear:nuclear structure (abstract),https://arxiv.org/abs/2608.19601v2,https://arxiv.org/pdf/2608.19601v2
0.0,-0.35,low,1.0,True,True,2503.05975v2,The Nilpotency Index for 4d $\mathcal{N}=2$ SCFTs,2025-03-07T23:10:59Z,2026-09-04T05:32:30Z,hep-th,hep-th; math-ph; math.QA,0,0,0,,,,,neighbor_topic,ctl_neighbor_cft,ctl_neighbor_cft:conformal field theories (abstract),https://arxiv.org/abs/2503.05975v2,https://arxiv.org/pdf/2503.05975v2
0.0,-0.35,low,1.0,False,True,2609.04746v1,Studies on the dark sector interaction from joint analysis of cosmological probes,2026-09-04T05:24:27Z,2026-09-04T05:24:27Z,astro-ph.CO,astro-ph.CO,0,0,0,,,,,neighbor_topic,ctl_neighbor_dark,ctl_neighbor_dark:dark energy (abstract),https://arxiv.org/abs/2609.04746v1,https://arxiv.org/pdf/2609.04746v1
0.0,-0.35,low,1.0,False,True,2609.04742v1,FUSION: a skill-based research agent for publicly obtainable nuclear-physics codes,2026-09-04T05:21:12Z,2026-09-04T05:21:12Z,nucl-th,nucl-th; physics.comp-ph,0,0,0,,,,,orthogonal_physics,ctl_orthogonal_nuclear,ctl_orthogonal_nuclear:nuclear structure (abstract),https://arxiv.org/abs/2609.04742v1,https://arxiv.org/pdf/2609.04742v1
0.0,-0.35,low,1.0,False,True,2609.04719v1,Scaling laws and energy dissipation in the dynamics of SLE curve as a 1D turbulence model,2026-09-04T04:44:46Z,2026-09-04T04:44:46Z,cond-mat.stat-mech,cond-mat.stat-mech; math-ph,0,0,0,,,,,generic_physics,ctl_generic_numerics,ctl_generic_numerics:numerical simulation (abstract),https://arxiv.org/abs/2609.04719v1,https://arxiv.org/pdf/2609.04719v1
0.0,-0.35,low,1.0,True,True,2604.17083v3,Dark ages bounds on nonaccreting massive compact halo objects,2026-04-18T17:42:06Z,2026-09-04T04:33:32Z,astro-ph.CO,astro-ph.CO; astro-ph.GA; hep-ph,0,0,0,,,,,neighbor_topic,ctl_neighbor_dark,ctl_neighbor_dark:dark matter (abstract),https://arxiv.org/abs/2604.17083v3,https://arxiv.org/pdf/2604.17083v3
0.0,-0.35,low,1.0,True,True,2608.25025v2,"Exact Integrable $Λ$CDM-Mimicking $f(Q)$ Cosmology: Background, Stability, and Perturbations in the First Connection Branch",2026-08-25T18:12:19Z,2026-09-04T04:03:44Z,gr-qc,gr-qc,0,0,0,,,,,generic_physics,ctl_generic_perturbation,ctl_generic_perturbation:perturbative (abstract),https://arxiv.org/abs/2608.25025v2,https://arxiv.org/pdf/2608.25025v2
0.0,-0.35,low,1.0,True,True,2603.19142v3,High efficiency superconducting filterbank with impedance-defined resolution for millimeter-wave spectroscopy,2026-03-19T16:59:07Z,2026-09-04T04:00:25Z,astro-ph.IM,astro-ph.IM,0,0,0,,,,,neighbor_topic,ctl_neighbor_dark,ctl_neighbor_dark:dark matter (abstract),https://arxiv.org/abs/2603.19142v3,https://arxiv.org/pdf/2603.19142v3
0.0,-0.35,low,1.0,False,False,2609.04692v1,Low-Dimensional Phase Diagram of Higher-Order Networked Systems,2026-09-04T03:48:29Z,2026-09-04T03:48:29Z,physics.soc-ph,physics.soc-ph; cond-mat.stat-mech; nlin.AO,0,0,0,,,,,orthogonal_physics,ctl_orthogonal_quantum_critical,ctl_orthogonal_quantum_critical:critical phenomena (abstract),https://arxiv.org/abs/2609.04692v1,https://arxiv.org/pdf/2609.04692v1
0.0,-0.35,low,1.0,False,True,2609.04675v1,A Bernstein problem for translating solutions to the mean curvature flow,2026-09-04T03:08:20Z,2026-09-04T03:08:20Z,math.DG,math.DG; math.AP,0,0,0,,,,,generic_physics,ctl_generic_perturbation,ctl_generic_perturbation:perturbation theory (abstract),https://arxiv.org/abs/2609.04675v1,https://arxiv.org/pdf/2609.04675v1
0.0,-0.35,low,1.0,False,True,2609.04664v1,Hironaka Geometry and Resurgence in Finite-$N$ Matrix Models,2026-09-04T02:54:28Z,2026-09-04T02:54:28Z,hep-th,hep-th,0,0,0,,,,,generic_physics,ctl_generic_perturbation,ctl_generic_perturbation:perturbation theory (abstract),https://arxiv.org/abs/2609.04664v1,https://arxiv.org/pdf/2609.04664v1
0.0,-0.35,low,1.0,False,True,2609.04660v1,Twisted Bicategorical Shadows and Traces,2026-09-04T02:47:02Z,2026-09-04T02:47:02Z,math.AT,math.AT; math.CT; math.KT,0,0,0,,,,,mathematical_context,ctl_math_category_geometry,ctl_math_category_geometry:morita equivalence (abstract),https://arxiv.org/abs/2609.04660v1,https://arxiv.org/pdf/2609.04660v1
0.0,-0.35,low,1.0,False,True,2609.04652v1,Qmes: Quantum Meta-Learning for Encoding Selection in Quantum Kernel Methods,2026-09-04T02:34:55Z,2026-09-04T02:34:55Z,quant-ph,quant-ph,0,0,0,,,,,generic_physics,ctl_generic_statistics,ctl_generic_statistics:statistical significance (abstract),https://arxiv.org/abs/2609.04652v1,https://arxiv.org/pdf/2609.04652v1
0.0,-0.35,low,1.0,False,True,2609.04642v1,Evidence of Crystal-Field-Mediated Anisotropic Orbital Rashba Effect in Epitaxial Ru/FM Heterostructure,2026-09-04T02:21:54Z,2026-09-04T02:21:54Z,cond-mat.mes-hall,cond-mat.mes-hall; cond-mat.mtrl-sci,0,0,0,,,,,orthogonal_physics,ctl_orthogonal_magnetism,ctl_orthogonal_magnetism:ferromagnet (abstract),https://arxiv.org/abs/2609.04642v1,https://arxiv.org/pdf/2609.04642v1
0.0,-0.35,low,1.0,True,True,2607.20403v2,Exact static exchange benchmark for the uniform electron gas: Dynamic-kernel tests and exchange-correlation cancellation near 2kF,2026-07-22T17:38:45Z,2026-09-04T02:08:36Z,cond-mat.supr-con,cond-mat.supr-con; cond-mat.str-el,0,0,0,,,,,generic_physics,ctl_generic_numerics,ctl_generic_numerics:monte carlo (abstract),https://arxiv.org/abs/2607.20403v2,https://arxiv.org/pdf/2607.20403v2
0.0,-0.35,low,1.0,False,True,2609.04619v1,Scalar propagator in a rotating thermal medium: Consistency checks and applications,2026-09-04T01:38:12Z,2026-09-04T01:38:12Z,hep-ph,hep-ph; hep-th,0,0,0,,,,,generic_physics,ctl_generic_perturbation,ctl_generic_perturbation:perturbative (abstract),https://arxiv.org/abs/2609.04619v1,https://arxiv.org/pdf/2609.04619v1
0.0,-0.35,low,1.0,True,True,2603.17235v2,Field-angle dependence of magnetoresistance in UTe2,2026-03-18T00:38:27Z,2026-09-04T01:33:37Z,cond-mat.supr-con,cond-mat.supr-con,0,0,0,,,,,orthogonal_physics,ctl_orthogonal_superconductivity,ctl_orthogonal_superconductivity:superconductor (abstract),https://arxiv.org/abs/2603.17235v2,https://arxiv.org/pdf/2603.17235v2
0.0,-0.35,low,1.0,False,True,2609.04615v1,Percent-Level Prediction of the Deuteron Magnetic Polarizability,2026-09-04T01:29:19Z,2026-09-04T01:29:19Z,nucl-th,nucl-th; hep-ph,0,0,0,,,,,generic_physics,ctl_generic_eft,ctl_generic_eft:effective field theory (abstract),https://arxiv.org/abs/2609.04615v1,https://arxiv.org/pdf/2609.04615v1
0.0,-0.35,low,1.0,True,True,2605.09250v4,Efficient and stable computation of gravitational-wave fluxes from generic Kerr orbits via a unified Heun-function framework,2026-05-10T01:28:01Z,2026-09-04T00:38:52Z,gr-qc,gr-qc,0,0,0,,,,,generic_physics,ctl_generic_perturbation,ctl_generic_perturbation:perturbation theory (abstract),https://arxiv.org/abs/2605.09250v4,https://arxiv.org/pdf/2605.09250v4
0.0,-0.35,low,1.0,False,True,2609.04572v1,Does spatial curvature generate new thermodynamic criticality at the FLRW apparent horizon?,2026-09-03T23:59:45Z,2026-09-03T23:59:45Z,gr-qc,gr-qc,0,0,0,,,,,neighbor_topic,ctl_neighbor_dark,ctl_neighbor_dark:dark matter (abstract),https://arxiv.org/abs/2609.04572v1,https://arxiv.org/pdf/2609.04572v1
0.0,-0.35,low,1.0,True,True,2509.12370v3,Efficient Entanglement Purification Circuit Design for Dual-Species Atom Arrays,2025-09-15T19:04:51Z,2026-09-03T23:30:05Z,quant-ph,quant-ph,0,0,0,,,,,orthogonal_physics,ctl_orthogonal_atomic,ctl_orthogonal_atomic:rydberg atom (abstract),https://arxiv.org/abs/2509.12370v3,https://arxiv.org/pdf/2509.12370v3
0.0,-0.35,low,1.0,False,False,2609.04558v1,Structural tuning of reduced exciton mass in layered HOIP compounds: Causation vs. correlation,2026-09-03T23:26:07Z,2026-09-03T23:26:07Z,cond-mat.mtrl-sci,cond-mat.mtrl-sci; cond-mat.str-el,0,0,0,,,,,orthogonal_physics,ctl_orthogonal_materials,ctl_orthogonal_materials:band structure (abstract),https://arxiv.org/abs/2609.04558v1,https://arxiv.org/pdf/2609.04558v1
0.0,-0.35,low,1.0,False,False,2609.04541v1,Data-Driven Discovery of Composition-Dependent Constitutive Models for Hyperelasticity and Viscoelasticity of Digital Materials,2026-09-03T22:56:07Z,2026-09-03T22:56:07Z,cs.AI,cs.AI; cond-mat.mtrl-sci; cond-mat.soft,0,0,0,,,,,nonphysics_stem,ctl_nonphysics_ml,ctl_nonphysics_ml:neural network (abstract),https://arxiv.org/abs/2609.04541v1,https://arxiv.org/pdf/2609.04541v1
0.0,-0.35,low,1.0,False,True,2609.04532v1,"Layer Architecture Shapes Electronic, Magnetic, and Lattice Interactions in Ruddlesden-Popper Nickelates",2026-09-03T22:43:51Z,2026-09-03T22:43:51Z,cond-mat.str-el,cond-mat.str-el,0,0,0,,,,,orthogonal_physics,ctl_orthogonal_superconductivity,ctl_orthogonal_superconductivity:superconductivity (abstract),https://arxiv.org/abs/2609.04532v1,https://arxiv.org/pdf/2609.04532v1
0.0,-0.35,low,1.0,False,True,2609.04519v1,Quasi-Two-Dimensional Simulation of a Rotating Detonation Engine Combustor and Injector,2026-09-03T22:18:49Z,2026-09-03T22:18:49Z,physics.flu-dyn,physics.flu-dyn,0,0,0,,,,,generic_physics,ctl_generic_numerics,ctl_generic_numerics:numerical simulation (abstract),https://arxiv.org/abs/2609.04519v1,https://arxiv.org/pdf/2609.04519v1
0.0,-0.35,low,1.0,True,True,2509.12109v3,Spatial structure of multipartite entanglement at measurement induced phase transitions,2025-09-15T16:36:01Z,2026-09-03T21:33:42Z,quant-ph,quant-ph,0,0,0,,,,,neighbor_topic,ctl_neighbor_cft,ctl_neighbor_cft:conformal field theory (abstract),https://arxiv.org/abs/2509.12109v3,https://arxiv.org/pdf/2509.12109v3
0.0,-0.35,low,1.0,True,False,2603.14503v2,Mapping Dark-Matter Clusters via Physics-Guided Diffusion Models,2026-03-15T17:36:56Z,2026-09-03T21:30:16Z,cs.CV,cs.CV; astro-ph.CO,0,0,0,,,,,neighbor_topic,ctl_neighbor_dark,ctl_neighbor_dark:dark matter (abstract),https://arxiv.org/abs/2603.14503v2,https://arxiv.org/pdf/2603.14503v2
0.0,-0.35,low,1.0,False,True,2609.04492v1,Gradient-based optimal control of the non-Hermitian skin effect in optomechanical arrays,2026-09-03T21:25:02Z,2026-09-03T21:25:02Z,quant-ph,quant-ph,0,0,0,,,,,neighbor_topic,ctl_neighbor_dark,ctl_neighbor_dark:axion (abstract),https://arxiv.org/abs/2609.04492v1,https://arxiv.org/pdf/2609.04492v1
0.0,-0.35,low,1.0,False,True,2609.04488v1,The Super-Sample Covariance of Line-Intensity Mapping Power Spectrum,2026-09-03T21:17:46Z,2026-09-03T21:17:46Z,astro-ph.CO,astro-ph.CO,0,0,0,,,,,generic_physics,ctl_generic_perturbation,ctl_generic_perturbation:perturbation theory (abstract),https://arxiv.org/abs/2609.04488v1,https://arxiv.org/pdf/2609.04488v1
0.0,-0.35,low,1.0,False,True,2609.04480v1,Astrophysical $S$-factors in primordial nucleosynthesis,2026-09-03T21:03:35Z,2026-09-03T21:03:35Z,nucl-th,nucl-th,0,0,0,,,,,orthogonal_physics,ctl_orthogonal_nuclear,ctl_orthogonal_nuclear:nuclear reaction (abstract),https://arxiv.org/abs/2609.04480v1,https://arxiv.org/pdf/2609.04480v1
0.0,-0.35,low,1.0,True,True,2602.13528v2,Leveling of MHD turbulence imbalance in shear flows,2026-02-13T23:52:41Z,2026-09-03T20:33:07Z,physics.space-ph,physics.space-ph; astro-ph.SR; physics.flu-dyn; physics.plasm-ph,0,0,0,,,,,orthogonal_physics,ctl_orthogonal_plasma,ctl_orthogonal_plasma:magnetohydrodynamic (abstract),https://arxiv.org/abs/2602.13528v2,https://arxiv.org/pdf/2602.13528v2
0.0,-0.35,low,1.0,False,True,2609.04457v1,Towards minimal conditions for ergotropy injection in open quantum systems,2026-09-03T20:31:14Z,2026-09-03T20:31:14Z,quant-ph,quant-ph,0,0,0,,,,,generic_physics,ctl_generic_action,ctl_generic_action:hamiltonian (abstract),https://arxiv.org/abs/2609.04457v1,https://arxiv.org/pdf/2609.04457v1
0.0,-0.35,low,1.0,True,True,2602.12870v2,GAME: Genetic Algorithms with Marginalised Ensembles for model-independent reconstruction of cosmological quantities,2026-02-13T12:20:46Z,2026-09-03T20:18:01Z,astro-ph.CO,astro-ph.CO,0,0,0,,,,,neighbor_topic,ctl_neighbor_dark,ctl_neighbor_dark:dark energy (abstract),https://arxiv.org/abs/2602.12870v2,https://arxiv.org/pdf/2602.12870v2
0.0,-0.35,low,1.0,True,True,2603.13592v2,Measurement of the $t$-channel single top quark cross section in proton-proton collisions at $\sqrt{s}$ = 5.02 TeV,2026-03-13T21:07:44Z,2026-09-03T19:30:06Z,hep-ex,hep-ex,0,0,0,,,,,neighbor_topic,ctl_neighbor_standard_model,ctl_neighbor_standard_model:standard model (abstract),https://arxiv.org/abs/2603.13592v2,https://arxiv.org/pdf/2603.13592v2
0.0,-0.35,low,1.0,False,True,2609.04412v1,Cosmological moduli problem ameliorated by decaying WIMPs,2026-09-03T19:24:06Z,2026-09-03T19:24:06Z,hep-ph,hep-ph,0,0,0,,,,,neighbor_topic,ctl_neighbor_dark,ctl_neighbor_dark:dark matter (abstract),https://arxiv.org/abs/2609.04412v1,https://arxiv.org/pdf/2609.04412v1
0.0,-0.35,low,1.0,True,True,2607.17358v2,Richards' equation as a hydrodynamic limit: Chapman--Enskog reduction of the continuum kinetic equation for unsaturated soil water,2026-07-19T17:51:15Z,2026-09-03T19:12:33Z,cond-mat.stat-mech,cond-mat.stat-mech; physics.geo-ph,0,0,0,,,,,orthogonal_physics,ctl_orthogonal_fluid,ctl_orthogonal_fluid:navier-stokes (abstract),https://arxiv.org/abs/2607.17358v2,https://arxiv.org/pdf/2607.17358v2
0.0,-0.35,low,1.0,False,True,2609.04395v1,"$Z$-plus-jet Production with JETHAD-DYnamis: Angular Structure, Polarization, Fixed-Order Matching",2026-09-03T19:04:46Z,2026-09-03T19:04:46Z,hep-ph,hep-ph; hep-ex,0,0,0,,,,,neighbor_topic,ctl_neighbor_standard_model,ctl_neighbor_standard_model:electroweak (abstract),https://arxiv.org/abs/2609.04395v1,https://arxiv.org/pdf/2609.04395v1
0.0,-0.35,low,1.0,False,True,2609.04387v1,Toward Resilient Many-Body Formulations under Incomplete Correlation Models: A Dual-Space Variational Formulation,2026-09-03T18:50:32Z,2026-09-03T18:50:32Z,quant-ph,quant-ph,0,0,0,,,,,generic_physics,ctl_generic_action,ctl_generic_action:hamiltonian (abstract),https://arxiv.org/abs/2609.04387v1,https://arxiv.org/pdf/2609.04387v1
0.0,-0.35,low,1.0,False,True,2609.04386v1,Earth-scale searches for displaced vertices: KM3NeT meets the LHC,2026-09-03T18:49:19Z,2026-09-03T18:49:19Z,hep-ph,hep-ph,0,0,0,,,,,neighbor_topic,ctl_neighbor_standard_model,ctl_neighbor_standard_model:standard model (abstract),https://arxiv.org/abs/2609.04386v1,https://arxiv.org/pdf/2609.04386v1
0.0,-0.35,low,1.0,False,True,2609.04385v1,Linking orbital history to the quenching of isolated dwarf galaxies,2026-09-03T18:49:16Z,2026-09-03T18:49:16Z,astro-ph.GA,astro-ph.GA,0,0,0,,,,,neighbor_topic,ctl_neighbor_dark,ctl_neighbor_dark:dark matter (abstract),https://arxiv.org/abs/2609.04385v1,https://arxiv.org/pdf/2609.04385v1
0.0,-0.35,low,1.0,False,True,2609.02338v2,In silico design of magnonic lasing in constricted waveguides,2026-09-02T09:13:02Z,2026-09-03T18:48:19Z,cond-mat.mes-hall,cond-mat.mes-hall,0,0,0,,,,,neighbor_topic,ctl_neighbor_black_hole,ctl_neighbor_black_hole:black-hole (abstract),https://arxiv.org/abs/2609.02338v2,https://arxiv.org/pdf/2609.02338v2
0.0,-0.35,low,1.0,False,True,2609.04374v1,Higher-Dimensional Integrable Scattering,2026-09-03T18:38:17Z,2026-09-03T18:38:17Z,hep-th,hep-th; nlin.SI,0,0,0,,,,,neighbor_topic,ctl_neighbor_standard_model,ctl_neighbor_standard_model:yang-mills (abstract),https://arxiv.org/abs/2609.04374v1,https://arxiv.org/pdf/2609.04374v1
0.0,-0.35,low,1.0,True,True,2510.07372v3,Proposals for experimentally realizing quantum-autonomous gates,2025-10-08T18:00:00Z,2026-09-03T18:37:51Z,quant-ph,quant-ph,0,0,0,,,,,orthogonal_physics,ctl_orthogonal_atomic,ctl_orthogonal_atomic:rydberg atom (abstract),https://arxiv.org/abs/2510.07372v3,https://arxiv.org/pdf/2510.07372v3
0.0,-0.35,low,1.0,False,True,2609.04370v1,Dual Charge-Density-Waves in Two-dimensional DyTe3 and Their Distinct Impacts on Magneto-Transport Properties,2026-09-03T18:35:50Z,2026-09-03T18:35:50Z,cond-mat.str-el,cond-mat.str-el,0,0,0,,,,,orthogonal_physics,ctl_orthogonal_materials,ctl_orthogonal_materials:two-dimensional material (abstract),https://arxiv.org/abs/2609.04370v1,https://arxiv.org/pdf/2609.04370v1
0.0,-0.35,low,1.0,True,True,2607.15350v2,Fragmented ETH and Ensemble Inequivalence,2026-07-16T18:01:07Z,2026-09-03T18:34:14Z,cond-mat.stat-mech,cond-mat.stat-mech; quant-ph,0,0,0,,,,,generic_physics,ctl_generic_action,ctl_generic_action:hamiltonian (abstract),https://arxiv.org/abs/2607.15350v2,https://arxiv.org/pdf/2607.15350v2
0.0,-0.35,low,1.0,True,True,2606.22078v2,Metamorphosis of fractional instantons on a twisted $T^4$ with a double-trace deformation: a numerical study,2026-06-20T14:52:37Z,2026-09-03T18:26:33Z,hep-th,hep-th; hep-lat; hep-ph,0,0,0,,,,,neighbor_topic,ctl_neighbor_standard_model,ctl_neighbor_standard_model:yang-mills (abstract),https://arxiv.org/abs/2606.22078v2,https://arxiv.org/pdf/2606.22078v2
0.0,-0.35,low,1.0,True,True,2608.03657v2,A windy sea surface with Stokes waves,2026-08-04T13:38:02Z,2026-09-03T18:24:28Z,physics.flu-dyn,physics.flu-dyn; physics.ao-ph,0,0,0,,,,,orthogonal_physics,ctl_orthogonal_fluid,ctl_orthogonal_fluid:reynolds number (abstract),https://arxiv.org/abs/2608.03657v2,https://arxiv.org/pdf/2608.03657v2
0.0,-0.35,low,1.0,False,True,2609.04359v1,Quantum oscillations of helical edge states of periodically deformed 2D topological insulator in magnetic field,2026-09-03T18:20:40Z,2026-09-03T18:20:40Z,cond-mat.mes-hall,cond-mat.mes-hall; math-ph,0,0,0,,,,,generic_physics,ctl_generic_perturbation,ctl_generic_perturbation:perturbation theory (abstract),https://arxiv.org/abs/2609.04359v1,https://arxiv.org/pdf/2609.04359v1
0.0,-0.35,low,1.0,False,True,2609.04351v1,Extending the Stellar-to-Halo Mass Relation to Dwarf Galaxies with DESI DR1,2026-09-03T18:14:43Z,2026-09-03T18:14:43Z,astro-ph.GA,astro-ph.GA,0,0,0,,,,,neighbor_topic,ctl_neighbor_dark,ctl_neighbor_dark:dark matter (abstract),https://arxiv.org/abs/2609.04351v1,https://arxiv.org/pdf/2609.04351v1
0.0,-0.35,low,1.0,False,True,2609.04349v1,"H I Absorbers as Beacons of Hidden Structure at $z \sim 3$: Multi-Component, Metal-Rich Absorption System near a Protocluster",2026-09-03T18:13:23Z,2026-09-03T18:13:23Z,astro-ph.GA,astro-ph.GA; astro-ph.CO,0,0,0,,,,,neighbor_topic,ctl_neighbor_cosmology,ctl_neighbor_cosmology:large-scale structure (abstract),https://arxiv.org/abs/2609.04349v1,https://arxiv.org/pdf/2609.04349v1
0.0,-0.35,low,1.0,False,True,2609.04340v1,Waveform models for the gravitational-wave memory effect: III. Phenomenological frequency-domain model for nonspinning binaries,2026-09-03T18:06:53Z,2026-09-03T18:06:53Z,gr-qc,gr-qc; astro-ph.HE,0,0,0,,,,,neighbor_topic,ctl_neighbor_black_hole,ctl_neighbor_black_hole:black hole (abstract),https://arxiv.org/abs/2609.04340v1,https://arxiv.org/pdf/2609.04340v1
0.0,-0.35,low,1.0,False,True,2609.04337v1,Heavy Flavors and Quarkonia at RHIC,2026-09-03T18:04:47Z,2026-09-03T18:04:47Z,nucl-ex,nucl-ex,0,0,0,,,,,neighbor_topic,ctl_neighbor_standard_model,ctl_neighbor_standard_model:qcd (abstract),https://arxiv.org/abs/2609.04337v1,https://arxiv.org/pdf/2609.04337v1
0.0,-0.35,low,1.0,False,True,2609.04317v1,Super-Eddington Accretion and Early-Stage Feedback in Ton S180,2026-09-03T18:00:02Z,2026-09-03T18:00:02Z,astro-ph.GA,astro-ph.GA; astro-ph.HE,0,0,0,,,,,neighbor_topic,ctl_neighbor_black_hole,ctl_neighbor_black_hole:black hole (abstract),https://arxiv.org/abs/2609.04317v1,https://arxiv.org/pdf/2609.04317v1
0.0,-0.35,low,1.0,False,True,2609.04314v1,The DESI Data Release 1 white dwarf catalogue,2026-09-03T18:00:01Z,2026-09-03T18:00:01Z,astro-ph.SR,astro-ph.SR; astro-ph.GA,0,0,0,,,,,neighbor_topic,ctl_neighbor_dark,ctl_neighbor_dark:dark energy (abstract),https://arxiv.org/abs/2609.04314v1,https://arxiv.org/pdf/2609.04314v1
0.0,-0.35,low,1.0,False,True,2609.04192v1,Euclid preparation. The shape of halo profiles in $Λ$CDM and non-standard cosmologies,2026-09-03T17:59:02Z,2026-09-03T17:59:02Z,astro-ph.CO,astro-ph.CO; gr-qc,0,0,0,,,,,neighbor_topic,ctl_neighbor_dark,ctl_neighbor_dark:dark energy (abstract),https://arxiv.org/abs/2609.04192v1,https://arxiv.org/pdf/2609.04192v1
0.0,-0.35,low,1.0,False,True,2609.04175v1,Confronting the Higgsino Interpretation of the LZ Event with the High-Energy Sideband,2026-09-03T17:54:57Z,2026-09-03T17:54:57Z,hep-ph,hep-ph; astro-ph.CO,0,0,0,,,,,neighbor_topic,ctl_neighbor_dark,ctl_neighbor_dark:dark matter (abstract),https://arxiv.org/abs/2609.04175v1,https://arxiv.org/pdf/2609.04175v1
0.0,-0.35,low,1.0,True,False,2604.21918v3,Wave physics as a choreographic notation for partner dance,2026-04-23T17:58:03Z,2026-09-03T17:52:51Z,physics.bio-ph,physics.bio-ph; physics.class-ph; physics.pop-ph,0,0,0,,,,,nonphysics_stem,ctl_nonphysics_ml,ctl_nonphysics_ml:neural network (abstract),https://arxiv.org/abs/2604.21918v3,https://arxiv.org/pdf/2604.21918v3
0.0,-0.35,low,1.0,False,True,2609.04162v1,Thermodynamic Concentration Inequalities: Controlling Uncertainty in Finite-Time and Small-Sample Thermodynamic Inference,2026-09-03T17:49:59Z,2026-09-03T17:49:59Z,cond-mat.stat-mech,cond-mat.stat-mech; cond-mat.soft; math.PR,0,0,0,,,,,generic_physics,ctl_generic_statistics,ctl_generic_statistics:confidence interval (abstract),https://arxiv.org/abs/2609.04162v1,https://arxiv.org/pdf/2609.04162v1
0.0,-0.35,low,1.0,False,True,2609.04160v1,Vanilla Exact Synthesis of CNOT Circuits is NP-hard,2026-09-03T17:49:16Z,2026-09-03T17:49:16Z,quant-ph,quant-ph; cs.CC,0,0,0,,,,,generic_physics,ctl_generic_action,ctl_generic_action:hamiltonian (abstract),https://arxiv.org/abs/2609.04160v1,https://arxiv.org/pdf/2609.04160v1
0.0,-0.35,low,1.0,False,True,2609.04149v1,Non-uniform quantum geometry stabilizes generalized Wigner crystals,2026-09-03T17:41:42Z,2026-09-03T17:41:42Z,cond-mat.str-el,cond-mat.str-el,0,0,0,,,,,orthogonal_physics,ctl_orthogonal_materials,ctl_orthogonal_materials:moiré material (abstract),https://arxiv.org/abs/2609.04149v1,https://arxiv.org/pdf/2609.04149v1
0.0,-0.35,low,1.0,False,True,2609.04146v1,HyperDet Wavefunction: A Phase-Agnostic Ansatz for Strongly Correlated Systems,2026-09-03T17:40:10Z,2026-09-03T17:40:10Z,cond-mat.str-el,cond-mat.str-el; cond-mat.mes-hall,0,0,0,,,,,generic_physics,ctl_generic_numerics,ctl_generic_numerics:monte carlo (abstract),https://arxiv.org/abs/2609.04146v1,https://arxiv.org/pdf/2609.04146v1
0.0,-0.35,low,1.0,False,True,2609.04137v1,"Boundary conditions for axionic wormholes, imaginary distance bound and KSW allowability",2026-09-03T17:31:53Z,2026-09-03T17:31:53Z,hep-th,hep-th,0,0,0,,,,,neighbor_topic,ctl_neighbor_dark,ctl_neighbor_dark:axion (abstract),https://arxiv.org/abs/2609.04137v1,https://arxiv.org/pdf/2609.04137v1
0.0,-0.35,low,1.0,False,True,2609.04133v1,The moving lens effect: analytical modelling and foreground suppression,2026-09-03T17:30:01Z,2026-09-03T17:30:01Z,astro-ph.CO,astro-ph.CO,0,0,0,,,,,neighbor_topic,ctl_neighbor_cosmology,ctl_neighbor_cosmology:cmb (abstract),https://arxiv.org/abs/2609.04133v1,https://arxiv.org/pdf/2609.04133v1
0.0,-0.35,low,1.0,False,True,2609.04132v1,Characterizing Large Scale Quantum Systems with Error Per Circuit Layer,2026-09-03T17:28:40Z,2026-09-03T17:28:40Z,quant-ph,quant-ph,0,0,0,,,,,generic_physics,ctl_generic_numerics,ctl_generic_numerics:numerical simulation (abstract),https://arxiv.org/abs/2609.04132v1,https://arxiv.org/pdf/2609.04132v1
0.0,-0.35,low,1.0,False,True,2609.04130v1,Fundamental differences in the X-ray accretion properties of low and high-excitation radio galaxies,2026-09-03T17:27:03Z,2026-09-03T17:27:03Z,astro-ph.GA,astro-ph.GA; astro-ph.HE,0,0,0,,,,,neighbor_topic,ctl_neighbor_black_hole,ctl_neighbor_black_hole:black hole (abstract),https://arxiv.org/abs/2609.04130v1,https://arxiv.org/pdf/2609.04130v1
0.0,-0.35,low,1.0,True,True,2605.07975v3,Phenomenological implications of the high-precision COHERENT germanium CE$ν$NS data,2026-05-08T16:33:47Z,2026-09-03T16:51:05Z,hep-ph,hep-ph; hep-ex,0,0,0,,,,,neighbor_topic,ctl_neighbor_standard_model,ctl_neighbor_standard_model:standard model (abstract),https://arxiv.org/abs/2605.07975v3,https://arxiv.org/pdf/2605.07975v3
0.0,-0.35,low,1.0,False,False,2609.04078v1,Monitoring antiproton numbers with a CMOS detector in a dense-track environment,2026-09-03T16:47:51Z,2026-09-03T16:47:51Z,physics.ins-det,physics.ins-det; hep-ex,0,0,0,,,,,generic_physics,ctl_generic_numerics,ctl_generic_numerics:monte carlo (abstract),https://arxiv.org/abs/2609.04078v1,https://arxiv.org/pdf/2609.04078v1
0.0,-0.35,low,1.0,True,True,2502.03518v2,Shortcuts to Analog Preparation of Non-Equilibrium Quantum Lakes,2025-02-05T19:00:00Z,2026-09-03T16:46:11Z,quant-ph,quant-ph; cond-mat.quant-gas; cond-mat.str-el,0,0,0,,,,,generic_physics,ctl_generic_action,ctl_generic_action:hamiltonian (abstract),https://arxiv.org/abs/2502.03518v2,https://arxiv.org/pdf/2502.03518v2
0.0,-0.35,low,1.0,True,True,2602.11138v3,Demonstration and performance of an online data selection algorithm for liquid argon time projection chambers using MicroBooNE,2026-02-11T18:50:22Z,2026-09-03T16:41:10Z,hep-ex,hep-ex,0,0,0,,,,,neighbor_topic,ctl_neighbor_standard_model,ctl_neighbor_standard_model:standard model (abstract),https://arxiv.org/abs/2602.11138v3,https://arxiv.org/pdf/2602.11138v3
0.0,-0.35,low,1.0,True,True,2501.01734v4,Enhanced Condensation Through Rotation,2025-01-03T09:54:20Z,2026-09-03T16:36:37Z,cond-mat.supr-con,cond-mat.supr-con; quant-ph,0,0,0,,,,,orthogonal_physics,ctl_orthogonal_superconductivity,ctl_orthogonal_superconductivity:cooper pair (abstract),https://arxiv.org/abs/2501.01734v4,https://arxiv.org/pdf/2501.01734v4
0.0,-0.35,low,1.0,False,True,2609.04049v1,TQ4Q2.0 Fragmentation Functions for Fully Heavy Tetraquark Production,2026-09-03T16:22:20Z,2026-09-03T16:22:20Z,hep-ph,hep-ph; hep-ex; nucl-ex; nucl-th,0,0,0,,,,,generic_physics,ctl_generic_perturbation,ctl_generic_perturbation:perturbative (abstract),https://arxiv.org/abs/2609.04049v1,https://arxiv.org/pdf/2609.04049v1
0.0,-0.35,low,1.0,False,True,2609.04039v1,Exploring Extended Higgs Dynamics via Higgsstrahlung at FCC-ee,2026-09-03T16:15:09Z,2026-09-03T16:15:09Z,hep-ph,hep-ph,0,0,0,,,,,neighbor_topic,ctl_neighbor_standard_model,ctl_neighbor_standard_model:standard model (abstract),https://arxiv.org/abs/2609.04039v1,https://arxiv.org/pdf/2609.04039v1
0.0,-0.35,low,1.0,False,True,2609.04037v1,Discrete time crystals in disordered anisotropic Heisenberg chains,2026-09-03T16:12:09Z,2026-09-03T16:12:09Z,quant-ph,quant-ph; cond-mat.dis-nn; cond-mat.stat-mech; cond-mat.str-el; physics.comp-ph,0,0,0,,,,,generic_physics,ctl_generic_numerics,ctl_generic_numerics:numerical simulation (abstract),https://arxiv.org/abs/2609.04037v1,https://arxiv.org/pdf/2609.04037v1
0.0,-0.35,low,1.0,False,True,2609.04035v1,"Cusped Defects: Cusp Operator Expansion, Conformal Properties and Bootstrap Applications",2026-09-03T16:11:20Z,2026-09-03T16:11:20Z,hep-th,hep-th; cond-mat.str-el; hep-ph,0,0,0,,,,,neighbor_topic,ctl_neighbor_cft,ctl_neighbor_cft:conformal field theories (abstract),https://arxiv.org/abs/2609.04035v1,https://arxiv.org/pdf/2609.04035v1
0.0,-0.35,low,1.0,False,True,2609.04029v1,Mechanistic Framework for Multicomponent Nanoparticle Assembly: Predicting RNA-lipid and PEI-DNA nanoparticle assembly,2026-09-03T16:08:40Z,2026-09-03T16:08:40Z,cond-mat.soft,cond-mat.soft; physics.chem-ph,0,0,0,,,,,generic_physics,ctl_generic_numerics,ctl_generic_numerics:monte carlo (abstract),https://arxiv.org/abs/2609.04029v1,https://arxiv.org/pdf/2609.04029v1
0.0,-0.35,low,1.0,False,True,2609.04016v1,Quasi-local form for $α$--$z$ Rényi QNEC from fixed-ray escorts,2026-09-03T15:54:31Z,2026-09-03T15:54:31Z,hep-th,hep-th; quant-ph,0,0,0,,,,,neighbor_topic,ctl_neighbor_cft,ctl_neighbor_cft:conformal field theories (abstract),https://arxiv.org/abs/2609.04016v1,https://arxiv.org/pdf/2609.04016v1
0.0,-0.35,low,1.0,True,True,2511.01063v2,"Mixed superposition rules for Lie systems, compatible geometric structures, and applications",2025-11-02T20:05:48Z,2026-09-03T15:53:30Z,math-ph,math-ph; math.DG; nlin.SI,0,0,0,,,,,generic_physics,ctl_generic_action,ctl_generic_action:hamiltonian (abstract),https://arxiv.org/abs/2511.01063v2,https://arxiv.org/pdf/2511.01063v2
0.0,-0.35,low,1.0,True,True,2607.27321v2,Spin-incoherent Mott-Thouless pumps,2026-07-29T18:00:01Z,2026-09-03T15:41:25Z,cond-mat.str-el,cond-mat.str-el; cond-mat.mes-hall; cond-mat.quant-gas,0,0,0,,,,,generic_physics,ctl_generic_action,ctl_generic_action:hamiltonian (abstract),https://arxiv.org/abs/2607.27321v2,https://arxiv.org/pdf/2607.27321v2
0.0,-0.35,low,1.0,False,True,2609.03996v1,Dissipation scaling in wind turbine wakes exposed to free-stream turbulence,2026-09-03T15:37:19Z,2026-09-03T15:37:19Z,physics.flu-dyn,physics.flu-dyn,0,0,0,,,,,orthogonal_physics,ctl_orthogonal_fluid,ctl_orthogonal_fluid:reynolds number (abstract),https://arxiv.org/abs/2609.03996v1,https://arxiv.org/pdf/2609.03996v1
0.0,-0.35,low,1.0,False,True,2609.03994v1,Evolution of electron spin resonance through a metallic quantum critical phase diagram,2026-09-03T15:35:10Z,2026-09-03T15:35:10Z,cond-mat.str-el,cond-mat.str-el,0,0,0,,,,,orthogonal_physics,ctl_orthogonal_quantum_critical,ctl_orthogonal_quantum_critical:quantum criticality (abstract),https://arxiv.org/abs/2609.03994v1,https://arxiv.org/pdf/2609.03994v1
0.0,-0.35,low,1.0,False,True,2609.03969v1,Analytic study of the continuous spectrum of three-dimensional weak shock layers,2026-09-03T15:07:12Z,2026-09-03T15:07:12Z,physics.flu-dyn,physics.flu-dyn,0,0,0,,,,,orthogonal_physics,ctl_orthogonal_fluid,ctl_orthogonal_fluid:reynolds number (abstract),https://arxiv.org/abs/2609.03969v1,https://arxiv.org/pdf/2609.03969v1
0.0,-0.35,low,1.0,True,True,2605.18985v2,Efficient Fourier-Based Linear Combination of Unitaries and Applications in Quantum Optimization,2026-05-18T18:05:08Z,2026-09-03T15:03:19Z,quant-ph,quant-ph,0,0,0,,,,,generic_physics,ctl_generic_action,ctl_generic_action:lagrangian (abstract),https://arxiv.org/abs/2605.18985v2,https://arxiv.org/pdf/2605.18985v2
0.0,-0.35,low,1.0,False,True,2609.03957v1,How do flapping avian wing exhibit superior aerodynamic performance?,2026-09-03T14:56:16Z,2026-09-03T14:56:16Z,physics.flu-dyn,physics.flu-dyn,0,0,0,,,,,orthogonal_physics,ctl_orthogonal_fluid,ctl_orthogonal_fluid:reynolds number (abstract),https://arxiv.org/abs/2609.03957v1,https://arxiv.org/pdf/2609.03957v1
0.0,-0.35,low,1.0,True,True,2608.26378v2,Large Deviations for the Bose--Einstein Condensate of the Ideal Gas in the Canonical Ensemble,2026-08-26T20:06:05Z,2026-09-03T14:50:14Z,math-ph,math-ph; cond-mat.quant-gas; math.PR; quant-ph,0,0,0,,,,,generic_physics,ctl_generic_action,ctl_generic_action:hamiltonian (abstract),https://arxiv.org/abs/2608.26378v2,https://arxiv.org/pdf/2608.26378v2
0.0,-0.35,low,1.0,True,False,2606.18338v2,ThousandWorlds: A benchmark for climate emulation of potentially habitable exoplanets,2026-06-16T18:00:00Z,2026-09-03T14:26:12Z,cs.LG,cs.LG; astro-ph.EP; astro-ph.IM,0,0,0,,,,,nonphysics_stem,ctl_nonphysics_ml,ctl_nonphysics_ml:deep learning (abstract),https://arxiv.org/abs/2606.18338v2,https://arxiv.org/pdf/2606.18338v2
0.0,-0.35,low,1.0,False,True,2609.03862v1,Equivalence classes of finite-time transitions in optimal control and non-equilibrium relaxation,2026-09-03T13:51:05Z,2026-09-03T13:51:05Z,cond-mat.stat-mech,cond-mat.stat-mech,0,0,0,,,,,generic_physics,ctl_generic_action,ctl_generic_action:hamiltonian (abstract),https://arxiv.org/abs/2609.03862v1,https://arxiv.org/pdf/2609.03862v1
0.0,-0.35,low,1.0,True,True,2606.29079v2,Localized Covariant Quantities Appear To Underlie Quantum Circuits,2026-06-27T20:38:47Z,2026-09-03T13:39:51Z,quant-ph,quant-ph,0,0,0,,,,,generic_physics,ctl_generic_action,ctl_generic_action:action principle (abstract),https://arxiv.org/abs/2606.29079v2,https://arxiv.org/pdf/2606.29079v2
0.0,-0.35,low,1.0,False,True,2609.03833v1,Unravelling the Li-Haldane Conjecture with the Projected Ensemble,2026-09-03T13:33:52Z,2026-09-03T13:33:52Z,cond-mat.mes-hall,cond-mat.mes-hall,0,0,0,,,,,neighbor_topic,ctl_neighbor_cft,ctl_neighbor_cft:conformal field theory (abstract),https://arxiv.org/abs/2609.03833v1,https://arxiv.org/pdf/2609.03833v1
0.0,-0.35,low,1.0,False,True,2609.03832v1,The conductivity matrix at the topological phase transition,2026-09-03T13:31:46Z,2026-09-03T13:31:46Z,math-ph,math-ph; cond-mat.mes-hall,0,0,0,,,,,generic_physics,ctl_generic_action,ctl_generic_action:hamiltonian (abstract),https://arxiv.org/abs/2609.03832v1,https://arxiv.org/pdf/2609.03832v1
0.0,-0.35,low,1.0,True,True,2507.06749v2,Real-space understanding of electron-phonon coupling in superconducting hydrides,2025-07-09T11:12:58Z,2026-09-03T13:12:52Z,cond-mat.supr-con,cond-mat.supr-con; cond-mat.mtrl-sci,0,0,0,,,,,orthogonal_physics,ctl_orthogonal_superconductivity,ctl_orthogonal_superconductivity:superconductivity (abstract),https://arxiv.org/abs/2507.06749v2,https://arxiv.org/pdf/2507.06749v2
0.0,-0.35,low,1.0,False,True,2609.03798v1,Peeling threshold for removal of an adhered elastic sheet by a shear flow,2026-09-03T13:03:26Z,2026-09-03T13:03:26Z,cond-mat.soft,cond-mat.soft; physics.flu-dyn,0,0,0,,,,,orthogonal_physics,ctl_orthogonal_materials,ctl_orthogonal_materials:graphene (abstract),https://arxiv.org/abs/2609.03798v1,https://arxiv.org/pdf/2609.03798v1
0.0,-0.35,low,1.0,True,True,2607.19861v2,A Multi-Resolvent Hierarchy for the ETH Smooth Function,2026-07-22T07:50:15Z,2026-09-03T12:50:41Z,quant-ph,quant-ph,0,0,0,,,,,generic_physics,ctl_generic_action,ctl_generic_action:hamiltonian (abstract),https://arxiv.org/abs/2607.19861v2,https://arxiv.org/pdf/2607.19861v2
0.0,-0.35,low,1.0,True,True,2603.01809v3,"Exposing Finite-Depth, Finite-Shot Guarantees for Constrained Quantum Optimization via Fejér Filtering",2026-03-02T12:44:19Z,2026-09-03T12:45:39Z,quant-ph,quant-ph; cs.IT; math-ph; math.NA,0,0,0,,,,,generic_physics,ctl_generic_action,ctl_generic_action:hamiltonian (abstract),https://arxiv.org/abs/2603.01809v3,https://arxiv.org/pdf/2603.01809v3
0.0,-0.35,low,1.0,False,True,2609.02329v2,Distribution amplitudes of vector and axial-vector mesons in a nonperturbatively improved symmetry-preserving framework,2026-09-02T09:08:44Z,2026-09-03T12:32:24Z,hep-ph,hep-ph,0,0,0,,,,,generic_physics,ctl_generic_symmetry,ctl_generic_symmetry:symmetry breaking (abstract),https://arxiv.org/abs/2609.02329v2,https://arxiv.org/pdf/2609.02329v2
0.0,-0.35,low,1.0,False,True,2609.03765v1,Coherent interaction of WS$_2$ and quasi-2D perovskite excitons over micrometer distances via a cavity field,2026-09-03T12:31:04Z,2026-09-03T12:31:04Z,cond-mat.mes-hall,cond-mat.mes-hall,0,0,0,,,,,orthogonal_physics,ctl_orthogonal_materials,ctl_orthogonal_materials:2d material (abstract),https://arxiv.org/abs/2609.03765v1,https://arxiv.org/pdf/2609.03765v1
0.0,-0.35,low,1.0,False,False,2609.03762v1,Projected Riemannian Gradient Descent for the Bures-Wasserstein Barycenter: Dimension-Independent Linear Convergence at Unit Step Size,2026-09-03T12:29:26Z,2026-09-03T12:29:26Z,cs.LG,cs.LG; math.OC; quant-ph,0,0,0,,,,,nonphysics_stem,ctl_nonphysics_ml,ctl_nonphysics_ml:machine learning (abstract),https://arxiv.org/abs/2609.03762v1,https://arxiv.org/pdf/2609.03762v1
0.0,-0.35,low,1.0,False,True,2609.03748v1,Thermodynamic Irreversibility from Inaccessible Endogenous Quantum Histories,2026-09-03T12:19:43Z,2026-09-03T12:19:43Z,quant-ph,quant-ph,0,0,0,,,,,generic_physics,ctl_generic_action,ctl_generic_action:hamiltonian (abstract),https://arxiv.org/abs/2609.03748v1,https://arxiv.org/pdf/2609.03748v1
0.0,-0.35,low,1.0,False,True,2609.03744v1,Generalized s-d model for Wannier-Mott excitons in layered magnetic semiconductors,2026-09-03T12:16:10Z,2026-09-03T12:16:10Z,cond-mat.mes-hall,cond-mat.mes-hall; cond-mat.mtrl-sci; physics.optics; quant-ph,0,0,0,,,,,orthogonal_physics,ctl_orthogonal_magnetism,ctl_orthogonal_magnetism:antiferromagnet (abstract),https://arxiv.org/abs/2609.03744v1,https://arxiv.org/pdf/2609.03744v1
0.0,-0.35,low,1.0,False,True,2609.03737v1,Analog quantum simulation of bosonic and anyonic models with flux-driven transmons,2026-09-03T12:09:20Z,2026-09-03T12:09:20Z,quant-ph,quant-ph,0,0,0,,,,,generic_physics,ctl_generic_numerics,ctl_generic_numerics:numerical simulation (abstract),https://arxiv.org/abs/2609.03737v1,https://arxiv.org/pdf/2609.03737v1
0.0,-0.35,low,1.0,False,True,2609.03709v1,The Role of Preceding CMEs and SIRs in Enhancing Shock Acceleration of Electrons,2026-09-03T11:44:28Z,2026-09-03T11:44:28Z,astro-ph.SR,astro-ph.SR; physics.space-ph,0,0,0,,,,,generic_physics,ctl_generic_numerics,ctl_generic_numerics:monte carlo (abstract),https://arxiv.org/abs/2609.03709v1,https://arxiv.org/pdf/2609.03709v1
0.0,-0.35,low,1.0,True,True,2511.23461v2,New Particles at the Z-Pole: Tera-Z factories as discovery and precision machines,2025-11-28T18:53:35Z,2026-09-03T11:37:34Z,hep-ph,hep-ph; hep-ex,0,0,0,,,,,neighbor_topic,ctl_neighbor_dark,ctl_neighbor_dark:axion (abstract),https://arxiv.org/abs/2511.23461v2,https://arxiv.org/pdf/2511.23461v2
0.0,-0.35,low,1.0,True,True,2607.27732v2,A comparison of two constructions for dynamical corrections to Wald entropy,2026-07-30T06:15:11Z,2026-09-03T11:21:02Z,hep-th,hep-th; gr-qc,0,0,0,,,,,neighbor_topic,ctl_neighbor_black_hole,ctl_neighbor_black_hole:black hole (abstract),https://arxiv.org/abs/2607.27732v2,https://arxiv.org/pdf/2607.27732v2
0.0,-0.35,low,1.0,True,True,2603.01649v3,Shaping frequency-tunable single photons for quantum networking in waveguide QED,2026-03-02T09:29:14Z,2026-09-03T11:15:59Z,quant-ph,quant-ph,0,0,0,,,,,generic_physics,ctl_generic_numerics,ctl_generic_numerics:numerical simulation (abstract),https://arxiv.org/abs/2603.01649v3,https://arxiv.org/pdf/2603.01649v3
0.0,-0.35,low,1.0,False,True,2609.02550v2,Are jet speeds governed by accretion modes?,2026-09-02T13:00:58Z,2026-09-03T10:03:03Z,astro-ph.HE,astro-ph.HE,0,0,0,,,,,neighbor_topic,ctl_neighbor_black_hole,ctl_neighbor_black_hole:black hole (abstract),https://arxiv.org/abs/2609.02550v2,https://arxiv.org/pdf/2609.02550v2
0.0,-0.35,low,1.0,True,False,2608.03640v2,Analysis of Moment Closures Using $\varphi$-Divergences for Rarefied Dynamics with Binary Collisions and Their Galerkin Discretizations,2026-08-04T13:23:53Z,2026-09-03T09:39:20Z,math.NA,math.NA; math.AP; physics.comp-ph; physics.flu-dyn,0,0,0,,,,,generic_physics,ctl_generic_numerics,ctl_generic_numerics:numerical simulation (abstract),https://arxiv.org/abs/2608.03640v2,https://arxiv.org/pdf/2608.03640v2
0.0,-0.35,low,1.0,False,True,2609.03587v1,Charge Regulated conformational properties of polyelectrolyte near an oppositely charged nanoparticle,2026-09-03T09:34:15Z,2026-09-03T09:34:15Z,cond-mat.soft,cond-mat.soft,0,0,0,,,,,generic_physics,ctl_generic_numerics,ctl_generic_numerics:monte carlo (abstract),https://arxiv.org/abs/2609.03587v1,https://arxiv.org/pdf/2609.03587v1
0.0,-0.35,low,1.0,False,True,2609.03579v1,First Measurement of Near-Threshold J/ψ Photoproduction on the Neutron,2026-09-03T09:27:21Z,2026-09-03T09:27:21Z,nucl-ex,nucl-ex; hep-ex,0,0,0,,,,,neighbor_topic,ctl_neighbor_standard_model,ctl_neighbor_standard_model:qcd (abstract),https://arxiv.org/abs/2609.03579v1,https://arxiv.org/pdf/2609.03579v1
0.0,-0.35,low,1.0,True,False,2602.16878v3,Spectral boundaries of deterministic matrices deformed by rotationally invariant random non-Hermitian ensembles,2026-02-18T21:02:02Z,2026-09-03T09:10:04Z,cond-mat.dis-nn,cond-mat.dis-nn; math-ph; math.PR,0,0,0,,,,,generic_physics,ctl_generic_numerics,ctl_generic_numerics:numerical simulation (abstract),https://arxiv.org/abs/2602.16878v3,https://arxiv.org/pdf/2602.16878v3
0.0,-0.35,low,1.0,True,True,2609.00154v2,The promise of self-supervised and active learning for Strong Lens discovery: Astronomaly applied to KiDS,2026-08-31T18:00:08Z,2026-09-03T09:05:19Z,astro-ph.IM,astro-ph.IM; astro-ph.GA,0,0,0,,,,,nonphysics_stem,ctl_nonphysics_ml,ctl_nonphysics_ml:machine learning (abstract),https://arxiv.org/abs/2609.00154v2,https://arxiv.org/pdf/2609.00154v2
0.0,-0.35,low,1.0,True,True,2604.10626v2,Resonance $X(6600)$,2026-04-12T13:04:32Z,2026-09-03T08:59:59Z,hep-ph,hep-ph; hep-ex; hep-lat,0,0,0,,,,,neighbor_topic,ctl_neighbor_standard_model,ctl_neighbor_standard_model:qcd (abstract),https://arxiv.org/abs/2604.10626v2,https://arxiv.org/pdf/2604.10626v2
0.0,-0.35,low,1.0,True,True,2607.12891v2,Momentum Space Resolution Dependence in Boltzmann Neutrino Radiation Hydrodynamics Simulations of Core-collapse Supernovae,2026-07-14T15:33:32Z,2026-09-03T08:58:28Z,astro-ph.HE,astro-ph.HE,0,0,0,,,,,neighbor_topic,ctl_neighbor_black_hole,ctl_neighbor_black_hole:black hole (abstract),https://arxiv.org/abs/2607.12891v2,https://arxiv.org/pdf/2607.12891v2
0.0,-0.35,low,1.0,False,True,2609.03555v1,Spectral Function Method and Janus Quantum Numbers in Quasiperiodic Systems,2026-09-03T08:56:32Z,2026-09-03T08:56:32Z,cond-mat.mes-hall,cond-mat.mes-hall,0,0,0,,,,,generic_physics,ctl_generic_action,ctl_generic_action:hamiltonian (abstract),https://arxiv.org/abs/2609.03555v1,https://arxiv.org/pdf/2609.03555v1
0.0,-0.35,low,1.0,True,True,2508.20792v2,Distinct Spatiotemporal Dynamics of Thermoelectric Transport Across Superconducting Transition,2025-08-28T13:54:36Z,2026-09-03T08:47:31Z,cond-mat.supr-con,cond-mat.supr-con,0,0,0,,,,,orthogonal_physics,ctl_orthogonal_superconductivity,ctl_orthogonal_superconductivity:superconductor (abstract),https://arxiv.org/abs/2508.20792v2,https://arxiv.org/pdf/2508.20792v2
0.0,-0.35,low,1.0,False,True,2609.03537v1,Bright star-forming galaxies naturally forming at z>10 in the Shark semi-analytic model,2026-09-03T08:36:36Z,2026-09-03T08:36:36Z,astro-ph.GA,astro-ph.GA; astro-ph.CO,0,0,0,,,,,neighbor_topic,ctl_neighbor_dark,ctl_neighbor_dark:dark matter (abstract),https://arxiv.org/abs/2609.03537v1,https://arxiv.org/pdf/2609.03537v1
0.0,-0.35,low,1.0,False,True,2609.03536v1,"Controllability, returning waves and scattering without reverberation in 3D acoustic dynamic system",2026-09-03T08:36:19Z,2026-09-03T08:36:19Z,math-ph,math-ph,0,0,0,,,,,generic_physics,ctl_generic_action,ctl_generic_action:hamiltonian (abstract),https://arxiv.org/abs/2609.03536v1,https://arxiv.org/pdf/2609.03536v1
0.0,-0.35,low,1.0,True,True,2607.22138v2,Mitigating Capacitive Loading Enables Fast Two-Qubit Gates in Highly Connected Fluxonium Quantum Processors,2026-07-24T09:31:10Z,2026-09-03T08:32:52Z,quant-ph,quant-ph,0,0,0,,,,,orthogonal_physics,ctl_orthogonal_superconductivity,ctl_orthogonal_superconductivity:josephson junction (abstract),https://arxiv.org/abs/2607.22138v2,https://arxiv.org/pdf/2607.22138v2
0.0,-0.35,low,1.0,True,True,2506.05029v3,Complexity reduction of physical models: An equation-free approach by means of scaling,2025-06-05T13:39:29Z,2026-09-03T08:05:55Z,cond-mat.soft,cond-mat.soft,0,0,0,,,,,generic_physics,ctl_generic_statistics,ctl_generic_statistics:parameter estimation (abstract),https://arxiv.org/abs/2506.05029v3,https://arxiv.org/pdf/2506.05029v3
0.0,-0.35,low,1.0,False,True,2609.02475v2,Stringent limits on $C\!PT$- and Lorentz-invariance violation from $B_s^0$ meson decays,2026-09-02T11:46:16Z,2026-09-03T08:01:59Z,hep-ex,hep-ex,0,0,0,,,,,neighbor_topic,ctl_neighbor_standard_model,ctl_neighbor_standard_model:standard model (abstract),https://arxiv.org/abs/2609.02475v2,https://arxiv.org/pdf/2609.02475v2
0.0,-0.35,low,1.0,True,True,2601.12898v3,Emergent Gauge Flux and Spin Ordering in Magnetized Triangular Spin Liquids: Applications to Hofstadter-Hubbard Model,2026-01-19T09:51:42Z,2026-09-03T07:55:20Z,cond-mat.str-el,cond-mat.str-el; cond-mat.mes-hall; cond-mat.mtrl-sci,0,0,0,,,,,orthogonal_physics,ctl_orthogonal_magnetism,ctl_orthogonal_magnetism:antiferromagnet (abstract),https://arxiv.org/abs/2601.12898v3,https://arxiv.org/pdf/2601.12898v3
0.0,-0.35,low,1.0,False,True,2609.03479v1,Dependence of self-injected bunch parameters on the plasma density gradient and laser pulse amplitude at LWFA in a conical plasma channel,2026-09-03T07:36:51Z,2026-09-03T07:36:51Z,physics.plasm-ph,physics.plasm-ph; physics.acc-ph,0,0,0,,,,,generic_physics,ctl_generic_numerics,ctl_generic_numerics:numerical simulation (abstract),https://arxiv.org/abs/2609.03479v1,https://arxiv.org/pdf/2609.03479v1
0.0,-0.35,low,1.0,True,True,2502.04620v2,Fast-forwardability of Qubit-mapped Fermion models based on Cartan decomposition,2025-02-07T02:35:07Z,2026-09-03T07:30:00Z,quant-ph,quant-ph,0,0,0,,,,,generic_physics,ctl_generic_action,ctl_generic_action:hamiltonian (abstract),https://arxiv.org/abs/2502.04620v2,https://arxiv.org/pdf/2502.04620v2
0.0,-0.35,low,1.0,True,True,2512.17765v2,Proximity effect in gap-asymmetric superconducting bilayers and regularization of transition rates,2025-12-19T16:36:28Z,2026-09-03T07:15:54Z,cond-mat.supr-con,cond-mat.supr-con; cond-mat.mes-hall; quant-ph,0,0,0,,,,,orthogonal_physics,ctl_orthogonal_superconductivity,ctl_orthogonal_superconductivity:superconductor (abstract),https://arxiv.org/abs/2512.17765v2,https://arxiv.org/pdf/2512.17765v2
0.0,-0.35,low,1.0,False,True,2609.03440v1,Convolution absorbing boundaries for explicit-circuit quantum simulation of the wave equation,2026-09-03T06:51:11Z,2026-09-03T06:51:11Z,quant-ph,quant-ph,0,0,0,,,,,generic_physics,ctl_generic_action,ctl_generic_action:hamiltonian (abstract),https://arxiv.org/abs/2609.03440v1,https://arxiv.org/pdf/2609.03440v1
0.0,-0.35,low,1.0,True,True,2608.06636v2,Approaching the Fundamental Limit of Single-Shot Qubit Frequency Tracking with an Adiabatic Tangentially-Modulated Pulse,2026-08-06T23:05:36Z,2026-09-03T06:33:47Z,quant-ph,quant-ph,0,0,0,,,,,generic_physics,ctl_generic_numerics,ctl_generic_numerics:numerical simulation (abstract),https://arxiv.org/abs/2608.06636v2,https://arxiv.org/pdf/2608.06636v2
0.0,-0.35,low,1.0,False,True,2609.03421v1,Tunable topological enhancement of covariant quantum Fisher information via non-Bloch skin effect in non-Hermitian SSH lattices,2026-09-03T06:27:24Z,2026-09-03T06:27:24Z,quant-ph,quant-ph,0,0,0,,,,,generic_physics,ctl_generic_statistics,ctl_generic_statistics:parameter estimation (abstract),https://arxiv.org/abs/2609.03421v1,https://arxiv.org/pdf/2609.03421v1
0.0,-0.35,low,1.0,False,True,2609.03409v1,An interpretation-independent formulation of the measurement problem,2026-09-03T06:12:48Z,2026-09-03T06:12:48Z,quant-ph,quant-ph; hep-th; physics.hist-ph,0,0,0,,,,,neighbor_topic,ctl_neighbor_quantum_gravity,ctl_neighbor_quantum_gravity:quantum gravity (abstract),https://arxiv.org/abs/2609.03409v1,https://arxiv.org/pdf/2609.03409v1
0.0,-0.35,low,1.0,True,True,2407.04704v4,An operator algebraic characterization of the Riemannian vacuum Einstein equation in four dimensions,2024-05-01T07:17:37Z,2026-09-03T06:12:08Z,math-ph,math-ph; gr-qc; hep-th,0,0,0,,,,,neighbor_topic,ctl_neighbor_cosmology,ctl_neighbor_cosmology:cosmological constant (abstract),https://arxiv.org/abs/2407.04704v4,https://arxiv.org/pdf/2407.04704v4
0.0,-0.35,low,1.0,True,True,2604.17840v2,Rotation-induced Relaxation of Supernova Constraints on Axionlike Particles,2026-04-20T05:50:43Z,2026-09-03T06:01:39Z,astro-ph.HE,astro-ph.HE; hep-ph,0,0,0,,,,,neighbor_topic,ctl_neighbor_dark,ctl_neighbor_dark:axion (abstract),https://arxiv.org/abs/2604.17840v2,https://arxiv.org/pdf/2604.17840v2
0.0,-0.35,low,1.0,False,True,2609.03399v1,Exploring millicharged particles in laboratory and astrophysical strong-field regimes,2026-09-03T05:57:40Z,2026-09-03T05:57:40Z,hep-ph,hep-ph,0,0,0,,,,,neighbor_topic,ctl_neighbor_standard_model,ctl_neighbor_standard_model:standard model (abstract),https://arxiv.org/abs/2609.03399v1,https://arxiv.org/pdf/2609.03399v1
0.0,-0.35,low,1.0,True,True,2606.10141v4,Exceptional Points as Manifestations of Analyticity Breakdown in the 't Hooft Model,2026-06-08T20:17:29Z,2026-09-03T05:50:27Z,math-ph,math-ph; hep-th; quant-ph,0,0,0,,,,,neighbor_topic,ctl_neighbor_standard_model,ctl_neighbor_standard_model:qcd (abstract),https://arxiv.org/abs/2606.10141v4,https://arxiv.org/pdf/2606.10141v4
0.0,-0.35,low,1.0,True,False,2602.08216v3,Entropy-Generated Attention Beyond Softmax and Entmax: Kaniadakis and Reciprocal-Symmetric Abe Operators,2026-02-09T02:42:36Z,2026-09-03T05:47:16Z,cs.LG,cs.LG; cond-mat.stat-mech; stat.ML,0,0,0,,,,,generic_physics,ctl_generic_action,ctl_generic_action:lagrangian (abstract),https://arxiv.org/abs/2602.08216v3,https://arxiv.org/pdf/2602.08216v3
0.0,-0.35,low,1.0,False,True,2609.03389v1,Computing stable configurations of confined smectic liquid crystals with a deep variational framework,2026-09-03T05:45:22Z,2026-09-03T05:45:22Z,cond-mat.soft,cond-mat.soft; cs.LG,0,0,0,,,,,nonphysics_stem,ctl_nonphysics_ml,ctl_nonphysics_ml:neural network (abstract),https://arxiv.org/abs/2609.03389v1,https://arxiv.org/pdf/2609.03389v1
0.0,-0.35,low,1.0,False,True,2609.03388v1,Doping dependence of local moments in infinite layer nickelates,2026-09-03T05:44:40Z,2026-09-03T05:44:40Z,cond-mat.supr-con,cond-mat.supr-con,0,0,0,,,,,orthogonal_physics,ctl_orthogonal_superconductivity,ctl_orthogonal_superconductivity:superconductivity (abstract),https://arxiv.org/abs/2609.03388v1,https://arxiv.org/pdf/2609.03388v1
0.0,-0.35,low,1.0,True,True,2602.05664v3,Steady-state study of the nonequilibrium properties of SrVO$_3$,2026-02-05T13:48:45Z,2026-09-03T05:43:45Z,cond-mat.str-el,cond-mat.str-el,0,0,0,,,,,generic_physics,ctl_generic_numerics,ctl_generic_numerics:monte carlo (abstract),https://arxiv.org/abs/2602.05664v3,https://arxiv.org/pdf/2602.05664v3
0.0,-0.35,low,1.0,False,True,2609.03387v1,Cascade coalescence dynamically sustains bubble retention near gas-evolving surfaces,2026-09-03T05:42:08Z,2026-09-03T05:42:08Z,physics.flu-dyn,physics.flu-dyn; physics.chem-ph,0,0,0,,,,,generic_physics,ctl_generic_numerics,ctl_generic_numerics:numerical simulation (abstract),https://arxiv.org/abs/2609.03387v1,https://arxiv.org/pdf/2609.03387v1
0.0,-0.35,low,1.0,True,True,1112.1513v4,A Diagrammer's Note on Superconducting Fluctuation Transport for Beginners: I. Conductivity and Thermopower,2011-12-07T10:20:35Z,2026-09-03T05:32:05Z,cond-mat.supr-con,cond-mat.supr-con,0,0,0,,,,,orthogonal_physics,ctl_orthogonal_superconductivity,ctl_orthogonal_superconductivity:cooper pair (abstract),https://arxiv.org/abs/1112.1513v4,https://arxiv.org/pdf/1112.1513v4
0.0,-0.35,low,1.0,True,True,2511.07578v2,From Feedback-Free Star Clusters to Little Red Dots via Compaction,2025-11-10T19:46:30Z,2026-09-03T04:54:09Z,astro-ph.GA,astro-ph.GA,0,0,0,,,,,neighbor_topic,ctl_neighbor_black_hole,ctl_neighbor_black_hole:black hole (abstract),https://arxiv.org/abs/2511.07578v2,https://arxiv.org/pdf/2511.07578v2
0.0,-0.35,low,1.0,False,True,2609.03367v1,Evolution of Virial Clouds - II: From the Formation of First Stars up to their Explosion,2026-09-03T04:51:43Z,2026-09-03T04:51:43Z,astro-ph.GA,astro-ph.GA,0,0,0,,,,,neighbor_topic,ctl_neighbor_cosmology,ctl_neighbor_cosmology:cmb (abstract),https://arxiv.org/abs/2609.03367v1,https://arxiv.org/pdf/2609.03367v1
0.0,-0.35,low,1.0,False,True,2609.03354v1,Minute-Scale High-Fidelity Gyrokinetic Simulations with Portability from Laptop to Supercomputer,2026-09-03T04:23:39Z,2026-09-03T04:23:39Z,physics.plasm-ph,physics.plasm-ph,0,0,0,,,,,generic_physics,ctl_generic_numerics,ctl_generic_numerics:finite difference (abstract),https://arxiv.org/abs/2609.03354v1,https://arxiv.org/pdf/2609.03354v1
0.0,-0.35,low,1.0,False,True,2609.00916v2,Electric Dipole Moments in the CP-violating Generational Three-Higgs-Doublet Model,2026-09-01T08:44:14Z,2026-09-03T03:30:35Z,hep-ph,hep-ph,0,0,0,,,,,generic_physics,ctl_generic_perturbation,ctl_generic_perturbation:perturbation theory (abstract),https://arxiv.org/abs/2609.00916v2,https://arxiv.org/pdf/2609.00916v2
0.0,-0.35,low,1.0,False,True,2609.03317v1,Efficient Estimation of Reduced QAOA Expressibility on Acyclic Graphs,2026-09-03T03:12:50Z,2026-09-03T03:12:50Z,quant-ph,quant-ph,0,0,0,,,,,generic_physics,ctl_generic_symmetry,ctl_generic_symmetry:global symmetry (abstract),https://arxiv.org/abs/2609.03317v1,https://arxiv.org/pdf/2609.03317v1
0.0,-0.35,low,1.0,True,True,2511.01330v2,Analytical sensitivity curves of the second-generation time-delay interferometry,2025-11-03T08:30:29Z,2026-09-03T03:09:26Z,gr-qc,gr-qc; astro-ph.IM,0,0,0,,,,,generic_physics,ctl_generic_numerics,ctl_generic_numerics:monte carlo (abstract),https://arxiv.org/abs/2511.01330v2,https://arxiv.org/pdf/2511.01330v2
0.0,-0.35,low,1.0,False,True,2609.03314v1,Quantum Vacuum Nonlinearities in Laser Interferometers,2026-09-03T03:07:27Z,2026-09-03T03:07:27Z,quant-ph,quant-ph; hep-ph,0,0,0,,,,,neighbor_topic,ctl_neighbor_standard_model,ctl_neighbor_standard_model:standard model (abstract),https://arxiv.org/abs/2609.03314v1,https://arxiv.org/pdf/2609.03314v1
0.0,-0.35,low,1.0,True,False,2609.00594v2,"GW and Bethe-Salpeter Theory for Molecular Polaritons, Quasiparticles, and Excitons",2026-09-01T02:33:49Z,2026-09-03T02:54:17Z,cond-mat.mtrl-sci,cond-mat.mtrl-sci; cond-mat.str-el; physics.chem-ph; physics.comp-ph,0,0,0,,,,,generic_physics,ctl_generic_action,ctl_generic_action:hamiltonian (abstract),https://arxiv.org/abs/2609.00594v2,https://arxiv.org/pdf/2609.00594v2
0.0,-0.35,low,1.0,False,True,2609.03298v1,Bifurcations in the Heliosphere: Global-scale Coronal Pseudostreamer Evolution and the Creation of Secondary Heliospheric Current Sheets,2026-09-03T02:45:25Z,2026-09-03T02:45:25Z,astro-ph.SR,astro-ph.SR; physics.space-ph,0,0,0,,,,,orthogonal_physics,ctl_orthogonal_plasma,ctl_orthogonal_plasma:solar wind (abstract),https://arxiv.org/abs/2609.03298v1,https://arxiv.org/pdf/2609.03298v1
0.0,-0.35,low,1.0,False,True,2609.03274v1,Resolving the Magnetic Ground-State Controversy in RuO2 through A Flat Magnetic Energy Landscape,2026-09-03T02:05:04Z,2026-09-03T02:05:04Z,cond-mat.str-el,cond-mat.str-el,0,0,0,,,,,generic_physics,ctl_generic_numerics,ctl_generic_numerics:monte carlo (abstract),https://arxiv.org/abs/2609.03274v1,https://arxiv.org/pdf/2609.03274v1
0.0,-0.35,low,1.0,False,True,2609.03259v1,Nonlinear Reshaping of Gaussian Water Wave Packets,2026-09-03T01:35:08Z,2026-09-03T01:35:08Z,nlin.PS,nlin.PS; physics.flu-dyn,0,0,0,,,,,generic_physics,ctl_generic_numerics,ctl_generic_numerics:numerical simulation (abstract),https://arxiv.org/abs/2609.03259v1,https://arxiv.org/pdf/2609.03259v1
0.0,-0.35,low,1.0,True,False,2604.16013v2,A Diagrammatic Route to Multi-Reference GW for Strongly Correlated Molecules,2026-04-17T12:42:51Z,2026-09-03T00:47:31Z,physics.chem-ph,physics.chem-ph; cond-mat.str-el,0,0,0,,,,,generic_physics,ctl_generic_perturbation,ctl_generic_perturbation:perturbation theory (abstract),https://arxiv.org/abs/2604.16013v2,https://arxiv.org/pdf/2604.16013v2
0.0,-0.35,low,1.0,False,True,2609.03237v1,Non-extensive entropy signatures in compact star,2026-09-03T00:40:52Z,2026-09-03T00:40:52Z,gr-qc,gr-qc; astro-ph.HE,0,0,0,,,,,neighbor_topic,ctl_neighbor_black_hole,ctl_neighbor_black_hole:black-hole (abstract),https://arxiv.org/abs/2609.03237v1,https://arxiv.org/pdf/2609.03237v1
0.0,-0.35,low,1.0,True,True,2606.31926v2,A Suppressed Volumetric Rate of High-Luminosity Mid-Infrared Selected Tidal Disruption Events,2026-06-30T16:33:29Z,2026-09-02T23:35:18Z,astro-ph.HE,astro-ph.HE,0,0,0,,,,,neighbor_topic,ctl_neighbor_black_hole,ctl_neighbor_black_hole:black hole (abstract),https://arxiv.org/abs/2606.31926v2,https://arxiv.org/pdf/2606.31926v2
0.0,-0.35,low,1.0,False,True,2609.03204v1,Quark Mixing Model with Three Higgs Doublets and $S_3$ Modular Symmetry at $τ=i$,2026-09-02T22:38:27Z,2026-09-02T22:38:27Z,hep-ph,hep-ph,0,0,0,,,,,neighbor_topic,ctl_neighbor_standard_model,ctl_neighbor_standard_model:electroweak (abstract),https://arxiv.org/abs/2609.03204v1,https://arxiv.org/pdf/2609.03204v1
0.0,-0.35,low,1.0,True,True,2504.01179v3,Feshbach-Villars Formalism for a Spin-1/2 Particle in Curved Spacetime,2025-04-01T20:36:38Z,2026-09-02T22:28:57Z,hep-th,hep-th,0,0,0,,,,,generic_physics,ctl_generic_action,ctl_generic_action:hamiltonian (abstract),https://arxiv.org/abs/2504.01179v3,https://arxiv.org/pdf/2504.01179v3
0.0,-0.35,low,1.0,True,False,2607.21916v2,Estimating dynamic models by matching random features,2026-07-24T02:43:40Z,2026-09-02T22:28:40Z,stat.ME,stat.ME; math.ST; nlin.CD; physics.data-an,0,0,0,,,,,nonphysics_stem,ctl_nonphysics_ml,ctl_nonphysics_ml:neural network (abstract),https://arxiv.org/abs/2607.21916v2,https://arxiv.org/pdf/2607.21916v2
0.0,-0.35,low,1.0,False,True,2609.03197v1,Computational Algorithms for Invariant Reduction of Variational Forms,2026-09-02T22:26:45Z,2026-09-02T22:26:45Z,math-ph,math-ph; math.DG; nlin.SI,0,0,0,,,,,generic_physics,ctl_generic_action,ctl_generic_action:hamiltonian (abstract),https://arxiv.org/abs/2609.03197v1,https://arxiv.org/pdf/2609.03197v1
0.0,-0.35,low,1.0,False,True,2609.03193v1,Generative Nested Sampling of Atomistic Thermodynamic Landscapes,2026-09-02T22:21:10Z,2026-09-02T22:21:10Z,cond-mat.stat-mech,cond-mat.stat-mech; cs.LG; physics.comp-ph,0,0,0,,,,,neighbor_topic,ctl_neighbor_black_hole,ctl_neighbor_black_hole:black-hole (abstract),https://arxiv.org/abs/2609.03193v1,https://arxiv.org/pdf/2609.03193v1
0.0,-0.35,low,1.0,False,True,2609.03159v1,The Accretion Explorer Interferometer (AEI) Phase I NASA Innovative Advanced Concepts Final Report,2026-09-02T20:51:28Z,2026-09-02T20:51:28Z,astro-ph.IM,astro-ph.IM,0,0,0,,,,,neighbor_topic,ctl_neighbor_black_hole,ctl_neighbor_black_hole:black hole (abstract),https://arxiv.org/abs/2609.03159v1,https://arxiv.org/pdf/2609.03159v1
0.0,-0.35,low,1.0,False,True,2609.03126v1,Boundary-Value Problem in Type IIB Supergravity and Holography,2026-09-02T20:02:14Z,2026-09-02T20:02:14Z,hep-th,hep-th,0,0,0,,,,,generic_physics,ctl_generic_action,ctl_generic_action:variational principle (abstract),https://arxiv.org/abs/2609.03126v1,https://arxiv.org/pdf/2609.03126v1
0.0,-0.35,low,1.0,False,True,2609.03123v1,Death by mutants: unusual multicritical dynamics in a two-species model for absorbing state transitions,2026-09-02T20:00:41Z,2026-09-02T20:00:41Z,cond-mat.stat-mech,cond-mat.stat-mech,0,0,0,,,,,generic_physics,ctl_generic_perturbation,ctl_generic_perturbation:perturbation theory (abstract),https://arxiv.org/abs/2609.03123v1,https://arxiv.org/pdf/2609.03123v1
0.0,-0.35,low,1.0,True,True,2508.00052v2,Learning shadows to predict quantum ground state correlations,2025-07-31T18:00:00Z,2026-09-02T19:53:28Z,quant-ph,quant-ph; physics.comp-ph,0,0,0,,,,,generic_physics,ctl_generic_action,ctl_generic_action:hamiltonian (abstract),https://arxiv.org/abs/2508.00052v2,https://arxiv.org/pdf/2508.00052v2
0.0,-0.35,low,1.0,False,False,2609.03112v1,Poissonian pair correlations for the three-particle Sutherland model,2026-09-02T19:48:29Z,2026-09-02T19:48:29Z,math.NT,math.NT; math-ph,0,0,0,,,,,generic_physics,ctl_generic_action,ctl_generic_action:hamiltonian (abstract),https://arxiv.org/abs/2609.03112v1,https://arxiv.org/pdf/2609.03112v1
0.0,-0.35,low,1.0,False,True,2609.03111v1,Large deviations for linear regressions,2026-09-02T19:47:10Z,2026-09-02T19:47:10Z,cond-mat.stat-mech,cond-mat.stat-mech,0,0,0,,,,,generic_physics,ctl_generic_numerics,ctl_generic_numerics:numerical simulation (abstract),https://arxiv.org/abs/2609.03111v1,https://arxiv.org/pdf/2609.03111v1
0.0,-0.35,low,1.0,False,True,2609.03097v1,Optimal control theory for measured quantum Schrödinger bridges,2026-09-02T19:13:38Z,2026-09-02T19:13:38Z,quant-ph,quant-ph; cond-mat.stat-mech,0,0,0,,,,,generic_physics,ctl_generic_action,ctl_generic_action:hamiltonian (abstract),https://arxiv.org/abs/2609.03097v1,https://arxiv.org/pdf/2609.03097v1
0.0,-0.35,low,1.0,True,True,2510.10394v3,Phase-preserving steady-state operations beyond Lindblad,2025-10-12T01:19:37Z,2026-09-02T18:57:27Z,quant-ph,quant-ph,0,0,0,,,,,generic_physics,ctl_generic_action,ctl_generic_action:hamiltonian (abstract),https://arxiv.org/abs/2510.10394v3,https://arxiv.org/pdf/2510.10394v3
0.0,-0.35,low,1.0,False,True,2609.03072v1,Energy-Energy Correlators in $Z$-Tagged Jets in $pp$ Collisions,2026-09-02T18:42:22Z,2026-09-02T18:42:22Z,hep-ph,hep-ph; hep-ex,0,0,0,,,,,generic_physics,ctl_generic_perturbation,ctl_generic_perturbation:perturbative (abstract),https://arxiv.org/abs/2609.03072v1,https://arxiv.org/pdf/2609.03072v1
0.0,-0.35,low,1.0,False,True,2609.03034v1,"Estimating the asymptotics of integer partitions in intermediate dimensions ($d = 3,4,5,6$)",2026-09-02T18:05:55Z,2026-09-02T18:05:55Z,math-ph,math-ph; cond-mat.stat-mech; hep-th; math.CO,0,0,0,,,,,generic_physics,ctl_generic_numerics,ctl_generic_numerics:monte carlo (abstract),https://arxiv.org/abs/2609.03034v1,https://arxiv.org/pdf/2609.03034v1
0.0,-0.35,low,1.0,True,True,2607.04706v2,New insights on mutual information in the island approach to the Page curve,2026-07-06T06:16:34Z,2026-09-02T18:03:54Z,hep-th,hep-th,0,0,0,,,,,neighbor_topic,ctl_neighbor_black_hole,ctl_neighbor_black_hole:black hole (abstract),https://arxiv.org/abs/2607.04706v2,https://arxiv.org/pdf/2607.04706v2
0.0,-0.35,low,1.0,True,True,2607.15274v2,Single-component twisted $\mathbb{Z}_3$ orthogonal metal in an $e/3$-anyon fluid,2026-07-16T17:59:03Z,2026-09-02T18:03:42Z,cond-mat.str-el,cond-mat.str-el,0,0,0,,,,,orthogonal_physics,ctl_orthogonal_superconductivity,ctl_orthogonal_superconductivity:superconductivity (abstract),https://arxiv.org/abs/2607.15274v2,https://arxiv.org/pdf/2607.15274v2
0.0,-0.35,low,1.0,False,True,2609.03011v1,Unlocking the QPE Mystery: Star-Disk Collisions in Realistic AGN Disks,2026-09-02T18:00:02Z,2026-09-02T18:00:02Z,astro-ph.HE,astro-ph.HE,0,0,0,,,,,neighbor_topic,ctl_neighbor_black_hole,ctl_neighbor_black_hole:black hole (abstract),https://arxiv.org/abs/2609.03011v1,https://arxiv.org/pdf/2609.03011v1
0.0,-0.35,low,1.0,False,True,2609.02874v1,Radiative and Dalitz decays of $Υ(1S)$ in the light of the ATOMKI X17 anomaly,2026-09-02T17:55:12Z,2026-09-02T17:55:12Z,hep-ph,hep-ph; hep-ex; nucl-ex,0,0,0,,,,,neighbor_topic,ctl_neighbor_standard_model,ctl_neighbor_standard_model:standard model (abstract),https://arxiv.org/abs/2609.02874v1,https://arxiv.org/pdf/2609.02874v1
0.0,-0.35,low,1.0,False,False,2609.02844v1,Inverse scattering method for nonlinear negative first order coupled Klein-Gordon equation,2026-09-02T17:29:01Z,2026-09-02T17:29:01Z,nlin.SI,nlin.SI; math-ph; math.AP; math.SP,0,0,0,,,,,generic_physics,ctl_generic_action,ctl_generic_action:hamiltonian (abstract),https://arxiv.org/abs/2609.02844v1,https://arxiv.org/pdf/2609.02844v1
0.0,-0.35,low,1.0,False,True,2609.02840v1,On the equivalence of left-hand-cut and three-body formalisms,2026-09-02T17:22:30Z,2026-09-02T17:22:30Z,hep-lat,hep-lat; nucl-th,0,0,0,,,,,neighbor_topic,ctl_neighbor_standard_model,ctl_neighbor_standard_model:qcd (abstract),https://arxiv.org/abs/2609.02840v1,https://arxiv.org/pdf/2609.02840v1
0.0,-0.35,low,1.0,True,True,2604.04254v2,Importance of unitarity in the search for heavy neutrinos in $e^+ e^- \to W^+ W^-$,2026-04-05T20:18:57Z,2026-09-02T16:33:04Z,hep-ph,hep-ph; hep-ex,0,0,0,,,,,neighbor_topic,ctl_neighbor_neutrino,ctl_neighbor_neutrino:neutrino mixing (abstract),https://arxiv.org/abs/2604.04254v2,https://arxiv.org/pdf/2604.04254v2
0.0,-0.35,low,1.0,True,True,2605.15797v2,A fluid dual to the charged large D membrane paradigm,2026-05-15T09:54:08Z,2026-09-02T16:28:02Z,hep-th,hep-th,0,0,0,,,,,neighbor_topic,ctl_neighbor_black_hole,ctl_neighbor_black_hole:black hole (abstract),https://arxiv.org/abs/2605.15797v2,https://arxiv.org/pdf/2605.15797v2
0.0,-0.35,low,1.0,True,True,2601.23043v4,Dicke superposition probes for noise-resilient Heisenberg and super-Heisenberg Metrology,2026-01-30T14:51:10Z,2026-09-02T16:26:51Z,quant-ph,quant-ph,0,0,0,,,,,generic_physics,ctl_generic_action,ctl_generic_action:hamiltonian (abstract),https://arxiv.org/abs/2601.23043v4,https://arxiv.org/pdf/2601.23043v4
0.0,-0.35,low,1.0,False,True,2609.02762v1,Relating solute interactions to interfacial properties,2026-09-02T16:02:19Z,2026-09-02T16:02:19Z,cond-mat.soft,cond-mat.soft; physics.chem-ph,0,0,0,,,,,generic_physics,ctl_generic_perturbation,ctl_generic_perturbation:perturbation theory (abstract),https://arxiv.org/abs/2609.02762v1,https://arxiv.org/pdf/2609.02762v1
0.0,-0.35,low,1.0,False,True,2609.02752v1,Double Parton Distributions in the nucleon: Lattice parameter dependence,2026-09-02T15:52:03Z,2026-09-02T15:52:03Z,hep-lat,hep-lat,0,0,0,,,,,neighbor_topic,ctl_neighbor_standard_model,ctl_neighbor_standard_model:standard model (abstract),https://arxiv.org/abs/2609.02752v1,https://arxiv.org/pdf/2609.02752v1
0.0,-0.35,low,1.0,False,True,2609.02725v1,Effective quasiparticle conserving Lindbladians in the thermodynamic limit,2026-09-02T15:34:15Z,2026-09-02T15:34:15Z,quant-ph,quant-ph; cond-mat.str-el,0,0,0,,,,,generic_physics,ctl_generic_perturbation,ctl_generic_perturbation:perturbative (abstract),https://arxiv.org/abs/2609.02725v1,https://arxiv.org/pdf/2609.02725v1
0.0,-0.35,low,1.0,True,True,2603.15495v4,An energy-based uncertainty principle and low-energy state preparation,2026-03-16T16:22:42Z,2026-09-02T15:08:10Z,quant-ph,quant-ph,0,0,0,,,,,generic_physics,ctl_generic_action,ctl_generic_action:hamiltonian (abstract),https://arxiv.org/abs/2603.15495v4,https://arxiv.org/pdf/2603.15495v4
0.0,-0.35,low,1.0,False,True,2609.02655v1,Relativistic stellar collapse of initially static configurations,2026-09-02T14:30:30Z,2026-09-02T14:30:30Z,gr-qc,gr-qc,0,0,0,,,,,neighbor_topic,ctl_neighbor_cosmology,ctl_neighbor_cosmology:cosmological constant (abstract),https://arxiv.org/abs/2609.02655v1,https://arxiv.org/pdf/2609.02655v1
0.0,-0.35,low,1.0,False,True,2609.02619v1,Vortex promoters in MHD duct flow,2026-09-02T13:59:04Z,2026-09-02T13:59:04Z,physics.flu-dyn,physics.flu-dyn,0,0,0,,,,,generic_physics,ctl_generic_numerics,ctl_generic_numerics:numerical simulation (abstract),https://arxiv.org/abs/2609.02619v1,https://arxiv.org/pdf/2609.02619v1
0.0,-0.35,low,1.0,True,False,2607.07488v2,Stability-threshold control of helicity-selective antiferromagnetic resonance,2026-07-08T14:49:29Z,2026-09-02T13:59:01Z,cond-mat.mtrl-sci,cond-mat.mtrl-sci; cond-mat.mes-hall,0,0,0,,,,,orthogonal_physics,ctl_orthogonal_magnetism,ctl_orthogonal_magnetism:antiferromagnet (abstract),https://arxiv.org/abs/2607.07488v2,https://arxiv.org/pdf/2607.07488v2
0.0,-0.35,low,1.0,True,True,2409.04623v2,Gravitational Baryogenesis in Energy-Momentum Squared~Gravity,2024-09-06T21:14:13Z,2026-09-02T13:48:57Z,gr-qc,gr-qc; astro-ph.HE; hep-th,0,0,0,,,,,neighbor_topic,ctl_neighbor_neutrino,ctl_neighbor_neutrino:neutrino mass (abstract),https://arxiv.org/abs/2409.04623v2,https://arxiv.org/pdf/2409.04623v2
0.0,-0.35,low,1.0,True,True,2512.02177v2,$S^5$: Tidal Disruption in Crater 2 and Formation of Diffuse Dwarf Galaxies in the Local Group,2025-12-01T20:17:23Z,2026-09-02T13:18:16Z,astro-ph.GA,astro-ph.GA,0,0,0,,,,,neighbor_topic,ctl_neighbor_dark,ctl_neighbor_dark:dark matter (abstract),https://arxiv.org/abs/2512.02177v2,https://arxiv.org/pdf/2512.02177v2
0.0,-0.35,low,1.0,False,True,2609.02567v1,Direct Observation of the Zigzag Edge States of a Supramolecular Diatomic Kagome Lattice,2026-09-02T13:17:24Z,2026-09-02T13:17:24Z,cond-mat.mes-hall,cond-mat.mes-hall; cond-mat.mtrl-sci,0,0,0,,,,,orthogonal_physics,ctl_orthogonal_materials,ctl_orthogonal_materials:graphene (abstract),https://arxiv.org/abs/2609.02567v1,https://arxiv.org/pdf/2609.02567v1
0.0,-0.35,low,1.0,False,True,2609.01347v2,Reconstruction of anomalous air showers with SKA-Low,2026-09-01T14:55:41Z,2026-09-02T13:16:27Z,astro-ph.HE,astro-ph.HE; astro-ph.IM,0,0,0,,,,,generic_physics,ctl_generic_numerics,ctl_generic_numerics:monte carlo (abstract),https://arxiv.org/abs/2609.01347v2,https://arxiv.org/pdf/2609.01347v2
0.0,-0.35,low,1.0,False,False,2609.02982v1,Equation Recast for Canonical Operator Learning Across Parametric PDEs,2026-09-02T13:15:50Z,2026-09-02T13:15:50Z,cs.LG,cs.LG; physics.comp-ph; physics.plasm-ph,0,0,0,,,,,orthogonal_physics,ctl_orthogonal_plasma,ctl_orthogonal_plasma:tokamak (abstract),https://arxiv.org/abs/2609.02982v1,https://arxiv.org/pdf/2609.02982v1
0.0,-0.35,low,1.0,True,True,2606.24706v2,IAU Symposium 405: Traversing the Galactic Center in Space and Time,2026-06-23T15:31:38Z,2026-09-02T13:04:11Z,astro-ph.GA,astro-ph.GA; astro-ph.HE,0,0,0,,,,,neighbor_topic,ctl_neighbor_black_hole,ctl_neighbor_black_hole:black hole (abstract),https://arxiv.org/abs/2606.24706v2,https://arxiv.org/pdf/2606.24706v2
0.0,-0.35,low,1.0,False,True,2609.02539v1,Bimaterial Eshelby's inclusion problem for polyhedra,2026-09-02T12:51:51Z,2026-09-02T12:51:51Z,math-ph,math-ph,0,0,0,,,,,generic_physics,ctl_generic_numerics,ctl_generic_numerics:finite element (abstract),https://arxiv.org/abs/2609.02539v1,https://arxiv.org/pdf/2609.02539v1
0.0,-0.35,low,1.0,True,True,2607.16041v2,"$P_{c}(4312)$, $P_{c}(4440)$, and $P_{c}(4457)$ productions in $e^{+} e^{-}$ collisions",2026-07-17T15:16:04Z,2026-09-02T12:47:22Z,hep-ph,hep-ph,0,0,0,,,,,generic_physics,ctl_generic_action,ctl_generic_action:lagrangian (abstract),https://arxiv.org/abs/2607.16041v2,https://arxiv.org/pdf/2607.16041v2
0.0,-0.35,low,1.0,False,True,2609.02533v1,Stars as triggers of interstellar gas entrainment in relativistic jets,2026-09-02T12:43:47Z,2026-09-02T12:43:47Z,astro-ph.HE,astro-ph.HE; astro-ph.GA,0,0,0,,,,,nonphysics_stem,ctl_nonphysics_chem,ctl_nonphysics_chem:catalyst (abstract),https://arxiv.org/abs/2609.02533v1,https://arxiv.org/pdf/2609.02533v1
0.0,-0.35,low,1.0,True,True,2603.01139v2,Multi-channel phase space with Feynman-diagram-gauge amplitudes,2026-03-01T15:03:32Z,2026-09-02T12:36:27Z,hep-ph,hep-ph; physics.comp-ph,0,0,0,,,,,neighbor_topic,ctl_neighbor_standard_model,ctl_neighbor_standard_model:qcd (abstract),https://arxiv.org/abs/2603.01139v2,https://arxiv.org/pdf/2603.01139v2
0.0,-0.35,low,1.0,True,True,2608.30813v2,Supermoiré Reconstruction and Topological Mosaics in Twisted Trilayer WSe$_2$ and MoTe$_2$,2026-08-31T13:59:12Z,2026-09-02T12:29:14Z,cond-mat.mes-hall,cond-mat.mes-hall,0,0,0,,,,,orthogonal_physics,ctl_orthogonal_materials,ctl_orthogonal_materials:graphene (abstract),https://arxiv.org/abs/2608.30813v2,https://arxiv.org/pdf/2608.30813v2
0.0,-0.35,low,1.0,False,True,2609.02522v1,Probing Criticality Using GMM-Based Potentials,2026-09-02T12:28:23Z,2026-09-02T12:28:23Z,hep-lat,hep-lat; hep-th,0,0,0,,,,,generic_physics,ctl_generic_symmetry,ctl_generic_symmetry:symmetry breaking (abstract),https://arxiv.org/abs/2609.02522v1,https://arxiv.org/pdf/2609.02522v1
0.0,-0.35,low,1.0,False,True,2609.02515v1,Numerical Investigation of Mach 10 Kerosene-Fueled Oblique Detonation Waves at Different Flight Altitudes,2026-09-02T12:18:53Z,2026-09-02T12:18:53Z,physics.flu-dyn,physics.flu-dyn,0,0,0,,,,,generic_physics,ctl_generic_numerics,ctl_generic_numerics:numerical simulation (abstract),https://arxiv.org/abs/2609.02515v1,https://arxiv.org/pdf/2609.02515v1
0.0,-0.35,low,1.0,False,True,2609.02506v1,Disorder-driven competing magnetic interactions and glassy magnetic behavior in quaternary Heusler alloy FeRuMnGe,2026-09-02T12:12:05Z,2026-09-02T12:12:05Z,cond-mat.str-el,cond-mat.str-el,0,0,0,,,,,orthogonal_physics,ctl_orthogonal_materials,ctl_orthogonal_materials:electronic structure (abstract),https://arxiv.org/abs/2609.02506v1,https://arxiv.org/pdf/2609.02506v1
0.0,-0.35,low,1.0,False,False,2609.02492v1,'pySNOW': a Python Suite for the NanO-World,2026-09-02T12:01:19Z,2026-09-02T12:01:19Z,cond-mat.mtrl-sci,cond-mat.mtrl-sci; cond-mat.mes-hall,0,0,0,,,,,generic_physics,ctl_generic_numerics,ctl_generic_numerics:numerical simulation (abstract),https://arxiv.org/abs/2609.02492v1,https://arxiv.org/pdf/2609.02492v1
0.0,-0.35,low,1.0,False,True,2609.02488v1,"Precise spectral asymptotics, exponential localization, and spectral gap estimates for the three-boson lattice Schrödinger operator",2026-09-02T11:57:11Z,2026-09-02T11:57:11Z,math-ph,math-ph; cond-mat.quant-gas; math.SP; quant-ph,0,0,0,,,,,orthogonal_physics,ctl_orthogonal_atomic,ctl_orthogonal_atomic:optical lattice (abstract),https://arxiv.org/abs/2609.02488v1,https://arxiv.org/pdf/2609.02488v1
0.0,-0.35,low,1.0,True,True,2607.14627v2,Relativistic Tidal Transitions of Saturated Kerr Boson Clouds,2026-07-16T06:45:07Z,2026-09-02T11:53:41Z,astro-ph.GA,astro-ph.GA; gr-qc; hep-ph,0,0,0,,,,,neighbor_topic,ctl_neighbor_black_hole,ctl_neighbor_black_hole:black hole (abstract),https://arxiv.org/abs/2607.14627v2,https://arxiv.org/pdf/2607.14627v2
0.0,-0.35,low,1.0,False,True,2609.02483v1,Lepton-flavor violation and muon $(g-2)$ in the flavor-dependent $U(1)_F$ model,2026-09-02T11:51:54Z,2026-09-02T11:51:54Z,hep-ph,hep-ph,0,0,0,,,,,neighbor_topic,ctl_neighbor_standard_model,ctl_neighbor_standard_model:standard model (abstract),https://arxiv.org/abs/2609.02483v1,https://arxiv.org/pdf/2609.02483v1
0.0,-0.35,low,1.0,True,True,2606.21555v2,A thermodynamic uncertainty relation for (hybrid) N--S coherent conductors,2026-06-19T15:55:06Z,2026-09-02T11:42:03Z,cond-mat.mes-hall,cond-mat.mes-hall,0,0,0,,,,,orthogonal_physics,ctl_orthogonal_superconductivity,ctl_orthogonal_superconductivity:superconducting gap (abstract),https://arxiv.org/abs/2606.21555v2,https://arxiv.org/pdf/2606.21555v2
0.0,-0.35,low,1.0,True,True,2510.05905v3,Robust Non-Adiabatic Holonomic Gating in Qutrits via Inverse-Engineered Pulse Shaping and Error Compensation,2025-10-07T13:17:21Z,2026-09-02T11:33:30Z,quant-ph,quant-ph,0,0,0,,,,,generic_physics,ctl_generic_perturbation,ctl_generic_perturbation:perturbative (abstract),https://arxiv.org/abs/2510.05905v3,https://arxiv.org/pdf/2510.05905v3
0.0,-0.35,low,1.0,False,True,2609.02437v1,An Infinite Family of Non-Rational VOAs from Strongly Coupled 4d Higgsless SCFTs,2026-09-02T11:01:01Z,2026-09-02T11:01:01Z,hep-th,hep-th; math-ph,0,0,0,,,,,neighbor_topic,ctl_neighbor_standard_model,ctl_neighbor_standard_model:yang-mills (abstract),https://arxiv.org/abs/2609.02437v1,https://arxiv.org/pdf/2609.02437v1
0.0,-0.35,low,1.0,False,True,2609.02419v1,An active Lorentz gas: walking droplets in periodic media,2026-09-02T10:39:09Z,2026-09-02T10:39:09Z,nlin.CD,nlin.CD,0,0,0,,,,,generic_physics,ctl_generic_numerics,ctl_generic_numerics:numerical simulation (abstract),https://arxiv.org/abs/2609.02419v1,https://arxiv.org/pdf/2609.02419v1
0.0,-0.35,low,1.0,False,False,2609.02407v1,Super $K$-theory and group completion,2026-09-02T10:22:09Z,2026-09-02T10:22:09Z,math.KT,math.KT; math.AT; math.OA,0,0,0,,,,,mathematical_context,ctl_math_category_geometry,ctl_math_category_geometry:morita equivalence (abstract),https://arxiv.org/abs/2609.02407v1,https://arxiv.org/pdf/2609.02407v1
0.0,-0.35,low,1.0,True,True,2503.20942v5,Quantum Max d-Cut via qudit swap operators,2025-03-26T19:30:17Z,2026-09-02T09:51:59Z,quant-ph,quant-ph; math.RA,0,0,0,,,,,generic_physics,ctl_generic_action,ctl_generic_action:hamiltonian (abstract),https://arxiv.org/abs/2503.20942v5,https://arxiv.org/pdf/2503.20942v5
0.0,-0.35,low,1.0,False,True,2609.02374v1,Static and breathing dynamics of optical bullets in nonlinear GRIN fibers,2026-09-02T09:45:45Z,2026-09-02T09:45:45Z,physics.optics,physics.optics,0,0,0,,,,,generic_physics,ctl_generic_numerics,ctl_generic_numerics:numerical simulation (abstract),https://arxiv.org/abs/2609.02374v1,https://arxiv.org/pdf/2609.02374v1
0.0,-0.35,low,1.0,False,False,2609.02373v1,Percolation Dynamics in Optimization : Variance Cascades and Discrete Scale Invariance,2026-09-02T09:44:47Z,2026-09-02T09:44:47Z,cs.LG,cs.LG; cond-mat.dis-nn; cond-mat.stat-mech; cs.AI,0,0,0,,,,,nonphysics_stem,ctl_nonphysics_ml,ctl_nonphysics_ml:neural network (abstract),https://arxiv.org/abs/2609.02373v1,https://arxiv.org/pdf/2609.02373v1
0.0,-0.35,low,1.0,False,True,2609.02300v1,Residues on Permanent Pinches: Finite Integrals and Leading Divergences,2026-09-02T08:45:35Z,2026-09-02T08:45:35Z,hep-th,hep-th; hep-ph,0,0,0,,,,,generic_physics,ctl_generic_perturbation,ctl_generic_perturbation:two-loop (abstract),https://arxiv.org/abs/2609.02300v1,https://arxiv.org/pdf/2609.02300v1
0.0,-0.35,low,1.0,False,True,2609.02298v1,Mechanism-Resolved Interface Momentum Transfer in Immersed-Boundary Lattice Boltzmann Simulations,2026-09-02T08:44:17Z,2026-09-02T08:44:17Z,physics.flu-dyn,physics.flu-dyn; physics.comp-ph,0,0,0,,,,,generic_physics,ctl_generic_action,ctl_generic_action:lagrangian (abstract),https://arxiv.org/abs/2609.02298v1,https://arxiv.org/pdf/2609.02298v1
0.0,-0.35,low,1.0,True,True,2603.13819v3,Electromagnetic structure of Bc and heavy quarkonia in the light-front quark model,2026-03-14T08:04:07Z,2026-09-02T08:17:57Z,hep-ph,hep-ph; nucl-th,0,0,0,,,,,neighbor_topic,ctl_neighbor_standard_model,ctl_neighbor_standard_model:qcd (abstract),https://arxiv.org/abs/2603.13819v3,https://arxiv.org/pdf/2603.13819v3
0.0,-0.35,low,1.0,True,True,2606.30762v3,Athermality of generalized Gibbs ensembles,2026-06-29T18:01:23Z,2026-09-02T08:16:03Z,cond-mat.stat-mech,cond-mat.stat-mech; quant-ph,0,0,0,,,,,generic_physics,ctl_generic_action,ctl_generic_action:hamiltonian (abstract),https://arxiv.org/abs/2606.30762v3,https://arxiv.org/pdf/2606.30762v3
0.0,-0.35,low,1.0,True,True,2604.26263v3,qSHIFT: An Adaptive Sampling Protocol for Higher-Order Quantum Simulation,2026-04-29T03:47:21Z,2026-09-02T07:45:16Z,quant-ph,quant-ph,0,0,0,,,,,generic_physics,ctl_generic_action,ctl_generic_action:hamiltonian (abstract),https://arxiv.org/abs/2604.26263v3,https://arxiv.org/pdf/2604.26263v3
0.0,-0.35,low,1.0,True,True,2608.28765v2,Comment on `Measuring the Hubble Constant Using Strongly Lensed Gravitational Wave Signals',2026-08-28T18:10:57Z,2026-09-02T07:36:05Z,astro-ph.CO,astro-ph.CO,0,0,0,,,,,generic_physics,ctl_generic_statistics,ctl_generic_statistics:parameter estimation (abstract),https://arxiv.org/abs/2608.28765v2,https://arxiv.org/pdf/2608.28765v2
0.0,-0.35,low,1.0,True,True,2506.09011v2,Eigenstate Thermalization Hypothesis and Random Matrix Theory Universality in Few-Body Systems,2025-06-10T17:41:08Z,2026-09-02T07:26:30Z,cond-mat.stat-mech,cond-mat.stat-mech; nlin.CD,0,0,0,,,,,generic_physics,ctl_generic_numerics,ctl_generic_numerics:numerical simulation (abstract),https://arxiv.org/abs/2506.09011v2,https://arxiv.org/pdf/2506.09011v2
0.0,-0.35,low,1.0,True,True,2406.05991v3,Investigating the Molecular Nature of $Λ_b(6146)$ and $Λ_b(6152)$ via Strong Decays and Predicting Their Heavy-Quark Symmetry Partners,2024-06-10T03:10:31Z,2026-09-02T07:26:25Z,hep-ph,hep-ph,0,0,0,,,,,generic_physics,ctl_generic_action,ctl_generic_action:lagrangian (abstract),https://arxiv.org/abs/2406.05991v3,https://arxiv.org/pdf/2406.05991v3
0.0,-0.35,low,1.0,False,True,2609.02211v1,"The relationship between solar and stellar tachoclines, dynamos, and spin-down",2026-09-02T07:23:01Z,2026-09-02T07:23:01Z,astro-ph.SR,astro-ph.SR,0,0,0,,,,,orthogonal_physics,ctl_orthogonal_plasma,ctl_orthogonal_plasma:magnetohydrodynamic (abstract),https://arxiv.org/abs/2609.02211v1,https://arxiv.org/pdf/2609.02211v1
0.0,-0.35,low,1.0,False,False,2609.02201v1,Trypanosome motility in blood and particle suspensions,2026-09-02T07:09:27Z,2026-09-02T07:09:27Z,physics.bio-ph,physics.bio-ph; cond-mat.soft,0,0,0,,,,,generic_physics,ctl_generic_numerics,ctl_generic_numerics:numerical simulation (abstract),https://arxiv.org/abs/2609.02201v1,https://arxiv.org/pdf/2609.02201v1
0.0,-0.35,low,1.0,False,True,2609.02186v1,Quantum MeanFlow: single-shot generative sampling on NISQ hardware,2026-09-02T06:49:45Z,2026-09-02T06:49:45Z,quant-ph,quant-ph; cs.LG,0,0,0,,,,,nonphysics_stem,ctl_nonphysics_ml,ctl_nonphysics_ml:machine learning (abstract),https://arxiv.org/abs/2609.02186v1,https://arxiv.org/pdf/2609.02186v1
0.0,-0.35,low,1.0,True,True,2506.11552v3,Learning Encodings by Maximizing State Distinguishability: Variational Quantum Error Correction,2025-06-13T08:02:37Z,2026-09-02T06:44:44Z,quant-ph,quant-ph; cs.LG,0,0,0,,,,,nonphysics_stem,ctl_nonphysics_ml,ctl_nonphysics_ml:machine learning (abstract),https://arxiv.org/abs/2506.11552v3,https://arxiv.org/pdf/2506.11552v3
0.0,-0.35,low,1.0,True,True,2603.03874v2,Leptogenesis from the Dirac CP-violating phase in the minimal left-right symmetric model,2026-03-04T09:27:10Z,2026-09-02T06:43:11Z,hep-ph,hep-ph,0,0,0,,,,,neighbor_topic,ctl_neighbor_neutrino,ctl_neighbor_neutrino:neutrino mass (abstract),https://arxiv.org/abs/2603.03874v2,https://arxiv.org/pdf/2603.03874v2
0.0,-0.35,low,1.0,False,True,2609.02161v1,Multidimensional Light Detection with Symmetry-engineered Heterojunctions,2026-09-02T06:22:21Z,2026-09-02T06:22:21Z,physics.optics,physics.optics; cond-mat.mtrl-sci; physics.app-ph,0,0,0,,,,,generic_physics,ctl_generic_symmetry,ctl_generic_symmetry:symmetry breaking (abstract),https://arxiv.org/abs/2609.02161v1,https://arxiv.org/pdf/2609.02161v1
0.0,-0.35,low,1.0,False,True,2609.02139v1,A variational quantum eigensolver-based cutting plane framework for semidefinite programming problems,2026-09-02T05:49:11Z,2026-09-02T05:49:11Z,quant-ph,quant-ph; math.OC,0,0,0,,,,,nonphysics_stem,ctl_nonphysics_ml,ctl_nonphysics_ml:machine learning (abstract),https://arxiv.org/abs/2609.02139v1,https://arxiv.org/pdf/2609.02139v1
0.0,-0.35,low,1.0,False,True,2609.01393v2,Cell size and confinement drive asymmetric cell division through a cortical instability,2026-09-01T15:20:39Z,2026-09-02T05:41:28Z,cond-mat.soft,cond-mat.soft; physics.bio-ph,0,0,0,,,,,generic_physics,ctl_generic_symmetry,ctl_generic_symmetry:symmetry breaking (abstract),https://arxiv.org/abs/2609.01393v2,https://arxiv.org/pdf/2609.01393v2
0.0,-0.35,low,1.0,True,True,2602.11900v2,The total geodesic curvature and the $(2+1)$-dimensional hyperbolic mass,2026-02-12T12:55:32Z,2026-09-02T05:12:11Z,math.DG,math.DG; gr-qc,0,0,0,,,,,neighbor_topic,ctl_neighbor_black_hole,ctl_neighbor_black_hole:black hole (abstract),https://arxiv.org/abs/2602.11900v2,https://arxiv.org/pdf/2602.11900v2
0.0,-0.35,low,1.0,False,True,2609.02113v1,Logarithmic-scale variational quantum eigensolver for off-lattice protein structure prediction in continuous torsional angle space,2026-09-02T05:05:46Z,2026-09-02T05:05:46Z,quant-ph,quant-ph; physics.chem-ph,0,0,0,,,,,generic_physics,ctl_generic_action,ctl_generic_action:hamiltonian (abstract),https://arxiv.org/abs/2609.02113v1,https://arxiv.org/pdf/2609.02113v1
0.0,-0.35,low,1.0,False,True,2609.02099v1,Laser-induced phase shift of swift electrons,2026-09-02T04:38:10Z,2026-09-02T04:38:10Z,physics.optics,physics.optics; quant-ph,0,0,0,,,,,generic_physics,ctl_generic_perturbation,ctl_generic_perturbation:perturbation theory (abstract),https://arxiv.org/abs/2609.02099v1,https://arxiv.org/pdf/2609.02099v1
0.0,-0.35,low,1.0,True,True,2601.20095v4,First-Hitting Location Laws as Boundary Observables of Drift-Diffusion Processes,2026-01-27T22:27:42Z,2026-09-02T04:32:37Z,cond-mat.stat-mech,cond-mat.stat-mech; math-ph,0,0,0,,,,,generic_physics,ctl_generic_numerics,ctl_generic_numerics:monte carlo (abstract),https://arxiv.org/abs/2601.20095v4,https://arxiv.org/pdf/2601.20095v4
0.0,-0.35,low,1.0,False,True,2609.02957v1,Decoherence-controlled collective criticality in a two-dimensional quantum Stag Hunt,2026-09-02T04:20:17Z,2026-09-02T04:20:17Z,cond-mat.stat-mech,cond-mat.stat-mech; math-ph; physics.comp-ph; quant-ph,0,0,0,,,,,generic_physics,ctl_generic_numerics,ctl_generic_numerics:monte carlo (abstract),https://arxiv.org/abs/2609.02957v1,https://arxiv.org/pdf/2609.02957v1
0.0,-0.35,low,1.0,False,True,2609.02058v1,Lightweight Soft X-ray Imager (LSXI) with glass-based coded mask,2026-09-02T03:35:03Z,2026-09-02T03:35:03Z,astro-ph.IM,astro-ph.IM,0,0,0,,,,,generic_physics,ctl_generic_numerics,ctl_generic_numerics:monte carlo (abstract),https://arxiv.org/abs/2609.02058v1,https://arxiv.org/pdf/2609.02058v1
0.0,-0.35,low,1.0,False,True,2609.02051v1,Observation of $ψ(3686)\to p K^- K_S^0 \bar Ξ^0+c.c.$,2026-09-02T03:29:19Z,2026-09-02T03:29:19Z,hep-ex,hep-ex,0,0,0,,,,,generic_physics,ctl_generic_statistics,ctl_generic_statistics:statistical significance (abstract),https://arxiv.org/abs/2609.02051v1,https://arxiv.org/pdf/2609.02051v1
0.0,-0.35,low,1.0,True,False,2511.01909v7,Resolving the Marcus-Rehm-Weller Paradox in Electron Transfer,2025-10-31T16:52:49Z,2026-09-02T03:08:46Z,physics.chem-ph,physics.chem-ph; cond-mat.mes-hall; cond-mat.mtrl-sci; quant-ph,0,0,0,,,,,generic_physics,ctl_generic_action,ctl_generic_action:hamiltonian (abstract),https://arxiv.org/abs/2511.01909v7,https://arxiv.org/pdf/2511.01909v7
0.0,-0.35,low,1.0,True,True,2605.26495v2,Observation of the $X(2370)$ in $J/ψ\rightarrowγK^{0}_{S}K^{0}_{S}π^{0}$ and $J/ψ\rightarrowγπ^{0}π^{0}η$,2026-05-26T03:16:54Z,2026-09-02T02:44:19Z,hep-ex,hep-ex,0,0,0,,,,,generic_physics,ctl_generic_statistics,ctl_generic_statistics:statistical significance (abstract),https://arxiv.org/abs/2605.26495v2,https://arxiv.org/pdf/2605.26495v2
0.0,-0.35,low,1.0,False,False,2609.02008v1,Symmetry-enforced third-order nonlinear thermal Hall effects in altermagnets,2026-09-02T02:33:01Z,2026-09-02T02:33:01Z,cond-mat.mtrl-sci,cond-mat.mtrl-sci; cond-mat.mes-hall,0,0,0,,,,,orthogonal_physics,ctl_orthogonal_magnetism,ctl_orthogonal_magnetism:magnon (abstract),https://arxiv.org/abs/2609.02008v1,https://arxiv.org/pdf/2609.02008v1
0.0,-0.35,low,1.0,True,True,2509.22780v2,A Splashback-like Feature of Central Galaxies in Galaxy Clusters,2025-09-26T18:00:02Z,2026-09-02T02:30:18Z,astro-ph.GA,astro-ph.GA; astro-ph.CO,0,0,0,,,,,neighbor_topic,ctl_neighbor_dark,ctl_neighbor_dark:dark energy (abstract),https://arxiv.org/abs/2509.22780v2,https://arxiv.org/pdf/2509.22780v2
0.0,-0.35,low,1.0,True,True,2608.23618v2,Constraining the Inner Dark-Matter Slope of Sculptor: A Comparative Analysis of Dynamical Methods,2026-08-22T04:04:26Z,2026-09-02T02:11:56Z,astro-ph.GA,astro-ph.GA,0,0,0,,,,,neighbor_topic,ctl_neighbor_dark,ctl_neighbor_dark:dark matter (abstract),https://arxiv.org/abs/2608.23618v2,https://arxiv.org/pdf/2608.23618v2
0.0,-0.35,low,1.0,True,True,2608.08292v2,Complex CFTs: Holography and Interfaces,2026-08-08T18:59:37Z,2026-09-02T01:07:44Z,hep-th,hep-th,0,0,0,,,,,neighbor_topic,ctl_neighbor_cft,ctl_neighbor_cft:conformal field theories (abstract),https://arxiv.org/abs/2608.08292v2,https://arxiv.org/pdf/2608.08292v2
0.0,-0.35,low,1.0,True,True,2607.19142v3,"The arrow of time, irreversibility, equilibrium and measurement in quantum mechanics",2026-07-21T14:35:12Z,2026-09-02T00:43:20Z,quant-ph,quant-ph; cond-mat.stat-mech; math-ph; physics.hist-ph,0,0,0,,,,,generic_physics,ctl_generic_symmetry,ctl_generic_symmetry:symmetry breaking (abstract),https://arxiv.org/abs/2607.19142v3,https://arxiv.org/pdf/2607.19142v3
0.0,-0.35,low,1.0,False,True,2609.01953v1,Superintegrability of stratified symplectic spaces,2026-09-01T23:54:39Z,2026-09-01T23:54:39Z,math-ph,math-ph,0,0,0,,,,,generic_physics,ctl_generic_action,ctl_generic_action:hamiltonian (abstract),https://arxiv.org/abs/2609.01953v1,https://arxiv.org/pdf/2609.01953v1
0.0,-0.35,low,1.0,True,True,2606.01486v2,Approximate higher-form symmetries and dualities of massive p-forms in the holographic bulk,2026-05-31T23:01:48Z,2026-09-01T23:02:48Z,hep-th,hep-th,0,0,0,,,,,generic_physics,ctl_generic_eft,ctl_generic_eft:low-energy effective (abstract),https://arxiv.org/abs/2606.01486v2,https://arxiv.org/pdf/2606.01486v2
0.0,-0.35,low,1.0,False,True,2609.01935v1,Interaction effects on Andreev states from an electromagnetic environment,2026-09-01T23:01:01Z,2026-09-01T23:01:01Z,cond-mat.supr-con,cond-mat.supr-con,0,0,0,,,,,generic_physics,ctl_generic_perturbation,ctl_generic_perturbation:perturbative (abstract),https://arxiv.org/abs/2609.01935v1,https://arxiv.org/pdf/2609.01935v1
0.0,-0.35,low,1.0,True,True,2604.19166v2,Optical conductivity of topological semimetal Nb$_{2n+1}$Si$_n$Te$_{4n+2}$,2026-04-21T07:24:12Z,2026-09-01T22:35:00Z,cond-mat.mes-hall,cond-mat.mes-hall,0,0,0,,,,,orthogonal_physics,ctl_orthogonal_materials,ctl_orthogonal_materials:electronic structure (abstract),https://arxiv.org/abs/2604.19166v2,https://arxiv.org/pdf/2604.19166v2
0.0,-0.35,low,1.0,False,True,2609.01914v1,Basin Geometry and Reliable Recall of Dynamical Memories in Reservoir Computing,2026-09-01T22:32:34Z,2026-09-01T22:32:34Z,nlin.CD,nlin.CD; cs.LG,0,0,0,,,,,nonphysics_stem,ctl_nonphysics_ml,ctl_nonphysics_ml:neural network (abstract),https://arxiv.org/abs/2609.01914v1,https://arxiv.org/pdf/2609.01914v1
0.0,-0.35,low,1.0,True,True,2509.03576v2,How similar are narrow-line Seyfert 1 galaxies and high-z type 1 AGN?,2025-09-03T18:00:02Z,2026-09-01T22:17:54Z,astro-ph.GA,astro-ph.GA; astro-ph.HE,0,0,0,,,,,neighbor_topic,ctl_neighbor_black_hole,ctl_neighbor_black_hole:black hole (abstract),https://arxiv.org/abs/2509.03576v2,https://arxiv.org/pdf/2509.03576v2
0.0,-0.35,low,1.0,False,True,2609.01907v1,Yielded-region connectivity governs the onset of gravity-driven spreading in elastoviscoplastic drops,2026-09-01T22:11:21Z,2026-09-01T22:11:21Z,physics.flu-dyn,physics.flu-dyn; cond-mat.soft,0,0,0,,,,,generic_physics,ctl_generic_numerics,ctl_generic_numerics:numerical simulation (abstract),https://arxiv.org/abs/2609.01907v1,https://arxiv.org/pdf/2609.01907v1
0.0,-0.35,low,1.0,False,False,2609.02948v1,FrOGS: Discrete Neural Sampler for Independent Alloy Configurations Across Chemical Conditions,2026-09-01T21:38:36Z,2026-09-01T21:38:36Z,cond-mat.mtrl-sci,cond-mat.mtrl-sci; cond-mat.stat-mech; cs.LG,0,0,0,,,,,generic_physics,ctl_generic_numerics,ctl_generic_numerics:monte carlo (abstract),https://arxiv.org/abs/2609.02948v1,https://arxiv.org/pdf/2609.02948v1
0.0,-0.35,low,1.0,True,False,2406.12144v2,Nonlinear Stability of Relative Equilibria in the Planar $N$-Vortex Problem with Non-Zero Total Circulation,2024-06-17T23:23:20Z,2026-09-01T21:37:19Z,math.DS,math.DS; math-ph; physics.flu-dyn,0,0,0,,,,,generic_physics,ctl_generic_action,ctl_generic_action:hamiltonian (abstract),https://arxiv.org/abs/2406.12144v2,https://arxiv.org/pdf/2406.12144v2
0.0,-0.35,low,1.0,False,False,2609.01845v1,Learning a general class of admissible multi-species collision operators from molecular dynamics,2026-09-01T20:27:27Z,2026-09-01T20:27:27Z,physics.comp-ph,physics.comp-ph; math.NA; physics.plasm-ph,0,0,0,,,,,generic_physics,ctl_generic_numerics,ctl_generic_numerics:numerical simulation (abstract),https://arxiv.org/abs/2609.01845v1,https://arxiv.org/pdf/2609.01845v1
0.0,-0.35,low,1.0,True,True,2512.22163v3,A quantum advection-diffusion solver using the quantum singular value transform,2025-12-16T19:06:27Z,2026-09-01T20:26:52Z,quant-ph,quant-ph,0,0,0,,,,,generic_physics,ctl_generic_numerics,ctl_generic_numerics:numerical simulation (abstract),https://arxiv.org/abs/2512.22163v3,https://arxiv.org/pdf/2512.22163v3
0.0,-0.35,low,1.0,True,True,2606.27453v2,Gyrokinetic Theory of Linear Gravitational Flute Interchanges with Flow Shear Stabilization,2026-06-25T18:20:57Z,2026-09-01T20:11:48Z,physics.plasm-ph,physics.plasm-ph,0,0,0,,,,,orthogonal_physics,ctl_orthogonal_plasma,ctl_orthogonal_plasma:magnetohydrodynamic (abstract),https://arxiv.org/abs/2606.27453v2,https://arxiv.org/pdf/2606.27453v2
0.0,-0.35,low,1.0,True,True,2508.11400v4,Production and Decay Dynamics of the Charmed Baryon $Λ_c^+$ in $e^+e^-$ Annihilations near Threshold,2025-08-15T11:09:22Z,2026-09-01T20:07:04Z,hep-ex,hep-ex,0,0,0,,,,,neighbor_topic,ctl_neighbor_standard_model,ctl_neighbor_standard_model:standard model (abstract),https://arxiv.org/abs/2508.11400v4,https://arxiv.org/pdf/2508.11400v4
0.0,-0.35,low,1.0,True,True,2605.01651v4,Metallic crossover through the tilt-free transition in La$_3$Ni$_2$O$_7$ at high pressure and temperature,2026-05-03T00:25:25Z,2026-09-01T19:56:40Z,cond-mat.supr-con,cond-mat.supr-con,0,0,0,,,,,orthogonal_physics,ctl_orthogonal_superconductivity,ctl_orthogonal_superconductivity:superconductivity (abstract),https://arxiv.org/abs/2605.01651v4,https://arxiv.org/pdf/2605.01651v4
0.0,-0.35,low,1.0,True,False,2606.22233v2,Open-quantum-system theory of non-Markovian electron-phonon dynamics,2026-06-20T21:21:09Z,2026-09-01T19:43:10Z,cond-mat.mtrl-sci,cond-mat.mtrl-sci; cond-mat.other; cond-mat.str-el,0,0,0,,,,,generic_physics,ctl_generic_action,ctl_generic_action:equations of motion (abstract),https://arxiv.org/abs/2606.22233v2,https://arxiv.org/pdf/2606.22233v2
0.0,-0.35,low,1.0,False,True,2609.01805v1,Evolution from Kitaev to XXZ spin chains via distortion: Application to BaCo$_2$V$_2$O$_8$,2026-09-01T19:25:14Z,2026-09-01T19:25:14Z,cond-mat.str-el,cond-mat.str-el,0,0,0,,,,,orthogonal_physics,ctl_orthogonal_magnetism,ctl_orthogonal_magnetism:antiferromagnet (abstract),https://arxiv.org/abs/2609.01805v1,https://arxiv.org/pdf/2609.01805v1
0.0,-0.35,low,1.0,False,True,2609.01793v1,Revisiting the MRX Electron Current Sheet Width with Semi-Collisional Kinetic Simulations at Hydrogen Mass Ratio,2026-09-01T19:07:19Z,2026-09-01T19:07:19Z,physics.plasm-ph,physics.plasm-ph,0,0,0,,,,,orthogonal_physics,ctl_orthogonal_plasma,ctl_orthogonal_plasma:magnetic reconnection (abstract),https://arxiv.org/abs/2609.01793v1,https://arxiv.org/pdf/2609.01793v1
0.0,-0.35,low,1.0,False,True,2609.01771v1,GadIR: A Spatial-Topology Preserving Compiler for Quantum Many-Body Systems Simulation,2026-09-01T18:42:13Z,2026-09-01T18:42:13Z,quant-ph,quant-ph; cs.AR; cs.PL,0,0,0,,,,,generic_physics,ctl_generic_action,ctl_generic_action:hamiltonian (abstract),https://arxiv.org/abs/2609.01771v1,https://arxiv.org/pdf/2609.01771v1
0.0,-0.35,low,1.0,False,True,2609.01734v1,Learning and Predicting the Nonlinear Variability of X-ray Binaries with the Koopman Operator,2026-09-01T18:03:39Z,2026-09-01T18:03:39Z,astro-ph.IM,astro-ph.IM; nlin.CD,0,0,0,,,,,nonphysics_stem,ctl_nonphysics_ml,ctl_nonphysics_ml:machine learning (abstract),https://arxiv.org/abs/2609.01734v1,https://arxiv.org/pdf/2609.01734v1
0.0,-0.35,low,1.0,False,True,2609.01732v1,Truncated Polyakov bootstrap,2026-09-01T18:02:38Z,2026-09-01T18:02:38Z,hep-th,hep-th,0,0,0,,,,,generic_physics,ctl_generic_perturbation,ctl_generic_perturbation:perturbative (abstract),https://arxiv.org/abs/2609.01732v1,https://arxiv.org/pdf/2609.01732v1
0.0,-0.35,low,1.0,False,True,2609.01724v1,Bilinear correlations in Fluctuating Gaussian States with anti-unitary symmetries,2026-09-01T18:00:49Z,2026-09-01T18:00:49Z,quant-ph,quant-ph; cond-mat.stat-mech; cond-mat.str-el,0,0,0,,,,,generic_physics,ctl_generic_numerics,ctl_generic_numerics:monte carlo (abstract),https://arxiv.org/abs/2609.01724v1,https://arxiv.org/pdf/2609.01724v1
0.0,-0.35,low,1.0,False,True,2609.01716v1,SN1987A constraints on the neutrino-dark-fermion interaction from resonant scattering with C$ν$B,2026-09-01T18:00:04Z,2026-09-01T18:00:04Z,hep-ph,hep-ph; astro-ph.HE; hep-ex,0,0,0,,,,,neighbor_topic,ctl_neighbor_neutrino,ctl_neighbor_neutrino:neutrino mass (abstract),https://arxiv.org/abs/2609.01716v1,https://arxiv.org/pdf/2609.01716v1
0.0,-0.35,low,1.0,False,True,2609.01606v1,Observable- and state-selective prethermalization and bounds on prethermal lifetimes,2026-09-01T17:59:58Z,2026-09-01T17:59:58Z,quant-ph,quant-ph; cond-mat.stat-mech,0,0,0,,,,,generic_physics,ctl_generic_action,ctl_generic_action:hamiltonian (abstract),https://arxiv.org/abs/2609.01606v1,https://arxiv.org/pdf/2609.01606v1
0.0,-0.35,low,1.0,False,True,2609.01605v1,Depth-1 expanders on the unitary group and applications,2026-09-01T17:59:56Z,2026-09-01T17:59:56Z,quant-ph,quant-ph; cond-mat.str-el; cs.CC; cs.IT; math.GR,0,0,0,,,,,generic_physics,ctl_generic_action,ctl_generic_action:hamiltonian (abstract),https://arxiv.org/abs/2609.01605v1,https://arxiv.org/pdf/2609.01605v1
0.0,-0.35,low,1.0,False,True,2609.01593v1,Understanding the superconducting proximity effect in semiconductors through quantum oscillations,2026-09-01T17:56:03Z,2026-09-01T17:56:03Z,cond-mat.supr-con,cond-mat.supr-con; cond-mat.mes-hall; cond-mat.mtrl-sci,0,0,0,,,,,orthogonal_physics,ctl_orthogonal_superconductivity,ctl_orthogonal_superconductivity:superconductor (abstract),https://arxiv.org/abs/2609.01593v1,https://arxiv.org/pdf/2609.01593v1
0.0,-0.35,low,1.0,True,True,2509.01515v2,The entropic coherence is a necessary resource for non-energy preserving gates,2025-09-01T14:35:15Z,2026-09-01T17:27:43Z,quant-ph,quant-ph,0,0,0,,,,,generic_physics,ctl_generic_action,ctl_generic_action:hamiltonian (abstract),https://arxiv.org/abs/2509.01515v2,https://arxiv.org/pdf/2509.01515v2
0.0,-0.35,low,1.0,True,True,2607.11995v3,Thin-shell wormholes in cosmic voids,2026-07-13T16:01:02Z,2026-09-01T17:23:13Z,gr-qc,gr-qc,0,0,0,,,,,neighbor_topic,ctl_neighbor_black_hole,ctl_neighbor_black_hole:black hole (abstract),https://arxiv.org/abs/2607.11995v3,https://arxiv.org/pdf/2607.11995v3
0.0,-0.35,low,1.0,False,True,2609.01553v1,The dynamical role of vortices in the two-dimensional inverse cascade of turbulence,2026-09-01T17:19:03Z,2026-09-01T17:19:03Z,physics.flu-dyn,physics.flu-dyn,0,0,0,,,,,generic_physics,ctl_generic_numerics,ctl_generic_numerics:numerical simulation (abstract),https://arxiv.org/abs/2609.01553v1,https://arxiv.org/pdf/2609.01553v1
0.0,-0.35,low,1.0,False,True,2609.02656v1,Super-Resolution Initialization of High-Fidelity CFD Simulations for Pebble-Bed Reactors,2026-09-01T16:55:56Z,2026-09-01T16:55:56Z,physics.flu-dyn,physics.flu-dyn,0,0,0,,,,,nonphysics_stem,ctl_nonphysics_ml,ctl_nonphysics_ml:neural network (abstract),https://arxiv.org/abs/2609.02656v1,https://arxiv.org/pdf/2609.02656v1
0.0,-0.35,low,1.0,False,True,2609.01517v1,Non-symmetric triads and Baker-Akhiezer functions,2026-09-01T16:46:55Z,2026-09-01T16:46:55Z,hep-th,hep-th; math-ph; math.QA,0,0,0,,,,,generic_physics,ctl_generic_action,ctl_generic_action:hamiltonian (abstract),https://arxiv.org/abs/2609.01517v1,https://arxiv.org/pdf/2609.01517v1
0.0,-0.35,low,1.0,False,False,2609.01512v1,"First-principles optical response of shock-compressed LiF: Quasiparticle, excitonic, and ionic-temperature effects",2026-09-01T16:42:53Z,2026-09-01T16:42:53Z,cond-mat.mtrl-sci,cond-mat.mtrl-sci; physics.chem-ph; physics.comp-ph; physics.optics,0,0,0,,,,,orthogonal_physics,ctl_orthogonal_materials,ctl_orthogonal_materials:band structure (abstract),https://arxiv.org/abs/2609.01512v1,https://arxiv.org/pdf/2609.01512v1
0.0,-0.35,low,1.0,True,True,2607.14085v2,Trigonometric Continuous-Variable Quantum Gates: Realization with Trapped Ions and Nonperturbative Wigner Negativity,2026-07-15T17:57:48Z,2026-09-01T16:28:12Z,quant-ph,quant-ph; physics.atom-ph,0,0,0,,,,,generic_physics,ctl_generic_perturbation,ctl_generic_perturbation:perturbative (abstract),https://arxiv.org/abs/2607.14085v2,https://arxiv.org/pdf/2607.14085v2
0.0,-0.35,low,1.0,True,True,2607.07607v2,Covariant Approximate Quantum Codes for Protected Analog Computation,2026-07-08T16:25:25Z,2026-09-01T16:22:11Z,quant-ph,quant-ph,0,0,0,,,,,generic_physics,ctl_generic_action,ctl_generic_action:hamiltonian (abstract),https://arxiv.org/abs/2607.07607v2,https://arxiv.org/pdf/2607.07607v2
0.0,-0.35,low,1.0,False,True,2609.01480v1,Gravitational Waves from Reheating beyond Instantaneous Thermalization,2026-09-01T16:16:06Z,2026-09-01T16:16:06Z,hep-ph,hep-ph; astro-ph.CO; hep-th,0,0,0,,,,,generic_physics,ctl_generic_perturbation,ctl_generic_perturbation:perturbative (abstract),https://arxiv.org/abs/2609.01480v1,https://arxiv.org/pdf/2609.01480v1
0.0,-0.35,low,1.0,True,True,2604.15908v2,Using the slowest observable in one-dimensional Markov processes to construct quasi-exactly-solvable generators with two explicit levels,2026-04-17T10:06:07Z,2026-09-01T15:42:16Z,cond-mat.stat-mech,cond-mat.stat-mech; math.PR,0,0,0,,,,,generic_physics,ctl_generic_action,ctl_generic_action:hamiltonian (abstract),https://arxiv.org/abs/2604.15908v2,https://arxiv.org/pdf/2604.15908v2
0.0,-0.35,low,1.0,True,True,2511.19597v2,Holographic duality between bulk topological order and boundary mixed-state order,2025-11-24T19:00:01Z,2026-09-01T15:41:46Z,quant-ph,quant-ph; cond-mat.stat-mech; cond-mat.str-el,0,0,0,,,,,generic_physics,ctl_generic_symmetry,ctl_generic_symmetry:symmetry breaking (abstract),https://arxiv.org/abs/2511.19597v2,https://arxiv.org/pdf/2511.19597v2
0.0,-0.35,low,1.0,False,True,2609.01421v1,Extreme AGN Variability in WISE: Powerful Flares and Candidate Tidal Disruption Events in AGN,2026-09-01T15:36:03Z,2026-09-01T15:36:03Z,astro-ph.HE,astro-ph.HE,0,0,0,,,,,neighbor_topic,ctl_neighbor_black_hole,ctl_neighbor_black_hole:black hole (abstract),https://arxiv.org/abs/2609.01421v1,https://arxiv.org/pdf/2609.01421v1
0.0,-0.35,low,1.0,True,True,2607.02202v2,"Gamma-ray production cross sections in proton interactions with natMg, natSi and 56Fe targets: measurement over the energy range of $E_p = 66$-125 MeV, data analysis, results and discussion. Astrophysical implications",2026-07-02T14:10:31Z,2026-09-01T15:33:43Z,nucl-ex,nucl-ex,0,0,0,,,,,orthogonal_physics,ctl_orthogonal_nuclear,ctl_orthogonal_nuclear:nuclear reaction (abstract),https://arxiv.org/abs/2607.02202v2,https://arxiv.org/pdf/2607.02202v2
0.0,-0.35,low,1.0,True,True,2604.08667v2,On Exclusive Coherent Production of Bosons in Electron-Proton Collisions,2026-04-09T18:00:16Z,2026-09-01T15:21:09Z,hep-ph,hep-ph,0,0,0,,,,,neighbor_topic,ctl_neighbor_dark,ctl_neighbor_dark:dark photon (abstract),https://arxiv.org/abs/2604.08667v2,https://arxiv.org/pdf/2604.08667v2
0.0,-0.35,low,1.0,False,True,2609.01381v1,Floor-crossing for Legendrian Clasp Move,2026-09-01T15:15:16Z,2026-09-01T15:15:16Z,math.SG,math.SG,0,0,0,,,,,generic_physics,ctl_generic_action,ctl_generic_action:lagrangian (abstract),https://arxiv.org/abs/2609.01381v1,https://arxiv.org/pdf/2609.01381v1
0.0,-0.35,low,1.0,True,True,2602.09090v3,Universality classes split by strong and weak symmetries,2026-02-09T19:00:00Z,2026-09-01T14:59:10Z,quant-ph,quant-ph; cond-mat.mes-hall,0,0,0,,,,,generic_physics,ctl_generic_perturbation,ctl_generic_perturbation:one-loop (abstract),https://arxiv.org/abs/2602.09090v3,https://arxiv.org/pdf/2602.09090v3
0.0,-0.35,low,1.0,False,True,2609.01340v1,Quantum phase transitions of the Cavity Heisenberg spin-chain,2026-09-01T14:51:11Z,2026-09-01T14:51:11Z,quant-ph,quant-ph,0,0,0,,,,,orthogonal_physics,ctl_orthogonal_quantum_critical,ctl_orthogonal_quantum_critical:quantum criticality (abstract),https://arxiv.org/abs/2609.01340v1,https://arxiv.org/pdf/2609.01340v1
0.0,-0.35,low,1.0,True,True,2606.00921v2,Solubility enhanced surfactant-induced flow in air-liquid-air sheets,2026-05-30T23:07:55Z,2026-09-01T14:49:13Z,physics.flu-dyn,physics.flu-dyn; cond-mat.soft,0,0,0,,,,,orthogonal_physics,ctl_orthogonal_fluid,ctl_orthogonal_fluid:navier-stokes (abstract),https://arxiv.org/abs/2606.00921v2,https://arxiv.org/pdf/2606.00921v2
0.0,-0.35,low,1.0,False,True,2609.01328v1,Multiphase Reactive Transport in a Heterogeneous Flow Field: Channel Formation in Hydrocarbon-Bearing Carbonate Rock,2026-09-01T14:44:10Z,2026-09-01T14:44:10Z,physics.flu-dyn,physics.flu-dyn,0,0,0,,,,,generic_physics,ctl_generic_numerics,ctl_generic_numerics:numerical simulation (abstract),https://arxiv.org/abs/2609.01328v1,https://arxiv.org/pdf/2609.01328v1
0.0,-0.35,low,1.0,True,True,2606.04586v3,Calibration energy and mean curvature flow,2026-06-03T08:24:55Z,2026-09-01T14:39:13Z,math.DG,math.DG; math.AP,0,0,0,,,,,generic_physics,ctl_generic_action,ctl_generic_action:lagrangian (abstract),https://arxiv.org/abs/2606.04586v3,https://arxiv.org/pdf/2606.04586v3
0.0,-0.35,low,1.0,False,True,2609.01297v1,A Scalable Multi-Protocol Platform for Quantum Key Distribution Simulation with Rigorous Statistical Evaluation,2026-09-01T14:28:50Z,2026-09-01T14:28:50Z,quant-ph,quant-ph,0,0,0,,,,,generic_physics,ctl_generic_statistics,ctl_generic_statistics:confidence interval (abstract),https://arxiv.org/abs/2609.01297v1,https://arxiv.org/pdf/2609.01297v1
0.0,-0.35,low,1.0,False,True,2609.01290v1,Deviations from Kerr: Polar critical curves and photon rings in a class of separable spacetimes,2026-09-01T14:24:57Z,2026-09-01T14:24:57Z,gr-qc,gr-qc,0,0,0,,,,,neighbor_topic,ctl_neighbor_black_hole,ctl_neighbor_black_hole:black-hole (abstract),https://arxiv.org/abs/2609.01290v1,https://arxiv.org/pdf/2609.01290v1
0.0,-0.35,low,1.0,True,True,2607.26372v2,"Thermal convection in one, two, three and four dimensions",2026-07-29T01:19:53Z,2026-09-01T14:10:05Z,physics.flu-dyn,physics.flu-dyn,0,0,0,,,,,generic_physics,ctl_generic_numerics,ctl_generic_numerics:numerical simulation (abstract),https://arxiv.org/abs/2607.26372v2,https://arxiv.org/pdf/2607.26372v2
0.0,-0.35,low,1.0,True,True,2606.01569v3,Pitching Cosmic Curveballs: Environmental Effects on Extreme-Mass-Ratio Inspirals with Spinning Secondaries,2026-06-01T02:17:04Z,2026-09-01T14:06:47Z,gr-qc,gr-qc; astro-ph.HE,0,0,0,,,,,neighbor_topic,ctl_neighbor_black_hole,ctl_neighbor_black_hole:black hole (abstract),https://arxiv.org/abs/2606.01569v3,https://arxiv.org/pdf/2606.01569v3
0.0,-0.35,low,1.0,False,True,2609.01264v1,DF-SQD: Deterministic Fields for Sampling-Based Quantum Diagonalization,2026-09-01T13:55:14Z,2026-09-01T13:55:14Z,quant-ph,quant-ph,0,0,0,,,,,generic_physics,ctl_generic_action,ctl_generic_action:hamiltonian (abstract),https://arxiv.org/abs/2609.01264v1,https://arxiv.org/pdf/2609.01264v1
0.0,-0.35,low,1.0,False,True,2609.01259v1,Ricci curvature for fluid models on the torus via Zeitlin's quantization,2026-09-01T13:51:36Z,2026-09-01T13:51:36Z,math.DG,math.DG,0,0,0,,,,,generic_physics,ctl_generic_action,ctl_generic_action:lagrangian (abstract),https://arxiv.org/abs/2609.01259v1,https://arxiv.org/pdf/2609.01259v1
0.0,-0.35,low,1.0,False,True,2609.01243v1,Multiple chiral Majorana states in proximitized magnetic topological insulator heterostructures,2026-09-01T13:43:16Z,2026-09-01T13:43:16Z,cond-mat.mes-hall,cond-mat.mes-hall,0,0,0,,,,,orthogonal_physics,ctl_orthogonal_superconductivity,ctl_orthogonal_superconductivity:superconductivity (abstract),https://arxiv.org/abs/2609.01243v1,https://arxiv.org/pdf/2609.01243v1
0.0,-0.35,low,1.0,False,True,2609.01238v1,First tomographic measurements of the angular clustering and bias of photometric quasars from S-PLUS,2026-09-01T13:36:32Z,2026-09-01T13:36:32Z,astro-ph.CO,astro-ph.CO,0,0,0,,,,,neighbor_topic,ctl_neighbor_dark,ctl_neighbor_dark:dark matter (abstract),https://arxiv.org/abs/2609.01238v1,https://arxiv.org/pdf/2609.01238v1
0.0,-0.35,low,1.0,True,True,2608.18203v2,On the Origins of Varying Gauge Couplings,2026-08-18T18:00:00Z,2026-09-01T13:30:20Z,hep-ph,hep-ph; hep-th; quant-ph,0,0,0,,,,,neighbor_topic,ctl_neighbor_standard_model,ctl_neighbor_standard_model:standard model (abstract),https://arxiv.org/abs/2608.18203v2,https://arxiv.org/pdf/2608.18203v2
0.0,-0.35,low,1.0,False,True,2609.01229v1,Fundamental geometric limitations on disentangling nuclear-surface properties in relativistic heavy ion collisions,2026-09-01T13:30:00Z,2026-09-01T13:30:00Z,nucl-th,nucl-th; hep-ex; hep-ph; nucl-ex,0,0,0,,,,,generic_physics,ctl_generic_numerics,ctl_generic_numerics:monte carlo (abstract),https://arxiv.org/abs/2609.01229v1,https://arxiv.org/pdf/2609.01229v1
0.0,-0.35,low,1.0,True,True,2602.11694v2,Emergent spin-resolved electronic density waves from strong $d$-wave altermagnetism and pseudogap phenomena from phason fluctuations,2026-02-12T08:19:55Z,2026-09-01T13:26:36Z,cond-mat.str-el,cond-mat.str-el,0,0,0,,,,,orthogonal_physics,ctl_orthogonal_materials,ctl_orthogonal_materials:band structure (abstract),https://arxiv.org/abs/2602.11694v2,https://arxiv.org/pdf/2602.11694v2
0.0,-0.35,low,1.0,False,False,2609.01223v1,Geometry-Controlled Magnetic and Electronic Landscapes in Anisotropic van der Waals Materials,2026-09-01T13:26:25Z,2026-09-01T13:26:25Z,cond-mat.mtrl-sci,cond-mat.mtrl-sci; cond-mat.mes-hall,0,0,0,,,,,orthogonal_physics,ctl_orthogonal_materials,ctl_orthogonal_materials:electronic structure (abstract),https://arxiv.org/abs/2609.01223v1,https://arxiv.org/pdf/2609.01223v1
0.0,-0.35,low,1.0,False,True,2609.01213v1,Robust thermodynamics constrain disorder and pairing in far-overdoped Tl$_2$Ba$_2$CuO$_6$,2026-09-01T13:18:21Z,2026-09-01T13:18:21Z,cond-mat.supr-con,cond-mat.supr-con; cond-mat.mtrl-sci,0,0,0,,,,,orthogonal_physics,ctl_orthogonal_superconductivity,ctl_orthogonal_superconductivity:superconductivity (abstract),https://arxiv.org/abs/2609.01213v1,https://arxiv.org/pdf/2609.01213v1
0.0,-0.35,low,1.0,True,True,2604.09046v2,Flux enhancement of corotating hot spots in accretion disks from the slow-light effect,2026-04-10T07:10:10Z,2026-09-01T13:17:09Z,gr-qc,gr-qc; astro-ph.HE,0,0,0,,,,,neighbor_topic,ctl_neighbor_black_hole,ctl_neighbor_black_hole:black hole (abstract),https://arxiv.org/abs/2604.09046v2,https://arxiv.org/pdf/2604.09046v2
0.0,-0.35,low,1.0,False,True,2609.01208v1,Slow stellar halo rotation as a signature of disc flips and GES-like mergers,2026-09-01T13:14:09Z,2026-09-01T13:14:09Z,astro-ph.GA,astro-ph.GA,0,0,0,,,,,neighbor_topic,ctl_neighbor_dark,ctl_neighbor_dark:dark matter (abstract),https://arxiv.org/abs/2609.01208v1,https://arxiv.org/pdf/2609.01208v1
0.0,-0.35,low,1.0,False,True,2609.01204v1,Unbiased sampling from Boltzmann distributions with noisy energies,2026-09-01T13:12:14Z,2026-09-01T13:12:14Z,quant-ph,quant-ph,0,0,0,,,,,generic_physics,ctl_generic_numerics,ctl_generic_numerics:monte carlo (abstract),https://arxiv.org/abs/2609.01204v1,https://arxiv.org/pdf/2609.01204v1
0.0,-0.35,low,1.0,False,True,2609.01179v1,QED nuclear medium effects at EicC,2026-09-01T12:51:57Z,2026-09-01T12:51:57Z,nucl-th,nucl-th; hep-ex; hep-ph; nucl-ex,0,0,0,,,,,generic_physics,ctl_generic_perturbation,ctl_generic_perturbation:perturbative (abstract),https://arxiv.org/abs/2609.01179v1,https://arxiv.org/pdf/2609.01179v1
0.0,-0.35,low,1.0,False,True,2609.01159v1,Chemotaxis-induced linear instabilities and pattern formation in a reaction-diffusion model,2026-09-01T12:37:46Z,2026-09-01T12:37:46Z,nlin.PS,nlin.PS; cond-mat.soft; cond-mat.stat-mech,0,0,0,,,,,generic_physics,ctl_generic_numerics,ctl_generic_numerics:numerical simulation (abstract),https://arxiv.org/abs/2609.01159v1,https://arxiv.org/pdf/2609.01159v1
0.0,-0.35,low,1.0,True,True,2607.11154v2,Determination of neutron star radius from pulse profile modeling using profile likelihood,2026-07-13T06:48:40Z,2026-09-01T12:29:49Z,astro-ph.HE,astro-ph.HE; astro-ph.IM,0,0,0,,,,,generic_physics,ctl_generic_statistics,ctl_generic_statistics:bayesian inference (abstract),https://arxiv.org/abs/2607.11154v2,https://arxiv.org/pdf/2607.11154v2
0.0,-0.35,low,1.0,False,True,2609.01152v1,The fraction of clumpy star-forming galaxies in nearby galaxies from CLAUDS and HSC-SSP,2026-09-01T12:29:31Z,2026-09-01T12:29:31Z,astro-ph.GA,astro-ph.GA,0,0,0,,,,,nonphysics_stem,ctl_nonphysics_ml,ctl_nonphysics_ml:deep learning (abstract),https://arxiv.org/abs/2609.01152v1,https://arxiv.org/pdf/2609.01152v1
0.0,-0.35,low,1.0,True,True,2605.15189v3,Strong Gravitational Lensing with the James Webb Space Telescope,2026-05-14T17:59:28Z,2026-09-01T11:57:01Z,astro-ph.CO,astro-ph.CO; astro-ph.GA,0,0,0,,,,,neighbor_topic,ctl_neighbor_dark,ctl_neighbor_dark:dark matter (abstract),https://arxiv.org/abs/2605.15189v3,https://arxiv.org/pdf/2605.15189v3
0.0,-0.35,low,1.0,True,True,2605.18286v2,Primary gravitational waves at high frequencies II: Emergence of the exponential cut-off in the power spectrum,2026-05-18T12:15:02Z,2026-09-01T11:55:25Z,astro-ph.CO,astro-ph.CO; gr-qc; hep-th,0,0,0,,,,,neighbor_topic,ctl_neighbor_cosmology,ctl_neighbor_cosmology:inflation (abstract),https://arxiv.org/abs/2605.18286v2,https://arxiv.org/pdf/2605.18286v2
0.0,-0.35,low,1.0,True,True,2606.26598v2,Holographic light-quark energy loss in a spinning plasma,2026-06-25T04:55:03Z,2026-09-01T11:54:38Z,hep-ph,hep-ph,0,0,0,,,,,neighbor_topic,ctl_neighbor_black_hole,ctl_neighbor_black_hole:black-hole (abstract),https://arxiv.org/abs/2606.26598v2,https://arxiv.org/pdf/2606.26598v2
0.0,-0.35,low,1.0,True,True,2608.08669v2,"An explicit four-corner dictionary for (2,p) minimal Liouville gravity",2026-08-09T12:23:56Z,2026-09-01T11:47:47Z,hep-th,hep-th,0,0,0,,,,,neighbor_topic,ctl_neighbor_cft,ctl_neighbor_cft:conformal field theory (abstract),https://arxiv.org/abs/2608.08669v2,https://arxiv.org/pdf/2608.08669v2
0.0,-0.35,low,1.0,False,True,2609.01097v1,Galilean Kalb-Ramond Field,2026-09-01T11:42:13Z,2026-09-01T11:42:13Z,hep-th,hep-th,0,0,0,,,,,generic_physics,ctl_generic_action,ctl_generic_action:lagrangian (abstract),https://arxiv.org/abs/2609.01097v1,https://arxiv.org/pdf/2609.01097v1
0.0,-0.35,low,1.0,True,True,2506.03014v4,Convergence and efficiency proof of quantum imaginary time evolution for bounded order systems,2025-06-03T15:52:06Z,2026-09-01T11:39:18Z,quant-ph,quant-ph; cs.CC; physics.comp-ph,0,0,0,,,,,nonphysics_stem,ctl_nonphysics_ml,ctl_nonphysics_ml:machine learning (abstract),https://arxiv.org/abs/2506.03014v4,https://arxiv.org/pdf/2506.03014v4
0.0,-0.35,low,1.0,False,False,2609.01069v1,Exchange striction determines how fast antiferromagnetic insulators demagnetize,2026-09-01T11:01:50Z,2026-09-01T11:01:50Z,cond-mat.mtrl-sci,cond-mat.mtrl-sci; cond-mat.mes-hall,0,0,0,,,,,orthogonal_physics,ctl_orthogonal_magnetism,ctl_orthogonal_magnetism:antiferromagnet (abstract),https://arxiv.org/abs/2609.01069v1,https://arxiv.org/pdf/2609.01069v1
0.0,-0.35,low,1.0,False,True,2609.01047v1,Ultraviolet Closure in Asymptotically Weyl-Invariant Gravity,2026-09-01T10:46:38Z,2026-09-01T10:46:38Z,gr-qc,gr-qc,0,0,0,,,,,generic_physics,ctl_generic_perturbation,ctl_generic_perturbation:perturbative (abstract),https://arxiv.org/abs/2609.01047v1,https://arxiv.org/pdf/2609.01047v1
0.0,-0.35,low,1.0,True,True,2603.17072v2,Quantifying the Scientific Potential of Intermediate and Extreme Mass Ratio Inspirals with the Laser Interferometer Space Antenna,2026-03-17T19:00:00Z,2026-09-01T10:34:38Z,astro-ph.IM,astro-ph.IM; astro-ph.GA; astro-ph.HE; gr-qc,0,0,0,,,,,generic_physics,ctl_generic_statistics,ctl_generic_statistics:parameter estimation (abstract),https://arxiv.org/abs/2603.17072v2,https://arxiv.org/pdf/2603.17072v2
0.0,-0.35,low,1.0,False,True,2609.01005v1,Update of the Standard-Model prediction for $\bar B \to X_s γ$,2026-09-01T09:52:11Z,2026-09-01T09:52:11Z,hep-ph,hep-ph,0,0,0,,,,,neighbor_topic,ctl_neighbor_standard_model,ctl_neighbor_standard_model:qcd (abstract),https://arxiv.org/abs/2609.01005v1,https://arxiv.org/pdf/2609.01005v1
0.0,-0.35,low,1.0,False,True,2609.01003v1,A Class of Exact Single-Field Inflationary Solutions beyond Slow Roll,2026-09-01T09:50:24Z,2026-09-01T09:50:24Z,astro-ph.CO,astro-ph.CO,0,0,0,,,,,neighbor_topic,ctl_neighbor_cosmology,ctl_neighbor_cosmology:inflation (abstract),https://arxiv.org/abs/2609.01003v1,https://arxiv.org/pdf/2609.01003v1
0.0,-0.35,low,1.0,False,False,2609.01002v1,Numerical study of the grain-growth-induced non-parabolic kinetics of a solid-state reaction,2026-09-01T09:50:09Z,2026-09-01T09:50:09Z,cond-mat.mtrl-sci,cond-mat.mtrl-sci; math-ph,0,0,0,,,,,generic_physics,ctl_generic_numerics,ctl_generic_numerics:numerical simulation (abstract),https://arxiv.org/abs/2609.01002v1,https://arxiv.org/pdf/2609.01002v1
0.0,-0.35,low,1.0,False,True,2609.01000v1,NNLL fit of the transverse-momentum-dependent distribution of unpolarised gluons to LHCb data on $J/ψ$-pair production,2026-09-01T09:48:36Z,2026-09-01T09:48:36Z,hep-ph,hep-ph,0,0,0,,,,,generic_physics,ctl_generic_perturbation,ctl_generic_perturbation:perturbative (abstract),https://arxiv.org/abs/2609.01000v1,https://arxiv.org/pdf/2609.01000v1
0.0,-0.35,low,1.0,True,False,2602.23188v3,Efficient Adaptation of ROMs for Unsteady Flows Using Data Assimilation,2026-02-26T16:43:28Z,2026-09-01T09:45:41Z,cs.LG,cs.LG; physics.flu-dyn,0,0,0,,,,,orthogonal_physics,ctl_orthogonal_fluid,ctl_orthogonal_fluid:navier-stokes (abstract),https://arxiv.org/abs/2602.23188v3,https://arxiv.org/pdf/2602.23188v3
0.0,-0.35,low,1.0,False,True,2609.00977v1,Information geometry of non-equilibrium quantum states: Mixed metric structures on an extended information manifold,2026-09-01T09:33:32Z,2026-09-01T09:33:32Z,quant-ph,quant-ph; cond-mat.stat-mech; hep-ph,0,0,0,,,,,generic_physics,ctl_generic_action,ctl_generic_action:hamiltonian (abstract),https://arxiv.org/abs/2609.00977v1,https://arxiv.org/pdf/2609.00977v1
0.0,-0.35,low,1.0,True,True,2601.13312v4,Multi-Tracer Cross-Correlations of the Unresolved $γ$-Ray Sky,2026-01-19T19:00:03Z,2026-09-01T09:13:40Z,astro-ph.CO,astro-ph.CO; astro-ph.HE,0,0,0,,,,,neighbor_topic,ctl_neighbor_dark,ctl_neighbor_dark:dark energy (abstract),https://arxiv.org/abs/2601.13312v4,https://arxiv.org/pdf/2601.13312v4
0.0,-0.35,low,1.0,True,True,2608.30494v2,Photometric redshifts for active galactic nuclei with LePHARE for the Vera C. Rubin Observatory,2026-08-31T09:25:31Z,2026-09-01T08:55:11Z,astro-ph.GA,astro-ph.GA,0,0,0,,,,,nonphysics_stem,ctl_nonphysics_ml,ctl_nonphysics_ml:machine learning (abstract),https://arxiv.org/abs/2608.30494v2,https://arxiv.org/pdf/2608.30494v2
0.0,-0.35,low,1.0,True,False,2605.08244v2,Growth of small localized perturbations in Surface Quasi-Geostrophic turbulence,2026-05-07T09:39:23Z,2026-09-01T08:54:12Z,physics.ao-ph,physics.ao-ph; nlin.CD; physics.flu-dyn,0,0,0,,,,,orthogonal_physics,ctl_orthogonal_fluid,ctl_orthogonal_fluid:reynolds number (abstract),https://arxiv.org/abs/2605.08244v2,https://arxiv.org/pdf/2605.08244v2
0.0,-0.35,low,1.0,False,True,2609.00932v1,Investigating three-body resonances in $ααΩ/Ω_{ccc}$ clusters within the $^{9}_{Ω/Ω_{ccc}}{\mathrm{Be}}$ nucleus,2026-09-01T08:54:08Z,2026-09-01T08:54:08Z,hep-ph,hep-ph; nucl-th,0,0,0,,,,,neighbor_topic,ctl_neighbor_standard_model,ctl_neighbor_standard_model:qcd (abstract),https://arxiv.org/abs/2609.00932v1,https://arxiv.org/pdf/2609.00932v1
0.0,-0.35,low,1.0,False,True,2609.00912v1,Radiative pion-pair production in disperon QED,2026-09-01T08:41:03Z,2026-09-01T08:41:03Z,hep-ph,hep-ph,0,0,0,,,,,generic_physics,ctl_generic_numerics,ctl_generic_numerics:monte carlo (abstract),https://arxiv.org/abs/2609.00912v1,https://arxiv.org/pdf/2609.00912v1
0.0,-0.35,low,1.0,True,True,2507.10690v3,Super natural orbital representation of many-body operators: structured non-Gaussianity and matrix product operator compression,2025-07-14T18:04:53Z,2026-09-01T08:35:25Z,cond-mat.str-el,cond-mat.str-el; quant-ph,0,0,0,,,,,generic_physics,ctl_generic_action,ctl_generic_action:hamiltonian (abstract),https://arxiv.org/abs/2507.10690v3,https://arxiv.org/pdf/2507.10690v3
0.0,-0.35,low,1.0,False,True,2609.00899v1,Direct Optimization of a 3D Finite-Source Reflector via Neural-Network Parameterization,2026-09-01T08:24:25Z,2026-09-01T08:24:25Z,physics.optics,physics.optics; cs.LG,0,0,0,,,,,nonphysics_stem,ctl_nonphysics_ml,ctl_nonphysics_ml:neural network (abstract),https://arxiv.org/abs/2609.00899v1,https://arxiv.org/pdf/2609.00899v1
0.0,-0.35,low,1.0,False,True,2609.00882v1,Reissner-Nordstrom in the Bertotti-Robinson-Bonnor-Melvin electromagnetic field,2026-09-01T08:16:25Z,2026-09-01T08:16:25Z,gr-qc,gr-qc; hep-th,0,0,0,,,,,neighbor_topic,ctl_neighbor_black_hole,ctl_neighbor_black_hole:black hole (abstract),https://arxiv.org/abs/2609.00882v1,https://arxiv.org/pdf/2609.00882v1
0.0,-0.35,low,1.0,True,True,2605.28090v2,Hall effect in multi-leg bosonic ladders,2026-05-27T07:46:13Z,2026-09-01T07:55:51Z,cond-mat.quant-gas,cond-mat.quant-gas; cond-mat.mes-hall,0,0,0,,,,,generic_physics,ctl_generic_perturbation,ctl_generic_perturbation:perturbative (abstract),https://arxiv.org/abs/2605.28090v2,https://arxiv.org/pdf/2605.28090v2
0.0,-0.35,low,1.0,True,True,2601.03591v2,Interplay of activity and non-reciprocity in tracer dynamics: From non-equilibrium fluctuation-dissipation to giant diffusion,2026-01-07T05:21:17Z,2026-09-01T07:55:08Z,cond-mat.stat-mech,cond-mat.stat-mech; cond-mat.soft; physics.bio-ph,0,0,0,,,,,generic_physics,ctl_generic_numerics,ctl_generic_numerics:numerical simulation (abstract),https://arxiv.org/abs/2601.03591v2,https://arxiv.org/pdf/2601.03591v2
0.0,-0.35,low,1.0,True,True,2608.28775v2,Radio-dust connection in quasars driven by powerful ionised outflows,2026-08-28T18:31:36Z,2026-09-01T07:31:58Z,astro-ph.GA,astro-ph.GA,0,0,0,,,,,neighbor_topic,ctl_neighbor_dark,ctl_neighbor_dark:dark energy (abstract),https://arxiv.org/abs/2608.28775v2,https://arxiv.org/pdf/2608.28775v2
0.0,-0.35,low,1.0,False,True,2609.00825v1,Quantum-Based Optimization of Gas Throughput in Natural Gas Transmission Networks Under Hydraulic Constraints Using QAOA,2026-09-01T07:26:34Z,2026-09-01T07:26:34Z,quant-ph,quant-ph,0,0,0,,,,,generic_physics,ctl_generic_action,ctl_generic_action:hamiltonian (abstract),https://arxiv.org/abs/2609.00825v1,https://arxiv.org/pdf/2609.00825v1
0.0,-0.47,low,1.35,False,True,2609.05412v1,Tracing the Cosmic Origins: Machine Learning Reconstruction of the Primordial Density Field from EoR Observations,2026-09-04T17:58:34Z,2026-09-04T17:58:34Z,astro-ph.CO,astro-ph.CO; astro-ph.IM,0,0,0,,,,,nonphysics_stem,ctl_nonphysics_ml,ctl_nonphysics_ml:machine learning (title),https://arxiv.org/abs/2609.05412v1,https://arxiv.org/pdf/2609.05412v1
0.0,-0.47,low,1.35,True,True,2603.05588v5,Radiation GRMHD Models of Accretion onto Stellar-Mass Black Holes: III. Near-Eddington Accretion,2026-03-05T19:00:01Z,2026-09-04T17:37:19Z,astro-ph.HE,astro-ph.HE,0,0,0,,,,,neighbor_topic,ctl_neighbor_black_hole,ctl_neighbor_black_hole:black hole (title),https://arxiv.org/abs/2603.05588v5,https://arxiv.org/pdf/2603.05588v5
0.0,-0.47,low,1.35,False,True,2609.05375v1,Fast Bayesian Inference for Long-Duration Gravitational-Wave Signals in 3G detectors,2026-09-04T17:26:26Z,2026-09-04T17:26:26Z,gr-qc,gr-qc; astro-ph.CO; astro-ph.IM,0,0,0,,,,,generic_physics,ctl_generic_statistics,ctl_generic_statistics:bayesian inference (title),https://arxiv.org/abs/2609.05375v1,https://arxiv.org/pdf/2609.05375v1
0.0,-0.47,low,1.35,True,True,2608.07673v2,Random Hamiltonians II: A central limit theorem and the Hofer geometry of random walks,2026-08-07T18:01:08Z,2026-09-04T16:40:08Z,math.SG,math.SG; math.DS; math.PR,0,0,0,,,,,generic_physics,ctl_generic_action,ctl_generic_action:hamiltonian (title),https://arxiv.org/abs/2608.07673v2,https://arxiv.org/pdf/2608.07673v2
0.0,-0.47,low,1.35,True,True,2604.18902v2,Energy landscape of the kagome antiferromagnet: Characterization of multiple energy scales,2026-04-20T23:05:13Z,2026-09-04T15:01:23Z,cond-mat.stat-mech,cond-mat.stat-mech; cond-mat.str-el,0,0,0,,,,,orthogonal_physics,ctl_orthogonal_magnetism,ctl_orthogonal_magnetism:antiferromagnet (title),https://arxiv.org/abs/2604.18902v2,https://arxiv.org/pdf/2604.18902v2
0.0,-0.47,low,1.35,False,True,2609.05204v1,Exothermic Dark Matter at LZ,2026-09-04T14:36:22Z,2026-09-04T14:36:22Z,hep-ph,hep-ph; hep-ex,0,0,0,,,,,neighbor_topic,ctl_neighbor_dark,ctl_neighbor_dark:dark matter (title),https://arxiv.org/abs/2609.05204v1,https://arxiv.org/pdf/2609.05204v1
0.0,-0.47,low,1.35,False,True,2609.03016v2,Strong Constraints on Line Signals from Dark Matter Annihilation in a Nearby Subhalo,2026-09-02T18:00:04Z,2026-09-04T14:34:22Z,hep-ph,hep-ph; astro-ph.HE,0,0,0,,,,,neighbor_topic,ctl_neighbor_dark,ctl_neighbor_dark:dark matter (title),https://arxiv.org/abs/2609.03016v2,https://arxiv.org/pdf/2609.03016v2
0.0,-0.47,low,1.35,False,True,2609.05192v1,Dynamical Reduction of Two Series Josephson Junctions to a Synthetic High-Transparency Josephson Element,2026-09-04T14:26:54Z,2026-09-04T14:26:54Z,cond-mat.supr-con,cond-mat.supr-con; cond-mat.mes-hall,0,0,0,,,,,orthogonal_physics,ctl_orthogonal_superconductivity,ctl_orthogonal_superconductivity:josephson junction (title),https://arxiv.org/abs/2609.05192v1,https://arxiv.org/pdf/2609.05192v1
0.0,-0.47,low,1.35,True,True,2510.07314v4,GyroSwin: 5D Surrogates for Gyrokinetic Plasma Turbulence Simulations,2025-10-08T17:59:10Z,2026-09-04T13:45:28Z,physics.plasm-ph,physics.plasm-ph; cs.AI; stat.ML,0,0,0,,,,,orthogonal_physics,ctl_orthogonal_plasma,ctl_orthogonal_plasma:plasma turbulence (title),https://arxiv.org/abs/2510.07314v4,https://arxiv.org/pdf/2510.07314v4
0.0,-0.47,low,1.35,True,True,2603.02889v2,Learning Hamiltonians for solid-state quantum simulators,2026-03-03T11:37:43Z,2026-09-04T13:45:15Z,cond-mat.mes-hall,cond-mat.mes-hall; cond-mat.dis-nn; quant-ph,0,0,0,,,,,generic_physics,ctl_generic_action,ctl_generic_action:hamiltonian (title),https://arxiv.org/abs/2603.02889v2,https://arxiv.org/pdf/2603.02889v2
0.0,-0.47,low,1.35,False,False,2609.05142v1,A note on the integrability status of a 'mysterious' case of a quadratic Hamiltonian,2026-09-04T13:41:50Z,2026-09-04T13:41:50Z,nlin.SI,nlin.SI; math-ph; nlin.CD,0,0,0,,,,,generic_physics,ctl_generic_action,ctl_generic_action:hamiltonian (title),https://arxiv.org/abs/2609.05142v1,https://arxiv.org/pdf/2609.05142v1
0.0,-0.47,low,1.35,False,True,2609.05128v1,Can isolated binaries form unequal-mass binary black-hole mergers with a high-spin primary black hole?,2026-09-04T13:28:33Z,2026-09-04T13:28:33Z,astro-ph.SR,astro-ph.SR; astro-ph.GA; astro-ph.HE,0,0,0,,,,,neighbor_topic,ctl_neighbor_black_hole,ctl_neighbor_black_hole:black hole (title),https://arxiv.org/abs/2609.05128v1,https://arxiv.org/pdf/2609.05128v1
0.0,-0.47,low,1.35,False,True,2609.05108v1,Equation of state of dense magnetized QCD matter via a robust analytic continuation,2026-09-04T12:57:35Z,2026-09-04T12:57:35Z,hep-lat,hep-lat,0,0,0,,,,,neighbor_topic,ctl_neighbor_standard_model,ctl_neighbor_standard_model:qcd (title),https://arxiv.org/abs/2609.05108v1,https://arxiv.org/pdf/2609.05108v1
0.0,-0.47,low,1.35,False,True,2609.05060v1,Impact of Data Loss in Postprocessing on Training and Inference of Quantum Neural Networks,2026-09-04T12:22:13Z,2026-09-04T12:22:13Z,quant-ph,quant-ph; cs.ET; cs.LG; physics.comp-ph,0,0,0,,,,,nonphysics_stem,ctl_nonphysics_ml,ctl_nonphysics_ml:neural network (title),https://arxiv.org/abs/2609.05060v1,https://arxiv.org/pdf/2609.05060v1
0.0,-0.47,low,1.35,False,True,2609.05015v1,Unveiling wing turbulence dynamics through explainable deep learning,2026-09-04T11:24:24Z,2026-09-04T11:24:24Z,physics.flu-dyn,physics.flu-dyn,0,0,0,,,,,nonphysics_stem,ctl_nonphysics_ml,ctl_nonphysics_ml:deep learning (title),https://arxiv.org/abs/2609.05015v1,https://arxiv.org/pdf/2609.05015v1
0.0,-0.47,low,1.35,False,True,2609.04998v1,The October 2022 flare in OJ 287 and the mass of its primary black hole,2026-09-04T11:08:50Z,2026-09-04T11:08:50Z,astro-ph.HE,astro-ph.HE,0,0,0,,,,,neighbor_topic,ctl_neighbor_black_hole,ctl_neighbor_black_hole:black hole (title),https://arxiv.org/abs/2609.04998v1,https://arxiv.org/pdf/2609.04998v1
0.0,-0.47,low,1.35,False,True,2609.01407v2,"Energy deposited by black holes in the hot X-ray gas of elliptical galaxies, groups and clusters",2026-09-01T15:28:54Z,2026-09-04T10:52:24Z,astro-ph.CO,astro-ph.CO; astro-ph.GA,0,0,0,,,,,neighbor_topic,ctl_neighbor_black_hole,ctl_neighbor_black_hole:black hole (title),https://arxiv.org/abs/2609.01407v2,https://arxiv.org/pdf/2609.01407v2
0.0,-0.47,low,1.35,False,True,2609.04896v1,Neural networks learn to reconstruct multipartite entanglement from quantum marginals,2026-09-04T08:56:02Z,2026-09-04T08:56:02Z,quant-ph,quant-ph,0,0,0,,,,,nonphysics_stem,ctl_nonphysics_ml,ctl_nonphysics_ml:neural network (title),https://arxiv.org/abs/2609.04896v1,https://arxiv.org/pdf/2609.04896v1
0.0,-0.47,low,1.35,True,True,2510.24209v2,Thermodynamic topology of black holes and an invariant of spacetime,2025-10-28T09:25:42Z,2026-09-04T08:39:45Z,gr-qc,gr-qc; hep-th,0,0,0,,,,,neighbor_topic,ctl_neighbor_black_hole,ctl_neighbor_black_hole:black hole (title),https://arxiv.org/abs/2510.24209v2,https://arxiv.org/pdf/2510.24209v2
0.0,-0.47,low,1.35,True,True,2603.11263v2,Crossover to Sachdev-Ye-Kitaev criticality in an infinite-range quantum Heisenberg spin glass,2026-03-11T19:47:11Z,2026-09-04T08:33:52Z,cond-mat.str-el,cond-mat.str-el; cond-mat.dis-nn,0,0,0,,,,,orthogonal_physics,ctl_orthogonal_magnetism,ctl_orthogonal_magnetism:spin glass (title),https://arxiv.org/abs/2603.11263v2,https://arxiv.org/pdf/2603.11263v2
0.0,-0.47,low,1.35,False,True,2609.04844v1,What is Classical Null String Theory?,2026-09-04T08:01:24Z,2026-09-04T08:01:24Z,hep-th,hep-th,0,0,0,,,,,neighbor_topic,ctl_neighbor_string,ctl_neighbor_string:string theory (title),https://arxiv.org/abs/2609.04844v1,https://arxiv.org/pdf/2609.04844v1
0.0,-0.47,low,1.35,True,True,2607.21244v2,Hubble tension: the shape wall,2026-07-23T12:08:39Z,2026-09-04T07:53:01Z,astro-ph.CO,astro-ph.CO; gr-qc; hep-ph; hep-th,0,0,0,,,,,neighbor_topic,ctl_neighbor_cosmology,ctl_neighbor_cosmology:hubble tension (title),https://arxiv.org/abs/2607.21244v2,https://arxiv.org/pdf/2607.21244v2
0.0,-0.47,low,1.35,True,True,2605.27538v2,VROOM-SBI: A Fast Simulation-Based Bayesian Inference Methodology for Stokes QU-Fitting in Radio Interferometry,2026-05-26T18:11:11Z,2026-09-04T04:22:55Z,astro-ph.IM,astro-ph.IM; astro-ph.CO; astro-ph.GA,0,0,0,,,,,generic_physics,ctl_generic_statistics,ctl_generic_statistics:bayesian inference (title),https://arxiv.org/abs/2605.27538v2,https://arxiv.org/pdf/2605.27538v2
0.0,-0.47,low,1.35,True,True,2604.21168v2,Neutron Portal and Dark Matter-Baryon Coincidence: from UV Completion to Phenomenology,2026-04-23T00:23:02Z,2026-09-04T02:20:48Z,hep-ph,hep-ph; astro-ph.CO; hep-ex,0,0,0,,,,,neighbor_topic,ctl_neighbor_dark,ctl_neighbor_dark:dark matter (title),https://arxiv.org/abs/2604.21168v2,https://arxiv.org/pdf/2604.21168v2
0.0,-0.47,low,1.35,False,True,2609.04628v1,QCD sum rule analysis of hidden strange $1^{++}$ tetraquark masses and radial excitations,2026-09-04T02:01:37Z,2026-09-04T02:01:37Z,hep-ph,hep-ph,0,0,0,,,,,neighbor_topic,ctl_neighbor_standard_model,ctl_neighbor_standard_model:qcd (title),https://arxiv.org/abs/2609.04628v1,https://arxiv.org/pdf/2609.04628v1
0.0,-0.47,low,1.35,True,True,2604.05095v2,A generic $ω_b$ tension in early-time solutions to the Hubble tension,2026-04-06T18:48:25Z,2026-09-03T23:52:26Z,astro-ph.CO,astro-ph.CO; hep-ph,0,0,0,,,,,neighbor_topic,ctl_neighbor_cosmology,ctl_neighbor_cosmology:hubble tension (title),https://arxiv.org/abs/2604.05095v2,https://arxiv.org/pdf/2604.05095v2
0.0,-0.47,low,1.35,False,True,2609.04546v1,Assessing the effect of error field penetration during plasma current ramp-up in the DIII-D tokamak,2026-09-03T23:04:51Z,2026-09-03T23:04:51Z,physics.plasm-ph,physics.plasm-ph,0,0,0,,,,,orthogonal_physics,ctl_orthogonal_plasma,ctl_orthogonal_plasma:tokamak (title),https://arxiv.org/abs/2609.04546v1,https://arxiv.org/pdf/2609.04546v1
0.0,-0.47,low,1.35,False,True,2609.04538v1,Lagrangian dynamics unveil polymer conformation in viscoelastic flows,2026-09-03T22:51:59Z,2026-09-03T22:51:59Z,physics.flu-dyn,physics.flu-dyn,0,0,0,,,,,generic_physics,ctl_generic_action,ctl_generic_action:lagrangian (title),https://arxiv.org/abs/2609.04538v1,https://arxiv.org/pdf/2609.04538v1
0.0,-0.47,low,1.35,True,True,2505.13592v2,Magnetised Bounds for Conformal Field Theories,2025-05-19T18:00:00Z,2026-09-03T22:36:00Z,hep-th,hep-th; cond-mat.str-el,0,0,0,,,,,neighbor_topic,ctl_neighbor_cft,ctl_neighbor_cft:conformal field theories (title),https://arxiv.org/abs/2505.13592v2,https://arxiv.org/pdf/2505.13592v2
0.0,-0.47,low,1.35,False,True,2609.04491v1,Preferential accretion onto eccentric and unequal binary black holes,2026-09-03T21:24:54Z,2026-09-03T21:24:54Z,astro-ph.HE,astro-ph.HE,0,0,0,,,,,neighbor_topic,ctl_neighbor_black_hole,ctl_neighbor_black_hole:black hole (title),https://arxiv.org/abs/2609.04491v1,https://arxiv.org/pdf/2609.04491v1
0.0,-0.47,low,1.35,False,True,2609.04467v1,Exact solution of the Klein-Gordon equation in a Kiselev black hole background,2026-09-03T20:50:22Z,2026-09-03T20:50:22Z,gr-qc,gr-qc,0,0,0,,,,,neighbor_topic,ctl_neighbor_black_hole,ctl_neighbor_black_hole:black hole (title),https://arxiv.org/abs/2609.04467v1,https://arxiv.org/pdf/2609.04467v1
0.0,-0.47,low,1.35,True,True,2601.20798v2,Fingerprinting superconductors by disentangling Andreev and quasiparticle currents across tunable tunnel junctions,2026-01-28T17:39:45Z,2026-09-03T19:42:50Z,cond-mat.supr-con,cond-mat.supr-con; cond-mat.mes-hall,0,0,0,,,,,orthogonal_physics,ctl_orthogonal_superconductivity,ctl_orthogonal_superconductivity:superconductor (title),https://arxiv.org/abs/2601.20798v2,https://arxiv.org/pdf/2601.20798v2
0.0,-0.47,low,1.35,False,True,2609.04419v1,Screened Scalar Hair and the Weak-Lensing Separation of Black Holes from Neutron Stars in Quadratic $f(R)$ Gravity,2026-09-03T19:37:13Z,2026-09-03T19:37:13Z,gr-qc,gr-qc,0,0,0,,,,,neighbor_topic,ctl_neighbor_black_hole,ctl_neighbor_black_hole:black hole (title),https://arxiv.org/abs/2609.04419v1,https://arxiv.org/pdf/2609.04419v1
0.0,-0.47,low,1.35,True,True,2606.30635v2,"Provable random-matrix spectral ramp in a static, geometrically local Hamiltonian",2026-06-29T17:57:57Z,2026-09-03T19:28:24Z,quant-ph,quant-ph; cond-mat.dis-nn; cond-mat.stat-mech; hep-th,0,0,0,,,,,generic_physics,ctl_generic_action,ctl_generic_action:hamiltonian (title),https://arxiv.org/abs/2606.30635v2,https://arxiv.org/pdf/2606.30635v2
0.0,-0.47,low,1.35,True,True,2606.13774v2,A note on the quantization of angular momentum for black holes,2026-06-11T18:00:00Z,2026-09-03T19:14:26Z,hep-th,hep-th; gr-qc,0,0,0,,,,,neighbor_topic,ctl_neighbor_black_hole,ctl_neighbor_black_hole:black hole (title),https://arxiv.org/abs/2606.13774v2,https://arxiv.org/pdf/2606.13774v2
0.0,-0.47,low,1.35,False,True,2609.04402v1,Search for the rare Higgs boson decay H $\to$ Z$γ$ in proton-proton collisions at $\sqrt{s}$ = 13 and 13.6 TeV,2026-09-03T19:10:00Z,2026-09-03T19:10:00Z,hep-ex,hep-ex,0,0,0,,,,,neighbor_topic,ctl_neighbor_standard_model,ctl_neighbor_standard_model:higgs boson (title),https://arxiv.org/abs/2609.04402v1,https://arxiv.org/pdf/2609.04402v1
0.0,-0.47,low,1.35,False,True,2609.04375v1,An Attractor-Repeller model of the Local Universe : The $Λ$-Szekeres spacetime and Perturbation Theory,2026-09-03T18:38:24Z,2026-09-03T18:38:24Z,gr-qc,gr-qc,0,0,0,,,,,generic_physics,ctl_generic_perturbation,ctl_generic_perturbation:perturbation theory (title),https://arxiv.org/abs/2609.04375v1,https://arxiv.org/pdf/2609.04375v1
0.0,-0.47,low,1.35,False,True,2609.04333v1,Reinterpreting Supersymmetry,2026-09-03T18:03:42Z,2026-09-03T18:03:42Z,hep-ph,hep-ph; hep-th,0,0,0,,,,,neighbor_topic,ctl_neighbor_standard_model,ctl_neighbor_standard_model:supersymmetry (title),https://arxiv.org/abs/2609.04333v1,https://arxiv.org/pdf/2609.04333v1
0.0,-0.47,low,1.35,False,True,2609.04306v1,Hadronization effects and electroweak contributions in DIS one-jettiness,2026-09-03T18:00:00Z,2026-09-03T18:00:00Z,hep-ph,hep-ph; nucl-th,0,0,0,,,,,neighbor_topic,ctl_neighbor_standard_model,ctl_neighbor_standard_model:electroweak (title),https://arxiv.org/abs/2609.04306v1,https://arxiv.org/pdf/2609.04306v1
0.0,-0.47,low,1.35,False,True,2609.04191v1,Baby-universe state dependence of the wormhole-induced gravi-axion mass gap,2026-09-03T17:59:02Z,2026-09-03T17:59:02Z,hep-th,hep-th,0,0,0,,,,,neighbor_topic,ctl_neighbor_dark,ctl_neighbor_dark:axion (title),https://arxiv.org/abs/2609.04191v1,https://arxiv.org/pdf/2609.04191v1
0.0,-0.47,low,1.35,False,True,2609.04187v1,Wavefunctions for Anyon Superconductors,2026-09-03T17:58:33Z,2026-09-03T17:58:33Z,cond-mat.str-el,cond-mat.str-el; cond-mat.mes-hall; cond-mat.supr-con,0,0,0,,,,,orthogonal_physics,ctl_orthogonal_superconductivity,ctl_orthogonal_superconductivity:superconductor (title),https://arxiv.org/abs/2609.04187v1,https://arxiv.org/pdf/2609.04187v1
0.0,-0.47,low,1.35,False,True,2609.04186v1,Axion Portal Dark Matter and the LUX-ZEPLIN High-Recoil Event,2026-09-03T17:58:28Z,2026-09-03T17:58:28Z,hep-ph,hep-ph,0,0,0,,,,,neighbor_topic,ctl_neighbor_dark,ctl_neighbor_dark:dark matter (title),https://arxiv.org/abs/2609.04186v1,https://arxiv.org/pdf/2609.04186v1
0.0,-0.47,low,1.35,False,True,2609.04181v1,Seasonal dark matter from the LUX-ZEPLIN high-energy event,2026-09-03T17:57:20Z,2026-09-03T17:57:20Z,hep-ph,hep-ph,0,0,0,,,,,neighbor_topic,ctl_neighbor_dark,ctl_neighbor_dark:dark matter (title),https://arxiv.org/abs/2609.04181v1,https://arxiv.org/pdf/2609.04181v1
0.0,-0.47,low,1.35,True,True,2511.05659v2,On square-zero elements in the IIB supersymmetry algebra,2025-11-07T19:00:05Z,2026-09-03T17:21:59Z,math-ph,math-ph; hep-th; math.AG,0,0,0,,,,,neighbor_topic,ctl_neighbor_standard_model,ctl_neighbor_standard_model:supersymmetry (title),https://arxiv.org/abs/2511.05659v2,https://arxiv.org/pdf/2511.05659v2
0.0,-0.47,low,1.35,False,True,2609.04112v1,Consistency between cosmological and standard siren observations in evolving dark energy,2026-09-03T17:15:13Z,2026-09-03T17:15:13Z,astro-ph.CO,astro-ph.CO; gr-qc,0,0,0,,,,,neighbor_topic,ctl_neighbor_dark,ctl_neighbor_dark:dark energy (title),https://arxiv.org/abs/2609.04112v1,https://arxiv.org/pdf/2609.04112v1
0.0,-0.47,low,1.35,False,True,2609.04107v1,The growth of $SO(9)$ super-representations in Type II string theory,2026-09-03T17:14:19Z,2026-09-03T17:14:19Z,hep-th,hep-th,0,0,0,,,,,neighbor_topic,ctl_neighbor_string,ctl_neighbor_string:string theory (title),https://arxiv.org/abs/2609.04107v1,https://arxiv.org/pdf/2609.04107v1
0.0,-0.47,low,1.35,False,True,2609.04104v1,Gravitationally Induced Entanglement Across an Event Horizon,2026-09-03T17:09:41Z,2026-09-03T17:09:41Z,quant-ph,quant-ph; gr-qc,0,0,0,,,,,neighbor_topic,ctl_neighbor_black_hole,ctl_neighbor_black_hole:event horizon (title),https://arxiv.org/abs/2609.04104v1,https://arxiv.org/pdf/2609.04104v1
0.0,-0.47,low,1.35,False,True,2609.04091v1,Effective Hamiltonian description on monitored Majorana chains: correlated power-law hoppings and unconventional entanglement scaling,2026-09-03T17:00:44Z,2026-09-03T17:00:44Z,cond-mat.stat-mech,cond-mat.stat-mech; cond-mat.dis-nn; quant-ph,0,0,0,,,,,generic_physics,ctl_generic_action,ctl_generic_action:hamiltonian (title),https://arxiv.org/abs/2609.04091v1,https://arxiv.org/pdf/2609.04091v1
0.0,-0.47,low,1.35,False,True,2609.04077v1,Absolute Motion of the Infrared Counterpart to Sagittarius A* in the Gaia Celestial Reference Frame 3 and Limits on an Intermediate-mass Black Hole Companion,2026-09-03T16:46:37Z,2026-09-03T16:46:37Z,astro-ph.GA,astro-ph.GA; astro-ph.IM,0,0,0,,,,,neighbor_topic,ctl_neighbor_black_hole,ctl_neighbor_black_hole:black hole (title),https://arxiv.org/abs/2609.04077v1,https://arxiv.org/pdf/2609.04077v1
0.0,-0.47,low,1.35,False,True,2609.04060v1,A simple derivation of the zero-temperature BCS functional from the reduced BCS Hamiltonian,2026-09-03T16:35:34Z,2026-09-03T16:35:34Z,math-ph,math-ph; cond-mat.supr-con,0,0,0,,,,,generic_physics,ctl_generic_action,ctl_generic_action:hamiltonian (title),https://arxiv.org/abs/2609.04060v1,https://arxiv.org/pdf/2609.04060v1
0.0,-0.47,low,1.35,True,True,2603.06806v3,Higher-order hadronic vacuum polarization contribution to the muon $g-2$ from lattice QCD,2026-03-06T19:14:47Z,2026-09-03T15:57:57Z,hep-lat,hep-lat; hep-ph,0,0,0,,,,,neighbor_topic,ctl_neighbor_standard_model,ctl_neighbor_standard_model:qcd (title),https://arxiv.org/abs/2603.06806v3,https://arxiv.org/pdf/2603.06806v3
0.0,-0.47,low,1.35,True,False,2512.03970v2,Non-radiative energy transfer between boron vacancies in hexagonal boron nitride and other 2D materials,2025-12-03T17:02:07Z,2026-09-03T15:24:41Z,cond-mat.mtrl-sci,cond-mat.mtrl-sci; cond-mat.mes-hall; quant-ph,0,0,0,,,,,orthogonal_physics,ctl_orthogonal_materials,ctl_orthogonal_materials:2d material (title),https://arxiv.org/abs/2512.03970v2,https://arxiv.org/pdf/2512.03970v2
0.0,-0.47,low,1.35,True,True,2604.05492v2,Remnant recoil and host environments of GWTC-4.0 binary black-hole mergers,2026-04-07T06:34:33Z,2026-09-03T15:23:56Z,astro-ph.HE,astro-ph.HE; gr-qc,0,0,0,,,,,neighbor_topic,ctl_neighbor_black_hole,ctl_neighbor_black_hole:black-hole (title),https://arxiv.org/abs/2604.05492v2,https://arxiv.org/pdf/2604.05492v2
0.0,-0.47,low,1.35,False,True,2609.03983v1,Black holes in alternative theories of gravity,2026-09-03T15:18:58Z,2026-09-03T15:18:58Z,gr-qc,gr-qc,0,0,0,,,,,neighbor_topic,ctl_neighbor_black_hole,ctl_neighbor_black_hole:black hole (title),https://arxiv.org/abs/2609.03983v1,https://arxiv.org/pdf/2609.03983v1
0.0,-0.47,low,1.35,False,True,2609.04296v1,"Dark matter glueball candidate from a $G(2)$--$E_6$--$E_7$ exceptional grand unified theory: $G$-parity, spin, mass and stability",2026-09-03T15:01:22Z,2026-09-03T15:01:22Z,hep-ph,hep-ph; hep-th,0,0,0,,,,,neighbor_topic,ctl_neighbor_dark,ctl_neighbor_dark:dark matter (title),https://arxiv.org/abs/2609.04296v1,https://arxiv.org/pdf/2609.04296v1
0.0,-0.47,low,1.35,False,True,2609.03964v1,Ultra-compact twin stars with hybrid equations of state from bosonic dark matter,2026-09-03T14:58:22Z,2026-09-03T14:58:22Z,astro-ph.HE,astro-ph.HE; hep-ph; nucl-th,0,0,0,,,,,neighbor_topic,ctl_neighbor_dark,ctl_neighbor_dark:dark matter (title),https://arxiv.org/abs/2609.03964v1,https://arxiv.org/pdf/2609.03964v1
0.0,-0.47,low,1.35,True,True,2511.08580v2,Exploring the Impact of Systematic Bias in Type Ia Supernova Cosmology Across Diverse Dark Energy Parametrizations,2025-11-11T18:57:39Z,2026-09-03T14:47:31Z,astro-ph.CO,astro-ph.CO; gr-qc,0,0,0,,,,,neighbor_topic,ctl_neighbor_dark,ctl_neighbor_dark:dark energy (title),https://arxiv.org/abs/2511.08580v2,https://arxiv.org/pdf/2511.08580v2
0.0,-0.47,low,1.35,True,True,2510.15027v2,Topological Order Without Band Topology in Moiré Graphene,2025-10-16T18:00:00Z,2026-09-03T14:26:56Z,cond-mat.mes-hall,cond-mat.mes-hall; cond-mat.str-el,0,0,0,,,,,orthogonal_physics,ctl_orthogonal_materials,ctl_orthogonal_materials:graphene (title),https://arxiv.org/abs/2510.15027v2,https://arxiv.org/pdf/2510.15027v2
0.0,-0.47,low,1.35,True,True,2608.13206v2,Long-term 3+1 simulations of primordial black hole formation during radiation domination,2026-08-13T13:08:52Z,2026-09-03T14:03:26Z,gr-qc,gr-qc; astro-ph.CO; hep-ph,0,0,0,,,,,neighbor_topic,ctl_neighbor_black_hole,ctl_neighbor_black_hole:black hole (title),https://arxiv.org/abs/2608.13206v2,https://arxiv.org/pdf/2608.13206v2
0.0,-0.47,low,1.35,True,True,2604.02164v4,Echoes of a hairy black hole from gravitational decoupling,2026-04-02T15:30:54Z,2026-09-03T13:50:57Z,gr-qc,gr-qc,0,0,0,,,,,neighbor_topic,ctl_neighbor_black_hole,ctl_neighbor_black_hole:black hole (title),https://arxiv.org/abs/2604.02164v4,https://arxiv.org/pdf/2604.02164v4
0.0,-0.47,low,1.35,True,True,2607.09406v2,"Scalar fields, impurities and supersymmetry",2026-07-10T13:38:30Z,2026-09-03T13:04:03Z,hep-th,hep-th; math-ph,0,0,0,,,,,neighbor_topic,ctl_neighbor_standard_model,ctl_neighbor_standard_model:supersymmetry (title),https://arxiv.org/abs/2607.09406v2,https://arxiv.org/pdf/2607.09406v2
0.0,-0.47,low,1.35,False,True,2609.02608v2,Dark Matter at the Kinematic Edge: Interpreting the 248 keV LZ Nuclear-Recoil Candidate,2026-09-02T13:50:18Z,2026-09-03T12:51:19Z,hep-ph,hep-ph; astro-ph.HE; hep-th,0,0,0,,,,,neighbor_topic,ctl_neighbor_dark,ctl_neighbor_dark:dark matter (title),https://arxiv.org/abs/2609.02608v2,https://arxiv.org/pdf/2609.02608v2
0.0,-0.47,low,1.35,True,True,2603.05826v2,Exact one-loop QED actions in global $\mathrm{(A)dS}_2$,2026-03-06T02:20:48Z,2026-09-03T12:29:59Z,hep-th,hep-th; gr-qc,0,0,0,,,,,generic_physics,ctl_generic_perturbation,ctl_generic_perturbation:one-loop (title),https://arxiv.org/abs/2603.05826v2,https://arxiv.org/pdf/2603.05826v2
0.0,-0.47,low,1.35,False,True,2609.03714v1,The Physics of the Nebular Phase in Black Hole X-ray Binaries: Modelling V404 Cygni,2026-09-03T11:50:39Z,2026-09-03T11:50:39Z,astro-ph.HE,astro-ph.HE,0,0,0,,,,,neighbor_topic,ctl_neighbor_black_hole,ctl_neighbor_black_hole:black hole (title),https://arxiv.org/abs/2609.03714v1,https://arxiv.org/pdf/2609.03714v1
0.0,-0.47,low,1.35,False,True,2609.03701v1,Rapid Growth of Intermediate-Mass Black Holes through Disk-induced Stellar DisruptionsRapid Growth of Intermediate-Mass Black Holes through Disk-induced Stellar Disruptions,2026-09-03T11:39:22Z,2026-09-03T11:39:22Z,astro-ph.GA,astro-ph.GA; astro-ph.HE,0,0,0,,,,,neighbor_topic,ctl_neighbor_black_hole,ctl_neighbor_black_hole:black hole (title),https://arxiv.org/abs/2609.03701v1,https://arxiv.org/pdf/2609.03701v1
0.0,-0.47,low,1.35,False,True,2609.03679v1,Weak-coupling theory of half-metals and other fractional metallic phases in biased doped Bernal bilayer graphene,2026-09-03T11:17:16Z,2026-09-03T11:17:16Z,cond-mat.mes-hall,cond-mat.mes-hall,0,0,0,,,,,orthogonal_physics,ctl_orthogonal_materials,ctl_orthogonal_materials:graphene (title),https://arxiv.org/abs/2609.03679v1,https://arxiv.org/pdf/2609.03679v1
0.0,-0.47,low,1.35,False,True,2609.03650v1,Low-Frequency Charge Noise in Bilayer Graphene Quantum Dots,2026-09-03T10:49:50Z,2026-09-03T10:49:50Z,cond-mat.mes-hall,cond-mat.mes-hall; quant-ph,0,0,0,,,,,orthogonal_physics,ctl_orthogonal_materials,ctl_orthogonal_materials:graphene (title),https://arxiv.org/abs/2609.03650v1,https://arxiv.org/pdf/2609.03650v1
0.0,-0.47,low,1.35,False,True,2609.03642v1,Machine learning-assisted design and explainable optimization of CdSnP2-based integrated solar-photodetector devices,2026-09-03T10:44:17Z,2026-09-03T10:44:17Z,physics.optics,physics.optics,0,0,0,,,,,nonphysics_stem,ctl_nonphysics_ml,ctl_nonphysics_ml:machine learning (title),https://arxiv.org/abs/2609.03642v1,https://arxiv.org/pdf/2609.03642v1
0.0,-0.47,low,1.35,False,True,2609.03627v1,Pseudospectral Methods and Critical Phenomena,2026-09-03T10:16:55Z,2026-09-03T10:16:55Z,cond-mat.soft,cond-mat.soft,0,0,0,,,,,orthogonal_physics,ctl_orthogonal_quantum_critical,ctl_orthogonal_quantum_critical:critical phenomena (title),https://arxiv.org/abs/2609.03627v1,https://arxiv.org/pdf/2609.03627v1
0.0,-0.47,low,1.35,False,True,2609.03625v1,Quantum Quasi-Monte Carlo: a window for pre-asymptotic quantum advantage,2026-09-03T10:14:50Z,2026-09-03T10:14:50Z,quant-ph,quant-ph; physics.comp-ph,0,0,0,,,,,generic_physics,ctl_generic_numerics,ctl_generic_numerics:monte carlo (title),https://arxiv.org/abs/2609.03625v1,https://arxiv.org/pdf/2609.03625v1
0.0,-0.47,low,1.35,False,True,2609.03624v1,NuSTAR View of the 2025 Mini-Outburst of the Black Hole X-ray Binary GRS 1739-278: Spectral and Timing Evolution in the Soft State,2026-09-03T10:14:22Z,2026-09-03T10:14:22Z,astro-ph.HE,astro-ph.HE,0,0,0,,,,,neighbor_topic,ctl_neighbor_black_hole,ctl_neighbor_black_hole:black hole (title),https://arxiv.org/abs/2609.03624v1,https://arxiv.org/pdf/2609.03624v1
0.0,-0.47,low,1.35,True,True,2503.01719v4,On the Hauptvermutung of Causal Set Theory,2025-03-03T16:33:49Z,2026-09-03T09:58:21Z,math.DG,math.DG,0,0,0,,,,,neighbor_topic,ctl_neighbor_quantum_gravity,ctl_neighbor_quantum_gravity:causal set (title),https://arxiv.org/abs/2503.01719v4,https://arxiv.org/pdf/2503.01719v4
0.0,-0.47,low,1.35,True,True,2605.17876v2,Minimal Lagrangian surfaces in the two-dimensional complex hyperbolic quadric via the loop group method,2026-05-18T05:37:29Z,2026-09-03T09:31:25Z,math.DG,math.DG,0,0,0,,,,,generic_physics,ctl_generic_action,ctl_generic_action:lagrangian (title),https://arxiv.org/abs/2605.17876v2,https://arxiv.org/pdf/2605.17876v2
0.0,-0.47,low,1.35,False,True,2609.03570v1,Low stray-field ion pump configuration for cold atom experiments,2026-09-03T09:19:10Z,2026-09-03T09:19:10Z,physics.atom-ph,physics.atom-ph; physics.ins-det,0,0,0,,,,,orthogonal_physics,ctl_orthogonal_atomic,ctl_orthogonal_atomic:cold atom (title),https://arxiv.org/abs/2609.03570v1,https://arxiv.org/pdf/2609.03570v1
0.0,-0.47,low,1.35,True,True,2601.14878v4,Altermagnets versus Antiferromagnets,2026-01-21T11:07:12Z,2026-09-03T09:18:59Z,cond-mat.str-el,cond-mat.str-el,0,0,0,,,,,orthogonal_physics,ctl_orthogonal_magnetism,ctl_orthogonal_magnetism:antiferromagnet (title),https://arxiv.org/abs/2601.14878v4,https://arxiv.org/pdf/2601.14878v4
0.0,-0.47,low,1.35,False,True,2609.03550v1,$X$-dispersionless solver for electromagnetic and axion fields in a cylindrical particle-in-cell code,2026-09-03T08:52:04Z,2026-09-03T08:52:04Z,physics.plasm-ph,physics.plasm-ph,0,0,0,,,,,neighbor_topic,ctl_neighbor_dark,ctl_neighbor_dark:axion (title),https://arxiv.org/abs/2609.03550v1,https://arxiv.org/pdf/2609.03550v1
0.0,-0.47,low,1.35,True,True,2604.05580v3,The Sinking Statistics of Dark Matter Subhalos Across Hierarchical Levels,2026-04-07T08:20:11Z,2026-09-03T08:47:11Z,astro-ph.GA,astro-ph.GA,0,0,0,,,,,neighbor_topic,ctl_neighbor_dark,ctl_neighbor_dark:dark matter (title),https://arxiv.org/abs/2604.05580v3,https://arxiv.org/pdf/2604.05580v3
0.0,-0.47,low,1.35,False,True,2609.03545v1,Influence of configuration-interaction on isospin impurities and isospin symmetry breaking corrections to superallowed $0^+\rightarrow 0^+$ beta decays,2026-09-03T08:43:11Z,2026-09-03T08:43:11Z,nucl-th,nucl-th,0,0,0,,,,,generic_physics,ctl_generic_symmetry,ctl_generic_symmetry:symmetry breaking (title),https://arxiv.org/abs/2609.03545v1,https://arxiv.org/pdf/2609.03545v1
0.0,-0.47,low,1.35,True,True,2405.21029v3,Table-top nanodiamond interferometer enabling quantum gravity tests,2024-05-31T17:20:59Z,2026-09-03T07:45:29Z,quant-ph,quant-ph,0,0,0,,,,,neighbor_topic,ctl_neighbor_quantum_gravity,ctl_neighbor_quantum_gravity:quantum gravity (title),https://arxiv.org/abs/2405.21029v3,https://arxiv.org/pdf/2405.21029v3
0.0,-0.47,low,1.35,False,True,2609.03477v1,Dynamical Selection of Horizon-BMS Goldstone Modes in Evaporating Black Holes,2026-09-03T07:34:51Z,2026-09-03T07:34:51Z,gr-qc,gr-qc,0,0,0,,,,,neighbor_topic,ctl_neighbor_black_hole,ctl_neighbor_black_hole:black hole (title),https://arxiv.org/abs/2609.03477v1,https://arxiv.org/pdf/2609.03477v1
0.0,-0.47,low,1.35,False,True,2609.03476v1,Built-In Electric Field Modulation of Spontaneous Magnetism and Thermospin Transport in Boron-Nitrogen Doped Zigzag Graphene Nanoribbons,2026-09-03T07:34:03Z,2026-09-03T07:34:03Z,cond-mat.mes-hall,cond-mat.mes-hall,0,0,0,,,,,orthogonal_physics,ctl_orthogonal_materials,ctl_orthogonal_materials:graphene (title),https://arxiv.org/abs/2609.03476v1,https://arxiv.org/pdf/2609.03476v1
0.0,-0.47,low,1.35,False,True,2609.03434v1,CGC-py: A Monte Carlo Event Generator for Gluon Saturation Physics,2026-09-03T06:45:41Z,2026-09-03T06:45:41Z,hep-ph,hep-ph; hep-ex; nucl-ex; nucl-th,0,0,0,,,,,generic_physics,ctl_generic_numerics,ctl_generic_numerics:monte carlo (title),https://arxiv.org/abs/2609.03434v1,https://arxiv.org/pdf/2609.03434v1
0.0,-0.47,low,1.35,True,True,2607.09288v2,Diffusion Monte Carlo study of deuteron-like fully light hexaquarks,2026-07-10T11:02:43Z,2026-09-03T06:42:54Z,hep-ph,hep-ph; hep-ex; hep-lat; nucl-ex; nucl-th,0,0,0,,,,,generic_physics,ctl_generic_numerics,ctl_generic_numerics:monte carlo (title),https://arxiv.org/abs/2607.09288v2,https://arxiv.org/pdf/2607.09288v2
0.0,-0.47,low,1.35,False,True,2609.03417v1,Reconstruction of Shower-like Events in NEON Using Likelihood and Graph Neural Network Methods,2026-09-03T06:24:35Z,2026-09-03T06:24:35Z,astro-ph.IM,astro-ph.IM; hep-ex,0,0,0,,,,,nonphysics_stem,ctl_nonphysics_ml,ctl_nonphysics_ml:neural network (title),https://arxiv.org/abs/2609.03417v1,https://arxiv.org/pdf/2609.03417v1
0.0,-0.47,low,1.35,False,True,2609.03408v1,Search for intranight optical variability in a large sample of intermediate-mass black holes,2026-09-03T06:07:10Z,2026-09-03T06:07:10Z,astro-ph.GA,astro-ph.GA,0,0,0,,,,,neighbor_topic,ctl_neighbor_black_hole,ctl_neighbor_black_hole:black hole (title),https://arxiv.org/abs/2609.03408v1,https://arxiv.org/pdf/2609.03408v1
0.0,-0.47,low,1.35,True,True,2503.07333v2,Photonic Mode Description of the Jaynes-Cummings Hamiltonian States,2025-03-10T13:48:25Z,2026-09-03T05:33:13Z,quant-ph,quant-ph; cond-mat.mes-hall,0,0,0,,,,,generic_physics,ctl_generic_action,ctl_generic_action:hamiltonian (title),https://arxiv.org/abs/2503.07333v2,https://arxiv.org/pdf/2503.07333v2
0.0,-0.47,low,1.35,False,True,2609.02681v2,Multiwavelength View of Black Hole X-ray Binary Swift J151857.0-572147,2026-09-02T14:50:39Z,2026-09-03T05:30:33Z,astro-ph.HE,astro-ph.HE,0,0,0,,,,,neighbor_topic,ctl_neighbor_black_hole,ctl_neighbor_black_hole:black hole (title),https://arxiv.org/abs/2609.02681v2,https://arxiv.org/pdf/2609.02681v2
0.0,-0.47,low,1.35,True,True,2511.22689v2,Zooming in on `bi-large' neutrino mixing with the first JUNO results,2025-11-27T18:44:37Z,2026-09-03T04:57:45Z,hep-ph,hep-ph,0,0,0,,,,,neighbor_topic,ctl_neighbor_neutrino,ctl_neighbor_neutrino:neutrino mixing (title),https://arxiv.org/abs/2511.22689v2,https://arxiv.org/pdf/2511.22689v2
0.0,-0.47,low,1.35,False,True,2609.03312v1,Statistical Symmetry Breaking and Emergent Colored Noise in a Stochastic Scalar-Doublet Field Theory,2026-09-03T03:04:48Z,2026-09-03T03:04:48Z,hep-ph,hep-ph,0,0,0,,,,,generic_physics,ctl_generic_symmetry,ctl_generic_symmetry:symmetry breaking (title),https://arxiv.org/abs/2609.03312v1,https://arxiv.org/pdf/2609.03312v1
0.0,-0.47,low,1.35,True,True,2607.09116v2,Climbing the $N$-point Ladder Part I: Information in the Higher-Order Configuration-Space Clustering of Dark Matter Halos,2026-07-10T06:01:34Z,2026-09-03T02:48:25Z,astro-ph.CO,astro-ph.CO,0,0,0,,,,,neighbor_topic,ctl_neighbor_dark,ctl_neighbor_dark:dark matter (title),https://arxiv.org/abs/2607.09116v2,https://arxiv.org/pdf/2607.09116v2
0.0,-0.47,low,1.35,False,True,2609.02066v2,Collective Onset of Matter-Induced Scalarization around a Black Hole with Two Thin Shells,2026-09-02T03:47:38Z,2026-09-03T02:19:07Z,gr-qc,gr-qc,0,0,0,,,,,neighbor_topic,ctl_neighbor_black_hole,ctl_neighbor_black_hole:black hole (title),https://arxiv.org/abs/2609.02066v2,https://arxiv.org/pdf/2609.02066v2
0.0,-0.47,low,1.35,False,True,2609.03240v1,Quantum Complexity in Nuclear Scattering and Fission Dynamics,2026-09-03T00:46:17Z,2026-09-03T00:46:17Z,quant-ph,quant-ph; nucl-th,0,0,0,,,,,orthogonal_physics,ctl_orthogonal_nuclear,ctl_orthogonal_nuclear:fission (title),https://arxiv.org/abs/2609.03240v1,https://arxiv.org/pdf/2609.03240v1
0.0,-0.47,low,1.35,False,True,2609.03220v1,Discretization-Aware Fine-Tuning for Quantum Machine Learning with Chemical Foundation Models,2026-09-02T23:36:29Z,2026-09-02T23:36:29Z,quant-ph,quant-ph,0,0,0,,,,,nonphysics_stem,ctl_nonphysics_ml,ctl_nonphysics_ml:machine learning (title),https://arxiv.org/abs/2609.03220v1,https://arxiv.org/pdf/2609.03220v1
0.0,-0.47,low,1.35,False,True,2609.03140v1,"Thermal and non-thermal emission from supermassive black hole circumbinary disks: Disks, Coronae, Streams, and Cavities",2026-09-02T20:24:37Z,2026-09-02T20:24:37Z,astro-ph.HE,astro-ph.HE,0,0,0,,,,,neighbor_topic,ctl_neighbor_black_hole,ctl_neighbor_black_hole:black hole (title),https://arxiv.org/abs/2609.03140v1,https://arxiv.org/pdf/2609.03140v1
0.0,-0.47,low,1.35,True,True,2303.17656v2,Quasiperiodicity-induced enhancement of superconductivity in one-dimensional critical systems,2023-03-30T18:37:53Z,2026-09-02T20:12:10Z,cond-mat.supr-con,cond-mat.supr-con; cond-mat.dis-nn,0,0,0,,,,,orthogonal_physics,ctl_orthogonal_superconductivity,ctl_orthogonal_superconductivity:superconductivity (title),https://arxiv.org/abs/2303.17656v2,https://arxiv.org/pdf/2303.17656v2
0.0,-0.47,low,1.35,True,True,2607.17608v3,The next-to-next-to-leading order BFKL eigenvalue at odd conformal spin in planar N=4 super Yang-Mills,2026-07-20T06:56:37Z,2026-09-02T19:01:20Z,hep-th,hep-th; hep-ph,0,0,0,,,,,neighbor_topic,ctl_neighbor_standard_model,ctl_neighbor_standard_model:yang-mills (title),https://arxiv.org/abs/2607.17608v3,https://arxiv.org/pdf/2607.17608v3
0.0,-0.47,low,1.35,True,True,2607.17613v3,"The next-to-next-to-leading order BFKL eigenvalue at odd conformal spin in planar N=4 super Yang-Mills: a reconstructed closed form, coefficient structure, and arithmetic",2026-07-20T07:02:49Z,2026-09-02T18:54:15Z,hep-th,hep-th,0,0,0,,,,,neighbor_topic,ctl_neighbor_standard_model,ctl_neighbor_standard_model:yang-mills (title),https://arxiv.org/abs/2607.17613v3,https://arxiv.org/pdf/2607.17613v3
0.0,-0.47,low,1.35,False,True,2609.03075v1,Orbital current rectifier and linear magnon Edelstein effect in $p$-wave antialtermagnets,2026-09-02T18:44:50Z,2026-09-02T18:44:50Z,cond-mat.str-el,cond-mat.str-el; cond-mat.stat-mech,0,0,0,,,,,orthogonal_physics,ctl_orthogonal_magnetism,ctl_orthogonal_magnetism:magnon (title),https://arxiv.org/abs/2609.03075v1,https://arxiv.org/pdf/2609.03075v1
0.0,-0.47,low,1.35,False,True,2609.03051v1,Beyond isolated curvature peaks: collective collapse and multiple Primordial Black Hole formation,2026-09-02T18:25:23Z,2026-09-02T18:25:23Z,astro-ph.CO,astro-ph.CO; gr-qc; hep-ph,0,0,0,,,,,neighbor_topic,ctl_neighbor_black_hole,ctl_neighbor_black_hole:black hole (title),https://arxiv.org/abs/2609.03051v1,https://arxiv.org/pdf/2609.03051v1
0.0,-0.47,low,1.35,False,True,2609.03045v1,Robust Hamiltonian engineering with subensemble control,2026-09-02T18:17:41Z,2026-09-02T18:17:41Z,quant-ph,quant-ph; cond-mat.quant-gas,0,0,0,,,,,generic_physics,ctl_generic_action,ctl_generic_action:hamiltonian (title),https://arxiv.org/abs/2609.03045v1,https://arxiv.org/pdf/2609.03045v1
0.0,-0.47,low,1.35,False,True,2609.03012v1,Universal CMB Phase Coherence from Single-Field Inflation,2026-09-02T18:00:02Z,2026-09-02T18:00:02Z,astro-ph.CO,astro-ph.CO; gr-qc; hep-th,0,0,0,,,,,neighbor_topic,ctl_neighbor_cosmology,ctl_neighbor_cosmology:inflation (title),https://arxiv.org/abs/2609.03012v1,https://arxiv.org/pdf/2609.03012v1
0.0,-0.47,low,1.35,False,True,2609.03004v1,Benchmarking Machine Learning Emulators of Stellar Evolution for Precision Asteroseismology,2026-09-02T18:00:01Z,2026-09-02T18:00:01Z,astro-ph.SR,astro-ph.SR,0,0,0,,,,,nonphysics_stem,ctl_nonphysics_ml,ctl_nonphysics_ml:machine learning (title),https://arxiv.org/abs/2609.03004v1,https://arxiv.org/pdf/2609.03004v1
0.0,-0.47,low,1.35,True,True,2608.24997v2,Anti-Ultralocality and Plateau Models of Inflation,2026-08-25T18:00:02Z,2026-09-02T17:14:31Z,gr-qc,gr-qc; hep-th,0,0,0,,,,,neighbor_topic,ctl_neighbor_cosmology,ctl_neighbor_cosmology:inflation (title),https://arxiv.org/abs/2608.24997v2,https://arxiv.org/pdf/2608.24997v2
0.0,-0.47,low,1.35,False,True,2609.02828v1,Effective Sub-Quantum Readout for Non-Monochromatic Axion Signals in High-$Q$ Haloscopes,2026-09-02T17:13:44Z,2026-09-02T17:13:44Z,hep-ex,hep-ex; quant-ph,0,0,0,,,,,neighbor_topic,ctl_neighbor_dark,ctl_neighbor_dark:axion (title),https://arxiv.org/abs/2609.02828v1,https://arxiv.org/pdf/2609.02828v1
0.0,-0.47,low,1.35,False,True,2609.02816v1,Zero-damped modes of near-extremal Reissner--Nordström black holes from exact WKB,2026-09-02T17:01:18Z,2026-09-02T17:01:18Z,hep-th,hep-th; gr-qc; hep-ph; math-ph,0,0,0,,,,,neighbor_topic,ctl_neighbor_black_hole,ctl_neighbor_black_hole:black hole (title),https://arxiv.org/abs/2609.02816v1,https://arxiv.org/pdf/2609.02816v1
0.0,-0.47,low,1.35,False,True,2609.02995v1,Direct Validation of Superconductivity through Contact-Free Detection of Persistent Supercurrents Using Room-Temperature Quantum Magnetometry,2026-09-02T16:34:48Z,2026-09-02T16:34:48Z,cond-mat.supr-con,cond-mat.supr-con,0,0,0,,,,,orthogonal_physics,ctl_orthogonal_superconductivity,ctl_orthogonal_superconductivity:superconductivity (title),https://arxiv.org/abs/2609.02995v1,https://arxiv.org/pdf/2609.02995v1
0.0,-0.47,low,1.35,False,True,2609.02775v1,Strong Constraints on Higgsino Dark Matter from Solar Capture,2026-09-02T16:11:46Z,2026-09-02T16:11:46Z,hep-ph,hep-ph; astro-ph.CO; hep-ex,0,0,0,,,,,neighbor_topic,ctl_neighbor_dark,ctl_neighbor_dark:dark matter (title),https://arxiv.org/abs/2609.02775v1,https://arxiv.org/pdf/2609.02775v1
0.0,-0.47,low,1.35,False,True,2609.02761v1,Next-to-leading order QCD corrections to fully charm tetraquark hadronic decay,2026-09-02T16:01:07Z,2026-09-02T16:01:07Z,hep-ph,hep-ph,0,0,0,,,,,neighbor_topic,ctl_neighbor_standard_model,ctl_neighbor_standard_model:qcd (title),https://arxiv.org/abs/2609.02761v1,https://arxiv.org/pdf/2609.02761v1
0.0,-0.47,low,1.35,True,True,2606.27241v2,"Characteristic Lightcone Sources in SO(1,3) Yang-Mills Theory",2026-06-25T16:28:26Z,2026-09-02T15:59:48Z,hep-th,hep-th,0,0,0,,,,,neighbor_topic,ctl_neighbor_standard_model,ctl_neighbor_standard_model:yang-mills (title),https://arxiv.org/abs/2606.27241v2,https://arxiv.org/pdf/2606.27241v2
0.0,-0.47,low,1.35,False,False,2609.02759v1,Magnetoelectric Phase Transition and Axion Dynamics,2026-09-02T15:59:34Z,2026-09-02T15:59:34Z,cond-mat.other,cond-mat.other; hep-ph,0,0,0,,,,,neighbor_topic,ctl_neighbor_dark,ctl_neighbor_dark:axion (title),https://arxiv.org/abs/2609.02759v1,https://arxiv.org/pdf/2609.02759v1
0.0,-0.47,low,1.35,False,True,2609.02758v1,Next-to-Leading-Order Multi-Jet Merging of Higgs Boson Production via Vector Boson Fusion in the Presence of Anomalous Couplings,2026-09-02T15:58:19Z,2026-09-02T15:58:19Z,hep-ph,hep-ph,0,0,0,,,,,neighbor_topic,ctl_neighbor_standard_model,ctl_neighbor_standard_model:higgs boson (title),https://arxiv.org/abs/2609.02758v1,https://arxiv.org/pdf/2609.02758v1
0.0,-0.47,low,1.35,False,True,2609.02742v1,An Exact Engine for Black-Hole Jets,2026-09-02T15:47:06Z,2026-09-02T15:47:06Z,astro-ph.HE,astro-ph.HE; gr-qc,0,0,0,,,,,neighbor_topic,ctl_neighbor_black_hole,ctl_neighbor_black_hole:black-hole (title),https://arxiv.org/abs/2609.02742v1,https://arxiv.org/pdf/2609.02742v1
0.0,-0.47,low,1.35,True,True,2410.14547v3,One-shot distillation with constant overhead using catalysts,2024-10-18T15:41:52Z,2026-09-02T15:18:17Z,quant-ph,quant-ph; cs.IT,0,0,0,,,,,nonphysics_stem,ctl_nonphysics_chem,ctl_nonphysics_chem:catalyst (title),https://arxiv.org/abs/2410.14547v3,https://arxiv.org/pdf/2410.14547v3
0.0,-0.47,low,1.35,False,True,2609.02704v1,Halo-EFT: an effective and efficient tool to study reactions with halo nuclei,2026-09-02T15:07:02Z,2026-09-02T15:07:02Z,nucl-th,nucl-th; nucl-ex,0,0,0,,,,,generic_physics,ctl_generic_eft,ctl_generic_eft:eft (title),https://arxiv.org/abs/2609.02704v1,https://arxiv.org/pdf/2609.02704v1
0.0,-0.47,low,1.35,True,False,2602.00634v2,Trajectory-Wise Certification for Vector-Field Mirror Descent with Deterministic Finite Differences,2026-01-31T10:05:05Z,2026-09-02T15:05:39Z,math.OC,math.OC; cs.IT; quant-ph,0,0,0,,,,,generic_physics,ctl_generic_numerics,ctl_generic_numerics:finite difference (title),https://arxiv.org/abs/2602.00634v2,https://arxiv.org/pdf/2602.00634v2
0.0,-0.47,low,1.35,False,True,2609.02698v1,Random-mapped intensity optical neural network: all-optical two-layer computing for multimodal optical-field inference,2026-09-02T15:03:46Z,2026-09-02T15:03:46Z,physics.optics,physics.optics,0,0,0,,,,,nonphysics_stem,ctl_nonphysics_ml,ctl_nonphysics_ml:neural network (title),https://arxiv.org/abs/2609.02698v1,https://arxiv.org/pdf/2609.02698v1
0.0,-0.47,low,1.35,False,True,2609.02678v1,Ultralight Bosons Explain the Mass-Spin Correlations in the Merging Binary Black Hole Population,2026-09-02T14:49:25Z,2026-09-02T14:49:25Z,gr-qc,gr-qc; astro-ph.CO; hep-ph,0,0,0,,,,,neighbor_topic,ctl_neighbor_black_hole,ctl_neighbor_black_hole:black hole (title),https://arxiv.org/abs/2609.02678v1,https://arxiv.org/pdf/2609.02678v1
0.0,-0.47,low,1.35,True,True,2603.16996v2,Higher-point Energy Correlators: Factorization in the Back-to-Back Limit & Non-perturbative Effects,2026-03-17T18:00:01Z,2026-09-02T14:30:31Z,hep-ph,hep-ph; hep-ex; nucl-th,0,0,0,,,,,generic_physics,ctl_generic_perturbation,ctl_generic_perturbation:perturbative (title),https://arxiv.org/abs/2603.16996v2,https://arxiv.org/pdf/2603.16996v2
0.0,-0.47,low,1.35,False,True,2609.02650v1,Mapping-based exact-integral formulation of skin-friction transformations for zero-pressure-gradient compressible turbulent boundary layers,2026-09-02T14:25:41Z,2026-09-02T14:25:41Z,physics.flu-dyn,physics.flu-dyn,0,0,0,,,,,orthogonal_physics,ctl_orthogonal_fluid,ctl_orthogonal_fluid:boundary layer (title),https://arxiv.org/abs/2609.02650v1,https://arxiv.org/pdf/2609.02650v1
0.0,-0.47,low,1.35,False,True,2609.02631v1,Nonreciprocal Magnon Hanle Effect in Antiferromagnetic $α$-Fe$_2$O$_3$,2026-09-02T14:09:49Z,2026-09-02T14:09:49Z,cond-mat.mes-hall,cond-mat.mes-hall; cond-mat.mtrl-sci,0,0,0,,,,,orthogonal_physics,ctl_orthogonal_magnetism,ctl_orthogonal_magnetism:magnon (title),https://arxiv.org/abs/2609.02631v1,https://arxiv.org/pdf/2609.02631v1
0.0,-0.47,low,1.35,False,True,2609.02602v1,$D\rightarrow π$ transitions from QCD Light-Cone Sum Rules with the chiral currents,2026-09-02T13:45:18Z,2026-09-02T13:45:18Z,hep-ph,hep-ph; hep-th,0,0,0,,,,,neighbor_topic,ctl_neighbor_standard_model,ctl_neighbor_standard_model:qcd (title),https://arxiv.org/abs/2609.02602v1,https://arxiv.org/pdf/2609.02602v1
0.0,-0.47,low,1.35,False,True,2609.02594v1,Multivariate hyperdensity functional theory for inhomogeneous equilibrium fluids: From first principles to simulation-based machine learning,2026-09-02T13:38:46Z,2026-09-02T13:38:46Z,cond-mat.soft,cond-mat.soft; cond-mat.stat-mech,0,0,0,,,,,nonphysics_stem,ctl_nonphysics_ml,ctl_nonphysics_ml:machine learning (title),https://arxiv.org/abs/2609.02594v1,https://arxiv.org/pdf/2609.02594v1
0.0,-0.47,low,1.35,False,True,2609.02537v1,Analysis of the two-body strong decays of the hidden-charm pentaquark states in QCD sum rules,2026-09-02T12:49:28Z,2026-09-02T12:49:28Z,hep-ph,hep-ph,0,0,0,,,,,neighbor_topic,ctl_neighbor_standard_model,ctl_neighbor_standard_model:qcd (title),https://arxiv.org/abs/2609.02537v1,https://arxiv.org/pdf/2609.02537v1
0.0,-0.47,low,1.35,True,True,2505.12062v5,Superconducting gap in covalent bismuth dihydride BiH$_2$ under extreme conditions,2025-05-17T16:00:07Z,2026-09-02T12:20:31Z,cond-mat.supr-con,cond-mat.supr-con; physics.class-ph,0,0,0,,,,,orthogonal_physics,ctl_orthogonal_superconductivity,ctl_orthogonal_superconductivity:superconducting gap (title),https://arxiv.org/abs/2505.12062v5,https://arxiv.org/pdf/2505.12062v5
0.0,-0.47,low,1.35,True,True,2605.20980v2,"Wormholes in $f(Q,T)$ gravity with different matter Lagrangian density",2026-05-20T10:11:41Z,2026-09-02T11:55:37Z,gr-qc,gr-qc,0,0,0,,,,,generic_physics,ctl_generic_action,ctl_generic_action:lagrangian (title),https://arxiv.org/abs/2605.20980v2,https://arxiv.org/pdf/2605.20980v2
0.0,-0.47,low,1.35,True,True,2608.25263v2,Metastable magnetic domains and the anomalous $B_\parallel=0$ resistance peak in twisted double bilayer graphene,2026-08-26T00:58:44Z,2026-09-02T11:42:06Z,cond-mat.mes-hall,cond-mat.mes-hall,0,0,0,,,,,orthogonal_physics,ctl_orthogonal_materials,ctl_orthogonal_materials:graphene (title),https://arxiv.org/abs/2608.25263v2,https://arxiv.org/pdf/2608.25263v2
0.0,-0.47,low,1.35,False,True,2609.02976v1,Valley polarization dependence of candidate even-denominator fractional quantum Hall states in monolayer graphene,2026-09-02T11:39:12Z,2026-09-02T11:39:12Z,cond-mat.str-el,cond-mat.str-el; quant-ph,0,0,0,,,,,orthogonal_physics,ctl_orthogonal_materials,ctl_orthogonal_materials:graphene (title),https://arxiv.org/abs/2609.02976v1,https://arxiv.org/pdf/2609.02976v1
0.0,-0.47,low,1.35,True,True,2601.10301v2,Quantum Monte Carlo study of systems interacting via long-range interactions mediated by a cavity,2026-01-15T11:16:51Z,2026-09-02T11:10:02Z,cond-mat.quant-gas,cond-mat.quant-gas,0,0,0,,,,,generic_physics,ctl_generic_numerics,ctl_generic_numerics:monte carlo (title),https://arxiv.org/abs/2601.10301v2,https://arxiv.org/pdf/2601.10301v2
0.0,-0.47,low,1.35,True,False,2607.15140v3,On the absence of blow-up in the 3D Navier-Stokes equations with transport noise,2026-07-16T15:44:17Z,2026-09-02T10:58:28Z,math.PR,math.PR; math-ph; math.AP,0,0,0,,,,,orthogonal_physics,ctl_orthogonal_fluid,ctl_orthogonal_fluid:navier-stokes (title),https://arxiv.org/abs/2607.15140v3,https://arxiv.org/pdf/2607.15140v3
0.0,-0.47,low,1.35,True,True,2606.30032v2,Deformed W-algebras and chiralized cluster seeds: subregular W-algebras and Inverse Quantum Hamiltonian Reduction,2026-06-29T09:30:57Z,2026-09-02T10:24:22Z,math.QA,math.QA; hep-th; math-ph,0,0,0,,,,,generic_physics,ctl_generic_action,ctl_generic_action:hamiltonian (title),https://arxiv.org/abs/2606.30032v2,https://arxiv.org/pdf/2606.30032v2
0.0,-0.47,low,1.35,False,True,2609.02403v1,Direct observation of flat bands in near-magic-angle twisted bilayer CVD graphene,2026-09-02T10:16:54Z,2026-09-02T10:16:54Z,cond-mat.mes-hall,cond-mat.mes-hall,0,0,0,,,,,orthogonal_physics,ctl_orthogonal_materials,ctl_orthogonal_materials:graphene (title),https://arxiv.org/abs/2609.02403v1,https://arxiv.org/pdf/2609.02403v1
0.0,-0.47,low,1.35,True,True,2604.20439v2,QCD sum rule analysis of local meson-meson currents for the $K(1690)$ state,2026-04-22T11:00:28Z,2026-09-02T10:04:47Z,hep-ph,hep-ph,0,0,0,,,,,neighbor_topic,ctl_neighbor_standard_model,ctl_neighbor_standard_model:qcd (title),https://arxiv.org/abs/2604.20439v2,https://arxiv.org/pdf/2604.20439v2
0.0,-0.47,low,1.35,False,True,2609.02383v1,Strictly solvable $d=4$ quantum field theory models with unitarity violation. Possible implications for baryon asymmetry of the Universe and dark matter,2026-09-02T09:57:52Z,2026-09-02T09:57:52Z,hep-ph,hep-ph,0,0,0,,,,,neighbor_topic,ctl_neighbor_dark,ctl_neighbor_dark:dark matter (title),https://arxiv.org/abs/2609.02383v1,https://arxiv.org/pdf/2609.02383v1
0.0,-0.47,low,1.35,False,True,2609.02380v1,The Analytical Solutions of Dyonic Black Holes in Einstein-Euler-Heisenberg Theory,2026-09-02T09:54:31Z,2026-09-02T09:54:31Z,gr-qc,gr-qc; hep-th,0,0,0,,,,,neighbor_topic,ctl_neighbor_black_hole,ctl_neighbor_black_hole:black hole (title),https://arxiv.org/abs/2609.02380v1,https://arxiv.org/pdf/2609.02380v1
0.0,-0.47,low,1.35,False,True,2609.02970v1,Finite-duration non-slow-roll effects in inflationary production of ultralight vector dark matter,2026-09-02T09:32:38Z,2026-09-02T09:32:38Z,hep-ph,hep-ph,0,0,0,,,,,neighbor_topic,ctl_neighbor_dark,ctl_neighbor_dark:dark matter (title),https://arxiv.org/abs/2609.02970v1,https://arxiv.org/pdf/2609.02970v1
0.0,-0.47,low,1.35,False,True,2609.02311v1,Boundary-Geometry-Driven Black Hole Formation in Vacuum,2026-09-02T08:56:37Z,2026-09-02T08:56:37Z,gr-qc,gr-qc,0,0,0,,,,,neighbor_topic,ctl_neighbor_black_hole,ctl_neighbor_black_hole:black hole (title),https://arxiv.org/abs/2609.02311v1,https://arxiv.org/pdf/2609.02311v1
0.0,-0.47,low,1.35,False,True,2609.02295v1,Quantum Structural Renormalization and Anharmonic Stabilization of Superconductivity in P4/mmm YScH8,2026-09-02T08:42:12Z,2026-09-02T08:42:12Z,cond-mat.supr-con,cond-mat.supr-con,0,0,0,,,,,orthogonal_physics,ctl_orthogonal_superconductivity,ctl_orthogonal_superconductivity:superconductivity (title),https://arxiv.org/abs/2609.02295v1,https://arxiv.org/pdf/2609.02295v1
0.0,-0.47,low,1.35,False,True,2609.02263v1,Anomalous Superfluid Response in Altermagnetic Superconductors,2026-09-02T08:10:16Z,2026-09-02T08:10:16Z,cond-mat.supr-con,cond-mat.supr-con,0,0,0,,,,,orthogonal_physics,ctl_orthogonal_superconductivity,ctl_orthogonal_superconductivity:superconductor (title),https://arxiv.org/abs/2609.02263v1,https://arxiv.org/pdf/2609.02263v1
0.0,-0.47,low,1.35,False,True,2609.02260v1,Vortex-core Majorana coupling to a chiral edge in a $p_x+ip_y$ superconductor: Nonmonotonic spectral reorganization and coherent fermion-parity dynamics,2026-09-02T08:05:39Z,2026-09-02T08:05:39Z,cond-mat.supr-con,cond-mat.supr-con; cond-mat.mes-hall,0,0,0,,,,,orthogonal_physics,ctl_orthogonal_superconductivity,ctl_orthogonal_superconductivity:superconductor (title),https://arxiv.org/abs/2609.02260v1,https://arxiv.org/pdf/2609.02260v1
0.0,-0.47,low,1.35,True,True,2512.24646v2,Dilepton emission assists the search for the QCD critical point,2025-12-31T05:41:19Z,2026-09-02T07:55:00Z,nucl-th,nucl-th,0,0,0,,,,,neighbor_topic,ctl_neighbor_standard_model,ctl_neighbor_standard_model:qcd (title),https://arxiv.org/abs/2512.24646v2,https://arxiv.org/pdf/2512.24646v2
0.0,-0.47,low,1.35,True,True,2602.16237v3,Phenomenological Rotating Extension of Black Holes with Primary Scalar Hair: Shadow Signatures in Beyond Horndeski Gravity,2026-02-18T07:27:05Z,2026-09-02T07:49:18Z,gr-qc,gr-qc; astro-ph.CO; hep-th,0,0,0,,,,,neighbor_topic,ctl_neighbor_black_hole,ctl_neighbor_black_hole:black hole (title),https://arxiv.org/abs/2602.16237v3,https://arxiv.org/pdf/2602.16237v3
0.0,-0.47,low,1.35,False,True,2609.02239v1,Smeared spectral functions from lattice QCD: opportunities and challenges,2026-09-02T07:45:26Z,2026-09-02T07:45:26Z,hep-lat,hep-lat,0,0,0,,,,,neighbor_topic,ctl_neighbor_standard_model,ctl_neighbor_standard_model:qcd (title),https://arxiv.org/abs/2609.02239v1,https://arxiv.org/pdf/2609.02239v1
0.0,-0.47,low,1.35,False,True,2609.02223v1,Accretion dynamics of thin and thick disks in charged Kalb-Ramond black holes,2026-09-02T07:35:27Z,2026-09-02T07:35:27Z,gr-qc,gr-qc,0,0,0,,,,,neighbor_topic,ctl_neighbor_black_hole,ctl_neighbor_black_hole:black hole (title),https://arxiv.org/abs/2609.02223v1,https://arxiv.org/pdf/2609.02223v1
0.0,-0.47,low,1.35,False,True,2609.02185v1,Disc-Based Estimation of the Local Dark Matter Density and Velocity Distribution in IllustrisTNG50,2026-09-02T06:48:27Z,2026-09-02T06:48:27Z,astro-ph.GA,astro-ph.GA; astro-ph.CO; hep-ex; hep-ph,0,0,0,,,,,neighbor_topic,ctl_neighbor_dark,ctl_neighbor_dark:dark matter (title),https://arxiv.org/abs/2609.02185v1,https://arxiv.org/pdf/2609.02185v1
0.0,-0.47,low,1.35,True,True,2509.20862v3,Muonium Spectroscopy as a Quantum Sensor for Ultralight Axion Dark Matter,2025-09-25T07:53:24Z,2026-09-02T06:45:44Z,hep-ph,hep-ph,0,0,0,,,,,neighbor_topic,ctl_neighbor_dark,ctl_neighbor_dark:dark matter (title),https://arxiv.org/abs/2509.20862v3,https://arxiv.org/pdf/2509.20862v3
0.0,-0.47,low,1.35,False,True,2609.02179v1,The Intermediate-Mass Black Hole Reverberation Mapping Project: Scientific Overview and Sample Characteristics,2026-09-02T06:41:23Z,2026-09-02T06:41:23Z,astro-ph.GA,astro-ph.GA,0,0,0,,,,,neighbor_topic,ctl_neighbor_black_hole,ctl_neighbor_black_hole:black hole (title),https://arxiv.org/abs/2609.02179v1,https://arxiv.org/pdf/2609.02179v1
0.0,-0.47,low,1.35,False,True,2609.02150v1,Macroscopic Coherent Axion Production by Reverse Parametric Fluorescence,2026-09-02T06:03:33Z,2026-09-02T06:03:33Z,hep-ph,hep-ph,0,0,0,,,,,neighbor_topic,ctl_neighbor_dark,ctl_neighbor_dark:axion (title),https://arxiv.org/abs/2609.02150v1,https://arxiv.org/pdf/2609.02150v1
0.0,-0.47,low,1.35,False,False,2609.02148v1,"Charge-Transfer Electronic Structure of NiX$_2$ (X = S, Se)",2026-09-02T06:03:08Z,2026-09-02T06:03:08Z,cond-mat.mtrl-sci,cond-mat.mtrl-sci; cond-mat.str-el,0,0,0,,,,,orthogonal_physics,ctl_orthogonal_materials,ctl_orthogonal_materials:electronic structure (title),https://arxiv.org/abs/2609.02148v1,https://arxiv.org/pdf/2609.02148v1
0.0,-0.47,low,1.35,False,False,2609.02114v1,EuIn2Sb2: epitaxially stabilized axion insulator candidate with strong spin-orbit coupling,2026-09-02T05:08:18Z,2026-09-02T05:08:18Z,cond-mat.mtrl-sci,cond-mat.mtrl-sci; cond-mat.str-el,0,0,0,,,,,neighbor_topic,ctl_neighbor_dark,ctl_neighbor_dark:axion (title),https://arxiv.org/abs/2609.02114v1,https://arxiv.org/pdf/2609.02114v1
0.0,-0.47,low,1.35,True,True,2501.06484v4,Resilience of Quantum Teleportation Fidelity for Bipartite Mixed States near Schwarzschild and Dilaton Black Holes,2025-01-11T08:35:16Z,2026-09-02T04:53:30Z,quant-ph,quant-ph; gr-qc,0,0,0,,,,,neighbor_topic,ctl_neighbor_black_hole,ctl_neighbor_black_hole:black hole (title),https://arxiv.org/abs/2501.06484v4,https://arxiv.org/pdf/2501.06484v4
0.0,-0.47,low,1.35,False,True,2609.02090v1,BICEP/Keck XXII: Analysis of the South Pole Atmosphere for CMB Observations,2026-09-02T04:29:03Z,2026-09-02T04:29:03Z,astro-ph.IM,astro-ph.IM; astro-ph.CO,0,0,0,,,,,neighbor_topic,ctl_neighbor_cosmology,ctl_neighbor_cosmology:cmb (title),https://arxiv.org/abs/2609.02090v1,https://arxiv.org/pdf/2609.02090v1
0.0,-0.47,low,1.35,True,False,2609.00528v2,Why Multi-Layer Message Passing Works: Completeness Theory for Graph Neural Network Interatomic Potentials,2026-09-01T00:53:35Z,2026-09-02T03:15:34Z,cs.LG,cs.LG; math-ph; physics.chem-ph; physics.comp-ph,0,0,0,,,,,nonphysics_stem,ctl_nonphysics_ml,ctl_nonphysics_ml:neural network (title),https://arxiv.org/abs/2609.00528v2,https://arxiv.org/pdf/2609.00528v2
0.0,-0.47,low,1.35,True,True,2604.27608v2,Quantum Magnetometry with Orientation beyond Steady-State Limits in Cavity-Magnon Systems,2026-04-30T09:00:03Z,2026-09-02T03:09:16Z,quant-ph,quant-ph,0,0,0,,,,,orthogonal_physics,ctl_orthogonal_magnetism,ctl_orthogonal_magnetism:magnon (title),https://arxiv.org/abs/2604.27608v2,https://arxiv.org/pdf/2604.27608v2
0.0,-0.47,low,1.35,True,True,1901.05421v6,Gap theorems in Yang-Mills theory for complete four-dimensional manifolds with a weighted Poincaré inequality,2019-01-16T18:19:53Z,2026-09-01T21:10:36Z,math.DG,math.DG; math-ph,0,0,0,,,,,neighbor_topic,ctl_neighbor_standard_model,ctl_neighbor_standard_model:yang-mills (title),https://arxiv.org/abs/1901.05421v6,https://arxiv.org/pdf/1901.05421v6
0.0,-0.47,low,1.35,False,True,2609.01859v1,Unveiling QCD Criticality with Cross-Rapidity Net-Baryon Cumulants,2026-09-01T20:42:52Z,2026-09-01T20:42:52Z,nucl-th,nucl-th; hep-ex; hep-ph,0,0,0,,,,,neighbor_topic,ctl_neighbor_standard_model,ctl_neighbor_standard_model:qcd (title),https://arxiv.org/abs/2609.01859v1,https://arxiv.org/pdf/2609.01859v1
0.0,-0.47,low,1.35,False,True,2609.01796v1,Dark Matter Halo Tumbling Induced by Torques from Massive Mergers,2026-09-01T19:07:34Z,2026-09-01T19:07:34Z,astro-ph.GA,astro-ph.GA; astro-ph.CO,0,0,0,,,,,neighbor_topic,ctl_neighbor_dark,ctl_neighbor_dark:dark matter (title),https://arxiv.org/abs/2609.01796v1,https://arxiv.org/pdf/2609.01796v1
0.0,-0.47,low,1.35,False,True,2609.01784v1,The Mass-Ratio Distribution of the Low-Mass Binary Black Hole Subpopulation: A Natural Outcome of Isolated Binary Evolution,2026-09-01T18:54:37Z,2026-09-01T18:54:37Z,astro-ph.HE,astro-ph.HE; astro-ph.SR,0,0,0,,,,,neighbor_topic,ctl_neighbor_black_hole,ctl_neighbor_black_hole:black hole (title),https://arxiv.org/abs/2609.01784v1,https://arxiv.org/pdf/2609.01784v1
0.0,-0.47,low,1.35,False,True,2609.01733v1,Exploring the construction of field equations for regular black holes with dynamical regularization scales,2026-09-01T18:02:50Z,2026-09-01T18:02:50Z,gr-qc,gr-qc,0,0,0,,,,,neighbor_topic,ctl_neighbor_black_hole,ctl_neighbor_black_hole:black hole (title),https://arxiv.org/abs/2609.01733v1,https://arxiv.org/pdf/2609.01733v1
0.0,-0.47,low,1.35,False,True,2609.01727v1,Tremaine-Gunn Control: Evading Bounds on Light Fermion Dark Matter,2026-09-01T18:01:12Z,2026-09-01T18:01:12Z,hep-ph,hep-ph; astro-ph.CO,0,0,0,,,,,neighbor_topic,ctl_neighbor_dark,ctl_neighbor_dark:dark matter (title),https://arxiv.org/abs/2609.01727v1,https://arxiv.org/pdf/2609.01727v1
0.0,-0.47,low,1.35,False,True,2609.01719v1,Numerical simulation of D-Wave's quantum advantage experiment with time-dependent variational Monte Carlo,2026-09-01T18:00:11Z,2026-09-01T18:00:11Z,quant-ph,quant-ph; cond-mat.dis-nn,0,0,0,,,,,generic_physics,ctl_generic_numerics,ctl_generic_numerics:numerical simulation (title),https://arxiv.org/abs/2609.01719v1,https://arxiv.org/pdf/2609.01719v1
0.0,-0.47,low,1.35,False,True,2609.01711v1,JWST Reveals a Candidate Supermassive Black Hole Binary at z=4.3 in the Brightest Sub-millimeter Galaxy in COSMOS-Web,2026-09-01T18:00:01Z,2026-09-01T18:00:01Z,astro-ph.GA,astro-ph.GA; astro-ph.CO,0,0,0,,,,,neighbor_topic,ctl_neighbor_black_hole,ctl_neighbor_black_hole:black hole (title),https://arxiv.org/abs/2609.01711v1,https://arxiv.org/pdf/2609.01711v1
0.0,-0.47,low,1.35,False,True,2609.01602v1,Singular Weak-Field Thermodynamics of 2D Superconductors,2026-09-01T17:59:45Z,2026-09-01T17:59:45Z,cond-mat.supr-con,cond-mat.supr-con; cond-mat.mes-hall,0,0,0,,,,,orthogonal_physics,ctl_orthogonal_superconductivity,ctl_orthogonal_superconductivity:superconductor (title),https://arxiv.org/abs/2609.01602v1,https://arxiv.org/pdf/2609.01602v1
0.0,-0.47,low,1.35,False,True,2609.01704v1,Geodesics and thermodynamics of a $κ$-deformed anti-de Sitter black hole surrounded by a quintessence field,2026-09-01T17:49:18Z,2026-09-01T17:49:18Z,gr-qc,gr-qc; hep-th,0,0,0,,,,,neighbor_topic,ctl_neighbor_black_hole,ctl_neighbor_black_hole:black hole (title),https://arxiv.org/abs/2609.01704v1,https://arxiv.org/pdf/2609.01704v1
0.0,-0.47,low,1.35,True,True,2510.06316v3,Quantum matrix arithmetics with Hamiltonian evolution,2025-10-07T18:00:01Z,2026-09-01T17:20:24Z,quant-ph,quant-ph; cs.DS; math.NA; physics.chem-ph,0,0,0,,,,,generic_physics,ctl_generic_action,ctl_generic_action:hamiltonian (title),https://arxiv.org/abs/2510.06316v3,https://arxiv.org/pdf/2510.06316v3
0.0,-0.47,low,1.35,True,True,2604.24926v3,Sensitivity of black hole spectral instability to ultraviolet perturbations,2026-04-27T19:06:38Z,2026-09-01T16:54:14Z,gr-qc,gr-qc,0,0,0,,,,,neighbor_topic,ctl_neighbor_black_hole,ctl_neighbor_black_hole:black hole (title),https://arxiv.org/abs/2604.24926v3,https://arxiv.org/pdf/2604.24926v3
0.0,-0.47,low,1.35,True,False,2603.22827v5,Wafer-to-Wafer Bonding: Part: I -- The Coupled Physics Problem and the 2D Finite Element Implementation,2026-03-24T06:04:00Z,2026-09-01T16:23:01Z,physics.comp-ph,physics.comp-ph; physics.app-ph; physics.flu-dyn,0,0,0,,,,,generic_physics,ctl_generic_numerics,ctl_generic_numerics:finite element (title),https://arxiv.org/abs/2603.22827v5,https://arxiv.org/pdf/2603.22827v5
0.0,-0.47,low,1.35,False,True,2609.01476v1,Superconducting diode effect from field-induced $s+if$ pairing in Ising superconductors,2026-09-01T16:14:35Z,2026-09-01T16:14:35Z,cond-mat.supr-con,cond-mat.supr-con,0,0,0,,,,,orthogonal_physics,ctl_orthogonal_superconductivity,ctl_orthogonal_superconductivity:superconductor (title),https://arxiv.org/abs/2609.01476v1,https://arxiv.org/pdf/2609.01476v1
0.0,-0.47,low,1.35,False,False,2609.01459v1,Reference-Density Hartree Screening for Gausslet Hamiltonians,2026-09-01T16:01:10Z,2026-09-01T16:01:10Z,physics.chem-ph,physics.chem-ph; physics.atom-ph; physics.comp-ph,0,0,0,,,,,generic_physics,ctl_generic_action,ctl_generic_action:hamiltonian (title),https://arxiv.org/abs/2609.01459v1,https://arxiv.org/pdf/2609.01459v1
0.0,-0.47,low,1.35,False,True,2609.01454v1,Lagrangian varieties from $q$-matrix models,2026-09-01T15:57:58Z,2026-09-01T15:57:58Z,hep-th,hep-th; math-ph; math.QA; math.SG,0,0,0,,,,,generic_physics,ctl_generic_action,ctl_generic_action:lagrangian (title),https://arxiv.org/abs/2609.01454v1,https://arxiv.org/pdf/2609.01454v1
0.0,-0.47,low,1.35,False,True,2609.01385v1,Constraint on the Higgs boson width in the diphoton final state using signal-background interference in proton-proton collisions at $\sqrt{s}$ = 13 TeV,2026-09-01T15:15:52Z,2026-09-01T15:15:52Z,hep-ex,hep-ex,0,0,0,,,,,neighbor_topic,ctl_neighbor_standard_model,ctl_neighbor_standard_model:higgs boson (title),https://arxiv.org/abs/2609.01385v1,https://arxiv.org/pdf/2609.01385v1
0.0,-0.47,low,1.35,False,True,2609.01331v1,Gravitational-wave signatures of primordial black hole clusters and the imprint of an early dense-core collapse,2026-09-01T14:45:35Z,2026-09-01T14:45:35Z,gr-qc,gr-qc; astro-ph.CO,0,0,0,,,,,neighbor_topic,ctl_neighbor_black_hole,ctl_neighbor_black_hole:black hole (title),https://arxiv.org/abs/2609.01331v1,https://arxiv.org/pdf/2609.01331v1
0.0,-0.47,low,1.35,False,True,2609.01258v1,Tunneling characteristics of twisted double bilayer graphene heterostructures,2026-09-01T13:51:20Z,2026-09-01T13:51:20Z,cond-mat.mes-hall,cond-mat.mes-hall,0,0,0,,,,,orthogonal_physics,ctl_orthogonal_materials,ctl_orthogonal_materials:graphene (title),https://arxiv.org/abs/2609.01258v1,https://arxiv.org/pdf/2609.01258v1
0.0,-0.47,low,1.35,True,True,2409.20017v2,Finite velocity effect of ultralight vector dark matter in pulsar timing arrays,2024-09-30T07:24:55Z,2026-09-01T13:04:20Z,gr-qc,gr-qc; astro-ph.CO,0,0,0,,,,,neighbor_topic,ctl_neighbor_dark,ctl_neighbor_dark:dark matter (title),https://arxiv.org/abs/2409.20017v2,https://arxiv.org/pdf/2409.20017v2
0.0,-0.47,low,1.35,True,True,2601.16017v3,The role of the apical oxygen in cuprate high-temperature superconductors,2026-01-22T14:41:25Z,2026-09-01T12:20:23Z,cond-mat.str-el,cond-mat.str-el; cond-mat.supr-con,0,0,0,,,,,orthogonal_physics,ctl_orthogonal_superconductivity,ctl_orthogonal_superconductivity:superconductor (title),https://arxiv.org/abs/2601.16017v3,https://arxiv.org/pdf/2601.16017v3
0.0,-0.47,low,1.35,False,True,2609.01118v1,Interfacial orbital torques excite nanoscale terahertz magnons,2026-09-01T11:58:24Z,2026-09-01T11:58:24Z,cond-mat.mes-hall,cond-mat.mes-hall; cond-mat.stat-mech,0,0,0,,,,,orthogonal_physics,ctl_orthogonal_magnetism,ctl_orthogonal_magnetism:magnon (title),https://arxiv.org/abs/2609.01118v1,https://arxiv.org/pdf/2609.01118v1
0.0,-0.47,low,1.35,True,False,2605.05658v3,Quantum-classical solvation hydrodynamics: a Hamiltonian modeling framework,2026-05-07T04:20:49Z,2026-09-01T11:48:18Z,physics.chem-ph,physics.chem-ph; physics.comp-ph; physics.flu-dyn; quant-ph,0,0,0,,,,,generic_physics,ctl_generic_action,ctl_generic_action:hamiltonian (title),https://arxiv.org/abs/2605.05658v3,https://arxiv.org/pdf/2605.05658v3
0.0,-0.47,low,1.35,False,True,2609.01063v1,Colored-Noise-Induced Horizon Fluctuations Near a Double Root in an Effective Black-Hole Geometry,2026-09-01T10:59:04Z,2026-09-01T10:59:04Z,gr-qc,gr-qc; quant-ph,0,0,0,,,,,neighbor_topic,ctl_neighbor_black_hole,ctl_neighbor_black_hole:black-hole (title),https://arxiv.org/abs/2609.01063v1,https://arxiv.org/pdf/2609.01063v1
0.0,-0.47,low,1.35,True,True,2608.30849v2,Inertia-Driven Information Flow and Symmetry Breaking in a Nonequilibrium Two-Bead System,2026-08-31T14:15:28Z,2026-09-01T10:40:28Z,cond-mat.stat-mech,cond-mat.stat-mech,0,0,0,,,,,generic_physics,ctl_generic_symmetry,ctl_generic_symmetry:symmetry breaking (title),https://arxiv.org/abs/2608.30849v2,https://arxiv.org/pdf/2608.30849v2
0.0,-0.47,low,1.35,True,True,2608.29333v2,Zero-Energy Problems for Supersymmetric Hamiltonians on a Chain Are $\mathrm{QMA}_1$-Complete,2026-08-29T15:32:39Z,2026-09-01T10:01:16Z,quant-ph,quant-ph,0,0,0,,,,,generic_physics,ctl_generic_action,ctl_generic_action:hamiltonian (title),https://arxiv.org/abs/2608.29333v2,https://arxiv.org/pdf/2608.29333v2
0.0,-0.47,low,1.35,True,True,2608.28278v2,Reduction of symmetric time-dependent Hamiltonian systems I: presymplectic principal $\mathbb{R}$-bundles,2026-08-28T12:42:00Z,2026-09-01T09:53:47Z,math.DG,math.DG; math-ph; math.SG,0,0,0,,,,,generic_physics,ctl_generic_action,ctl_generic_action:hamiltonian (title),https://arxiv.org/abs/2608.28278v2,https://arxiv.org/pdf/2608.28278v2
0.0,-0.47,low,1.35,False,True,2609.00980v1,Near-extremal asymptotics and strong cosmic censorship for black holes immersed in a Chaplygin-like dark fluid,2026-09-01T09:37:59Z,2026-09-01T09:37:59Z,gr-qc,gr-qc,0,0,0,,,,,neighbor_topic,ctl_neighbor_black_hole,ctl_neighbor_black_hole:black hole (title),https://arxiv.org/abs/2609.00980v1,https://arxiv.org/pdf/2609.00980v1
0.0,-0.47,low,1.35,True,True,2608.30139v2,Superconductivity of Tellurium Polyhydride with Tc above 90K,2026-08-31T01:45:35Z,2026-09-01T09:34:06Z,cond-mat.supr-con,cond-mat.supr-con; cond-mat.mtrl-sci; cond-mat.str-el,0,0,0,,,,,orthogonal_physics,ctl_orthogonal_superconductivity,ctl_orthogonal_superconductivity:superconductivity (title),https://arxiv.org/abs/2608.30139v2,https://arxiv.org/pdf/2608.30139v2
0.0,-0.47,low,1.35,False,True,2609.00964v1,Resolving unconventional gap structure in kagome superconductors with hybrid microwave circuits,2026-09-01T09:20:39Z,2026-09-01T09:20:39Z,cond-mat.supr-con,cond-mat.supr-con; cond-mat.str-el,0,0,0,,,,,orthogonal_physics,ctl_orthogonal_superconductivity,ctl_orthogonal_superconductivity:superconductor (title),https://arxiv.org/abs/2609.00964v1,https://arxiv.org/pdf/2609.00964v1
0.0,-0.47,low,1.35,True,True,2507.17313v2,Scattering Radiation Emitted Near a Black Hole Horizon,2025-07-23T08:30:04Z,2026-09-01T09:18:03Z,hep-th,hep-th; gr-qc,0,0,0,,,,,neighbor_topic,ctl_neighbor_black_hole,ctl_neighbor_black_hole:black hole (title),https://arxiv.org/abs/2507.17313v2,https://arxiv.org/pdf/2507.17313v2
0.0,-0.47,low,1.35,False,True,2609.00945v1,Constraining AGN Disk Properties with Gravitational Waves from Inspiraling Stellar-Mass Binary Black Holes in Hierarchical Triple Systems,2026-09-01T09:05:43Z,2026-09-01T09:05:43Z,gr-qc,gr-qc; astro-ph.HE,0,0,0,,,,,neighbor_topic,ctl_neighbor_black_hole,ctl_neighbor_black_hole:black hole (title),https://arxiv.org/abs/2609.00945v1,https://arxiv.org/pdf/2609.00945v1
0.0,-0.47,low,1.35,True,True,2602.20247v3,Little Red Dots: One Photometric Tag Concealing Diverse Spectroscopic Flavors of Massive Star Formation and Black Hole Activity,2026-02-23T19:00:01Z,2026-09-01T08:26:58Z,astro-ph.GA,astro-ph.GA,0,0,0,,,,,neighbor_topic,ctl_neighbor_black_hole,ctl_neighbor_black_hole:black hole (title),https://arxiv.org/abs/2602.20247v3,https://arxiv.org/pdf/2602.20247v3
0.0,-0.47,low,1.35,False,False,2609.00887v1,Large Exchange Magnetostriction in a Kagome Antiferromagnet at Room Temperature,2026-09-01T08:19:24Z,2026-09-01T08:19:24Z,cond-mat.mtrl-sci,cond-mat.mtrl-sci; cond-mat.mes-hall,0,0,0,,,,,orthogonal_physics,ctl_orthogonal_magnetism,ctl_orthogonal_magnetism:antiferromagnet (title),https://arxiv.org/abs/2609.00887v1,https://arxiv.org/pdf/2609.00887v1
0.0,-0.47,low,1.35,False,True,2609.00841v1,Combining Systematic Effects in CMB Polarization Experiments through map-based simulations: application to LiteBIRD's HWP non-idealities and detectors non-linearity,2026-09-01T07:40:44Z,2026-09-01T07:40:44Z,astro-ph.CO,astro-ph.CO; astro-ph.IM,0,0,0,,,,,neighbor_topic,ctl_neighbor_cosmology,ctl_neighbor_cosmology:cmb (title),https://arxiv.org/abs/2609.00841v1,https://arxiv.org/pdf/2609.00841v1
0.0,-0.7,low,2.0,False,True,2609.05321v1,Supernovae Unite: Host-Galaxy Mass Measurements of Type Ia Supernovae and Their Impact on Cosmology,2026-09-04T16:16:00Z,2026-09-04T16:16:00Z,astro-ph.CO,astro-ph.CO,0,0,0,,,,,neighbor_topic,ctl_neighbor_cosmology; ctl_neighbor_dark,ctl_neighbor_cosmology:cmb (abstract); ctl_neighbor_dark:dark energy (abstract),https://arxiv.org/abs/2609.05321v1,https://arxiv.org/pdf/2609.05321v1
0.0,-0.7,low,2.0,True,True,2608.15944v2,Photon Fragmentation Functions in LHAPDF: Existing Sets and a Pythia-Based Extraction,2026-08-16T22:01:57Z,2026-09-04T15:32:45Z,hep-ph,hep-ph,0,0,0,,,,,generic_physics; neighbor_topic,ctl_generic_perturbation; ctl_neighbor_standard_model,ctl_generic_perturbation:perturbative (abstract); ctl_neighbor_standard_model:qcd (abstract),https://arxiv.org/abs/2608.15944v2,https://arxiv.org/pdf/2608.15944v2
0.0,-0.7,low,2.0,False,True,2609.05243v1,An Aeroelastic Solver Integrating Reformulated-Vortex-Particle and Finite-Element Methods across Non-Conforming Interfaces,2026-09-04T15:09:10Z,2026-09-04T15:09:10Z,physics.flu-dyn,physics.flu-dyn; physics.comp-ph,0,0,0,,,,,generic_physics; orthogonal_physics,ctl_generic_numerics; ctl_orthogonal_fluid,ctl_generic_numerics:finite element (abstract); ctl_orthogonal_fluid:navier-stokes (abstract),https://arxiv.org/abs/2609.05243v1,https://arxiv.org/pdf/2609.05243v1
0.0,-0.7,low,2.0,False,True,2609.05109v1,The axial-vector nucleon form factor in the meson dominance picture: the role triangle singularities from a dispersive view,2026-09-04T13:03:14Z,2026-09-04T13:03:14Z,hep-ph,hep-ph; hep-ex; hep-lat,0,0,0,,,,,generic_physics; neighbor_topic,ctl_generic_perturbation; ctl_neighbor_standard_model,ctl_generic_perturbation:perturbation theory (abstract); ctl_neighbor_standard_model:qcd (abstract),https://arxiv.org/abs/2609.05109v1,https://arxiv.org/pdf/2609.05109v1
0.0,-0.7,low,2.0,True,True,2603.09522v3,Weak-Coupling Limit of the Lattice Nonlinear Schrödinger Integral Equation,2026-03-10T11:26:29Z,2026-09-04T12:59:09Z,math-ph,math-ph; cond-mat.stat-mech; hep-th; nlin.SI,0,0,0,,,,,generic_physics; orthogonal_physics,ctl_generic_perturbation; ctl_orthogonal_fluid,ctl_generic_perturbation:perturbative (abstract); ctl_orthogonal_fluid:boundary layer (abstract),https://arxiv.org/abs/2603.09522v3,https://arxiv.org/pdf/2603.09522v3
0.0,-0.7,low,2.0,False,False,2609.05092v1,Operational Roles of QRNG-Derived Quantum Entropy in Bitcoin Proof-of-Work Architectures,2026-09-04T12:47:32Z,2026-09-04T12:47:32Z,cs.CR,cs.CR; quant-ph,0,0,0,,,,,generic_physics,ctl_generic_numerics; ctl_generic_statistics,ctl_generic_numerics:monte carlo (abstract); ctl_generic_statistics:confidence interval (abstract),https://arxiv.org/abs/2609.05092v1,https://arxiv.org/pdf/2609.05092v1
0.0,-0.7,low,2.0,True,True,2604.24421v2,Double SM-like Higgs production at future $ e^+ e^- $ colliders in the 3-Higgs Doublet Model under the $ S_{3} $ symmetry,2026-04-27T12:50:06Z,2026-09-04T12:41:26Z,hep-ph,hep-ph,0,0,0,,,,,generic_physics; neighbor_topic,ctl_generic_perturbation; ctl_neighbor_standard_model,ctl_generic_perturbation:perturbative (abstract); ctl_neighbor_standard_model:standard model (abstract),https://arxiv.org/abs/2604.24421v2,https://arxiv.org/pdf/2604.24421v2
0.0,-0.7,low,2.0,False,True,2609.05053v1,Supernovae Unite: Combining Pantheon+ and DES-SN5YR,2026-09-04T12:15:29Z,2026-09-04T12:15:29Z,astro-ph.CO,astro-ph.CO,0,0,0,,,,,neighbor_topic,ctl_neighbor_cosmology; ctl_neighbor_dark,ctl_neighbor_cosmology:cosmological constant (abstract); ctl_neighbor_dark:dark energy (abstract),https://arxiv.org/abs/2609.05053v1,https://arxiv.org/pdf/2609.05053v1
0.0,-0.7,low,2.0,True,True,2603.25245v2,Spinon Singlet Pairing: Microscopic nature of plaquettes in stripy LDOS,2026-03-26T09:50:16Z,2026-09-04T08:35:51Z,cond-mat.str-el,cond-mat.str-el; cond-mat.quant-gas; cond-mat.supr-con,0,0,0,,,,,generic_physics; orthogonal_physics,ctl_generic_symmetry; ctl_orthogonal_superconductivity,ctl_generic_symmetry:symmetry breaking (abstract); ctl_orthogonal_superconductivity:superconductivity (abstract),https://arxiv.org/abs/2603.25245v2,https://arxiv.org/pdf/2603.25245v2
0.0,-0.7,low,2.0,False,True,2609.04829v1,A guide to choosing data compression methods for cosmological inference,2026-09-04T07:32:25Z,2026-09-04T07:32:25Z,astro-ph.CO,astro-ph.CO; astro-ph.IM,0,0,0,,,,,generic_physics; nonphysics_stem,ctl_generic_statistics; ctl_nonphysics_ml,ctl_generic_statistics:parameter estimation (abstract); ctl_nonphysics_ml:neural network (abstract),https://arxiv.org/abs/2609.04829v1,https://arxiv.org/pdf/2609.04829v1
0.0,-0.7,low,2.0,False,True,2609.04744v1,"Orientation selection and superconducting properties of epitaxial Al on ferromagnetic semiconductor (In,Fe)As",2026-09-04T05:22:36Z,2026-09-04T05:22:36Z,cond-mat.supr-con,cond-mat.supr-con,0,0,0,,,,,orthogonal_physics,ctl_orthogonal_magnetism; ctl_orthogonal_superconductivity,ctl_orthogonal_magnetism:ferromagnet (abstract); ctl_orthogonal_superconductivity:superconductor (abstract),https://arxiv.org/abs/2609.04744v1,https://arxiv.org/pdf/2609.04744v1
0.0,-0.7,low,2.0,False,True,2609.04732v1,Thermodynamic learning,2026-09-04T04:57:29Z,2026-09-04T04:57:29Z,cond-mat.stat-mech,cond-mat.stat-mech; cond-mat.dis-nn,0,0,0,,,,,generic_physics; nonphysics_stem,ctl_generic_action; ctl_nonphysics_ml,ctl_generic_action:hamiltonian (abstract); ctl_nonphysics_ml:machine learning (abstract),https://arxiv.org/abs/2609.04732v1,https://arxiv.org/pdf/2609.04732v1
0.0,-0.7,low,2.0,True,True,1707.09524v6,An improved quantum algorithm for ridge regression,2017-07-29T15:09:46Z,2026-09-04T02:51:10Z,quant-ph,quant-ph,0,0,0,,,,,generic_physics; nonphysics_stem,ctl_generic_action; ctl_nonphysics_ml,ctl_generic_action:hamiltonian (abstract); ctl_nonphysics_ml:machine learning (abstract),https://arxiv.org/abs/1707.09524v6,https://arxiv.org/pdf/1707.09524v6
0.0,-0.7,low,2.0,False,True,2609.04515v1,Coherent-structure dynamics in wall turbulence from state-space trajectories,2026-09-03T22:04:46Z,2026-09-03T22:04:46Z,physics.flu-dyn,physics.flu-dyn,0,0,0,,,,,generic_physics; orthogonal_physics,ctl_generic_numerics; ctl_orthogonal_fluid,ctl_generic_numerics:numerical simulation (abstract); ctl_orthogonal_fluid:reynolds number (abstract),https://arxiv.org/abs/2609.04515v1,https://arxiv.org/pdf/2609.04515v1
0.0,-0.7,low,2.0,True,True,2509.18249v2,A Novel kinetic Sunyaev-Zel'dovich Estimator for Electron-Electron Correlations,2025-09-22T18:00:00Z,2026-09-03T21:41:36Z,astro-ph.CO,astro-ph.CO,0,0,0,,,,,neighbor_topic,ctl_neighbor_cosmology; ctl_neighbor_dark,ctl_neighbor_cosmology:cmb (abstract); ctl_neighbor_dark:dark matter (abstract),https://arxiv.org/abs/2509.18249v2,https://arxiv.org/pdf/2509.18249v2
0.0,-0.7,low,2.0,True,True,2511.11804v2,"Not all cores are equal: Phase-space origins of dynamical friction, stalling and buoyancy",2025-11-14T19:00:03Z,2026-09-03T21:05:33Z,astro-ph.GA,astro-ph.GA,0,0,0,,,,,neighbor_topic,ctl_neighbor_black_hole; ctl_neighbor_dark,ctl_neighbor_black_hole:black hole (abstract); ctl_neighbor_dark:dark matter (abstract),https://arxiv.org/abs/2511.11804v2,https://arxiv.org/pdf/2511.11804v2
0.0,-0.7,low,2.0,False,True,2609.04423v1,On Quasiparticles within the Refined Gribov-Zwanziger Model,2026-09-03T19:42:07Z,2026-09-03T19:42:07Z,hep-th,hep-th; quant-ph,0,0,0,,,,,generic_physics; neighbor_topic,ctl_generic_action; ctl_neighbor_standard_model,ctl_generic_action:lagrangian (abstract); ctl_neighbor_standard_model:yang-mills (abstract),https://arxiv.org/abs/2609.04423v1,https://arxiv.org/pdf/2609.04423v1
0.0,-0.7,low,2.0,False,True,2609.04380v1,Speed-quality tradeoff in a physical model of molecular sorting,2026-09-03T18:42:37Z,2026-09-03T18:42:37Z,cond-mat.soft,cond-mat.soft,0,0,0,,,,,nonphysics_stem; orthogonal_physics,ctl_nonphysics_bio; ctl_orthogonal_nuclear,ctl_nonphysics_bio:biomolecule (abstract); ctl_orthogonal_nuclear:fission (abstract),https://arxiv.org/abs/2609.04380v1,https://arxiv.org/pdf/2609.04380v1
0.0,-0.7,low,2.0,False,True,2609.04358v1,"p-Adic Dirac Equations, Continuous-Time Quantum Walks, and Quantum Networks",2026-09-03T18:20:40Z,2026-09-03T18:20:40Z,quant-ph,quant-ph,0,0,0,,,,,generic_physics; nonphysics_stem,ctl_generic_action; ctl_nonphysics_ml,ctl_generic_action:hamiltonian (abstract); ctl_nonphysics_ml:neural network (abstract),https://arxiv.org/abs/2609.04358v1,https://arxiv.org/pdf/2609.04358v1
0.0,-0.7,low,2.0,False,True,2609.04334v1,Model Predictive Scoring Shows Specific BAO Observations (not SNIa) Drives $w_0w_a$ Tension,2026-09-03T18:04:31Z,2026-09-03T18:04:31Z,astro-ph.CO,astro-ph.CO,0,0,0,,,,,neighbor_topic,ctl_neighbor_cosmology; ctl_neighbor_dark,ctl_neighbor_cosmology:cmb (abstract); ctl_neighbor_dark:dark energy (abstract),https://arxiv.org/abs/2609.04334v1,https://arxiv.org/pdf/2609.04334v1
0.0,-0.7,low,2.0,False,True,2609.04328v1,Emergent dark sector in group field theory cosmology,2026-09-03T18:01:52Z,2026-09-03T18:01:52Z,gr-qc,gr-qc; hep-th,0,0,0,,,,,neighbor_topic,ctl_neighbor_dark; ctl_neighbor_quantum_gravity,ctl_neighbor_dark:dark matter (abstract); ctl_neighbor_quantum_gravity:quantum gravity (abstract),https://arxiv.org/abs/2609.04328v1,https://arxiv.org/pdf/2609.04328v1
0.0,-0.7,low,2.0,False,True,2609.04319v1,Exact quantum spin liquids with topological order on maple-leaf and trellis lattices,2026-09-03T18:00:03Z,2026-09-03T18:00:03Z,cond-mat.str-el,cond-mat.str-el,0,0,0,,,,,generic_physics,ctl_generic_numerics; ctl_generic_perturbation,ctl_generic_numerics:monte carlo (abstract); ctl_generic_perturbation:perturbation theory (abstract),https://arxiv.org/abs/2609.04319v1,https://arxiv.org/pdf/2609.04319v1
0.0,-0.7,low,2.0,False,True,2609.04164v1,A Superconducting Peierls Instability,2026-09-03T17:50:07Z,2026-09-03T17:50:07Z,cond-mat.supr-con,cond-mat.supr-con; cond-mat.str-el,0,0,0,,,,,generic_physics; orthogonal_physics,ctl_generic_symmetry; ctl_orthogonal_superconductivity,ctl_generic_symmetry:symmetry breaking (abstract); ctl_orthogonal_superconductivity:superconductor (abstract),https://arxiv.org/abs/2609.04164v1,https://arxiv.org/pdf/2609.04164v1
0.0,-0.7,low,2.0,False,True,2609.04114v1,Real-Time String Dynamics in $3+1$D Lattice Quantum Electrodynamics,2026-09-03T17:18:01Z,2026-09-03T17:18:01Z,hep-lat,hep-lat; cond-mat.quant-gas; hep-ph; hep-th; quant-ph,0,0,0,,,,,generic_physics; neighbor_topic,ctl_generic_perturbation; ctl_neighbor_standard_model,ctl_generic_perturbation:perturbation theory (abstract); ctl_neighbor_standard_model:qcd (abstract),https://arxiv.org/abs/2609.04114v1,https://arxiv.org/pdf/2609.04114v1
0.0,-0.7,low,2.0,True,True,2604.28188v2,Cosmology of fractional gravity,2026-04-30T17:59:33Z,2026-09-03T16:42:55Z,gr-qc,gr-qc; hep-th,0,0,0,,,,,generic_physics; neighbor_topic,ctl_generic_action; ctl_neighbor_quantum_gravity,ctl_generic_action:equations of motion (abstract); ctl_neighbor_quantum_gravity:quantum gravity (abstract),https://arxiv.org/abs/2604.28188v2,https://arxiv.org/pdf/2604.28188v2
0.0,-0.7,low,2.0,False,True,2609.04051v1,Sgr A* as a Galactic PeVatron: Multimessenger Signatures of the Magnetic Penrose Process,2026-09-03T16:23:01Z,2026-09-03T16:23:01Z,astro-ph.HE,astro-ph.HE; astro-ph.GA; gr-qc,0,0,0,,,,,neighbor_topic; orthogonal_physics,ctl_neighbor_black_hole; ctl_orthogonal_nuclear,ctl_neighbor_black_hole:black hole (abstract); ctl_orthogonal_nuclear:nuclear reaction (abstract),https://arxiv.org/abs/2609.04051v1,https://arxiv.org/pdf/2609.04051v1
0.0,-0.7,low,2.0,True,True,2608.15528v2,Global Precision Bounds and Success-Probability Guarantees in Quantum Parameter Learning,2026-08-16T04:51:57Z,2026-09-03T16:15:13Z,quant-ph,quant-ph,0,0,0,,,,,generic_physics,ctl_generic_action; ctl_generic_statistics,ctl_generic_action:hamiltonian (abstract); ctl_generic_statistics:parameter estimation (abstract),https://arxiv.org/abs/2608.15528v2,https://arxiv.org/pdf/2608.15528v2
0.0,-0.7,low,2.0,True,True,2606.10863v2,Isochrones in primordial magnetic field evolution,2026-06-09T13:40:20Z,2026-09-03T15:48:22Z,astro-ph.CO,astro-ph.CO,0,0,0,,,,,generic_physics; neighbor_topic,ctl_generic_numerics; ctl_neighbor_cosmology,ctl_generic_numerics:numerical simulation (abstract); ctl_neighbor_cosmology:inflation (abstract),https://arxiv.org/abs/2606.10863v2,https://arxiv.org/pdf/2606.10863v2
0.0,-0.7,low,2.0,True,True,2606.31561v2,Kaluza-Klein Gravitons in a Higher Curvature Warped Geometry : A New Perspective,2026-06-30T12:18:00Z,2026-09-03T15:48:13Z,hep-th,hep-th; gr-qc; hep-ph,0,0,0,,,,,neighbor_topic,ctl_neighbor_cosmology; ctl_neighbor_standard_model,ctl_neighbor_cosmology:cosmological constant (abstract); ctl_neighbor_standard_model:standard model (abstract),https://arxiv.org/abs/2606.31561v2,https://arxiv.org/pdf/2606.31561v2
0.0,-0.7,low,2.0,False,True,2609.01504v2,Higgsino Above the Sea of Fog,2026-09-01T16:34:43Z,2026-09-03T15:44:41Z,hep-ph,hep-ph,0,0,0,,,,,neighbor_topic,ctl_neighbor_dark; ctl_neighbor_standard_model,ctl_neighbor_dark:dark matter (abstract); ctl_neighbor_standard_model:electroweak (abstract),https://arxiv.org/abs/2609.01504v2,https://arxiv.org/pdf/2609.01504v2
0.0,-0.7,low,2.0,False,True,2609.03945v1,Mach-number-dependent dissipative anomaly in isothermal compressible turbulence,2026-09-03T14:50:32Z,2026-09-03T14:50:32Z,physics.flu-dyn,physics.flu-dyn,0,0,0,,,,,generic_physics; orthogonal_physics,ctl_generic_numerics; ctl_orthogonal_fluid,ctl_generic_numerics:numerical simulation (abstract); ctl_orthogonal_fluid:reynolds number (abstract),https://arxiv.org/abs/2609.03945v1,https://arxiv.org/pdf/2609.03945v1
0.0,-0.7,low,2.0,True,False,2604.05938v2,Numerical study of probabilistic well-posedness of one dimensional fractional nonlinear wave equations,2026-04-07T14:34:09Z,2026-09-03T14:16:34Z,math.AP,math.AP; math-ph; physics.comp-ph,0,0,0,,,,,generic_physics; neighbor_topic,ctl_generic_numerics; ctl_neighbor_cosmology,ctl_generic_numerics:numerical simulation (abstract); ctl_neighbor_cosmology:inflation (abstract),https://arxiv.org/abs/2604.05938v2,https://arxiv.org/pdf/2604.05938v2
0.0,-0.7,low,2.0,True,True,2608.29017v2,Hardware-Efficient Exchange-Only QML: Singlet-Triplet Spin Chains via Inter-pair Coupling without Magnetic Gradients,2026-08-29T03:13:07Z,2026-09-03T14:08:12Z,quant-ph,quant-ph,0,0,0,,,,,generic_physics; nonphysics_stem,ctl_generic_numerics; ctl_nonphysics_ml,ctl_generic_numerics:numerical simulation (abstract); ctl_nonphysics_ml:machine learning (abstract),https://arxiv.org/abs/2608.29017v2,https://arxiv.org/pdf/2608.29017v2
0.0,-0.7,low,2.0,True,True,2510.20105v7,High Gain Fusion Target Design using Generative Artificial Intelligence,2025-10-23T01:17:29Z,2026-09-03T14:00:11Z,physics.plasm-ph,physics.plasm-ph,0,0,0,,,,,nonphysics_stem; orthogonal_physics,ctl_nonphysics_ml; ctl_orthogonal_plasma,ctl_nonphysics_ml:neural network (abstract); ctl_orthogonal_plasma:tokamak (abstract),https://arxiv.org/abs/2510.20105v7,https://arxiv.org/pdf/2510.20105v7
0.0,-0.7,low,2.0,False,True,2609.03708v1,Fermi-Point Topology Determines Emergent Conformal Criticality in Extended Quantum Spin Chains,2026-09-03T11:44:17Z,2026-09-03T11:44:17Z,cond-mat.str-el,cond-mat.str-el; cond-mat.other,0,0,0,,,,,neighbor_topic; orthogonal_physics,ctl_neighbor_cft; ctl_orthogonal_quantum_critical,ctl_neighbor_cft:conformal field theories (abstract); ctl_orthogonal_quantum_critical:quantum criticality (abstract),https://arxiv.org/abs/2609.03708v1,https://arxiv.org/pdf/2609.03708v1
0.0,-0.7,low,2.0,True,True,2608.04100v2,Language-Guided Hypotheses Generation for Sparse SMEFT Analyses,2026-08-04T18:00:07Z,2026-09-03T11:42:35Z,hep-ph,hep-ph; hep-ex; hep-th,0,0,0,,,,,generic_physics; neighbor_topic,ctl_generic_eft; ctl_neighbor_standard_model,ctl_generic_eft:effective field theory (abstract); ctl_neighbor_standard_model:standard model (abstract),https://arxiv.org/abs/2608.04100v2,https://arxiv.org/pdf/2608.04100v2
0.0,-0.7,low,2.0,True,True,2608.20233v2,Nonthermal Dynamics of a One-dimensional Rydberg-atom Chain with Constraint Four-body Interactions,2026-08-20T16:27:19Z,2026-09-03T11:38:51Z,quant-ph,quant-ph; cond-mat.quant-gas; physics.atom-ph,0,0,0,,,,,generic_physics; orthogonal_physics,ctl_generic_action; ctl_orthogonal_atomic,ctl_generic_action:hamiltonian (abstract); ctl_orthogonal_atomic:rydberg atom (abstract),https://arxiv.org/abs/2608.20233v2,https://arxiv.org/pdf/2608.20233v2
0.0,-0.7,low,2.0,True,True,2606.04090v2,Mapping the nuclear environments of extreme coronal line emitting galaxies,2026-06-02T18:00:03Z,2026-09-03T11:26:59Z,astro-ph.GA,astro-ph.GA,0,0,0,,,,,neighbor_topic,ctl_neighbor_black_hole; ctl_neighbor_dark,ctl_neighbor_black_hole:black hole (abstract); ctl_neighbor_dark:dark energy (abstract),https://arxiv.org/abs/2606.04090v2,https://arxiv.org/pdf/2606.04090v2
0.0,-0.7,low,2.0,True,True,2607.23163v2,"Quasi-two-body decays $B_c^+ \to χ_{c0,c1} [ρ(K^*) \to] ππ(Kπ)$ in the PQCD approach",2026-07-25T11:37:29Z,2026-09-03T10:23:44Z,hep-ph,hep-ph,0,0,0,,,,,generic_physics; neighbor_topic,ctl_generic_perturbation; ctl_neighbor_standard_model,ctl_generic_perturbation:perturbative (abstract); ctl_neighbor_standard_model:qcd (abstract),https://arxiv.org/abs/2607.23163v2,https://arxiv.org/pdf/2607.23163v2
0.0,-0.7,low,2.0,True,True,2607.17923v4,Quantum numbers of excited $Ξ_c^\prime$ and $Ω_c$ baryons and the $P$-wave $Σ_c$ spectrum,2026-07-20T13:20:01Z,2026-09-03T10:10:53Z,hep-ph,hep-ph,0,0,0,,,,,generic_physics; neighbor_topic,ctl_generic_eft; ctl_neighbor_standard_model,ctl_generic_eft:effective theory (abstract); ctl_neighbor_standard_model:qcd (abstract),https://arxiv.org/abs/2607.17923v4,https://arxiv.org/pdf/2607.17923v4
0.0,-0.7,low,2.0,False,True,2609.03605v1,Patterned Substrates Unlock Self-Electrophoretic Phenomenon in Active Janus Microswimmers,2026-09-03T09:50:41Z,2026-09-03T09:50:41Z,cond-mat.soft,cond-mat.soft,0,0,0,,,,,neighbor_topic; nonphysics_stem,ctl_neighbor_standard_model; ctl_nonphysics_chem,ctl_neighbor_standard_model:standard model (abstract); ctl_nonphysics_chem:catalyst (abstract),https://arxiv.org/abs/2609.03605v1,https://arxiv.org/pdf/2609.03605v1
0.0,-0.7,low,2.0,True,True,2607.21509v2,Aspects of Closed Matricial Worlds,2026-07-23T16:54:54Z,2026-09-03T09:27:52Z,hep-th,hep-th; gr-qc,0,0,0,,,,,generic_physics; neighbor_topic,ctl_generic_perturbation; ctl_neighbor_quantum_gravity,ctl_generic_perturbation:perturbative (abstract); ctl_neighbor_quantum_gravity:quantum gravity (abstract),https://arxiv.org/abs/2607.21509v2,https://arxiv.org/pdf/2607.21509v2
0.0,-0.7,low,2.0,False,True,2609.03530v1,Topics in Kadyshevsky Field Theory,2026-09-03T08:29:35Z,2026-09-03T08:29:35Z,hep-th,hep-th,0,0,0,,,,,generic_physics,ctl_generic_action; ctl_generic_perturbation,ctl_generic_action:lagrangian (abstract); ctl_generic_perturbation:perturbation theory (abstract),https://arxiv.org/abs/2609.03530v1,https://arxiv.org/pdf/2609.03530v1
0.0,-0.7,low,2.0,True,True,2604.17202v2,Double Descent in Quantum Kernel Ridge Regression,2026-04-19T02:09:37Z,2026-09-03T07:44:50Z,quant-ph,quant-ph,0,0,0,,,,,generic_physics; nonphysics_stem,ctl_generic_numerics; ctl_nonphysics_ml,ctl_generic_numerics:numerical simulation (abstract); ctl_nonphysics_ml:machine learning (abstract),https://arxiv.org/abs/2604.17202v2,https://arxiv.org/pdf/2604.17202v2
0.0,-0.7,low,2.0,True,True,2411.11743v3,Modified gravity bridges the cosmological tensions,2024-11-18T17:15:14Z,2026-09-03T01:27:39Z,astro-ph.CO,astro-ph.CO; gr-qc,0,0,0,,,,,neighbor_topic,ctl_neighbor_cosmology; ctl_neighbor_standard_model,ctl_neighbor_cosmology:hubble tension (abstract); ctl_neighbor_standard_model:standard model (abstract),https://arxiv.org/abs/2411.11743v3,https://arxiv.org/pdf/2411.11743v3
0.0,-0.7,low,2.0,True,True,2502.12165v5,"New entropy, thermodynamics of apparent horizon and cosmology",2025-02-12T12:16:59Z,2026-09-02T22:11:27Z,physics.gen-ph,physics.gen-ph,0,0,0,,,,,neighbor_topic,ctl_neighbor_cosmology; ctl_neighbor_dark,ctl_neighbor_cosmology:inflation (abstract); ctl_neighbor_dark:dark energy (abstract),https://arxiv.org/abs/2502.12165v5,https://arxiv.org/pdf/2502.12165v5
0.0,-0.7,low,2.0,True,True,2404.18996v3,Next-to-Leading Order Unitarity Fits in the Extended Georgi-Machacek Model,2024-04-29T18:00:01Z,2026-09-02T22:05:40Z,hep-ph,hep-ph; hep-ex,0,0,0,,,,,generic_physics; neighbor_topic,ctl_generic_perturbation; ctl_neighbor_standard_model,ctl_generic_perturbation:loop correction (abstract); ctl_neighbor_standard_model:standard model (abstract),https://arxiv.org/abs/2404.18996v3,https://arxiv.org/pdf/2404.18996v3
0.0,-0.7,low,2.0,False,True,2609.03138v1,Antiferromagnetism-altered plasmon dynamics,2026-09-02T20:24:24Z,2026-09-02T20:24:24Z,cond-mat.str-el,cond-mat.str-el; cond-mat.mes-hall; cond-mat.mtrl-sci,0,0,0,,,,,orthogonal_physics,ctl_orthogonal_magnetism; ctl_orthogonal_materials,ctl_orthogonal_magnetism:magnon (abstract); ctl_orthogonal_materials:graphene (abstract),https://arxiv.org/abs/2609.03138v1,https://arxiv.org/pdf/2609.03138v1
0.0,-0.7,low,2.0,False,True,2609.03071v1,The trans-Planckian problem and gravitational interactions,2026-09-02T18:41:23Z,2026-09-02T18:41:23Z,hep-th,hep-th; gr-qc,0,0,0,,,,,generic_physics; neighbor_topic,ctl_generic_perturbation; ctl_neighbor_black_hole,ctl_generic_perturbation:perturbation theory (abstract); ctl_neighbor_black_hole:black hole (abstract),https://arxiv.org/abs/2609.03071v1,https://arxiv.org/pdf/2609.03071v1
0.0,-0.7,low,2.0,True,True,2606.25752v3,Bulk-to-Wall Observability in Rarefied Hypersonic Flow: Moment Limits and Incident Half-Range Sufficiency,2026-06-24T12:22:23Z,2026-09-02T18:37:15Z,physics.flu-dyn,physics.flu-dyn,0,0,0,,,,,generic_physics; nonphysics_stem,ctl_generic_numerics; ctl_nonphysics_ml,ctl_generic_numerics:monte carlo (abstract); ctl_nonphysics_ml:neural network (abstract),https://arxiv.org/abs/2606.25752v3,https://arxiv.org/pdf/2606.25752v3
0.0,-0.7,low,2.0,False,True,2609.03037v1,Scalar quasinormal modes of Kerr--AdS$_{\bf 7}$ via accessory parameter expansions,2026-09-02T18:09:20Z,2026-09-02T18:09:20Z,gr-qc,gr-qc,0,0,0,,,,,generic_physics; neighbor_topic,ctl_generic_perturbation; ctl_neighbor_black_hole,ctl_generic_perturbation:perturbative (abstract); ctl_neighbor_black_hole:black hole (abstract),https://arxiv.org/abs/2609.03037v1,https://arxiv.org/pdf/2609.03037v1
0.0,-0.7,low,2.0,False,True,2609.03009v1,Excitation factors and exceptional points of Kerr-de Sitter quasinormal modes,2026-09-02T18:00:01Z,2026-09-02T18:00:01Z,gr-qc,gr-qc,0,0,0,,,,,neighbor_topic,ctl_neighbor_black_hole; ctl_neighbor_cosmology,ctl_neighbor_black_hole:black hole (abstract); ctl_neighbor_cosmology:cosmological constant (abstract),https://arxiv.org/abs/2609.03009v1,https://arxiv.org/pdf/2609.03009v1
0.0,-0.7,low,2.0,False,True,2609.03008v1,Gravitational Backreaction in de Sitter: A Canonical ADM Approach,2026-09-02T18:00:01Z,2026-09-02T18:00:01Z,hep-th,hep-th; astro-ph.CO; gr-qc,0,0,0,,,,,generic_physics; neighbor_topic,ctl_generic_action; ctl_neighbor_cosmology,ctl_generic_action:hamiltonian (abstract); ctl_neighbor_cosmology:inflation (abstract),https://arxiv.org/abs/2609.03008v1,https://arxiv.org/pdf/2609.03008v1
0.0,-0.7,low,2.0,False,True,2609.03002v1,A Task Force on Strong Coupling Determinations from Event Shapes,2026-09-02T18:00:00Z,2026-09-02T18:00:00Z,hep-ph,hep-ph; hep-ex,0,0,0,,,,,generic_physics; neighbor_topic,ctl_generic_perturbation; ctl_neighbor_standard_model,ctl_generic_perturbation:perturbative (abstract); ctl_neighbor_standard_model:standard model (abstract),https://arxiv.org/abs/2609.03002v1,https://arxiv.org/pdf/2609.03002v1
0.0,-0.7,low,2.0,False,True,2609.03001v1,Taxonomy of Potentials in Asymptotic Limits,2026-09-02T18:00:00Z,2026-09-02T18:00:00Z,hep-th,hep-th,0,0,0,,,,,neighbor_topic,ctl_neighbor_quantum_gravity; ctl_neighbor_string,ctl_neighbor_quantum_gravity:quantum gravity (abstract); ctl_neighbor_string:string theory (abstract),https://arxiv.org/abs/2609.03001v1,https://arxiv.org/pdf/2609.03001v1
0.0,-0.7,low,2.0,True,True,2505.02821v2,"High-Frequency Gravitational Wave Search with ABRACADABRA-10\,cm",2025-05-05T17:48:00Z,2026-09-02T15:43:31Z,hep-ex,hep-ex; astro-ph.CO; gr-qc; hep-ph,0,0,0,,,,,neighbor_topic,ctl_neighbor_black_hole; ctl_neighbor_dark,ctl_neighbor_black_hole:black hole (abstract); ctl_neighbor_dark:dark matter (abstract),https://arxiv.org/abs/2505.02821v2,https://arxiv.org/pdf/2505.02821v2
0.0,-0.7,low,2.0,True,True,2504.03626v2,Quantum Speedups for Sampling and Non-convex Optimization with Stochastic Oracles,2025-04-04T17:44:22Z,2026-09-02T14:49:26Z,quant-ph,quant-ph; cs.LG; math.OC,0,0,0,,,,,generic_physics,ctl_generic_action; ctl_generic_numerics,ctl_generic_action:hamiltonian (abstract); ctl_generic_numerics:monte carlo (abstract),https://arxiv.org/abs/2504.03626v2,https://arxiv.org/pdf/2504.03626v2
0.0,-0.7,low,2.0,False,True,2609.02574v1,3.5-meter Segmented-Mirror Robotic Space Telescope Mission White Paper II. Key Scientific Mission: Wide-Field Cosmology and Galaxy Evolution,2026-09-02T13:19:53Z,2026-09-02T13:19:53Z,astro-ph.IM,astro-ph.IM,0,0,0,,,,,neighbor_topic,ctl_neighbor_cosmology; ctl_neighbor_dark,ctl_neighbor_cosmology:baryon acoustic oscillation (abstract); ctl_neighbor_dark:dark matter (abstract),https://arxiv.org/abs/2609.02574v1,https://arxiv.org/pdf/2609.02574v1
0.0,-0.7,low,2.0,False,True,2609.02490v1,Engineering of Non-Hermitian Trajectories and Phase Structure in an Open Bose-Hubbard Model via Rate Operator Transformations,2026-09-02T11:58:42Z,2026-09-02T11:58:42Z,quant-ph,quant-ph,0,0,0,,,,,generic_physics,ctl_generic_action; ctl_generic_numerics,ctl_generic_action:hamiltonian (abstract); ctl_generic_numerics:monte carlo (abstract),https://arxiv.org/abs/2609.02490v1,https://arxiv.org/pdf/2609.02490v1
0.0,-0.7,low,2.0,False,True,2609.02467v1,Entanglement Signatures of Kinetic-Mixing Portals in Dark Monopole Scattering,2026-09-02T11:38:12Z,2026-09-02T11:38:12Z,hep-ph,hep-ph,0,0,0,,,,,generic_physics; neighbor_topic,ctl_generic_perturbation; ctl_neighbor_standard_model,ctl_generic_perturbation:perturbative (abstract); ctl_neighbor_standard_model:standard model (abstract),https://arxiv.org/abs/2609.02467v1,https://arxiv.org/pdf/2609.02467v1
0.0,-0.7,low,2.0,True,True,2608.30914v2,Measuring peculiar velocity and tomographic redshift dipole with DESI DR1 catalogs,2026-08-31T14:57:30Z,2026-09-02T09:53:31Z,astro-ph.CO,astro-ph.CO,0,0,0,,,,,neighbor_topic,ctl_neighbor_cosmology; ctl_neighbor_dark,ctl_neighbor_cosmology:large-scale structure (abstract); ctl_neighbor_dark:dark energy (abstract),https://arxiv.org/abs/2608.30914v2,https://arxiv.org/pdf/2608.30914v2
0.0,-0.7,low,2.0,False,True,2609.02351v1,"Nonequilibrium corrections to conserved Ising criticality in scalar active matter: Ward identities, spectrum, and long crossovers",2026-09-02T09:24:34Z,2026-09-02T09:24:34Z,cond-mat.stat-mech,cond-mat.stat-mech; cond-mat.soft,0,0,0,,,,,generic_physics; neighbor_topic,ctl_generic_perturbation; ctl_neighbor_cft,ctl_generic_perturbation:two-loop (abstract); ctl_neighbor_cft:wilson-fisher (abstract),https://arxiv.org/abs/2609.02351v1,https://arxiv.org/pdf/2609.02351v1
0.0,-0.7,low,2.0,True,True,2511.23432v2,A measurement of $H_0$ from DESI DR1 using energy densities,2025-11-28T18:30:48Z,2026-09-02T05:38:40Z,astro-ph.CO,astro-ph.CO,0,0,0,,,,,neighbor_topic,ctl_neighbor_cosmology; ctl_neighbor_dark,ctl_neighbor_cosmology:hubble tension (abstract); ctl_neighbor_dark:dark energy (abstract),https://arxiv.org/abs/2511.23432v2,https://arxiv.org/pdf/2511.23432v2
0.0,-0.7,low,2.0,True,True,2605.22161v3,Blue-tilted spectral running and the JWST early galaxy tension,2026-05-21T08:30:11Z,2026-09-02T05:32:47Z,astro-ph.CO,astro-ph.CO; astro-ph.GA; hep-ph,0,0,0,,,,,neighbor_topic,ctl_neighbor_black_hole; ctl_neighbor_cosmology,ctl_neighbor_black_hole:black hole (abstract); ctl_neighbor_cosmology:cmb (abstract),https://arxiv.org/abs/2605.22161v3,https://arxiv.org/pdf/2605.22161v3
0.0,-0.7,low,2.0,True,True,2608.17115v2,Block Encoding Non-Abelian Lattice Gauge Theory,2026-08-17T20:49:21Z,2026-09-02T03:27:24Z,quant-ph,quant-ph; hep-lat; hep-ph,0,0,0,,,,,generic_physics; neighbor_topic,ctl_generic_action; ctl_neighbor_standard_model,ctl_generic_action:hamiltonian (abstract); ctl_neighbor_standard_model:qcd (abstract),https://arxiv.org/abs/2608.17115v2,https://arxiv.org/pdf/2608.17115v2
0.0,-0.7,low,2.0,False,True,2609.01969v1,Observation of g-wave altermagnetic multipole,2026-09-02T00:55:25Z,2026-09-02T00:55:25Z,cond-mat.str-el,cond-mat.str-el,0,0,0,,,,,generic_physics; orthogonal_physics,ctl_generic_symmetry; ctl_orthogonal_magnetism,ctl_generic_symmetry:symmetry breaking (abstract); ctl_orthogonal_magnetism:ferromagnet (abstract),https://arxiv.org/abs/2609.01969v1,https://arxiv.org/pdf/2609.01969v1
0.0,-0.7,low,2.0,False,True,2609.01892v1,A PQ-Symmetric High-Scale SUSY Interpretation of the LZ High-Energy Recoil,2026-09-01T21:39:26Z,2026-09-01T21:39:26Z,hep-ph,hep-ph; hep-ex,0,0,0,,,,,neighbor_topic,ctl_neighbor_dark; ctl_neighbor_standard_model,ctl_neighbor_dark:dark matter (abstract); ctl_neighbor_standard_model:electroweak (abstract),https://arxiv.org/abs/2609.01892v1,https://arxiv.org/pdf/2609.01892v1
0.0,-0.7,low,2.0,True,False,2506.02320v3,Greedy recursion parameter selection for one-way spatial integration of hyperbolic equations,2025-06-02T23:15:41Z,2026-09-01T21:26:11Z,math.NA,math.NA; physics.comp-ph; physics.flu-dyn,0,0,0,,,,,generic_physics; orthogonal_physics,ctl_generic_numerics; ctl_orthogonal_fluid,ctl_generic_numerics:numerical analysis (abstract); ctl_orthogonal_fluid:navier-stokes (abstract),https://arxiv.org/abs/2506.02320v3,https://arxiv.org/pdf/2506.02320v3
0.0,-0.7,low,2.0,False,True,2609.02946v1,A Unified Description of Dirac-Cone Anisotropies in Two Dimensions,2026-09-01T18:59:09Z,2026-09-01T18:59:09Z,cond-mat.mes-hall,cond-mat.mes-hall,0,0,0,,,,,neighbor_topic; orthogonal_physics,ctl_neighbor_standard_model; ctl_orthogonal_materials,ctl_neighbor_standard_model:standard model (abstract); ctl_orthogonal_materials:graphene (abstract),https://arxiv.org/abs/2609.02946v1,https://arxiv.org/pdf/2609.02946v1
0.0,-0.7,low,2.0,False,True,2609.01750v1,The Fusion Equilibrium Challenge: Inferring Magnetic Geometry Without Magnetic Diagnostics,2026-09-01T18:19:38Z,2026-09-01T18:19:38Z,physics.plasm-ph,physics.plasm-ph,0,0,0,,,,,nonphysics_stem; orthogonal_physics,ctl_nonphysics_ml; ctl_orthogonal_plasma,ctl_nonphysics_ml:machine learning (abstract); ctl_orthogonal_plasma:tokamak (abstract),https://arxiv.org/abs/2609.01750v1,https://arxiv.org/pdf/2609.01750v1
0.0,-0.7,low,2.0,False,True,2609.01376v1,Phase structure of magnetized quark matter at imaginary chemical potential,2026-09-01T15:11:37Z,2026-09-01T15:11:37Z,hep-ph,hep-ph,0,0,0,,,,,neighbor_topic; nonphysics_stem,ctl_neighbor_standard_model; ctl_nonphysics_chem,ctl_neighbor_standard_model:qcd (abstract); ctl_nonphysics_chem:catalysis (abstract),https://arxiv.org/abs/2609.01376v1,https://arxiv.org/pdf/2609.01376v1
0.0,-0.7,low,2.0,True,True,2509.17569v2,Conditioning in Generative Quantum Denoising Diffusion Models,2025-09-22T11:01:03Z,2026-09-01T14:25:35Z,quant-ph,quant-ph,0,0,0,,,,,generic_physics; nonphysics_stem,ctl_generic_numerics; ctl_nonphysics_ml,ctl_generic_numerics:numerical simulation (abstract); ctl_nonphysics_ml:machine learning (abstract),https://arxiv.org/abs/2509.17569v2,https://arxiv.org/pdf/2509.17569v2
0.0,-0.7,low,2.0,False,True,2609.01239v1,Exceptional Points in Photonics: From Non-Hermitian Physics to Applications,2026-09-01T13:36:55Z,2026-09-01T13:36:55Z,physics.optics,physics.optics; cond-mat.mes-hall; quant-ph,0,0,0,,,,,generic_physics,ctl_generic_action; ctl_generic_perturbation,ctl_generic_action:hamiltonian (abstract); ctl_generic_perturbation:perturbative (abstract),https://arxiv.org/abs/2609.01239v1,https://arxiv.org/pdf/2609.01239v1
0.0,-0.7,low,2.0,True,True,2603.21425v3,Holographic One-Point Function and Geodesics in SdS$_3$,2026-03-22T22:30:27Z,2026-09-01T13:27:32Z,hep-th,hep-th; gr-qc,0,0,0,,,,,neighbor_topic,ctl_neighbor_black_hole; ctl_neighbor_string,ctl_neighbor_black_hole:black hole (abstract); ctl_neighbor_string:ads/cft (abstract),https://arxiv.org/abs/2603.21425v3,https://arxiv.org/pdf/2603.21425v3
0.0,-0.7,low,2.0,False,True,2609.01206v1,A wavelet-based model of magnetic turbulence over a Parker spiral field,2026-09-01T13:13:38Z,2026-09-01T13:13:38Z,astro-ph.SR,astro-ph.SR,0,0,0,,,,,generic_physics; orthogonal_physics,ctl_generic_numerics; ctl_orthogonal_plasma,ctl_generic_numerics:numerical simulation (abstract); ctl_orthogonal_plasma:solar wind (abstract),https://arxiv.org/abs/2609.01206v1,https://arxiv.org/pdf/2609.01206v1
0.0,-0.7,low,2.0,False,True,2609.01203v1,Angular correlations and polarization in $Z$+jet production at the LHC,2026-09-01T13:11:23Z,2026-09-01T13:11:23Z,hep-ph,hep-ph; hep-ex,0,0,0,,,,,generic_physics; neighbor_topic,ctl_generic_perturbation; ctl_neighbor_standard_model,ctl_generic_perturbation:perturbation theory (abstract); ctl_neighbor_standard_model:electroweak (abstract),https://arxiv.org/abs/2609.01203v1,https://arxiv.org/pdf/2609.01203v1
0.0,-0.7,low,2.0,False,True,2609.01196v1,Deviation from $μ-τ$ reflection symmetry under radiative corrections in the minimal seesaw framework,2026-09-01T13:06:00Z,2026-09-01T13:06:00Z,hep-ph,hep-ph,0,0,0,,,,,generic_physics; neighbor_topic,ctl_generic_perturbation; ctl_neighbor_neutrino,ctl_generic_perturbation:one-loop (abstract); ctl_neighbor_neutrino:neutrino mass (abstract),https://arxiv.org/abs/2609.01196v1,https://arxiv.org/pdf/2609.01196v1
0.0,-0.7,low,2.0,False,True,2609.01153v1,Constraints on Buchdahl-Inspired Gravity from Future Pulsar Timing near Sgr A*,2026-09-01T12:30:17Z,2026-09-01T12:30:17Z,astro-ph.HE,astro-ph.HE; gr-qc,0,0,0,,,,,generic_physics; neighbor_topic,ctl_generic_statistics; ctl_neighbor_black_hole,ctl_generic_statistics:confidence interval (abstract); ctl_neighbor_black_hole:black hole (abstract),https://arxiv.org/abs/2609.01153v1,https://arxiv.org/pdf/2609.01153v1
0.0,-0.7,low,2.0,False,True,2609.00992v1,Dissipative Multi-Field Dynamics from Non-Hermitian Inflationary Potentials,2026-09-01T09:44:31Z,2026-09-01T09:44:31Z,gr-qc,gr-qc; astro-ph.CO,0,0,0,,,,,generic_physics; neighbor_topic,ctl_generic_perturbation; ctl_neighbor_cosmology,ctl_generic_perturbation:perturbative (abstract); ctl_neighbor_cosmology:inflation (abstract),https://arxiv.org/abs/2609.00992v1,https://arxiv.org/pdf/2609.00992v1
0.0,-0.7,low,2.0,False,True,2609.00907v1,Neutrino masses and mixing angles in the Plan B Model,2026-09-01T08:38:06Z,2026-09-01T08:38:06Z,hep-ph,hep-ph,0,0,0,,,,,neighbor_topic,ctl_neighbor_neutrino; ctl_neighbor_standard_model,ctl_neighbor_neutrino:neutrino oscillation (abstract); ctl_neighbor_standard_model:standard model (abstract),https://arxiv.org/abs/2609.00907v1,https://arxiv.org/pdf/2609.00907v1
0.0,-0.7,low,2.0,False,True,2609.00850v1,Assessment of Numerical Lift Coefficient Data for a Circular Cylinder with Application to Bladeless Turbines,2026-09-01T07:47:31Z,2026-09-01T07:47:31Z,physics.flu-dyn,physics.flu-dyn; math.NA; physics.comp-ph,0,0,0,,,,,generic_physics; orthogonal_physics,ctl_generic_numerics; ctl_orthogonal_fluid,ctl_generic_numerics:finite element (abstract); ctl_orthogonal_fluid:navier-stokes (abstract),https://arxiv.org/abs/2609.00850v1,https://arxiv.org/pdf/2609.00850v1
0.0,-0.82,low,2.35,False,True,2609.05410v1,Early against Late: A contrast on dark energy in the light of DESI DR2,2026-09-04T17:58:04Z,2026-09-04T17:58:04Z,astro-ph.CO,astro-ph.CO,0,0,0,,,,,neighbor_topic,ctl_neighbor_cosmology; ctl_neighbor_dark,ctl_neighbor_cosmology:cmb (abstract); ctl_neighbor_dark:dark energy (title),https://arxiv.org/abs/2609.05410v1,https://arxiv.org/pdf/2609.05410v1
0.0,-0.82,low,2.35,False,True,2609.05407v1,Nonlinear evolution in Galileon EFTs: Regularization and screening,2026-09-04T17:55:37Z,2026-09-04T17:55:37Z,gr-qc,gr-qc; hep-th,0,0,0,,,,,generic_physics,ctl_generic_eft; ctl_generic_perturbation,ctl_generic_eft:eft (title); ctl_generic_perturbation:perturbative (abstract),https://arxiv.org/abs/2609.05407v1,https://arxiv.org/pdf/2609.05407v1
0.0,-0.82,low,2.35,True,True,2504.06852v4,Quantum control and the topological properties of the magnon photo-transport in two-dimensional collinear ferromagnet,2025-04-09T13:06:39Z,2026-09-04T14:32:45Z,cond-mat.mes-hall,cond-mat.mes-hall,0,0,0,,,,,generic_physics; orthogonal_physics,ctl_generic_perturbation; ctl_orthogonal_magnetism,ctl_generic_perturbation:perturbative (abstract); ctl_orthogonal_magnetism:ferromagnet (title),https://arxiv.org/abs/2504.06852v4,https://arxiv.org/pdf/2504.06852v4
0.0,-0.82,low,2.35,False,True,2609.05185v1,Ni-O hybridization as a stabilizer for $s^{\pm}$ superconductivity in La$_3$Ni$_2$O$_7$: a DFT+RPA study,2026-09-04T14:22:18Z,2026-09-04T14:22:18Z,cond-mat.supr-con,cond-mat.supr-con; cond-mat.mtrl-sci; cond-mat.str-el,0,0,0,,,,,orthogonal_physics,ctl_orthogonal_materials; ctl_orthogonal_superconductivity,ctl_orthogonal_materials:band structure (abstract); ctl_orthogonal_superconductivity:superconductivity (title),https://arxiv.org/abs/2609.05185v1,https://arxiv.org/pdf/2609.05185v1
0.0,-0.82,low,2.35,False,True,2609.05006v1,Accessing the Wess-Zumino-Witten term using Lattice QCD,2026-09-04T11:17:37Z,2026-09-04T11:17:37Z,hep-lat,hep-lat; hep-ph; nucl-th,0,0,0,,,,,generic_physics; neighbor_topic,ctl_generic_perturbation; ctl_neighbor_standard_model,ctl_generic_perturbation:perturbation theory (abstract); ctl_neighbor_standard_model:qcd (title),https://arxiv.org/abs/2609.05006v1,https://arxiv.org/pdf/2609.05006v1
0.0,-0.82,low,2.35,False,True,2609.04990v1,Late-Time Emergence of Dark Energy and Its Interaction with Dark Matter,2026-09-04T10:53:22Z,2026-09-04T10:53:22Z,astro-ph.CO,astro-ph.CO,0,0,0,,,,,neighbor_topic,ctl_neighbor_cosmology; ctl_neighbor_dark,ctl_neighbor_cosmology:cmb (abstract); ctl_neighbor_dark:dark matter (title),https://arxiv.org/abs/2609.04990v1,https://arxiv.org/pdf/2609.04990v1
0.0,-0.82,low,2.35,False,True,2609.04868v1,Higgs Boson Pair Production via Gluon Fusion: Higher-Order Corrections and Theoretical Uncertainties,2026-09-04T08:28:05Z,2026-09-04T08:28:05Z,hep-ph,hep-ph; hep-ex,0,0,0,,,,,generic_physics; neighbor_topic,ctl_generic_perturbation; ctl_neighbor_standard_model,ctl_generic_perturbation:perturbative (abstract); ctl_neighbor_standard_model:higgs boson (title),https://arxiv.org/abs/2609.04868v1,https://arxiv.org/pdf/2609.04868v1
0.0,-0.82,low,2.35,False,True,2609.04761v1,Flavor Tomography of Long-Lived Neutrino-Mass Mediators: Probing the Neutrino Mass Ordering at the HL-LHC,2026-09-04T05:45:26Z,2026-09-04T05:45:26Z,hep-ph,hep-ph; hep-ex,0,0,0,,,,,neighbor_topic,ctl_neighbor_dark; ctl_neighbor_neutrino,ctl_neighbor_dark:dark matter (abstract); ctl_neighbor_neutrino:neutrino mass (title),https://arxiv.org/abs/2609.04761v1,https://arxiv.org/pdf/2609.04761v1
0.0,-0.82,low,2.35,False,True,2609.04510v1,"Implementation of frequency-correlated noise in CMB component separation: Method, Validation, and Early Applications",2026-09-03T21:58:47Z,2026-09-03T21:58:47Z,astro-ph.CO,astro-ph.CO; astro-ph.IM,0,0,0,,,,,generic_physics; neighbor_topic,ctl_generic_statistics; ctl_neighbor_cosmology,ctl_generic_statistics:parameter estimation (abstract); ctl_neighbor_cosmology:cmb (title),https://arxiv.org/abs/2609.04510v1,https://arxiv.org/pdf/2609.04510v1
0.0,-0.82,low,2.35,False,True,2609.01695v2,Dark-Sector Effects on the Phase Structure of Nonlinear Magnetic AdS Black Holes,2026-09-01T16:27:57Z,2026-09-03T21:46:19Z,gr-qc,gr-qc,0,0,0,,,,,neighbor_topic,ctl_neighbor_black_hole; ctl_neighbor_dark,ctl_neighbor_black_hole:black hole (title); ctl_neighbor_dark:dark matter (abstract),https://arxiv.org/abs/2609.01695v2,https://arxiv.org/pdf/2609.01695v2
0.0,-0.82,low,2.35,False,True,2609.04367v1,Quantum Graph Neural Networks for Jet Tagging on Quantum Hardware,2026-09-03T18:29:04Z,2026-09-03T18:29:04Z,hep-ph,hep-ph; hep-ex; quant-ph,0,0,0,,,,,neighbor_topic; nonphysics_stem,ctl_neighbor_standard_model; ctl_nonphysics_ml,ctl_neighbor_standard_model:standard model (abstract); ctl_nonphysics_ml:neural network (title),https://arxiv.org/abs/2609.04367v1,https://arxiv.org/pdf/2609.04367v1
0.0,-0.82,low,2.35,False,True,2609.04331v1,"Boundary-Boundary Duality on Regular Black Holes, Supersymmetric Solitons and Holographic Spinning Plasma Disks",2026-09-03T18:02:49Z,2026-09-03T18:02:49Z,hep-th,hep-th,0,0,0,,,,,neighbor_topic,ctl_neighbor_black_hole; ctl_neighbor_cosmology,ctl_neighbor_black_hole:black hole (title); ctl_neighbor_cosmology:cosmological constant (abstract),https://arxiv.org/abs/2609.04331v1,https://arxiv.org/pdf/2609.04331v1
0.0,-0.82,low,2.35,False,True,2609.04313v1,It's All About the Environment: Local $f_{\rm NL}$ from a Dark Matter Conditioned Multitracer Analysis,2026-09-03T18:00:01Z,2026-09-03T18:00:01Z,astro-ph.CO,astro-ph.CO,0,0,0,,,,,neighbor_topic,ctl_neighbor_cosmology; ctl_neighbor_dark,ctl_neighbor_cosmology:large-scale structure (abstract); ctl_neighbor_dark:dark matter (title),https://arxiv.org/abs/2609.04313v1,https://arxiv.org/pdf/2609.04313v1
0.0,-0.82,low,2.35,False,True,2609.04163v1,TeV Higgsino Interpretation of the LZ High-Recoil Event with Intermediate-Scale Electroweak Gauginos,2026-09-03T17:50:00Z,2026-09-03T17:50:00Z,hep-ph,hep-ph,0,0,0,,,,,generic_physics; neighbor_topic,ctl_generic_perturbation; ctl_neighbor_standard_model,ctl_generic_perturbation:one-loop (abstract); ctl_neighbor_standard_model:electroweak (title),https://arxiv.org/abs/2609.04163v1,https://arxiv.org/pdf/2609.04163v1
0.0,-0.82,low,2.35,False,True,2609.04065v1,Small-quench Loschmidt dynamics near quantum critical points,2026-09-03T16:39:25Z,2026-09-03T16:39:25Z,quant-ph,quant-ph,0,0,0,,,,,generic_physics; orthogonal_physics,ctl_generic_action; ctl_orthogonal_quantum_critical,ctl_generic_action:hamiltonian (abstract); ctl_orthogonal_quantum_critical:quantum critical point (title),https://arxiv.org/abs/2609.04065v1,https://arxiv.org/pdf/2609.04065v1
0.0,-0.82,low,2.35,False,True,2609.02867v2,"Magnetized accretion onto rapidly spinning binary black holes: mini-disk thermodynamics, magnetic transport, and dual jets",2026-09-02T17:51:17Z,2026-09-03T15:52:16Z,astro-ph.HE,astro-ph.HE; gr-qc,0,0,0,,,,,neighbor_topic; orthogonal_physics,ctl_neighbor_black_hole; ctl_orthogonal_plasma,ctl_neighbor_black_hole:black hole (title); ctl_orthogonal_plasma:magnetohydrodynamic (abstract),https://arxiv.org/abs/2609.02867v2,https://arxiv.org/pdf/2609.02867v2
0.0,-0.82,low,2.35,True,True,2603.13113v2,Search for Higgs boson pair production in association with top-quark pairs using 196 fb$^{-1}$ of proton-proton collision data at $\sqrt{s}=$ 13 and 13.6 TeV with the ATLAS detector,2026-03-13T16:09:48Z,2026-09-03T14:16:27Z,hep-ex,hep-ex,0,0,0,,,,,generic_physics; neighbor_topic,ctl_generic_eft; ctl_neighbor_standard_model,ctl_generic_eft:effective field theory (abstract); ctl_neighbor_standard_model:higgs boson (title),https://arxiv.org/abs/2603.13113v2,https://arxiv.org/pdf/2603.13113v2
0.0,-0.82,low,2.35,False,True,2609.03879v1,Multi-tesla operation of high-temperature superconducting cavities for accelerated axion dark matter searches,2026-09-03T14:05:37Z,2026-09-03T14:05:37Z,hep-ex,hep-ex,0,0,0,,,,,neighbor_topic; orthogonal_physics,ctl_neighbor_dark; ctl_orthogonal_superconductivity,ctl_neighbor_dark:dark matter (title); ctl_orthogonal_superconductivity:superconductor (abstract),https://arxiv.org/abs/2609.03879v1,https://arxiv.org/pdf/2609.03879v1
0.0,-0.82,low,2.35,True,True,2603.09969v2,Dark Matter Recoupling,2026-03-10T17:58:38Z,2026-09-03T13:19:25Z,astro-ph.CO,astro-ph.CO; hep-ph,0,0,0,,,,,neighbor_topic,ctl_neighbor_cosmology; ctl_neighbor_dark,ctl_neighbor_cosmology:baryon acoustic oscillation (abstract); ctl_neighbor_dark:dark matter (title),https://arxiv.org/abs/2603.09969v2,https://arxiv.org/pdf/2603.09969v2
0.0,-0.82,low,2.35,False,False,2609.03768v1,Computing high-order mixed derivatives in physics-informed neural networks using multi-index Bell polynomials,2026-09-03T12:36:02Z,2026-09-03T12:36:02Z,physics.comp-ph,physics.comp-ph; physics.plasm-ph,0,0,0,,,,,generic_physics; nonphysics_stem,ctl_generic_numerics; ctl_nonphysics_ml,ctl_generic_numerics:finite difference (abstract); ctl_nonphysics_ml:neural network (title),https://arxiv.org/abs/2609.03768v1,https://arxiv.org/pdf/2609.03768v1
0.0,-0.82,low,2.35,True,True,2511.10620v3,The Atacama Cosmology Telescope: A demonstration of CMB lensing measurement from daytime data,2025-11-13T18:47:03Z,2026-09-03T12:12:05Z,astro-ph.CO,astro-ph.CO,0,0,0,,,,,neighbor_topic,ctl_neighbor_cosmology; ctl_neighbor_dark,ctl_neighbor_cosmology:cmb (title); ctl_neighbor_dark:dark energy (abstract),https://arxiv.org/abs/2511.10620v3,https://arxiv.org/pdf/2511.10620v3
0.0,-0.82,low,2.35,True,True,2505.23243v4,Kinetically Modified Palatini Inflation Meets ACT Data,2025-05-29T08:48:25Z,2026-09-03T11:17:42Z,hep-ph,hep-ph; astro-ph.CO; hep-th,0,0,0,,,,,generic_physics; neighbor_topic,ctl_generic_eft; ctl_neighbor_cosmology,ctl_generic_eft:effective theory (abstract); ctl_neighbor_cosmology:inflation (title),https://arxiv.org/abs/2505.23243v4,https://arxiv.org/pdf/2505.23243v4
0.0,-0.82,low,2.35,False,True,2609.03640v1,Quantum Hamiltonian Evolution for Coherent Quantum Learning,2026-09-03T10:41:23Z,2026-09-03T10:41:23Z,quant-ph,quant-ph,0,0,0,,,,,generic_physics; nonphysics_stem,ctl_generic_action; ctl_nonphysics_ml,ctl_generic_action:hamiltonian (title); ctl_nonphysics_ml:machine learning (abstract),https://arxiv.org/abs/2609.03640v1,https://arxiv.org/pdf/2609.03640v1
0.0,-0.82,low,2.35,True,True,2604.21976v2,Cosmic-Ray Signatures of Annihilating and Semi-Annihilating Dark Matter via One-Step Cascades,2026-04-23T18:00:03Z,2026-09-03T09:37:08Z,hep-ph,hep-ph; astro-ph.CO; astro-ph.HE,0,0,0,,,,,neighbor_topic,ctl_neighbor_dark; ctl_neighbor_standard_model,ctl_neighbor_dark:dark matter (title); ctl_neighbor_standard_model:standard model (abstract),https://arxiv.org/abs/2604.21976v2,https://arxiv.org/pdf/2604.21976v2
0.0,-0.82,low,2.35,True,True,2602.15588v3,Correlation-driven origin of shallow electron pocket in Co$_{1/3}$TaS$_2$ revealed by ARPES and cluster perturbation theory,2026-02-17T14:01:23Z,2026-09-03T09:15:46Z,cond-mat.str-el,cond-mat.str-el,0,0,0,,,,,generic_physics; orthogonal_physics,ctl_generic_perturbation; ctl_orthogonal_materials,ctl_generic_perturbation:perturbation theory (title); ctl_orthogonal_materials:electronic structure (abstract),https://arxiv.org/abs/2602.15588v3,https://arxiv.org/pdf/2602.15588v3
0.0,-0.82,low,2.35,True,True,2602.16792v2,Fast premerger detection of massive black-hole binaries in LISA based on time-frequency excess power,2026-02-18T19:00:33Z,2026-09-03T06:10:15Z,astro-ph.IM,astro-ph.IM; astro-ph.HE; gr-qc,0,0,0,,,,,generic_physics; neighbor_topic,ctl_generic_statistics; ctl_neighbor_black_hole,ctl_generic_statistics:parameter estimation (abstract); ctl_neighbor_black_hole:black-hole (title),https://arxiv.org/abs/2602.16792v2,https://arxiv.org/pdf/2602.16792v2
0.0,-0.82,low,2.35,True,True,2505.15021v2,Characterizing errors in parameter estimation by local measurements,2025-05-21T02:02:23Z,2026-09-03T05:59:05Z,quant-ph,quant-ph,0,0,0,,,,,generic_physics,ctl_generic_action; ctl_generic_statistics,ctl_generic_action:hamiltonian (abstract); ctl_generic_statistics:parameter estimation (title),https://arxiv.org/abs/2505.15021v2,https://arxiv.org/pdf/2505.15021v2
0.0,-0.82,low,2.35,False,True,2609.03385v1,Meson mass spectrum in isospin QCD medium from the $N_f=2+1$ quark-meson model,2026-09-03T05:38:56Z,2026-09-03T05:38:56Z,hep-ph,hep-ph,0,0,0,,,,,generic_physics; neighbor_topic,ctl_generic_perturbation; ctl_neighbor_standard_model,ctl_generic_perturbation:one-loop (abstract); ctl_neighbor_standard_model:qcd (title),https://arxiv.org/abs/2609.03385v1,https://arxiv.org/pdf/2609.03385v1
0.0,-0.82,low,2.35,True,True,2605.11655v2,"Algebra of free fermions: Classifying spaces, Hamiltonians, and computation",2026-05-12T07:17:12Z,2026-09-03T04:34:15Z,cond-mat.mes-hall,cond-mat.mes-hall; math-ph,0,0,0,,,,,generic_physics; orthogonal_physics,ctl_generic_action; ctl_orthogonal_superconductivity,ctl_generic_action:hamiltonian (title); ctl_orthogonal_superconductivity:superconductor (abstract),https://arxiv.org/abs/2605.11655v2,https://arxiv.org/pdf/2605.11655v2
0.0,-0.82,low,2.35,False,True,2609.02868v2,Inelastic Dark Photon Dark Matter for the LUX-ZEPLIN High-Recoil Event and the Galactic Halo Gamma-Ray Excess,2026-09-02T17:51:20Z,2026-09-03T03:13:15Z,hep-ph,hep-ph; astro-ph.HE,0,0,0,,,,,neighbor_topic,ctl_neighbor_dark; ctl_neighbor_standard_model,ctl_neighbor_dark:dark matter (title); ctl_neighbor_standard_model:standard model (abstract),https://arxiv.org/abs/2609.02868v2,https://arxiv.org/pdf/2609.02868v2
0.0,-0.82,low,2.35,True,True,2608.15988v2,Perturbative solutions for the bumblebee field in a Schwarzschild background,2026-08-17T00:49:42Z,2026-09-03T02:06:09Z,gr-qc,gr-qc; hep-ph; math-ph,0,0,0,,,,,generic_physics; neighbor_topic,ctl_generic_perturbation; ctl_neighbor_black_hole,ctl_generic_perturbation:perturbative (title); ctl_neighbor_black_hole:event horizon (abstract),https://arxiv.org/abs/2608.15988v2,https://arxiv.org/pdf/2608.15988v2
0.0,-0.82,low,2.35,False,True,2609.03250v1,Radiative Efficiency Enhancement by Electromagnetic Energy Dissipation in Strongly Magnetized Supercritical Accretion Flows around Kerr Black Holes,2026-09-03T01:11:24Z,2026-09-03T01:11:24Z,astro-ph.HE,astro-ph.HE,0,0,0,,,,,neighbor_topic; orthogonal_physics,ctl_neighbor_black_hole; ctl_orthogonal_plasma,ctl_neighbor_black_hole:black hole (title); ctl_orthogonal_plasma:magnetohydrodynamic (abstract),https://arxiv.org/abs/2609.03250v1,https://arxiv.org/pdf/2609.03250v1
0.0,-0.82,low,2.35,True,True,2608.23707v2,Hamiltonian Learning at Scale,2026-08-24T18:01:56Z,2026-09-02T21:08:40Z,quant-ph,quant-ph; cond-mat.other,0,0,0,,,,,generic_physics,ctl_generic_action; ctl_generic_numerics,ctl_generic_action:hamiltonian (title); ctl_generic_numerics:numerical simulation (abstract),https://arxiv.org/abs/2608.23707v2,https://arxiv.org/pdf/2608.23707v2
0.0,-0.82,low,2.35,True,True,2608.21211v2,The transverse matter Hamiltonian,2026-08-21T15:22:56Z,2026-09-02T19:56:59Z,math-ph,math-ph; cond-mat.mtrl-sci,0,0,0,,,,,generic_physics,ctl_generic_action; ctl_generic_perturbation,ctl_generic_action:hamiltonian (title); ctl_generic_perturbation:perturbation theory (abstract),https://arxiv.org/abs/2608.21211v2,https://arxiv.org/pdf/2608.21211v2
0.0,-0.82,low,2.35,False,True,2609.03092v1,Non-Kolmogorov-Arnold-Moser Quantum Sensors for Quantum Parameter Estimation,2026-09-02T19:05:15Z,2026-09-02T19:05:15Z,quant-ph,quant-ph; cond-mat.stat-mech; nlin.CD,0,0,0,,,,,generic_physics,ctl_generic_numerics; ctl_generic_statistics,ctl_generic_numerics:numerical analysis (abstract); ctl_generic_statistics:parameter estimation (title),https://arxiv.org/abs/2609.03092v1,https://arxiv.org/pdf/2609.03092v1
0.0,-0.82,low,2.35,False,True,2609.03062v1,Reassessing Evidence for Dark-Sector Interactions with Dynamical Dark Energy and DESI DR2,2026-09-02T18:35:37Z,2026-09-02T18:35:37Z,astro-ph.CO,astro-ph.CO; gr-qc,0,0,0,,,,,neighbor_topic,ctl_neighbor_cosmology; ctl_neighbor_dark,ctl_neighbor_cosmology:cmb (abstract); ctl_neighbor_dark:dark energy (title),https://arxiv.org/abs/2609.03062v1,https://arxiv.org/pdf/2609.03062v1
0.0,-0.82,low,2.35,True,True,2606.14799v2,Experimental exploration of the QCD phase diagram,2026-06-11T17:01:31Z,2026-09-02T17:45:05Z,nucl-ex,nucl-ex; hep-ph; nucl-th,0,0,0,,,,,generic_physics; neighbor_topic,ctl_generic_numerics; ctl_neighbor_standard_model,ctl_generic_numerics:monte carlo (abstract); ctl_neighbor_standard_model:qcd (title),https://arxiv.org/abs/2606.14799v2,https://arxiv.org/pdf/2606.14799v2
0.0,-0.82,low,2.35,True,True,2509.07982v2,LHAASO Galactic Plane $γ$-rays Strongly Constrain Heavy Dark Matter,2025-09-09T17:59:59Z,2026-09-02T17:34:12Z,hep-ph,hep-ph; astro-ph.CO; hep-ex,0,0,0,,,,,neighbor_topic,ctl_neighbor_dark; ctl_neighbor_standard_model,ctl_neighbor_dark:dark matter (title); ctl_neighbor_standard_model:standard model (abstract),https://arxiv.org/abs/2509.07982v2,https://arxiv.org/pdf/2509.07982v2
0.0,-0.82,low,2.35,False,True,2609.02825v1,Charged black-hole binary radiation at second post-Newtonian order,2026-09-02T17:11:54Z,2026-09-02T17:11:54Z,gr-qc,gr-qc,0,0,0,,,,,generic_physics; neighbor_topic,ctl_generic_eft; ctl_neighbor_black_hole,ctl_generic_eft:effective field theory (abstract); ctl_neighbor_black_hole:black-hole (title),https://arxiv.org/abs/2609.02825v1,https://arxiv.org/pdf/2609.02825v1
0.0,-0.82,low,2.35,False,True,2609.02823v1,Search for dark matter particle interactions in an extended nuclear recoil energy window with the LUX-ZEPLIN (LZ) experiment,2026-09-02T17:11:17Z,2026-09-02T17:11:17Z,hep-ex,hep-ex,0,0,0,,,,,generic_physics; neighbor_topic,ctl_generic_eft; ctl_neighbor_dark,ctl_generic_eft:effective field theory (abstract); ctl_neighbor_dark:dark matter (title),https://arxiv.org/abs/2609.02823v1,https://arxiv.org/pdf/2609.02823v1
0.0,-0.82,low,2.35,False,True,2609.02815v1,Relaxation effects on Hartree-Fock ground states in twisted bilayer graphene at even integer fillings,2026-09-02T16:59:12Z,2026-09-02T16:59:12Z,cond-mat.mes-hall,cond-mat.mes-hall; math-ph,0,0,0,,,,,generic_physics; orthogonal_physics,ctl_generic_action; ctl_orthogonal_materials,ctl_generic_action:lagrangian (abstract); ctl_orthogonal_materials:graphene (title),https://arxiv.org/abs/2609.02815v1,https://arxiv.org/pdf/2609.02815v1
0.0,-0.82,low,2.35,True,True,2605.09979v2,Higgs-Portal Spin-1 Dark Matter with Parity-Violating Interaction for a Galactic Halo Gamma Ray Excess,2026-05-11T04:42:07Z,2026-09-02T16:53:23Z,hep-ph,hep-ph,0,0,0,,,,,neighbor_topic,ctl_neighbor_dark; ctl_neighbor_standard_model,ctl_neighbor_dark:dark matter (title); ctl_neighbor_standard_model:standard model (abstract),https://arxiv.org/abs/2605.09979v2,https://arxiv.org/pdf/2605.09979v2
0.0,-0.82,low,2.35,True,True,2604.16539v3,Classifying Supermassive Black Hole Growth Regimes to Observables Across Cosmological Simulations with Forecasts for LSST,2026-04-16T23:53:16Z,2026-09-02T15:16:14Z,astro-ph.GA,astro-ph.GA; astro-ph.IM,0,0,0,,,,,neighbor_topic; nonphysics_stem,ctl_neighbor_black_hole; ctl_nonphysics_ml,ctl_neighbor_black_hole:black hole (title); ctl_nonphysics_ml:machine learning (abstract),https://arxiv.org/abs/2604.16539v3,https://arxiv.org/pdf/2604.16539v3
0.0,-0.82,low,2.35,False,True,2609.02691v1,Entanglement entropy minimization and global symmetry violation in scatterings,2026-09-02T14:59:33Z,2026-09-02T14:59:33Z,hep-ph,hep-ph,0,0,0,,,,,generic_physics; neighbor_topic,ctl_generic_symmetry; ctl_neighbor_standard_model,ctl_generic_symmetry:global symmetry (title); ctl_neighbor_standard_model:standard model (abstract),https://arxiv.org/abs/2609.02691v1,https://arxiv.org/pdf/2609.02691v1
0.0,-0.82,low,2.35,False,True,2609.02674v1,Thermal Quantum Fluctuations in Einstein-Nonlinear Maxwell-Yukawa Black Hole,2026-09-02T14:46:26Z,2026-09-02T14:46:26Z,gr-qc,gr-qc,0,0,0,,,,,generic_physics; neighbor_topic,ctl_generic_perturbation; ctl_neighbor_black_hole,ctl_generic_perturbation:perturbative (abstract); ctl_neighbor_black_hole:black hole (title),https://arxiv.org/abs/2609.02674v1,https://arxiv.org/pdf/2609.02674v1
0.0,-0.82,low,2.35,False,True,2609.02667v1,Feeding The Little Monster: An Accreting Intermediate-Mass Black Hole In A Minor Merger Secondary Galaxy,2026-09-02T14:42:38Z,2026-09-02T14:42:38Z,astro-ph.HE,astro-ph.HE,0,0,0,,,,,generic_physics; neighbor_topic,ctl_generic_numerics; ctl_neighbor_black_hole,ctl_generic_numerics:numerical simulation (abstract); ctl_neighbor_black_hole:black hole (title),https://arxiv.org/abs/2609.02667v1,https://arxiv.org/pdf/2609.02667v1
0.0,-0.82,low,2.35,False,True,2609.01592v2,Fermionic Dark Matter Absorption and the High-Energy Event in LUX-ZEPLIN,2026-09-01T17:55:18Z,2026-09-02T14:05:22Z,hep-ph,hep-ph; hep-ex,0,0,0,,,,,generic_physics; neighbor_topic,ctl_generic_eft; ctl_neighbor_dark,ctl_generic_eft:effective field theory (abstract); ctl_neighbor_dark:dark matter (title),https://arxiv.org/abs/2609.01592v2,https://arxiv.org/pdf/2609.01592v2
0.0,-0.82,low,2.35,True,True,2606.11936v3,Heavy fermionic dark matter in a secluded $Z_4$ framework,2026-06-10T11:08:17Z,2026-09-02T13:32:56Z,hep-ph,hep-ph,0,0,0,,,,,neighbor_topic,ctl_neighbor_dark; ctl_neighbor_standard_model,ctl_neighbor_dark:dark matter (title); ctl_neighbor_standard_model:higgs boson (abstract),https://arxiv.org/abs/2606.11936v3,https://arxiv.org/pdf/2606.11936v3
0.0,-0.82,low,2.35,True,True,2604.20734v2,Search for Axion Like Particles produced via the Primakoff process at COMPASS,2026-04-22T16:20:45Z,2026-09-02T12:25:13Z,hep-ph,hep-ph; hep-ex,0,0,0,,,,,neighbor_topic,ctl_neighbor_dark; ctl_neighbor_standard_model,ctl_neighbor_dark:axion (title); ctl_neighbor_standard_model:standard model (abstract),https://arxiv.org/abs/2604.20734v2,https://arxiv.org/pdf/2604.20734v2
0.0,-0.82,low,2.35,True,True,2607.03370v2,Running of the Electroweak Gauge Couplings from First Principles,2026-07-03T14:24:23Z,2026-09-02T12:23:44Z,hep-lat,hep-lat; hep-ph,0,0,0,,,,,generic_physics; neighbor_topic,ctl_generic_perturbation; ctl_neighbor_standard_model,ctl_generic_perturbation:perturbative (abstract); ctl_neighbor_standard_model:electroweak (title),https://arxiv.org/abs/2607.03370v2,https://arxiv.org/pdf/2607.03370v2
0.0,-0.82,low,2.35,True,True,2511.01623v2,Precision lattice calculation of the hadronic contribution to the running of the electroweak gauge couplings,2025-11-03T14:34:52Z,2026-09-02T12:09:47Z,hep-lat,hep-lat; hep-ph,0,0,0,,,,,generic_physics; neighbor_topic,ctl_generic_perturbation; ctl_neighbor_standard_model,ctl_generic_perturbation:perturbative (abstract); ctl_neighbor_standard_model:electroweak (title),https://arxiv.org/abs/2511.01623v2,https://arxiv.org/pdf/2511.01623v2
0.0,-0.82,low,2.35,False,True,2609.02501v1,Scalar Portal Verifiable Light Dark Matter and Correlated Gravitational Wave Signatures,2026-09-02T12:06:45Z,2026-09-02T12:06:45Z,hep-ph,hep-ph,0,0,0,,,,,neighbor_topic,ctl_neighbor_cosmology; ctl_neighbor_dark,ctl_neighbor_cosmology:cmb (abstract); ctl_neighbor_dark:dark matter (title),https://arxiv.org/abs/2609.02501v1,https://arxiv.org/pdf/2609.02501v1
0.0,-0.82,low,2.35,True,True,2605.29990v2,Perturbative Nicolai-Map Diagrammatics: Application to Poincaré Supergravity,2026-05-28T14:24:27Z,2026-09-02T11:11:51Z,hep-th,hep-th,0,0,0,,,,,generic_physics; neighbor_topic,ctl_generic_perturbation; ctl_neighbor_standard_model,ctl_generic_perturbation:perturbative (title); ctl_neighbor_standard_model:supersymmetry (abstract),https://arxiv.org/abs/2605.29990v2,https://arxiv.org/pdf/2605.29990v2
0.0,-0.82,low,2.35,True,True,2601.21644v2,Elementary blocks of Loop Quantum Gravity,2026-01-29T12:46:49Z,2026-09-02T10:27:27Z,gr-qc,gr-qc; hep-th,0,0,0,,,,,generic_physics; neighbor_topic,ctl_generic_action; ctl_neighbor_quantum_gravity,ctl_generic_action:hamiltonian (abstract); ctl_neighbor_quantum_gravity:quantum gravity (title),https://arxiv.org/abs/2601.21644v2,https://arxiv.org/pdf/2601.21644v2
0.0,-0.82,low,2.35,False,True,2609.02313v1,"Redshift Spectroscopy as a Probe of Regular Black Holes, Black Bounces, and Scalar-Hair Compact Objects",2026-09-02T08:57:59Z,2026-09-02T08:57:59Z,gr-qc,gr-qc,0,0,0,,,,,generic_physics; neighbor_topic,ctl_generic_perturbation; ctl_neighbor_black_hole,ctl_generic_perturbation:perturbative (abstract); ctl_neighbor_black_hole:black hole (title),https://arxiv.org/abs/2609.02313v1,https://arxiv.org/pdf/2609.02313v1
0.0,-0.82,low,2.35,False,True,2609.01039v2,Logarithmic corrections to the entropy of near-extremal rotating black holes,2026-09-01T10:38:02Z,2026-09-02T07:07:04Z,hep-th,hep-th; gr-qc,0,0,0,,,,,neighbor_topic,ctl_neighbor_black_hole; ctl_neighbor_cosmology,ctl_neighbor_black_hole:black hole (title); ctl_neighbor_cosmology:cosmological constant (abstract),https://arxiv.org/abs/2609.01039v2,https://arxiv.org/pdf/2609.01039v2
0.0,-0.82,low,2.35,False,True,2609.02181v1,Constraints on the Intranight Optical Variability of Intermediate-Mass Black Hole Candidates,2026-09-02T06:42:56Z,2026-09-02T06:42:56Z,astro-ph.GA,astro-ph.GA,0,0,0,,,,,generic_physics; neighbor_topic,ctl_generic_numerics; ctl_neighbor_black_hole,ctl_generic_numerics:monte carlo (abstract); ctl_neighbor_black_hole:black hole (title),https://arxiv.org/abs/2609.02181v1,https://arxiv.org/pdf/2609.02181v1
0.0,-0.82,low,2.35,False,True,2609.02142v1,Quasicrystalline Inflation: From the Cosmological Dipole to Primordial Diffraction,2026-09-02T05:53:28Z,2026-09-02T05:53:28Z,hep-ph,hep-ph; astro-ph.CO; gr-qc; hep-th,0,0,0,,,,,generic_physics; neighbor_topic,ctl_generic_eft; ctl_neighbor_cosmology,ctl_generic_eft:effective field theory (abstract); ctl_neighbor_cosmology:inflation (title),https://arxiv.org/abs/2609.02142v1,https://arxiv.org/pdf/2609.02142v1
0.0,-0.82,low,2.35,False,True,2609.01884v1,Gouy Phase across PT-Symmetry Breaking in Non-Hermitian Dirac Systems,2026-09-01T21:30:39Z,2026-09-01T21:30:39Z,quant-ph,quant-ph,0,0,0,,,,,generic_physics,ctl_generic_action; ctl_generic_symmetry,ctl_generic_action:hamiltonian (abstract); ctl_generic_symmetry:symmetry breaking (title),https://arxiv.org/abs/2609.01884v1,https://arxiv.org/pdf/2609.01884v1
0.0,-0.82,low,2.35,False,True,2609.01855v1,"Blast.jl: Differentiable Non-Limber Power Spectra for Joint Clustering, Shear, and CMB lensing Analyses",2026-09-01T20:39:35Z,2026-09-01T20:39:35Z,astro-ph.CO,astro-ph.CO; astro-ph.IM,0,0,0,,,,,generic_physics; neighbor_topic,ctl_generic_statistics; ctl_neighbor_cosmology,ctl_generic_statistics:likelihood analysis (abstract); ctl_neighbor_cosmology:cmb (title),https://arxiv.org/abs/2609.01855v1,https://arxiv.org/pdf/2609.01855v1
0.0,-0.82,low,2.35,False,True,2609.01853v1,Magnons in Metallic Altermagnetic $\text{KV}_2\text{Se}_2\text{O}$,2026-09-01T20:35:23Z,2026-09-01T20:35:23Z,cond-mat.mes-hall,cond-mat.mes-hall,0,0,0,,,,,generic_physics; orthogonal_physics,ctl_generic_action; ctl_orthogonal_magnetism,ctl_generic_action:hamiltonian (abstract); ctl_orthogonal_magnetism:magnon (title),https://arxiv.org/abs/2609.01853v1,https://arxiv.org/pdf/2609.01853v1
0.0,-0.82,low,2.35,True,True,2605.05362v4,Constraining Lorentz symmetry breaking in bumblebee gravity with extreme mass-ratio inspirals,2026-05-06T18:40:43Z,2026-09-01T19:28:07Z,gr-qc,gr-qc,0,0,0,,,,,generic_physics; neighbor_topic,ctl_generic_symmetry; ctl_neighbor_black_hole,ctl_generic_symmetry:symmetry breaking (title); ctl_neighbor_black_hole:black hole (abstract),https://arxiv.org/abs/2605.05362v4,https://arxiv.org/pdf/2605.05362v4
0.0,-0.82,low,2.35,True,True,2604.12754v2,Unconventional entanglement scaling and quantum criticality in the long-range spin-one Heisenberg chain with single-ion anisotropy,2026-04-14T14:01:37Z,2026-09-01T19:18:54Z,cond-mat.str-el,cond-mat.str-el; quant-ph,0,0,0,,,,,generic_physics; orthogonal_physics,ctl_generic_symmetry; ctl_orthogonal_quantum_critical,ctl_generic_symmetry:symmetry breaking (abstract); ctl_orthogonal_quantum_critical:quantum criticality (title),https://arxiv.org/abs/2604.12754v2,https://arxiv.org/pdf/2604.12754v2
0.0,-0.82,low,2.35,False,True,2609.01590v1,TeV Higgsino Dark Matter from LZ Nuclear Recoil to Fermi-LAT Gamma Rays,2026-09-01T17:54:59Z,2026-09-01T17:54:59Z,hep-ph,hep-ph,0,0,0,,,,,neighbor_topic,ctl_neighbor_dark; ctl_neighbor_standard_model,ctl_neighbor_dark:dark matter (title); ctl_neighbor_standard_model:standard model (abstract),https://arxiv.org/abs/2609.01590v1,https://arxiv.org/pdf/2609.01590v1
0.0,-0.82,low,2.35,False,True,2609.01568v1,Enabling gravitational-wave astronomy with spin-precessing black holes on generic orbits,2026-09-01T17:34:56Z,2026-09-01T17:34:56Z,gr-qc,gr-qc,0,0,0,,,,,generic_physics; neighbor_topic,ctl_generic_perturbation; ctl_neighbor_black_hole,ctl_generic_perturbation:perturbative (abstract); ctl_neighbor_black_hole:black hole (title),https://arxiv.org/abs/2609.01568v1,https://arxiv.org/pdf/2609.01568v1
0.0,-0.82,low,2.35,False,True,2609.01475v1,Inelastic Dark Matter Signature at High Recoil Energy in LUX-ZEPLIN and CRESST,2026-09-01T16:10:56Z,2026-09-01T16:10:56Z,hep-ph,hep-ph,0,0,0,,,,,generic_physics; neighbor_topic,ctl_generic_statistics; ctl_neighbor_dark,ctl_generic_statistics:likelihood analysis (abstract); ctl_neighbor_dark:dark matter (title),https://arxiv.org/abs/2609.01475v1,https://arxiv.org/pdf/2609.01475v1
0.0,-0.82,low,2.35,True,True,2605.19016v3,"Measurements of the Higgs boson production, fiducial and differential cross-sections in the four lepton decay channel using 164 fb$^{-1}$ of data collected at $\sqrt{s}$ = 13.6 TeV with the ATLAS detector",2026-05-18T18:36:51Z,2026-09-01T16:08:00Z,hep-ex,hep-ex,0,0,0,,,,,generic_physics; neighbor_topic,ctl_generic_eft; ctl_neighbor_standard_model,ctl_generic_eft:effective field theory (abstract); ctl_neighbor_standard_model:higgs boson (title),https://arxiv.org/abs/2605.19016v3,https://arxiv.org/pdf/2605.19016v3
0.0,-0.82,low,2.35,True,True,2604.01278v2,Influence of tides and self-gravity on Ultra-Light Dark Matter Bounds from Dwarf Galaxies,2026-04-01T18:00:05Z,2026-09-01T12:10:36Z,hep-ph,hep-ph; astro-ph.CO; astro-ph.GA,0,0,0,,,,,generic_physics; neighbor_topic,ctl_generic_numerics; ctl_neighbor_dark,ctl_generic_numerics:numerical simulation (abstract); ctl_neighbor_dark:dark matter (title),https://arxiv.org/abs/2604.01278v2,https://arxiv.org/pdf/2604.01278v2
0.0,-0.82,low,2.35,True,True,2503.22529v4,"To CPL, or not to CPL? What we have not learned about the dark energy equation of state",2025-03-28T15:32:41Z,2026-09-01T09:36:27Z,astro-ph.CO,astro-ph.CO; gr-qc; hep-ph; hep-th,0,0,0,,,,,neighbor_topic,ctl_neighbor_cosmology; ctl_neighbor_dark,ctl_neighbor_cosmology:cosmological constant (abstract); ctl_neighbor_dark:dark energy (title),https://arxiv.org/abs/2503.22529v4,https://arxiv.org/pdf/2503.22529v4
0.0,-0.82,low,2.35,False,True,2609.00926v1,Cavity-control of Majorana bound states in superconductor-semiconductor heterostructures,2026-09-01T08:50:11Z,2026-09-01T08:50:11Z,cond-mat.mes-hall,cond-mat.mes-hall,0,0,0,,,,,generic_physics; orthogonal_physics,ctl_generic_action; ctl_orthogonal_superconductivity,ctl_generic_action:hamiltonian (abstract); ctl_orthogonal_superconductivity:superconductor (title),https://arxiv.org/abs/2609.00926v1,https://arxiv.org/pdf/2609.00926v1
0.0,-0.82,low,2.35,True,True,2405.02469v3,"Generating functional of correlators of twist-$2$ operators in $\mathcal{N} = 1$ SUSY Yang-Mills theory, II",2024-05-03T20:08:38Z,2026-09-01T08:22:32Z,hep-th,hep-th,0,0,0,,,,,generic_physics; neighbor_topic,ctl_generic_perturbation; ctl_neighbor_standard_model,ctl_generic_perturbation:one-loop (abstract); ctl_neighbor_standard_model:yang-mills (title),https://arxiv.org/abs/2405.02469v3,https://arxiv.org/pdf/2405.02469v3
0.0,-0.82,low,2.35,False,True,2609.00888v1,"The Type-I Seesaw as a Relativistic Fermionic Proximity Effect: Spectral Moments, EFT Consistency, and Sterile-Sector Reconstruction",2026-09-01T08:19:29Z,2026-09-01T08:19:29Z,hep-ph,hep-ph; math-ph,0,0,0,,,,,generic_physics,ctl_generic_action; ctl_generic_eft,ctl_generic_action:lagrangian (abstract); ctl_generic_eft:eft (title),https://arxiv.org/abs/2609.00888v1,https://arxiv.org/pdf/2609.00888v1
0.0,-0.94,low,2.7,True,True,2601.19734v5,"A Geometric Action Principle for Unification of Yang-Mills Fields, Gravity and Matter Fermions",2026-01-27T15:55:35Z,2026-09-04T16:23:39Z,hep-th,hep-th; gr-qc; math-ph,0,0,0,,,,,generic_physics; neighbor_topic,ctl_generic_action; ctl_neighbor_standard_model,ctl_generic_action:action principle (title); ctl_neighbor_standard_model:yang-mills (title),https://arxiv.org/abs/2601.19734v5,https://arxiv.org/pdf/2601.19734v5
0.0,-0.94,low,2.7,False,True,2609.05020v1,Probing Dark Matter with Strongly Lensed Binary Black Hole Mergers: Prospects in the Near Future,2026-09-04T11:38:42Z,2026-09-04T11:38:42Z,gr-qc,gr-qc; astro-ph.CO,0,0,0,,,,,neighbor_topic,ctl_neighbor_black_hole; ctl_neighbor_dark,ctl_neighbor_black_hole:black hole (title); ctl_neighbor_dark:dark matter (title),https://arxiv.org/abs/2609.05020v1,https://arxiv.org/pdf/2609.05020v1
0.0,-0.94,low,2.7,False,True,2609.02807v2,A Peccei-Quinn Origin for Inelastic Electroweak Dark Matter after LUX-ZEPLIN,2026-09-02T16:46:37Z,2026-09-04T05:53:05Z,hep-ph,hep-ph,0,0,0,,,,,neighbor_topic,ctl_neighbor_dark; ctl_neighbor_standard_model,ctl_neighbor_dark:dark matter (title); ctl_neighbor_standard_model:electroweak (title),https://arxiv.org/abs/2609.02807v2,https://arxiv.org/pdf/2609.02807v2
0.0,-0.94,low,2.7,False,True,2609.04650v1,Self-Interacting Sterile Neutrino Cold Dark Matter: Resonant Production Mechanism in the Early Universe,2026-09-04T02:31:00Z,2026-09-04T02:31:00Z,hep-ph,hep-ph,0,0,0,,,,,neighbor_topic,ctl_neighbor_dark; ctl_neighbor_neutrino,ctl_neighbor_dark:dark matter (title); ctl_neighbor_neutrino:sterile neutrino (title),https://arxiv.org/abs/2609.04650v1,https://arxiv.org/pdf/2609.04650v1
0.0,-0.94,low,2.7,True,True,2608.26507v2,Revisiting the Hubble tension with an inverse power-law early dark energy,2026-08-27T01:06:31Z,2026-09-04T00:28:55Z,astro-ph.CO,astro-ph.CO; hep-th,0,0,0,,,,,neighbor_topic,ctl_neighbor_cosmology; ctl_neighbor_dark,ctl_neighbor_cosmology:hubble tension (title); ctl_neighbor_dark:dark energy (title),https://arxiv.org/abs/2608.26507v2,https://arxiv.org/pdf/2608.26507v2
0.0,-0.94,low,2.7,True,True,2507.08687v4,Interpreting the Hubble tension with a cascade decaying dark matter sector,2025-07-11T15:37:32Z,2026-09-03T23:35:06Z,astro-ph.CO,astro-ph.CO; hep-ph,0,0,0,,,,,neighbor_topic,ctl_neighbor_cosmology; ctl_neighbor_dark,ctl_neighbor_cosmology:hubble tension (title); ctl_neighbor_dark:dark matter (title),https://arxiv.org/abs/2507.08687v4,https://arxiv.org/pdf/2507.08687v4
0.0,-0.94,low,2.7,True,True,2608.28935v2,NeuralFlowNet: Towards Data-Free Physics-Informed Neural Network Solutions of Navier-Stokes Equations Across Low and High Reynolds Numbers,2026-08-28T23:10:58Z,2026-09-03T23:17:37Z,physics.flu-dyn,physics.flu-dyn,0,0,0,,,,,nonphysics_stem; orthogonal_physics,ctl_nonphysics_ml; ctl_orthogonal_fluid,ctl_nonphysics_ml:neural network (title); ctl_orthogonal_fluid:navier-stokes (title),https://arxiv.org/abs/2608.28935v2,https://arxiv.org/pdf/2608.28935v2
0.0,-0.94,low,2.7,True,True,2603.06273v3,Energy Extraction and Particle Acceleration in String-Inspired Rotating Einstein-Maxwell-Dilaton-Axion Black Hole,2026-03-06T13:32:37Z,2026-09-03T23:16:21Z,gr-qc,gr-qc,0,0,0,,,,,neighbor_topic,ctl_neighbor_black_hole; ctl_neighbor_dark,ctl_neighbor_black_hole:black hole (title); ctl_neighbor_dark:axion (title),https://arxiv.org/abs/2603.06273v3,https://arxiv.org/pdf/2603.06273v3
0.0,-0.94,low,2.7,False,True,2609.03648v1,"Light Leptoquarks in a Dark Sector: Scalar Dark Matter, Neutrino Mass, and Collider Signatures",2026-09-03T10:47:02Z,2026-09-03T10:47:02Z,hep-ph,hep-ph,0,0,0,,,,,neighbor_topic,ctl_neighbor_dark; ctl_neighbor_neutrino,ctl_neighbor_dark:dark matter (title); ctl_neighbor_neutrino:neutrino mass (title),https://arxiv.org/abs/2609.03648v1,https://arxiv.org/pdf/2609.03648v1
0.0,-0.94,low,2.7,True,True,2607.22967v2,Quasinormal modes of a quantum inspired black hole in four dimensions with cosmological constant,2026-07-25T00:23:15Z,2026-09-02T20:49:37Z,gr-qc,gr-qc; hep-th,0,0,0,,,,,neighbor_topic,ctl_neighbor_black_hole; ctl_neighbor_cosmology,ctl_neighbor_black_hole:black hole (title); ctl_neighbor_cosmology:cosmological constant (title),https://arxiv.org/abs/2607.22967v2,https://arxiv.org/pdf/2607.22967v2
0.0,-0.94,low,2.7,False,True,2609.02668v1,Electronic Structure and Superconductivity in La$_{1.55}$Sr$_{0.45}$CuO$_4$/La$_2$CuO$_4$ Artificial High-$T_c$ Superlattices Probed by Hard and Soft X-ray Spectroscopy,2026-09-02T14:44:11Z,2026-09-02T14:44:11Z,cond-mat.supr-con,cond-mat.supr-con; cond-mat.mtrl-sci; cond-mat.str-el,0,0,0,,,,,orthogonal_physics,ctl_orthogonal_materials; ctl_orthogonal_superconductivity,ctl_orthogonal_materials:electronic structure (title); ctl_orthogonal_superconductivity:superconductivity (title),https://arxiv.org/abs/2609.02668v1,https://arxiv.org/pdf/2609.02668v1
0.0,-0.94,low,2.7,True,True,2605.21547v2,The Mass Gap Approach to QCD. II. The non-perturbative renormalization theory for the massive gluon fields,2026-05-20T10:15:59Z,2026-09-02T12:25:44Z,hep-ph,hep-ph; hep-th,0,0,0,,,,,generic_physics; neighbor_topic,ctl_generic_perturbation; ctl_neighbor_standard_model,ctl_generic_perturbation:perturbative (title); ctl_neighbor_standard_model:qcd (title),https://arxiv.org/abs/2605.21547v2,https://arxiv.org/pdf/2605.21547v2
0.0,-0.94,low,2.7,False,True,2609.02505v1,Dark Matter as the Z_2 Partner of the Standard Model Higgs Boson,2026-09-02T12:11:02Z,2026-09-02T12:11:02Z,hep-ph,hep-ph,0,0,0,,,,,neighbor_topic,ctl_neighbor_dark; ctl_neighbor_standard_model,ctl_neighbor_dark:dark matter (title); ctl_neighbor_standard_model:standard model (title),https://arxiv.org/abs/2609.02505v1,https://arxiv.org/pdf/2609.02505v1
0.0,-0.94,low,2.7,False,True,2609.02076v1,Calculating the squeezed bispectrum in stochastic inflation by Monte Carlo simulation,2026-09-02T04:05:27Z,2026-09-02T04:05:27Z,astro-ph.CO,astro-ph.CO; gr-qc; hep-ph; hep-th,0,0,0,,,,,generic_physics; neighbor_topic,ctl_generic_numerics; ctl_neighbor_cosmology,ctl_generic_numerics:monte carlo (title); ctl_neighbor_cosmology:inflation (title),https://arxiv.org/abs/2609.02076v1,https://arxiv.org/pdf/2609.02076v1
0.0,-0.94,low,2.7,True,True,2308.15682v3,Effect of dark matter on galactic black hole ringdown waveforms and shadows,2023-08-30T00:43:44Z,2026-09-01T17:10:32Z,gr-qc,gr-qc; astro-ph.GA,0,0,0,,,,,neighbor_topic,ctl_neighbor_black_hole; ctl_neighbor_dark,ctl_neighbor_black_hole:black hole (title); ctl_neighbor_dark:dark matter (title),https://arxiv.org/abs/2308.15682v3,https://arxiv.org/pdf/2308.15682v3
0.0,-0.94,low,2.7,True,True,2608.20459v2,Threshold Corrections in Heterotic String Theory from Conformal Perturbation Theory,2026-08-20T18:00:04Z,2026-09-01T16:43:41Z,hep-th,hep-th,0,0,0,,,,,generic_physics; neighbor_topic,ctl_generic_perturbation; ctl_neighbor_string,ctl_generic_perturbation:perturbation theory (title); ctl_neighbor_string:string theory (title),https://arxiv.org/abs/2608.20459v2,https://arxiv.org/pdf/2608.20459v2
0.0,-0.94,low,2.7,False,True,2609.01391v1,Scalar wave scattering by black holes embedded in dark matter halos,2026-09-01T15:18:48Z,2026-09-01T15:18:48Z,gr-qc,gr-qc; hep-th,0,0,0,,,,,neighbor_topic,ctl_neighbor_black_hole; ctl_neighbor_dark,ctl_neighbor_black_hole:black hole (title); ctl_neighbor_dark:dark matter (title),https://arxiv.org/abs/2609.01391v1,https://arxiv.org/pdf/2609.01391v1
0.0,-0.94,low,2.7,False,True,2609.01332v1,Perturbative Double-Scalar Hair on Planar Black Holes in AdS$_{4}$ Einstein-Scalar Gravity,2026-09-01T14:45:58Z,2026-09-01T14:45:58Z,hep-th,hep-th; gr-qc,0,0,0,,,,,generic_physics; neighbor_topic,ctl_generic_perturbation; ctl_neighbor_black_hole,ctl_generic_perturbation:perturbative (title); ctl_neighbor_black_hole:black hole (title),https://arxiv.org/abs/2609.01332v1,https://arxiv.org/pdf/2609.01332v1
0.0,-1.05,low,3.0,False,True,2609.04185v1,Atmospheric neutrino up-scattering explanation of LZ 2026 excess,2026-09-03T17:58:10Z,2026-09-03T17:58:10Z,hep-ph,hep-ph; hep-ex,0,0,0,,,,,neighbor_topic,ctl_neighbor_dark; ctl_neighbor_neutrino; ctl_neighbor_standard_model,ctl_neighbor_dark:dark matter (abstract); ctl_neighbor_neutrino:sterile neutrino (abstract); ctl_neighbor_standard_model:standard model (abstract),https://arxiv.org/abs/2609.04185v1,https://arxiv.org/pdf/2609.04185v1
0.0,-1.05,low,3.0,False,True,2609.03854v1,Universal Driven Critical Dynamics of Entanglement Entropy,2026-09-03T13:46:13Z,2026-09-03T13:46:13Z,cond-mat.str-el,cond-mat.str-el; cond-mat.stat-mech; quant-ph,0,0,0,,,,,generic_physics; neighbor_topic; orthogonal_physics,ctl_generic_numerics; ctl_neighbor_cft; ctl_orthogonal_quantum_critical,ctl_generic_numerics:monte carlo (abstract); ctl_neighbor_cft:conformal field theory (abstract); ctl_orthogonal_quantum_critical:quantum criticality (abstract),https://arxiv.org/abs/2609.03854v1,https://arxiv.org/pdf/2609.03854v1
0.0,-1.05,low,3.0,False,True,2609.03183v1,Hall-MHD in driven turbulence FLASH simulations,2026-09-02T21:56:39Z,2026-09-02T21:56:39Z,physics.plasm-ph,physics.plasm-ph,0,0,0,,,,,generic_physics; orthogonal_physics,ctl_generic_numerics; ctl_orthogonal_fluid; ctl_orthogonal_plasma,ctl_generic_numerics:numerical simulation (abstract); ctl_orthogonal_fluid:reynolds number (abstract); ctl_orthogonal_plasma:magnetohydrodynamic (abstract),https://arxiv.org/abs/2609.03183v1,https://arxiv.org/pdf/2609.03183v1
0.0,-1.05,low,3.0,True,True,2607.07921v2,Serendipitous supersymmetric solution to the strong CP problem,2026-07-08T21:07:27Z,2026-09-02T20:01:17Z,hep-ph,hep-ph,0,0,0,,,,,neighbor_topic,ctl_neighbor_dark; ctl_neighbor_standard_model; ctl_neighbor_string,ctl_neighbor_dark:dark matter (abstract); ctl_neighbor_standard_model:standard model (abstract); ctl_neighbor_string:string compactification (abstract),https://arxiv.org/abs/2607.07921v2,https://arxiv.org/pdf/2607.07921v2
0.0,-1.05,low,3.0,False,True,2609.02814v1,Scale-separated AdS$_2$ flux vacua from type II,2026-09-02T16:54:49Z,2026-09-02T16:54:49Z,hep-th,hep-th,0,0,0,,,,,generic_physics; neighbor_topic,ctl_generic_eft; ctl_neighbor_standard_model; ctl_neighbor_string,ctl_generic_eft:effective theory (abstract); ctl_neighbor_standard_model:supersymmetry (abstract); ctl_neighbor_string:string theory (abstract),https://arxiv.org/abs/2609.02814v1,https://arxiv.org/pdf/2609.02814v1
0.0,-1.05,low,3.0,False,True,2609.02791v1,The $H^*H^*V$ charge couplings from light-cone sum rules,2026-09-02T16:23:33Z,2026-09-02T16:23:33Z,hep-ph,hep-ph,0,0,0,,,,,generic_physics,ctl_generic_numerics; ctl_generic_perturbation; ctl_generic_symmetry,ctl_generic_numerics:numerical analysis (abstract); ctl_generic_perturbation:perturbative (abstract); ctl_generic_symmetry:symmetry breaking (abstract),https://arxiv.org/abs/2609.02791v1,https://arxiv.org/pdf/2609.02791v1
0.0,-1.05,low,3.0,False,True,2609.02356v1,Recoil Geometry Unmasks Gluon Saturation in Forward $Z^0$ Production,2026-09-02T09:27:15Z,2026-09-02T09:27:15Z,hep-ph,hep-ph; hep-ex; nucl-th,0,0,0,,,,,generic_physics; neighbor_topic,ctl_generic_eft; ctl_generic_perturbation; ctl_neighbor_standard_model,ctl_generic_eft:effective theory (abstract); ctl_generic_perturbation:perturbative (abstract); ctl_neighbor_standard_model:qcd (abstract),https://arxiv.org/abs/2609.02356v1,https://arxiv.org/pdf/2609.02356v1
0.0,-1.05,low,3.0,False,True,2609.01986v1,Pre-Strings Lectures on Holographic Correlators and Analytic Bootstrap,2026-09-02T01:47:03Z,2026-09-02T01:47:03Z,hep-th,hep-th,0,0,0,,,,,generic_physics; neighbor_topic,ctl_generic_perturbation; ctl_neighbor_cft; ctl_neighbor_standard_model,ctl_generic_perturbation:perturbation theory (abstract); ctl_neighbor_cft:conformal defect (abstract); ctl_neighbor_standard_model:yang-mills (abstract),https://arxiv.org/abs/2609.01986v1,https://arxiv.org/pdf/2609.01986v1
0.0,-1.05,low,3.0,False,True,2609.01977v1,"Inflationary Magnetogenesis with f(R) Gravity: Dynamics, Constraints, and Observational Signatures during Reheating",2026-09-02T01:26:35Z,2026-09-02T01:26:35Z,astro-ph.CO,astro-ph.CO; gr-qc,0,0,0,,,,,generic_physics; neighbor_topic; orthogonal_physics,ctl_generic_action; ctl_neighbor_cosmology; ctl_orthogonal_plasma,ctl_generic_action:lagrangian (abstract); ctl_neighbor_cosmology:inflation (abstract); ctl_orthogonal_plasma:magnetohydrodynamic (abstract),https://arxiv.org/abs/2609.01977v1,https://arxiv.org/pdf/2609.01977v1
0.0,-1.05,low,3.0,False,True,2609.01718v1,Electromagnetic tails of $B$-meson light-cone distribution amplitudes,2026-09-01T18:00:07Z,2026-09-01T18:00:07Z,hep-ph,hep-ph,0,0,0,,,,,generic_physics; neighbor_topic,ctl_generic_eft; ctl_generic_perturbation; ctl_neighbor_standard_model,ctl_generic_eft:effective theory (abstract); ctl_generic_perturbation:one-loop (abstract); ctl_neighbor_standard_model:qcd (abstract),https://arxiv.org/abs/2609.01718v1,https://arxiv.org/pdf/2609.01718v1
0.0,-1.05,low,3.0,True,True,2507.06309v6,Strange metal and Fermi arcs from disordering spin stripes,2025-07-08T18:02:20Z,2026-09-01T07:33:45Z,cond-mat.str-el,cond-mat.str-el,0,0,0,,,,,generic_physics; orthogonal_physics,ctl_generic_eft; ctl_generic_numerics; ctl_orthogonal_quantum_critical,ctl_generic_eft:effective theory (abstract); ctl_generic_numerics:monte carlo (abstract); ctl_orthogonal_quantum_critical:quantum critical point (abstract),https://arxiv.org/abs/2507.06309v6,https://arxiv.org/pdf/2507.06309v6
0.0,-1.17,low,3.35,True,True,2507.18389v2,Topological dark energy from spacetime foam: A challenge for $Λ$CDM,2025-07-24T13:08:33Z,2026-09-04T12:43:26Z,gr-qc,gr-qc; astro-ph.CO,0,0,0,,,,,neighbor_topic,ctl_neighbor_dark; ctl_neighbor_quantum_gravity; ctl_neighbor_standard_model,ctl_neighbor_dark:dark energy (title); ctl_neighbor_quantum_gravity:quantum gravity (abstract); ctl_neighbor_standard_model:standard model (abstract),https://arxiv.org/abs/2507.18389v2,https://arxiv.org/pdf/2507.18389v2
0.0,-1.17,low,3.35,True,True,2606.28005v2,UV artefacts in ultra-slow-roll models of inflation,2026-06-26T12:02:37Z,2026-09-04T09:53:46Z,astro-ph.CO,astro-ph.CO; gr-qc; hep-ph; hep-th,0,0,0,,,,,generic_physics; neighbor_topic,ctl_generic_perturbation; ctl_neighbor_black_hole; ctl_neighbor_cosmology,ctl_generic_perturbation:perturbation theory (abstract); ctl_neighbor_black_hole:black hole (abstract); ctl_neighbor_cosmology:inflation (title),https://arxiv.org/abs/2606.28005v2,https://arxiv.org/pdf/2606.28005v2
0.0,-1.17,low,3.35,True,True,2607.02026v2,One-loop proton decay from Peccei-Quinn symmetry,2026-07-02T10:55:31Z,2026-09-04T07:58:04Z,hep-ph,hep-ph,0,0,0,,,,,generic_physics; neighbor_topic,ctl_generic_perturbation; ctl_neighbor_dark; ctl_neighbor_standard_model,ctl_generic_perturbation:one-loop (title); ctl_neighbor_dark:dark matter (abstract); ctl_neighbor_standard_model:standard model (abstract),https://arxiv.org/abs/2607.02026v2,https://arxiv.org/pdf/2607.02026v2
0.0,-1.17,low,3.35,False,True,2609.04129v1,Lattice QCD calculation of the pion-nucleon coupling $\bar{g}_0$ induced by the QCD $Θ$-term,2026-09-03T17:26:35Z,2026-09-03T17:26:35Z,hep-lat,hep-lat; hep-ph,0,0,0,,,,,generic_physics; neighbor_topic,ctl_generic_eft; ctl_generic_perturbation; ctl_neighbor_standard_model,ctl_generic_eft:effective field theory (abstract); ctl_generic_perturbation:perturbation theory (abstract); ctl_neighbor_standard_model:qcd (title),https://arxiv.org/abs/2609.04129v1,https://arxiv.org/pdf/2609.04129v1
0.0,-1.17,low,3.35,False,True,2609.04111v1,Dyonic rotating cosmological black hole surrounded by quintessence,2026-09-03T17:15:08Z,2026-09-03T17:15:08Z,gr-qc,gr-qc; hep-th,0,0,0,,,,,neighbor_topic,ctl_neighbor_black_hole; ctl_neighbor_cosmology; ctl_neighbor_dark,ctl_neighbor_black_hole:black hole (title); ctl_neighbor_cosmology:cosmological constant (abstract); ctl_neighbor_dark:dark energy (abstract),https://arxiv.org/abs/2609.04111v1,https://arxiv.org/pdf/2609.04111v1
0.0,-1.17,low,3.35,False,False,2609.04006v1,Quenched complexity of marginal states in the Sherrington--Kirkpatrick spin glass,2026-09-03T15:45:14Z,2026-09-03T15:45:14Z,cond-mat.dis-nn,cond-mat.dis-nn; cond-mat.stat-mech,0,0,0,,,,,generic_physics; neighbor_topic; orthogonal_physics,ctl_generic_symmetry; ctl_neighbor_standard_model; ctl_orthogonal_magnetism,ctl_generic_symmetry:symmetry breaking (abstract); ctl_neighbor_standard_model:supersymmetry (abstract); ctl_orthogonal_magnetism:spin glass (title),https://arxiv.org/abs/2609.04006v1,https://arxiv.org/pdf/2609.04006v1
0.0,-1.17,low,3.35,True,True,2605.20677v3,Strain-Tuned Incommensurate Kekulé Spiral Order in Twisted Bilayer Graphene: a Quantum Many-Body Study,2026-05-20T03:44:31Z,2026-09-03T13:26:16Z,cond-mat.str-el,cond-mat.str-el,0,0,0,,,,,generic_physics; orthogonal_physics,ctl_generic_numerics; ctl_generic_perturbation; ctl_orthogonal_materials,ctl_generic_numerics:monte carlo (abstract); ctl_generic_perturbation:perturbative (abstract); ctl_orthogonal_materials:graphene (title),https://arxiv.org/abs/2605.20677v3,https://arxiv.org/pdf/2605.20677v3
0.0,-1.17,low,3.35,True,True,2607.24452v2,"Generation-separated hypercharges and dark charges: origin of flavor, neutrino masses, and dark matter",2026-07-27T13:56:42Z,2026-09-03T08:13:22Z,hep-ph,hep-ph,0,0,0,,,,,neighbor_topic,ctl_neighbor_dark; ctl_neighbor_neutrino; ctl_neighbor_standard_model,ctl_neighbor_dark:dark matter (title); ctl_neighbor_neutrino:neutrino mass (abstract); ctl_neighbor_standard_model:standard model (abstract),https://arxiv.org/abs/2607.24452v2,https://arxiv.org/pdf/2607.24452v2
0.0,-1.17,low,3.35,True,True,2604.14812v2,Time-Dependent Logarithmic Perturbation Theory for Quantum Dynamics: Formulation and Applications,2026-04-16T09:33:02Z,2026-09-03T03:22:31Z,quant-ph,quant-ph; math-ph; math.AP,0,0,0,,,,,generic_physics,ctl_generic_action; ctl_generic_numerics; ctl_generic_perturbation,ctl_generic_action:hamiltonian (abstract); ctl_generic_numerics:numerical simulation (abstract); ctl_generic_perturbation:perturbation theory (title),https://arxiv.org/abs/2604.14812v2,https://arxiv.org/pdf/2604.14812v2
0.0,-1.17,low,3.35,True,True,2509.26089v5,A Supersymmetric Extension of Axionic Electrodynamics: From Axions and Photons to Axinos and Photinos,2025-09-30T11:03:26Z,2026-09-02T21:30:29Z,hep-ph,hep-ph; hep-th,0,0,0,,,,,generic_physics; neighbor_topic,ctl_generic_action; ctl_neighbor_dark; ctl_neighbor_standard_model,ctl_generic_action:lagrangian (abstract); ctl_neighbor_dark:axion (title); ctl_neighbor_standard_model:supersymmetry (abstract),https://arxiv.org/abs/2509.26089v5,https://arxiv.org/pdf/2509.26089v5
0.0,-1.17,low,3.35,False,True,2609.03025v1,DANSur_HM: Modularly incorporating higher modes in a deep learning based gravitational-wave surrogate,2026-09-02T18:01:08Z,2026-09-02T18:01:08Z,gr-qc,gr-qc; astro-ph.HE; astro-ph.IM,0,0,0,,,,,generic_physics; neighbor_topic; nonphysics_stem,ctl_generic_statistics; ctl_neighbor_black_hole; ctl_nonphysics_ml,ctl_generic_statistics:parameter estimation (abstract); ctl_neighbor_black_hole:black hole (abstract); ctl_nonphysics_ml:deep learning (title),https://arxiv.org/abs/2609.03025v1,https://arxiv.org/pdf/2609.03025v1
0.0,-1.17,low,3.35,False,True,2609.02994v1,Sub-TeV Singlino Dark Matter in light from Sagittarius A$^\ast$ and LUX-ZEPLIN Nuclear-Recoil Event,2026-09-02T16:19:07Z,2026-09-02T16:19:07Z,hep-ph,hep-ph; astro-ph.HE,0,0,0,,,,,neighbor_topic,ctl_neighbor_black_hole; ctl_neighbor_dark; ctl_neighbor_standard_model,ctl_neighbor_black_hole:black hole (abstract); ctl_neighbor_dark:dark matter (title); ctl_neighbor_standard_model:standard model (abstract),https://arxiv.org/abs/2609.02994v1,https://arxiv.org/pdf/2609.02994v1
0.0,-1.17,low,3.35,True,True,2604.09407v2,Analytic compression of the effective field theory of the Lyman-alpha forest,2026-04-10T15:20:40Z,2026-09-02T13:52:36Z,astro-ph.CO,astro-ph.CO,0,0,0,,,,,generic_physics; neighbor_topic,ctl_generic_eft; ctl_generic_perturbation; ctl_neighbor_dark,ctl_generic_eft:effective field theory (title); ctl_generic_perturbation:perturbative (abstract); ctl_neighbor_dark:dark matter (abstract),https://arxiv.org/abs/2604.09407v2,https://arxiv.org/pdf/2604.09407v2
0.0,-1.17,low,3.35,False,True,2609.01900v1,Scalar Field Model for Dark Matter Spikes Surrounding Sgr A$^*$ and M87$^*$,2026-09-01T21:59:52Z,2026-09-01T21:59:52Z,gr-qc,gr-qc,0,0,0,,,,,generic_physics; neighbor_topic,ctl_generic_action; ctl_neighbor_black_hole; ctl_neighbor_dark,ctl_generic_action:equations of motion (abstract); ctl_neighbor_black_hole:black hole (abstract); ctl_neighbor_dark:dark matter (title),https://arxiv.org/abs/2609.01900v1,https://arxiv.org/pdf/2609.01900v1
0.0,-1.17,low,3.35,False,True,2609.01717v1,Primordial Black Hole Assisted Dirac Leptogenesis,2026-09-01T18:00:07Z,2026-09-01T18:00:07Z,hep-ph,hep-ph; astro-ph.CO; hep-th,0,0,0,,,,,neighbor_topic,ctl_neighbor_black_hole; ctl_neighbor_cosmology; ctl_neighbor_standard_model,ctl_neighbor_black_hole:black hole (title); ctl_neighbor_cosmology:cmb (abstract); ctl_neighbor_standard_model:standard model (abstract),https://arxiv.org/abs/2609.01717v1,https://arxiv.org/pdf/2609.01717v1
0.0,-1.17,low,3.35,False,True,2609.01712v1,Axion Quality from Exact Proton Stability,2026-09-01T18:00:01Z,2026-09-01T18:00:01Z,hep-ph,hep-ph; astro-ph.CO; hep-th,0,0,0,,,,,neighbor_topic,ctl_neighbor_cosmology; ctl_neighbor_dark; ctl_neighbor_standard_model,ctl_neighbor_cosmology:inflation (abstract); ctl_neighbor_dark:axion (title); ctl_neighbor_standard_model:qcd (abstract),https://arxiv.org/abs/2609.01712v1,https://arxiv.org/pdf/2609.01712v1
0.0,-1.17,low,3.35,False,True,2609.01583v1,Higgsino Dark Matter Interpretation of the LUX-ZEPLIN 248 keV Nuclear-Recoil Event,2026-09-01T17:47:25Z,2026-09-01T17:47:25Z,hep-ph,hep-ph; astro-ph.CO; hep-th,0,0,0,,,,,generic_physics; neighbor_topic,ctl_generic_statistics; ctl_neighbor_dark; ctl_neighbor_standard_model,ctl_generic_statistics:confidence interval (abstract); ctl_neighbor_dark:dark matter (title); ctl_neighbor_standard_model:electroweak (abstract),https://arxiv.org/abs/2609.01583v1,https://arxiv.org/pdf/2609.01583v1
0.0,-1.29,low,3.7,False,True,2609.04144v1,Inelastic Signatures of Electroweak Dark Matter,2026-09-03T17:36:02Z,2026-09-03T17:36:02Z,hep-ph,hep-ph; astro-ph.CO; hep-ex,0,0,0,,,,,generic_physics; neighbor_topic,ctl_generic_symmetry; ctl_neighbor_dark; ctl_neighbor_standard_model,ctl_generic_symmetry:symmetry breaking (abstract); ctl_neighbor_dark:dark matter (title); ctl_neighbor_standard_model:electroweak (title),https://arxiv.org/abs/2609.04144v1,https://arxiv.org/pdf/2609.04144v1
0.0,-1.29,low,3.7,False,True,2609.02757v1,Gravitational Imprints of Axion Clouds on Black-Hole Orbital Dynamics,2026-09-02T15:58:13Z,2026-09-02T15:58:13Z,astro-ph.CO,astro-ph.CO; astro-ph.GA,0,0,0,,,,,generic_physics; neighbor_topic,ctl_generic_perturbation; ctl_neighbor_black_hole; ctl_neighbor_dark,ctl_generic_perturbation:perturbation theory (abstract); ctl_neighbor_black_hole:black-hole (title); ctl_neighbor_dark:axion (title),https://arxiv.org/abs/2609.02757v1,https://arxiv.org/pdf/2609.02757v1
0.0,-1.29,low,3.7,False,True,2609.02102v1,Cosmological implications for hairy black holes via spontaneous symmetry breaking: Are Hairy Black Holes Primordial?,2026-09-02T04:44:41Z,2026-09-02T04:44:41Z,gr-qc,gr-qc; astro-ph.CO; hep-ph; hep-th,0,0,0,,,,,generic_physics; neighbor_topic,ctl_generic_symmetry; ctl_neighbor_black_hole; ctl_neighbor_cosmology,ctl_generic_symmetry:symmetry breaking (title); ctl_neighbor_black_hole:black hole (title); ctl_neighbor_cosmology:inflation (abstract),https://arxiv.org/abs/2609.02102v1,https://arxiv.org/pdf/2609.02102v1
0.0,-1.29,low,3.7,True,True,2503.04175v2,Searching for Dark Photon Tridents Through Primordial Black Hole Signatures,2025-03-06T07:41:55Z,2026-09-01T08:07:54Z,hep-ph,hep-ph; astro-ph.CO; astro-ph.GA; astro-ph.HE,0,0,0,,,,,neighbor_topic,ctl_neighbor_black_hole; ctl_neighbor_dark; ctl_neighbor_standard_model,ctl_neighbor_black_hole:black hole (title); ctl_neighbor_dark:dark photon (title); ctl_neighbor_standard_model:standard model (abstract),https://arxiv.org/abs/2503.04175v2,https://arxiv.org/pdf/2503.04175v2
0.0,-1.4,low,4.0,False,True,2609.04885v1,Di-hadron Fragmentation Functions beyond LO,2026-09-04T08:41:20Z,2026-09-04T08:41:20Z,hep-ph,hep-ph,0,0,0,,,,,generic_physics; neighbor_topic; nonphysics_stem,ctl_generic_numerics; ctl_generic_perturbation; ctl_neighbor_standard_model; ctl_nonphysics_ml,ctl_generic_numerics:monte carlo (abstract); ctl_generic_perturbation:perturbative (abstract); ctl_neighbor_standard_model:qcd (abstract); ctl_nonphysics_ml:neural network (abstract),https://arxiv.org/abs/2609.04885v1,https://arxiv.org/pdf/2609.04885v1
0.0,-1.4,low,4.0,True,True,2512.09063v2,A novel two loop inverse seesaw model,2025-12-09T19:26:17Z,2026-09-03T20:23:27Z,hep-ph,hep-ph,0,0,0,,,,,generic_physics; neighbor_topic,ctl_generic_perturbation; ctl_generic_symmetry; ctl_neighbor_dark; ctl_neighbor_standard_model,ctl_generic_perturbation:one-loop (abstract); ctl_generic_symmetry:symmetry breaking (abstract); ctl_neighbor_dark:dark matter (abstract); ctl_neighbor_standard_model:standard model (abstract),https://arxiv.org/abs/2512.09063v2,https://arxiv.org/pdf/2512.09063v2
0.0,-1.4,low,4.0,True,True,2604.13562v2,Sensitivity to top-quark FCNC interactions at future muon colliders,2026-04-15T07:10:39Z,2026-09-02T06:34:36Z,hep-ph,hep-ph; hep-ex,0,0,0,,,,,generic_physics; neighbor_topic,ctl_generic_action; ctl_generic_eft; ctl_generic_numerics; ctl_neighbor_standard_model,ctl_generic_action:lagrangian (abstract); ctl_generic_eft:effective field theory (abstract); ctl_generic_numerics:monte carlo (abstract); ctl_neighbor_standard_model:standard model (abstract),https://arxiv.org/abs/2604.13562v2,https://arxiv.org/pdf/2604.13562v2
0.0,-1.4,low,4.0,False,True,2609.01980v1,Generalized Foldy-Wouthuysen approach for the derivation of non-relativistic effective field theories,2026-09-02T01:33:44Z,2026-09-02T01:33:44Z,hep-ph,hep-ph; hep-th; quant-ph,0,0,0,,,,,generic_physics; neighbor_topic,ctl_generic_action; ctl_generic_eft; ctl_neighbor_dark; ctl_neighbor_standard_model,ctl_generic_action:lagrangian (abstract); ctl_generic_eft:eft (abstract); ctl_neighbor_dark:axion (abstract); ctl_neighbor_standard_model:standard model (abstract),https://arxiv.org/abs/2609.01980v1,https://arxiv.org/pdf/2609.01980v1
0.0,-1.4,low,4.0,True,True,2511.10803v2,Pseudoscalar meson mass relations from a second-order phase transition,2025-11-13T21:12:13Z,2026-09-01T15:12:18Z,hep-ph,hep-ph; hep-th,0,0,0,,,,,generic_physics; neighbor_topic,ctl_generic_action; ctl_generic_perturbation; ctl_generic_symmetry; ctl_neighbor_standard_model,ctl_generic_action:lagrangian (abstract); ctl_generic_perturbation:one-loop (abstract); ctl_generic_symmetry:symmetry breaking (abstract); ctl_neighbor_standard_model:qcd (abstract),https://arxiv.org/abs/2511.10803v2,https://arxiv.org/pdf/2511.10803v2
0.0,-1.42,low,4.05,True,True,2509.03507v2,Influence of Perfect Fluid Dark Matter on Shadow Observables of Yang-Mills modified charged black holes,2025-09-03T17:42:47Z,2026-09-03T19:05:51Z,gr-qc,gr-qc,0,0,0,,,,,neighbor_topic,ctl_neighbor_black_hole; ctl_neighbor_dark; ctl_neighbor_standard_model,ctl_neighbor_black_hole:black hole (title); ctl_neighbor_dark:dark matter (title); ctl_neighbor_standard_model:yang-mills (title),https://arxiv.org/abs/2509.03507v2,https://arxiv.org/pdf/2509.03507v2
0.0,-1.65,low,4.7,True,True,2601.05926v2,Naturally small Dirac neutrino mass and $B-L$ dark matter,2026-01-09T16:41:05Z,2026-09-04T16:36:43Z,hep-ph,hep-ph; astro-ph.CO,0,0,0,,,,,neighbor_topic,ctl_neighbor_cosmology; ctl_neighbor_dark; ctl_neighbor_neutrino; ctl_neighbor_standard_model,ctl_neighbor_cosmology:cmb (abstract); ctl_neighbor_dark:dark matter (title); ctl_neighbor_neutrino:neutrino mass (title); ctl_neighbor_standard_model:standard model (abstract),https://arxiv.org/abs/2601.05926v2,https://arxiv.org/pdf/2601.05926v2
