source_path,scope,media_kind,extension,bytes,sha256,text_status,text_path,text_characters_nonspace,text_method
EXPOSURE_STATS/_SAT  Satobloc GitHubStats/9.8.26 -- GITSTATS.txt,EXPOSURE_STATS,text,.txt,7398,4d05b061228157d175b295d85ceec29f40e9d7b6941c2d165230ad788ed98649,native_text,EXPOSURE_STATS/_SAT  Satobloc GitHubStats/9.8.26 -- GITSTATS.txt,5645,native
EXPOSURE_STATS/_SAT  Satobloc GitHubStats/Clones in last 14 days (1).csv,EXPOSURE_STATS,csv,.csv,175,35d4c52a9c10729c3c56ec8c1bb3a0f79e09921b0e67130f11a18ad839506226,native_text,EXPOSURE_STATS/_SAT  Satobloc GitHubStats/Clones in last 14 days (1).csv,158,native
EXPOSURE_STATS/_SAT  Satobloc GitHubStats/Clones in last 14 days (2).csv,EXPOSURE_STATS,csv,.csv,163,583e4343442c4e8c2b8faac44db5e638abbbc1e22ac718192fc28aa3fe81fa3e,native_text,EXPOSURE_STATS/_SAT  Satobloc GitHubStats/Clones in last 14 days (2).csv,146,native
EXPOSURE_STATS/_SAT  Satobloc GitHubStats/Clones in last 14 days.csv,EXPOSURE_STATS,csv,.csv,176,08696b3f664a67ab751a03f2fe05e56069caf8cdb2b9859673453a66a32b8b00,native_text,EXPOSURE_STATS/_SAT  Satobloc GitHubStats/Clones in last 14 days.csv,159,native
EXPOSURE_STATS/_SAT  Satobloc GitHubStats/Commits.csv,EXPOSURE_STATS,csv,.csv,808,7637fd2de56e1a30f58abbc0d1f21891390001142d12373c5a4a94159329fa60,native_text,EXPOSURE_STATS/_SAT  Satobloc GitHubStats/Commits.csv,753,native
EXPOSURE_STATS/_SAT  Satobloc GitHubStats/GITHUB ACTIVITY - Changing paradigm .txt,EXPOSURE_STATS,text,.txt,9397,5bbc3aab2e8e9de592e9ab71ef718204ebe0c34d82c0c9246805930711736c6e,native_text,EXPOSURE_STATS/_SAT  Satobloc GitHubStats/GITHUB ACTIVITY - Changing paradigm .txt,8040,native
EXPOSURE_STATS/_SAT  Satobloc GitHubStats/GITHUB ACTIVITY - Clones in last 14 days.csv,EXPOSURE_STATS,csv,.csv,161,2cbb766eadd764771cb4ff0ed2c18b77af97d1aad77e99b836b497f443553775,native_text,EXPOSURE_STATS/_SAT  Satobloc GitHubStats/GITHUB ACTIVITY - Clones in last 14 days.csv,144,native
EXPOSURE_STATS/_SAT  Satobloc GitHubStats/GITHUB ACTIVITY - MAY GITHUB ACTIVITY.txt,EXPOSURE_STATS,text,.txt,4086,5f35c6e848a6eb00c2f3cfc424d6000e796005934665e28432e367b5c9690832,native_text,EXPOSURE_STATS/_SAT  Satobloc GitHubStats/GITHUB ACTIVITY - MAY GITHUB ACTIVITY.txt,3591,native
EXPOSURE_STATS/_SAT  Satobloc GitHubStats/GITHUB ACTIVITY - Satobloc's Commits.csv,EXPOSURE_STATS,csv,.csv,488,313b0d3ab3470848f203ba1333537ab08805a40322d93fabfc19a562e2485cbc,native_text,EXPOSURE_STATS/_SAT  Satobloc GitHubStats/GITHUB ACTIVITY - Satobloc's Commits.csv,453,native
EXPOSURE_STATS/_SAT  Satobloc GitHubStats/GITHUB ACTIVITY - Unique cloners in last 14 days.csv,EXPOSURE_STATS,csv,.csv,162,2292c55e99962c85ac3cb4d4896c431d0c1d22b657c01db983dbb6fa95742787,native_text,EXPOSURE_STATS/_SAT  Satobloc GitHubStats/GITHUB ACTIVITY - Unique cloners in last 14 days.csv,145,native
EXPOSURE_STATS/_SAT  Satobloc GitHubStats/GITHUB ACTIVITY - Unique visitors in last 14 days.csv,EXPOSURE_STATS,csv,.csv,162,bdc002ee89d6450dfe075d7abfb418b31c26035d87e5a1d20ba75502fa98a407,native_text,EXPOSURE_STATS/_SAT  Satobloc GitHubStats/GITHUB ACTIVITY - Unique visitors in last 14 days.csv,145,native
EXPOSURE_STATS/_SAT  Satobloc GitHubStats/github_stats10jun.txt,EXPOSURE_STATS,text,.txt,629,f5187df72a1a5727b2e7ed3e50be8c7a8cafaab9230def15be30afbb2bc228b8,native_text,EXPOSURE_STATS/_SAT  Satobloc GitHubStats/github_stats10jun.txt,490,native
EXPOSURE_STATS/_SAT  Satobloc GitHubStats/HSH ACTIVITY.txt,EXPOSURE_STATS,text,.txt,2061,710d053e3e03fe896235b6685fc24bb0b1c080d205c9f4cdb0c363bd350c22db,native_text,EXPOSURE_STATS/_SAT  Satobloc GitHubStats/HSH ACTIVITY.txt,1643,native
EXPOSURE_STATS/_SAT  Satobloc GitHubStats/HSH_commits.txt,EXPOSURE_STATS,text,.txt,3193,45c6c6391ef56f1984a82893d21a90430f4e96d1b64fd7306d093d95e4116874,native_text,EXPOSURE_STATS/_SAT  Satobloc GitHubStats/HSH_commits.txt,2531,native
EXPOSURE_STATS/_SAT  Satobloc GitHubStats/MAIN_ARCHIVE_COMMITS.txt,EXPOSURE_STATS,text,.txt,3174,ef85661f5b221eef79a030eb7acd22cb41d8eb03b70a171e8fda7996a32f48ea,native_text,EXPOSURE_STATS/_SAT  Satobloc GitHubStats/MAIN_ARCHIVE_COMMITS.txt,2521,native
EXPOSURE_STATS/_SAT  Satobloc GitHubStats/MARKOVMUM.txt,EXPOSURE_STATS,text,.txt,5263,81631fa48b030c138778f56f68a87aec341a555986cde25b477247ab43f1afd4,native_text,EXPOSURE_STATS/_SAT  Satobloc GitHubStats/MARKOVMUM.txt,3989,native
EXPOSURE_STATS/_SAT  Satobloc GitHubStats/SAT GIT — Clones in last 14 days copy.csv,EXPOSURE_STATS,csv,.csv,163,c3ba5ccd08e17cd026b0d0c8dc73140ad16f24bf3657add8a827bb67e7da8bfb,native_text,EXPOSURE_STATS/_SAT  Satobloc GitHubStats/SAT GIT — Clones in last 14 days copy.csv,146,native
EXPOSURE_STATS/_SAT  Satobloc GitHubStats/SAT GIT — Clones in last 14 days.csv,EXPOSURE_STATS,csv,.csv,161,2cbb766eadd764771cb4ff0ed2c18b77af97d1aad77e99b836b497f443553775,native_text,EXPOSURE_STATS/_SAT  Satobloc GitHubStats/SAT GIT — Clones in last 14 days.csv,144,native
EXPOSURE_STATS/_SAT  Satobloc GitHubStats/SAT GIT — Commits over time.csv,EXPOSURE_STATS,csv,.csv,488,313b0d3ab3470848f203ba1333537ab08805a40322d93fabfc19a562e2485cbc,native_text,EXPOSURE_STATS/_SAT  Satobloc GitHubStats/SAT GIT — Commits over time.csv,453,native
EXPOSURE_STATS/_SAT  Satobloc GitHubStats/SAT GIT — Git Total views in last 14 days.csv,EXPOSURE_STATS,csv,.csv,163,b7d6e6a179431c370273fd3a3ab8a120d4a27ee268e6a42f9028d2ab023747aa,native_text,EXPOSURE_STATS/_SAT  Satobloc GitHubStats/SAT GIT — Git Total views in last 14 days.csv,146,native
EXPOSURE_STATS/_SAT  Satobloc GitHubStats/SAT GIT — Git Unique cloners in last 14 days.csv,EXPOSURE_STATS,csv,.csv,164,70b4f18d73505cd2ef29938d7f497e2efde8395cc4faea45c64699a628c1c8ee,native_text,EXPOSURE_STATS/_SAT  Satobloc GitHubStats/SAT GIT — Git Unique cloners in last 14 days.csv,147,native
EXPOSURE_STATS/_SAT  Satobloc GitHubStats/SAT GIT — Git Unique visitors in last 14 days.csv,EXPOSURE_STATS,csv,.csv,162,4520de39546e54e159e5335ee89f8acec218bdcec660966ffe74fca6f72110b5,native_text,EXPOSURE_STATS/_SAT  Satobloc GitHubStats/SAT GIT — Git Unique visitors in last 14 days.csv,145,native
EXPOSURE_STATS/_SAT  Satobloc GitHubStats/SAT GIT — MAY GITHUB ACTIVITY.txt,EXPOSURE_STATS,text,.txt,4086,5f35c6e848a6eb00c2f3cfc424d6000e796005934665e28432e367b5c9690832,native_text,EXPOSURE_STATS/_SAT  Satobloc GitHubStats/SAT GIT — MAY GITHUB ACTIVITY.txt,3591,native
EXPOSURE_STATS/_SAT  Satobloc GitHubStats/SAT GIT — Satobloc's Commits.csv,EXPOSURE_STATS,csv,.csv,488,313b0d3ab3470848f203ba1333537ab08805a40322d93fabfc19a562e2485cbc,native_text,EXPOSURE_STATS/_SAT  Satobloc GitHubStats/SAT GIT — Satobloc's Commits.csv,453,native
EXPOSURE_STATS/_SAT  Satobloc GitHubStats/SAT GIT — Total views in last 14 days 2.csv,EXPOSURE_STATS,csv,.csv,161,f80612ec39a4da59b70064e3140235e91d89ed83c1642f647f58612afac71952,native_text,EXPOSURE_STATS/_SAT  Satobloc GitHubStats/SAT GIT — Total views in last 14 days 2.csv,144,native
EXPOSURE_STATS/_SAT  Satobloc GitHubStats/SAT GIT — Total views in last 14 days.csv,EXPOSURE_STATS,csv,.csv,161,f80612ec39a4da59b70064e3140235e91d89ed83c1642f647f58612afac71952,native_text,EXPOSURE_STATS/_SAT  Satobloc GitHubStats/SAT GIT — Total views in last 14 days.csv,144,native
EXPOSURE_STATS/_SAT  Satobloc GitHubStats/SAT GIT — Unique cloners in last 14 days.csv,EXPOSURE_STATS,csv,.csv,162,2292c55e99962c85ac3cb4d4896c431d0c1d22b657c01db983dbb6fa95742787,native_text,EXPOSURE_STATS/_SAT  Satobloc GitHubStats/SAT GIT — Unique cloners in last 14 days.csv,145,native
EXPOSURE_STATS/_SAT  Satobloc GitHubStats/SAT GIT — Unique visitors in last 14 days.csv,EXPOSURE_STATS,csv,.csv,162,bdc002ee89d6450dfe075d7abfb418b31c26035d87e5a1d20ba75502fa98a407,native_text,EXPOSURE_STATS/_SAT  Satobloc GitHubStats/SAT GIT — Unique visitors in last 14 days.csv,145,native
EXPOSURE_STATS/_SAT  Satobloc GitHubStats/SAT_GIT_JUN10.txt,EXPOSURE_STATS,text,.txt,2392,5cea52387160217e7d4bf024a5b06b95b4bc2f97ccf2cb5496e3d387185cb9ca,native_text,EXPOSURE_STATS/_SAT  Satobloc GitHubStats/SAT_GIT_JUN10.txt,2005,native
EXPOSURE_STATS/_SAT  Satobloc GitHubStats/SATOBLOC ACTIVITY.txt,EXPOSURE_STATS,text,.txt,1996,d452eb36bf3d1707e4c4279dae2ed649386b2869e853570137d1f8d4d8c8599c,native_text,EXPOSURE_STATS/_SAT  Satobloc GitHubStats/SATOBLOC ACTIVITY.txt,1582,native
EXPOSURE_STATS/_SAT  Satobloc GitHubStats/stereoscope_e7da221874e02410948deb78c586f0b9.jpg,EXPOSURE_STATS,image,.jpg,49955,99d8545a976732839bfce6ffbca709e34fd771e80d8ad6392121830d59b2d86f,extracted,derived/image_text/99d8545a976732839bfce6ffbca709e34fd771e80d8ad6392121830d59b2d86f.txt,15,tesseract
EXPOSURE_STATS/_SAT  Satobloc GitHubStats/Total views in last 14 days (1).csv,EXPOSURE_STATS,csv,.csv,175,0fd599d8a7da6152b5e8f0f6ee9bc99e58c0c3ce7d6496feec555eeeb62608e9,native_text,EXPOSURE_STATS/_SAT  Satobloc GitHubStats/Total views in last 14 days (1).csv,158,native
EXPOSURE_STATS/_SAT  Satobloc GitHubStats/Total views in last 14 days (2).csv,EXPOSURE_STATS,csv,.csv,168,27a804b9e33461a303e2530a28e5e890458a97713e571b6eaa80448cbb279b5b,native_text,EXPOSURE_STATS/_SAT  Satobloc GitHubStats/Total views in last 14 days (2).csv,151,native
EXPOSURE_STATS/_SAT  Satobloc GitHubStats/Total views in last 14 days.csv,EXPOSURE_STATS,csv,.csv,175,22da51fec58f11f8124534ae1305516eb5c4c62b69c9ffa57e38d808f2a380b4,native_text,EXPOSURE_STATS/_SAT  Satobloc GitHubStats/Total views in last 14 days.csv,158,native
EXPOSURE_STATS/_SAT  Satobloc GitHubStats/Total views in last 14 days.png,EXPOSURE_STATS,image,.png,61315,0c4d76e2d2e2de7400ed865cad70c4bb3d094d855ee9a174a7bb41090c71c0a0,extracted,derived/image_text/0c4d76e2d2e2de7400ed865cad70c4bb3d094d855ee9a174a7bb41090c71c0a0.txt,140,tesseract
EXPOSURE_STATS/_SAT  Satobloc GitHubStats/Unique cloners in last 14 days (1).csv,EXPOSURE_STATS,csv,.csv,173,a904188584f9b331566489b81bf92bb29dbda5419c2ddaaef5188ef087bff316,native_text,EXPOSURE_STATS/_SAT  Satobloc GitHubStats/Unique cloners in last 14 days (1).csv,156,native
EXPOSURE_STATS/_SAT  Satobloc GitHubStats/Unique cloners in last 14 days (2).csv,EXPOSURE_STATS,csv,.csv,162,9102bc233be67f4b0c0c3b18c6f9101a845717e24c5d3349e47cfd7a3afce6d7,native_text,EXPOSURE_STATS/_SAT  Satobloc GitHubStats/Unique cloners in last 14 days (2).csv,145,native
EXPOSURE_STATS/_SAT  Satobloc GitHubStats/Unique cloners in last 14 days.csv,EXPOSURE_STATS,csv,.csv,170,eee9e1db39284d5946f4675d70984e159bb8b043481abf24da355fa7db2e95d5,native_text,EXPOSURE_STATS/_SAT  Satobloc GitHubStats/Unique cloners in last 14 days.csv,153,native
EXPOSURE_STATS/_SAT  Satobloc GitHubStats/Unique visitors in last 14 days (1).csv,EXPOSURE_STATS,csv,.csv,162,1dcf368355c72126d187b2c6b78d6795c63fd9d01a1995ed0f110afbda4fc204,native_text,EXPOSURE_STATS/_SAT  Satobloc GitHubStats/Unique visitors in last 14 days (1).csv,145,native
EXPOSURE_STATS/_SAT  Satobloc GitHubStats/Unique visitors in last 14 days (2).csv,EXPOSURE_STATS,csv,.csv,163,34a8294191da7497ff422401bd02893355ddd709456de1dd3b36f7994f4af28d,native_text,EXPOSURE_STATS/_SAT  Satobloc GitHubStats/Unique visitors in last 14 days (2).csv,146,native
EXPOSURE_STATS/_SAT  Satobloc GitHubStats/Unique visitors in last 14 days.csv,EXPOSURE_STATS,csv,.csv,162,8040d83290b32b3b3f9e0af4617c75b08190bc17017171d2501bb5bac4ab4ef9,native_text,EXPOSURE_STATS/_SAT  Satobloc GitHubStats/Unique visitors in last 14 days.csv,145,native
EXPOSURE_STATS/arXiv_analysis/2026-09-08T064023Z_SAT_HsH_arxiv_scan.csv,EXPOSURE_STATS,csv,.csv,18895,fb973f548a6db69879576defce4a866ffe3e835e0ef4ee091c13861756574cba,native_text,EXPOSURE_STATS/arXiv_analysis/2026-09-08T064023Z_SAT_HsH_arxiv_scan.csv,16719,native
EXPOSURE_STATS/arXiv_analysis/2026-09-08T064023Z_SAT_HsH_arxiv_scan.json,EXPOSURE_STATS,text,.json,31486,cbb4d65671f5c85ed7e7cacec1a4b756c6e423003fce50147c44b5e57d7e312e,native_text,EXPOSURE_STATS/arXiv_analysis/2026-09-08T064023Z_SAT_HsH_arxiv_scan.json,23757,native
EXPOSURE_STATS/arXiv_analysis/2026-09-08T064023Z_SAT_HsH_arxiv_scan.md,EXPOSURE_STATS,text,.md,18715,a04044965a0f3d71a45b5cf78465be56f520a04efd544eec2df7caa561be24f8,native_text,EXPOSURE_STATS/arXiv_analysis/2026-09-08T064023Z_SAT_HsH_arxiv_scan.md,15977,native
EXPOSURE_STATS/arXiv_analysis/2026-09-08T064023Z_SAT_HsH_control_prevalence.csv,EXPOSURE_STATS,csv,.csv,981,0d2261ad46950a44c91b3725a1818e0a35147c9f5da86ccb73feaefe60f9aa89,native_text,EXPOSURE_STATS/arXiv_analysis/2026-09-08T064023Z_SAT_HsH_control_prevalence.csv,935,native
EXPOSURE_STATS/arXiv_analysis/2026-09-08T064023Z_SAT_HsH_feature_prevalence.csv,EXPOSURE_STATS,csv,.csv,2184,0849f896e8aade2a98ed7eabc0d48e88e21262d36a64e159db15adcb22c57a77,native_text,EXPOSURE_STATS/arXiv_analysis/2026-09-08T064023Z_SAT_HsH_feature_prevalence.csv,2058,native
EXPOSURE_STATS/arXiv_analysis/2026-09-08T072307Z_SAT_HsH_all_scored.csv,EXPOSURE_STATS,csv,.csv,714401,fb75c5e439ddf366a509d625f912c814f498c2ef5213858edd2be1ce74f8d1fa,native_text,EXPOSURE_STATS/arXiv_analysis/2026-09-08T072307Z_SAT_HsH_all_scored.csv,684895,native
EXPOSURE_STATS/arXiv_analysis/2026-09-08T072307Z_SAT_HsH_arxiv_scan.csv,EXPOSURE_STATS,csv,.csv,15281,dac0f5baf3b789309a74247f47a7c89f75db1784b47e728651d666fb7bdbc759,native_text,EXPOSURE_STATS/arXiv_analysis/2026-09-08T072307Z_SAT_HsH_arxiv_scan.csv,13596,native
EXPOSURE_STATS/arXiv_analysis/2026-09-08T072307Z_SAT_HsH_arxiv_scan.json,EXPOSURE_STATS,text,.json,27099,f493a4e84cc098139f5585414a7faf49f4e3a36674090991e64a6db50c46db36,native_text,EXPOSURE_STATS/arXiv_analysis/2026-09-08T072307Z_SAT_HsH_arxiv_scan.json,20341,native
EXPOSURE_STATS/arXiv_analysis/2026-09-08T072307Z_SAT_HsH_arxiv_scan.md,EXPOSURE_STATS,text,.md,14855,367e8375672eb7cc98049709cf912498d0a21ffe3820f5a99a44dfc8938bd750,native_text,EXPOSURE_STATS/arXiv_analysis/2026-09-08T072307Z_SAT_HsH_arxiv_scan.md,12694,native
EXPOSURE_STATS/arXiv_analysis/2026-09-08T072307Z_SAT_HsH_control_prevalence.csv,EXPOSURE_STATS,csv,.csv,1161,61f49d3e34a9ebd97a5d70a650d8f31ebe5e2e126f73ebfd7f5e8417d9158081,native_text,EXPOSURE_STATS/arXiv_analysis/2026-09-08T072307Z_SAT_HsH_control_prevalence.csv,1107,native
EXPOSURE_STATS/arXiv_analysis/2026-09-08T072307Z_SAT_HsH_feature_prevalence.csv,EXPOSURE_STATS,csv,.csv,2473,0e5c4587bb47aa29e2d8aec57f0bcc036fbcfa3d42fcb47d3b78254229cc60bd,native_text,EXPOSURE_STATS/arXiv_analysis/2026-09-08T072307Z_SAT_HsH_feature_prevalence.csv,2331,native
EXPOSURE_STATS/arXiv_analysis/2026-09-13_RANDOM_100x3_JAN_SEP/arxiv_random_100_2024_2025_2026_combined.csv,EXPOSURE_STATS,csv,.csv,442594,1ef10433b3338f7698c93d6f4dc7d86077e47018bd4b9ab8d3cbf384a30858bc,native_text,EXPOSURE_STATS/arXiv_analysis/2026-09-13_RANDOM_100x3_JAN_SEP/arxiv_random_100_2024_2025_2026_combined.csv,383470,native
EXPOSURE_STATS/arXiv_analysis/2026-09-13_RANDOM_100x3_JAN_SEP/arxiv_random_100_2024_2025_2026_combined.json,EXPOSURE_STATS,text,.json,502085,4d2575315b204f8d3e0ee7bfd5dff83fad229dcc5dd0c3f065e8fc25805289e8,native_text,EXPOSURE_STATS/arXiv_analysis/2026-09-13_RANDOM_100x3_JAN_SEP/arxiv_random_100_2024_2025_2026_combined.json,417620,native
EXPOSURE_STATS/arXiv_analysis/2026-09-13_RANDOM_100x3_JAN_SEP/arxiv_random_100_2024_jan_sep.csv,EXPOSURE_STATS,csv,.csv,138160,c687877dd848ba8f8cbe18971d27895cf89f0d148674db28a99b900915c9299f,native_text,EXPOSURE_STATS/arXiv_analysis/2026-09-13_RANDOM_100x3_JAN_SEP/arxiv_random_100_2024_jan_sep.csv,119360,native
EXPOSURE_STATS/arXiv_analysis/2026-09-13_RANDOM_100x3_JAN_SEP/arxiv_random_100_2024_jan_sep.json,EXPOSURE_STATS,text,.json,157688,3235a8baddb076dca3e36dd138b35c45cecfddd176624e445d5cdf137243b5ee,native_text,EXPOSURE_STATS/arXiv_analysis/2026-09-13_RANDOM_100x3_JAN_SEP/arxiv_random_100_2024_jan_sep.json,130608,native
EXPOSURE_STATS/arXiv_analysis/2026-09-13_RANDOM_100x3_JAN_SEP/arxiv_random_100_2025_jan_sep.csv,EXPOSURE_STATS,csv,.csv,148838,77b32035c0a8dd55e3c27101669989675b1784241ae1cdecb738ef1df7facfcf,native_text,EXPOSURE_STATS/arXiv_analysis/2026-09-13_RANDOM_100x3_JAN_SEP/arxiv_random_100_2025_jan_sep.csv,129222,native
EXPOSURE_STATS/arXiv_analysis/2026-09-13_RANDOM_100x3_JAN_SEP/arxiv_random_100_2025_jan_sep.json,EXPOSURE_STATS,text,.json,168357,8f6936ab102da4267e19f7f31eee81b7f4c567be96e23bbb88868558747d6197,native_text,EXPOSURE_STATS/arXiv_analysis/2026-09-13_RANDOM_100x3_JAN_SEP/arxiv_random_100_2025_jan_sep.json,140461,native
EXPOSURE_STATS/arXiv_analysis/2026-09-13_RANDOM_100x3_JAN_SEP/arxiv_random_100_2026_jan_sep.csv,EXPOSURE_STATS,csv,.csv,155736,85febec828512f6c1fb7bd895b491ad9ca6a89aad9a283bef19aefd716d55bb4,native_text,EXPOSURE_STATS/arXiv_analysis/2026-09-13_RANDOM_100x3_JAN_SEP/arxiv_random_100_2026_jan_sep.csv,135024,native
EXPOSURE_STATS/arXiv_analysis/2026-09-13_RANDOM_100x3_JAN_SEP/arxiv_random_100_2026_jan_sep.json,EXPOSURE_STATS,text,.json,175396,6cf73aa94f19c21620d6ed80a5db3f7f4430f7db2c7e02564aa21844708f70f1,native_text,EXPOSURE_STATS/arXiv_analysis/2026-09-13_RANDOM_100x3_JAN_SEP/arxiv_random_100_2026_jan_sep.json,146404,native
EXPOSURE_STATS/arXiv_analysis/2026-09-13_RANDOM_100x3_JAN_SEP/arxiv_random_sample.py,EXPOSURE_STATS,other,.py,7625,43083e5bce3e76d2feea88813acc6e722ee29c697442b8cc781f93111b8e05da,not_text,,,
EXPOSURE_STATS/arXiv_analysis/2026-09-13_RANDOM_100x3_JAN_SEP/BLIND_300_title_abstract.csv,EXPOSURE_STATS,csv,.csv,386285,d0176bbe3a76b8c3b6692ba756d8b6847e6cd8093d9d97531c67d0da7551bccd,native_text,EXPOSURE_STATS/arXiv_analysis/2026-09-13_RANDOM_100x3_JAN_SEP/BLIND_300_title_abstract.csv,331767,native
EXPOSURE_STATS/arXiv_analysis/2026-09-13_RANDOM_100x3_JAN_SEP/BLIND_KEY_DO_NOT_USE_FOR_SCORING.csv,EXPOSURE_STATS,csv,.csv,60228,72c685092424af6560f5127a626e5ee5e77cb5549c7a087e60cfa2952f8a8dce,native_text,EXPOSURE_STATS/arXiv_analysis/2026-09-13_RANDOM_100x3_JAN_SEP/BLIND_KEY_DO_NOT_USE_FOR_SCORING.csv,55020,native
EXPOSURE_STATS/arXiv_analysis/2026-09-13_RANDOM_100x3_JAN_SEP/BLIND_SCORES_PASS01_XR001-XR014.csv,EXPOSURE_STATS,csv,.csv,2101,70f531f739b382157170b573aedd0a334ce01564e92c501b1acf60ffb6a4249c,native_text,EXPOSURE_STATS/arXiv_analysis/2026-09-13_RANDOM_100x3_JAN_SEP/BLIND_SCORES_PASS01_XR001-XR014.csv,2037,native
EXPOSURE_STATS/arXiv_analysis/2026-09-13_RANDOM_100x3_JAN_SEP/BLINDING_METADATA.json,EXPOSURE_STATS,text,.json,317,fbde1fd70278b598a13b3267d53fb7e0fcda5e822c9bba94939c41ee80b60726,native_text,EXPOSURE_STATS/arXiv_analysis/2026-09-13_RANDOM_100x3_JAN_SEP/BLINDING_METADATA.json,239,native
EXPOSURE_STATS/arXiv_analysis/2026-09-13_RANDOM_100x3_JAN_SEP/prepare_blind_corpus.py,EXPOSURE_STATS,other,.py,1506,1e7e324a517fe4bed3f53916696c085440e3933398c9415ffd77395253d026a6,not_text,,,
EXPOSURE_STATS/arXiv_analysis/2026-09-13_RANDOM_100x3_JAN_SEP/PROVENANCE.md,EXPOSURE_STATS,text,.md,619,716e99bc58e51b6fe5c130f03afcaa873093b2d78dc658c853ffb505ebcabd98,native_text,EXPOSURE_STATS/arXiv_analysis/2026-09-13_RANDOM_100x3_JAN_SEP/PROVENANCE.md,535,native
EXPOSURE_STATS/arXiv_analysis/2026-09-13_RANDOM_100x3_JAN_SEP/README.md,EXPOSURE_STATS,text,.md,441,64e61f71459820981696c1f7957131ed1754c016d2c7ac3761351bb884791d96,native_text,EXPOSURE_STATS/arXiv_analysis/2026-09-13_RANDOM_100x3_JAN_SEP/README.md,379,native
EXPOSURE_STATS/arXiv_analysis/2026-09-13_RANDOM_100x3_JAN_SEP/STRUCTURAL_XRAY_PROTOCOL.md,EXPOSURE_STATS,text,.md,3637,5a6b1e4078a562463739f22d6c533ceced0b23d25fa0769558f97841e395c675,native_text,EXPOSURE_STATS/arXiv_analysis/2026-09-13_RANDOM_100x3_JAN_SEP/STRUCTURAL_XRAY_PROTOCOL.md,3048,native
EXPOSURE_STATS/arXiv_analysis/arxscan.py,EXPOSURE_STATS,other,.py,99366,ca12d11614c2970b61f80d768896766c194975a2b6fe821c98a1875b002a0385,not_text,,,
EXPOSURE_STATS/arXiv_analysis/gitignore.txt,EXPOSURE_STATS,text,.txt,1,01ba4719c80b6fe911b091a7c05124b64eeece964e09c058ef8f9805daca546b,native_text,EXPOSURE_STATS/arXiv_analysis/gitignore.txt,0,native
EXPOSURE_STATS/arXiv_analysis/LONGITUDINAL_TOPIC_ATLAS/CITATION_LINEAGE.md,EXPOSURE_STATS,text,.md,4382,7cd7971e9ae4c8cdc60b4d729e37ee477e14699c33a250284cbe2b7d3a718473,native_text,EXPOSURE_STATS/arXiv_analysis/LONGITUDINAL_TOPIC_ATLAS/CITATION_LINEAGE.md,3750,native
EXPOSURE_STATS/arXiv_analysis/LONGITUDINAL_TOPIC_ATLAS/harvest_topic_atlas.py,EXPOSURE_STATS,other,.py,10463,96d210a8fe32874f837cf7df05b512817bbb1d1607d7d9b1dda0b32e089979c4,not_text,,,
EXPOSURE_STATS/arXiv_analysis/LONGITUDINAL_TOPIC_ATLAS/README.md,EXPOSURE_STATS,text,.md,5475,247813e4dea230566ef8aeeaee1e58294aa5bc40a0f5658752f4a01fb5b6bc21,native_text,EXPOSURE_STATS/arXiv_analysis/LONGITUDINAL_TOPIC_ATLAS/README.md,4704,native
EXPOSURE_STATS/arXiv_analysis/LONGITUDINAL_TOPIC_ATLAS/semantic_scholar_lineage.py,EXPOSURE_STATS,other,.py,5542,35cd4fa246fbc371040dcf52e3dcc87bce8802ddbd06a3ed464353b50f58c27a,not_text,,,
EXPOSURE_STATS/arXiv_analysis/LONGITUDINAL_TOPIC_ATLAS/SOURCE_LIBRARY.md,EXPOSURE_STATS,text,.md,6270,27260f95023b8978b2516a53bf95f88312cc88a196a81a95c153872d3227a9d6,native_text,EXPOSURE_STATS/arXiv_analysis/LONGITUDINAL_TOPIC_ATLAS/SOURCE_LIBRARY.md,5456,native
EXPOSURE_STATS/arXiv_analysis/LONGITUDINAL_TOPIC_ATLAS/STABLE_FAMILY_CROSSWALK.csv,EXPOSURE_STATS,csv,.csv,1089,39e6f8029b69ae32896d1cc81e56966357b8ce395c1925fe4b40b5a2a60bcfca,native_text,EXPOSURE_STATS/arXiv_analysis/LONGITUDINAL_TOPIC_ATLAS/STABLE_FAMILY_CROSSWALK.csv,1068,native
EXPOSURE_STATS/arXiv_analysis/LONGITUDINAL_TOPIC_ATLAS/TAXONOMY_CHANGE_LEDGER.csv,EXPOSURE_STATS,csv,.csv,203,27018f4b170db0906a8431ed6c5577dd4ad60368f07b5ff9e209b7d2370fc45b,native_text,EXPOSURE_STATS/arXiv_analysis/LONGITUDINAL_TOPIC_ATLAS/TAXONOMY_CHANGE_LEDGER.csv,201,native
EXPOSURE_STATS/CROSS_DIFFUSION_JOB_DESCRIPTION.md,EXPOSURE_STATS,text,.md,3080,6135d173243a40e49475011e1e34b238a2b3de10aca1e57e1967c3e2603ace44,native_text,EXPOSURE_STATS/CROSS_DIFFUSION_JOB_DESCRIPTION.md,2635,native
EXPOSURE_STATS/CROSS_DIFFUSION_SOURCE_MANIFEST.csv,EXPOSURE_STATS,csv,.csv,130117,8874528e792b2bb8c58ff848b17f9c19daa0e2b67412989f976d34e9ac08c010,native_text,EXPOSURE_STATS/CROSS_DIFFUSION_SOURCE_MANIFEST.csv,125603,native
EXPOSURE_STATS/CROSS_IMAGE_TEXT_INDEX.md,EXPOSURE_STATS,text,.md,12463,800aed27454d7e1eddbcf6274c686c8f78f6927493748ae2e317e18d9247e884,native_text,EXPOSURE_STATS/CROSS_IMAGE_TEXT_INDEX.md,11642,native
EXPOSURE_STATS/CROSS_MASTER_CHRONOLOGY.md,EXPOSURE_STATS,text,.md,10236,2fee3ac1fba1c778dcd2137cdf65794c874660df4d2a1722c4063100bf9803c3,native_text,EXPOSURE_STATS/CROSS_MASTER_CHRONOLOGY.md,8557,native
EXPOSURE_STATS/DEBATING AI DATA/2Analytics - Debating A.I. On the Future of Physics _ Spotify for Creators.pdf,EXPOSURE_STATS,pdf,.pdf,147798,09dc305d056f2d4185e0155e72700350ead8554fded860381647d6ae1b98c2a5,extracted,derived/text/09dc305d056f2d4185e0155e72700350ead8554fded860381647d6ae1b98c2a5.txt,440,pypdf
EXPOSURE_STATS/DEBATING AI DATA/3Analytics - Debating A.I. On the Future of Physics _ Spotify for Creators.pdf,EXPOSURE_STATS,pdf,.pdf,147374,7d0b2c5d6efa9eb546efabbf35b751f4e13ebb50b1f7af10f0a1d61eeca7a297,extracted,derived/text/7d0b2c5d6efa9eb546efabbf35b751f4e13ebb50b1f7af10f0a1d61eeca7a297.txt,436,pypdf
EXPOSURE_STATS/DEBATING AI DATA/4Analytics - Debating A.I. On the Future of Physics _ Spotify for Creators.pdf,EXPOSURE_STATS,pdf,.pdf,147092,6183df2d3eebf632c129de438c82da667e9be801560e3d7bb91db80d81cb8d6c,extracted,derived/text/6183df2d3eebf632c129de438c82da667e9be801560e3d7bb91db80d81cb8d6c.txt,434,pypdf
EXPOSURE_STATS/DEBATING AI DATA/5Analytics - Debating A.I. On the Future of Physics _ Spotify for Creators.pdf,EXPOSURE_STATS,pdf,.pdf,148149,ef9c5ac76694cc5eca8cf75d6af3a8d8b8dbe66b145443979317053a5c97ceb0,extracted,derived/text/ef9c5ac76694cc5eca8cf75d6af3a8d8b8dbe66b145443979317053a5c97ceb0.txt,371,pypdf
EXPOSURE_STATS/DEBATING AI DATA/6Analytics - Debating A.I. On the Future of Physics _ Spotify for Creators.pdf,EXPOSURE_STATS,pdf,.pdf,145202,6a635a668ea873d976af3f66860eb31bf057c5d8ae597ce8291cb882da8f2d00,extracted,derived/text/6a635a668ea873d976af3f66860eb31bf057c5d8ae597ce8291cb882da8f2d00.txt,415,pypdf
EXPOSURE_STATS/DEBATING AI DATA/7Analytics - Debating A.I. On the Future of Physics _ Spotify for Creators.pdf,EXPOSURE_STATS,pdf,.pdf,141392,35306807dc7e2fc5399c65932fc513e52a224805f9e0c90a53f62977fe307a9a,extracted,derived/text/35306807dc7e2fc5399c65932fc513e52a224805f9e0c90a53f62977fe307a9a.txt,460,pypdf
EXPOSURE_STATS/DEBATING AI DATA/8DebatingA.I.OntheFutureofPhysics_GeoLocationAllPlatforms_all-time.csv,EXPOSURE_STATS,csv,.csv,432,66736f8e59aa4d763dbefcc93797bbf02b053204acaf5f2399496f77b9fb73e4,native_text,EXPOSURE_STATS/DEBATING AI DATA/8DebatingA.I.OntheFutureofPhysics_GeoLocationAllPlatforms_all-time.csv,399,native
EXPOSURE_STATS/DEBATING AI DATA/Analytics - Debating A.I. On the Future of Physics _ Spotify for Creators.pdf,EXPOSURE_STATS,pdf,.pdf,177487,e4659b54ce7fe7a20e369183b69cf291e485bf72efc145215f2598031451ec61,extracted,derived/text/e4659b54ce7fe7a20e369183b69cf291e485bf72efc145215f2598031451ec61.txt,475,pypdf
EXPOSURE_STATS/DEBATING AI DATA/DebatingA.I.OntheFutureofPhysics_AgeByGender_all-time.csv,EXPOSURE_STATS,csv,.csv,608,09a9d2e21c0360a8cbb06afd5e812a098b479600ddd585a0800be09ef5a390b0,native_text,EXPOSURE_STATS/DEBATING AI DATA/DebatingA.I.OntheFutureofPhysics_AgeByGender_all-time.csv,583,native
EXPOSURE_STATS/DEBATING AI DATA/DebatingA.I.OntheFutureofPhysics_AudienceSegments_1-1-2025--6-15-2026.csv,EXPOSURE_STATS,csv,.csv,4293,ce8a12a3cf27e0512ee84340b63d318f49ab07e1a11d2971ee315418dd95b806,native_text,EXPOSURE_STATS/DEBATING AI DATA/DebatingA.I.OntheFutureofPhysics_AudienceSegments_1-1-2025--6-15-2026.csv,3784,native
EXPOSURE_STATS/DEBATING AI DATA/DebatingA.I.OntheFutureofPhysics_DailyImpressions_3-17-2026--6-14-2026 (1).csv,EXPOSURE_STATS,csv,.csv,1218,f4d05006bf66385da8af5a271e7571781a19dcccac6c32d45a47cb15f5390a38,native_text,EXPOSURE_STATS/DEBATING AI DATA/DebatingA.I.OntheFutureofPhysics_DailyImpressions_3-17-2026--6-14-2026 (1).csv,1035,native
EXPOSURE_STATS/DEBATING AI DATA/DebatingA.I.OntheFutureofPhysics_DailyImpressions_3-17-2026--6-14-2026.csv,EXPOSURE_STATS,csv,.csv,1218,f4d05006bf66385da8af5a271e7571781a19dcccac6c32d45a47cb15f5390a38,native_text,EXPOSURE_STATS/DEBATING AI DATA/DebatingA.I.OntheFutureofPhysics_DailyImpressions_3-17-2026--6-14-2026.csv,1035,native
EXPOSURE_STATS/DEBATING AI DATA/DebatingA.I.OntheFutureofPhysics_Engagement_all-time (1).csv,EXPOSURE_STATS,csv,.csv,11191,514e24ff641ba0eda717b43317e21e8f3368efc7d8fded755e744b5b956fcc4c,native_text,EXPOSURE_STATS/DEBATING AI DATA/DebatingA.I.OntheFutureofPhysics_Engagement_all-time (1).csv,10183,native
EXPOSURE_STATS/DEBATING AI DATA/DebatingA.I.OntheFutureofPhysics_Engagement_all-time (2).csv,EXPOSURE_STATS,csv,.csv,11191,514e24ff641ba0eda717b43317e21e8f3368efc7d8fded755e744b5b956fcc4c,native_text,EXPOSURE_STATS/DEBATING AI DATA/DebatingA.I.OntheFutureofPhysics_Engagement_all-time (2).csv,10183,native
EXPOSURE_STATS/DEBATING AI DATA/DebatingA.I.OntheFutureofPhysics_Engagement_all-time (3).csv,EXPOSURE_STATS,csv,.csv,11191,514e24ff641ba0eda717b43317e21e8f3368efc7d8fded755e744b5b956fcc4c,native_text,EXPOSURE_STATS/DEBATING AI DATA/DebatingA.I.OntheFutureofPhysics_Engagement_all-time (3).csv,10183,native
EXPOSURE_STATS/DEBATING AI DATA/DebatingA.I.OntheFutureofPhysics_Engagement_all-time (4).csv,EXPOSURE_STATS,csv,.csv,11191,514e24ff641ba0eda717b43317e21e8f3368efc7d8fded755e744b5b956fcc4c,native_text,EXPOSURE_STATS/DEBATING AI DATA/DebatingA.I.OntheFutureofPhysics_Engagement_all-time (4).csv,10183,native
EXPOSURE_STATS/DEBATING AI DATA/DebatingA.I.OntheFutureofPhysics_Engagement_all-time.csv,EXPOSURE_STATS,csv,.csv,11191,514e24ff641ba0eda717b43317e21e8f3368efc7d8fded755e744b5b956fcc4c,native_text,EXPOSURE_STATS/DEBATING AI DATA/DebatingA.I.OntheFutureofPhysics_Engagement_all-time.csv,10183,native
EXPOSURE_STATS/DEBATING AI DATA/DebatingA.I.OntheFutureofPhysics_EpisodeCompletionRates.csv,EXPOSURE_STATS,csv,.csv,797,113a41dbb5ae086da0436f530726278c592e4021fb730e00a0da0f0746b25643,native_text,EXPOSURE_STATS/DEBATING AI DATA/DebatingA.I.OntheFutureofPhysics_EpisodeCompletionRates.csv,746,native
EXPOSURE_STATS/DEBATING AI DATA/DebatingA.I.OntheFutureofPhysics_Gender_all-time.csv,EXPOSURE_STATS,csv,.csv,118,92514011e974d2dfff845f78961e23b905a39216ef0d3e73537fc0aa5cbc4ace,native_text,EXPOSURE_STATS/DEBATING AI DATA/DebatingA.I.OntheFutureofPhysics_Gender_all-time.csv,106,native
EXPOSURE_STATS/DEBATING AI DATA/DebatingA.I.OntheFutureofPhysics_GeoLocationAllPlatforms_all-time (1).csv,EXPOSURE_STATS,csv,.csv,348,2b80b2428ec701256374990886ee9fccac85de85b37afc5bbaec56df8d903129,native_text,EXPOSURE_STATS/DEBATING AI DATA/DebatingA.I.OntheFutureofPhysics_GeoLocationAllPlatforms_all-time (1).csv,322,native
EXPOSURE_STATS/DEBATING AI DATA/DebatingA.I.OntheFutureofPhysics_GeoLocationAllPlatforms_all-time.csv,EXPOSURE_STATS,csv,.csv,865,ffbdf650a8e6892a082e2eccba86e2b359ace8381177d8604ec5187dafe59b4d,native_text,EXPOSURE_STATS/DEBATING AI DATA/DebatingA.I.OntheFutureofPhysics_GeoLocationAllPlatforms_all-time.csv,799,native
EXPOSURE_STATS/DEBATING AI DATA/DebatingA.I.OntheFutureofPhysics_TopEpisodesByConsumptionTime_all-time (1).csv,EXPOSURE_STATS,csv,.csv,909,0cc0fae313cfc0772b60a8f4abd1c97fbb757caf60d62e2de640c40e811a1b03,native_text,EXPOSURE_STATS/DEBATING AI DATA/DebatingA.I.OntheFutureofPhysics_TopEpisodesByConsumptionTime_all-time (1).csv,842,native
EXPOSURE_STATS/DEBATING AI DATA/DebatingA.I.OntheFutureofPhysics_TopEpisodesByConsumptionTime_all-time.csv,EXPOSURE_STATS,csv,.csv,909,0cc0fae313cfc0772b60a8f4abd1c97fbb757caf60d62e2de640c40e811a1b03,native_text,EXPOSURE_STATS/DEBATING AI DATA/DebatingA.I.OntheFutureofPhysics_TopEpisodesByConsumptionTime_all-time.csv,842,native
EXPOSURE_STATS/DEBATING AI DATA/DebatingA.I.OntheFutureofPhysics_TopEpisodesByImpressions_3-17-2026--6-14-2026 (1).csv,EXPOSURE_STATS,csv,.csv,983,82181a5ba3ce46b16728d077a90e7beaadf240a8efbd34ad48af54440680f59a,native_text,EXPOSURE_STATS/DEBATING AI DATA/DebatingA.I.OntheFutureofPhysics_TopEpisodesByImpressions_3-17-2026--6-14-2026 (1).csv,920,native
EXPOSURE_STATS/DEBATING AI DATA/DebatingA.I.OntheFutureofPhysics_TopEpisodesByImpressions_3-17-2026--6-14-2026.csv,EXPOSURE_STATS,csv,.csv,983,82181a5ba3ce46b16728d077a90e7beaadf240a8efbd34ad48af54440680f59a,native_text,EXPOSURE_STATS/DEBATING AI DATA/DebatingA.I.OntheFutureofPhysics_TopEpisodesByImpressions_3-17-2026--6-14-2026.csv,920,native
EXPOSURE_STATS/DEBATING AI DATA/DebatingA.I.OntheFutureofPhysics_TrendsChart_PlaysAndDownloads_First7Days (1).csv,EXPOSURE_STATS,csv,.csv,13060,77503f187b1530697d648402f8162a28d235052c5496d07171d00aa3798fcf65,native_text,EXPOSURE_STATS/DEBATING AI DATA/DebatingA.I.OntheFutureofPhysics_TrendsChart_PlaysAndDownloads_First7Days (1).csv,11343,native
EXPOSURE_STATS/DEBATING AI DATA/DebatingA.I.OntheFutureofPhysics_TrendsChart_PlaysAndDownloads_First7Days (10).csv,EXPOSURE_STATS,csv,.csv,13060,42ab243dcce4ecf92215f81aa62f2102a1159b1572ce5a2c5a947b45780e887d,native_text,EXPOSURE_STATS/DEBATING AI DATA/DebatingA.I.OntheFutureofPhysics_TrendsChart_PlaysAndDownloads_First7Days (10).csv,11343,native
EXPOSURE_STATS/DEBATING AI DATA/DebatingA.I.OntheFutureofPhysics_TrendsChart_PlaysAndDownloads_First7Days (2).csv,EXPOSURE_STATS,csv,.csv,13060,77503f187b1530697d648402f8162a28d235052c5496d07171d00aa3798fcf65,native_text,EXPOSURE_STATS/DEBATING AI DATA/DebatingA.I.OntheFutureofPhysics_TrendsChart_PlaysAndDownloads_First7Days (2).csv,11343,native
EXPOSURE_STATS/DEBATING AI DATA/DebatingA.I.OntheFutureofPhysics_TrendsChart_PlaysAndDownloads_First7Days (3).csv,EXPOSURE_STATS,csv,.csv,13060,a1db4863418e8826dd91a6f39a07d52b54646743cae70a99673274c99f038276,native_text,EXPOSURE_STATS/DEBATING AI DATA/DebatingA.I.OntheFutureofPhysics_TrendsChart_PlaysAndDownloads_First7Days (3).csv,11343,native
EXPOSURE_STATS/DEBATING AI DATA/DebatingA.I.OntheFutureofPhysics_TrendsChart_PlaysAndDownloads_First7Days (4).csv,EXPOSURE_STATS,csv,.csv,13060,f11f871f4aa948feade1a904b13e92097e58906e00965d32c764a539ffc6c640,native_text,EXPOSURE_STATS/DEBATING AI DATA/DebatingA.I.OntheFutureofPhysics_TrendsChart_PlaysAndDownloads_First7Days (4).csv,11343,native
EXPOSURE_STATS/DEBATING AI DATA/DebatingA.I.OntheFutureofPhysics_TrendsChart_PlaysAndDownloads_First7Days (5).csv,EXPOSURE_STATS,csv,.csv,13060,75abda0396494af785d88d996fcad58b6cba9063ff23a1d9a988513459229999,native_text,EXPOSURE_STATS/DEBATING AI DATA/DebatingA.I.OntheFutureofPhysics_TrendsChart_PlaysAndDownloads_First7Days (5).csv,11343,native
EXPOSURE_STATS/DEBATING AI DATA/DebatingA.I.OntheFutureofPhysics_TrendsChart_PlaysAndDownloads_First7Days (6).csv,EXPOSURE_STATS,csv,.csv,13060,75abda0396494af785d88d996fcad58b6cba9063ff23a1d9a988513459229999,native_text,EXPOSURE_STATS/DEBATING AI DATA/DebatingA.I.OntheFutureofPhysics_TrendsChart_PlaysAndDownloads_First7Days (6).csv,11343,native
EXPOSURE_STATS/DEBATING AI DATA/DebatingA.I.OntheFutureofPhysics_TrendsChart_PlaysAndDownloads_First7Days (7).csv,EXPOSURE_STATS,csv,.csv,13060,75abda0396494af785d88d996fcad58b6cba9063ff23a1d9a988513459229999,native_text,EXPOSURE_STATS/DEBATING AI DATA/DebatingA.I.OntheFutureofPhysics_TrendsChart_PlaysAndDownloads_First7Days (7).csv,11343,native
EXPOSURE_STATS/DEBATING AI DATA/DebatingA.I.OntheFutureofPhysics_TrendsChart_PlaysAndDownloads_First7Days (8).csv,EXPOSURE_STATS,csv,.csv,13060,75abda0396494af785d88d996fcad58b6cba9063ff23a1d9a988513459229999,native_text,EXPOSURE_STATS/DEBATING AI DATA/DebatingA.I.OntheFutureofPhysics_TrendsChart_PlaysAndDownloads_First7Days (8).csv,11343,native
EXPOSURE_STATS/DEBATING AI DATA/DebatingA.I.OntheFutureofPhysics_TrendsChart_PlaysAndDownloads_First7Days (9).csv,EXPOSURE_STATS,csv,.csv,13060,42ab243dcce4ecf92215f81aa62f2102a1159b1572ce5a2c5a947b45780e887d,native_text,EXPOSURE_STATS/DEBATING AI DATA/DebatingA.I.OntheFutureofPhysics_TrendsChart_PlaysAndDownloads_First7Days (9).csv,11343,native
EXPOSURE_STATS/DEBATING AI DATA/DebatingA.I.OntheFutureofPhysics_TrendsChart_PlaysAndDownloads_First7Days.csv,EXPOSURE_STATS,csv,.csv,13060,77503f187b1530697d648402f8162a28d235052c5496d07171d00aa3798fcf65,native_text,EXPOSURE_STATS/DEBATING AI DATA/DebatingA.I.OntheFutureofPhysics_TrendsChart_PlaysAndDownloads_First7Days.csv,11343,native
EXPOSURE_STATS/DEBATING AI DATA/DebatingA.I.OntheFutureofPhysics_WeekOverWeekRetention_1-1-2026--6-16-2026 (1).csv,EXPOSURE_STATS,csv,.csv,396,37bc7d2921bad508feb7fdd04b7faa9e19d5a60257f49b534eceef1c2ccbf221,native_text,EXPOSURE_STATS/DEBATING AI DATA/DebatingA.I.OntheFutureofPhysics_WeekOverWeekRetention_1-1-2026--6-16-2026 (1).csv,344,native
EXPOSURE_STATS/DEBATING AI DATA/DebatingA.I.OntheFutureofPhysics_WeekOverWeekRetention_1-1-2026--6-16-2026.csv,EXPOSURE_STATS,csv,.csv,396,37bc7d2921bad508feb7fdd04b7faa9e19d5a60257f49b534eceef1c2ccbf221,native_text,EXPOSURE_STATS/DEBATING AI DATA/DebatingA.I.OntheFutureofPhysics_WeekOverWeekRetention_1-1-2026--6-16-2026.csv,344,native
EXPOSURE_STATS/DEBATING AI DATA/DebatingA.I.OntheFutureofPhysics_WeekOverWeekRetention_3-19-2026--6-16-2026.csv,EXPOSURE_STATS,csv,.csv,221,b0a888c52021d9bcad08d9c1cd83fce9c6664e47f02d56ae07e1fbc0b65bc762,native_text,EXPOSURE_STATS/DEBATING AI DATA/DebatingA.I.OntheFutureofPhysics_WeekOverWeekRetention_3-19-2026--6-16-2026.csv,191,native
EXPOSURE_STATS/EXP_ANALYSIS/2024 ASSESSMENTS.txt,EXPOSURE_STATS,text,.txt,109848,b02f8bd523f93065440dcf431594229158438d4c8d0da0c024843934a9342264,native_text,EXPOSURE_STATS/EXP_ANALYSIS/2024 ASSESSMENTS.txt,91101,native
EXPOSURE_STATS/EXP_ANALYSIS/2025 ASSESSMENTS.txt,EXPOSURE_STATS,text,.txt,22183,9381f280615079b81af3d5b264afdc90b302ae2f623a8f7fad238781bea31bc2,native_text,EXPOSURE_STATS/EXP_ANALYSIS/2025 ASSESSMENTS.txt,14426,native
EXPOSURE_STATS/EXP_ANALYSIS/CONCAT_COMB_SAT_PREDICTIONS.txt,EXPOSURE_STATS,text,.txt,1123479,880a53115718880bc76af49ec8dd05c0f4e09b164310a380c17f04aa27026286,native_text,EXPOSURE_STATS/EXP_ANALYSIS/CONCAT_COMB_SAT_PREDICTIONS.txt,876773,native
EXPOSURE_STATS/EXP_ANALYSIS/CONCAT_COMB_SAT_PREDICTIONS_2.txt,EXPOSURE_STATS,text,.txt,2729602,d809c42756943a66b9a3a157b70c8308529c2ee875c80304c4840d8bb0c2dbc3,native_text,EXPOSURE_STATS/EXP_ANALYSIS/CONCAT_COMB_SAT_PREDICTIONS_2.txt,2136479,native
EXPOSURE_STATS/EXP_ANALYSIS/CONCAT_COMB_SAT_PREDICTIONS_3.txt,EXPOSURE_STATS,text,.txt,1288675,93622fece0ad21e992213b9aaa0ffa2b08e85504f0b52f4971e7ef47c2b586f6,native_text,EXPOSURE_STATS/EXP_ANALYSIS/CONCAT_COMB_SAT_PREDICTIONS_3.txt,996588,native
EXPOSURE_STATS/EXP_ANALYSIS/CONCAT_COMB_SAT_PREDICTIONS_4.txt,EXPOSURE_STATS,text,.txt,1462822,1f2058b3347498ace924820c7a36a47112ef6988e65570e64edbf70ab37c7df4,native_text,EXPOSURE_STATS/EXP_ANALYSIS/CONCAT_COMB_SAT_PREDICTIONS_4.txt,1153550,native
EXPOSURE_STATS/EXP_ANALYSIS/CONCAT_COMB_SAT_PREDICTIONS_5.txt,EXPOSURE_STATS,text,.txt,2727110,b7f8dc1402c5e027bdba38467bddf56787124d6eeaa459c5f7423094a4307dca,native_text,EXPOSURE_STATS/EXP_ANALYSIS/CONCAT_COMB_SAT_PREDICTIONS_5.txt,2165736,native
EXPOSURE_STATS/EXP_ANALYSIS/CONCAT_DAI_Transcripts_TEXT.txt,EXPOSURE_STATS,text,.txt,3798933,35b46d6497c947b41f3f314065412c57d48b44c8de827eaa5174429a47c8e3c9,native_text,EXPOSURE_STATS/EXP_ANALYSIS/CONCAT_DAI_Transcripts_TEXT.txt,3141178,native
EXPOSURE_STATS/EXP_ANALYSIS/CONCAT_FULL_ARXIV_ANALYSIS.txt,EXPOSURE_STATS,text,.txt,201771,6122a18d3f00bb07c170fb3427876b34999c26aa434722a0800e0fe8e6722132,native_text,EXPOSURE_STATS/EXP_ANALYSIS/CONCAT_FULL_ARXIV_ANALYSIS.txt,173259,native
EXPOSURE_STATS/EXP_ANALYSIS/CONCAT_FULL_GIT_STATS.txt,EXPOSURE_STATS,text,.txt,6478,dfd63da400fe43d44d392cb0c7091e55e613c999a73232f2849b7d8628392607,native_text,EXPOSURE_STATS/EXP_ANALYSIS/CONCAT_FULL_GIT_STATS.txt,5596,native
EXPOSURE_STATS/EXP_ANALYSIS/CONCAT_FULL_TIMELINE_DATA.txt,EXPOSURE_STATS,text,.txt,335651,f5000356f336b8fa7b31569372ab1a52b3ff73a92259592364f2f6cba3d96db1,native_text,EXPOSURE_STATS/EXP_ANALYSIS/CONCAT_FULL_TIMELINE_DATA.txt,280643,native
EXPOSURE_STATS/EXP_ANALYSIS/CONCAT_SAT_TO_MAINSTREAM.txt,EXPOSURE_STATS,text,.txt,49932,c42465558ff1bfcfebb8ff91642c1a67615fc362e8ec07d70df09f64dd3de1a0,native_text,EXPOSURE_STATS/EXP_ANALYSIS/CONCAT_SAT_TO_MAINSTREAM.txt,42748,native
EXPOSURE_STATS/EXP_ANALYSIS/GLOSS_2026.txt,EXPOSURE_STATS,text,.txt,18209,14e70e5ccf952c740686871f0dba4b07e1840984bb7b5a4e71af0a189f4c9d26,native_text,EXPOSURE_STATS/EXP_ANALYSIS/GLOSS_2026.txt,15522,native
EXPOSURE_STATS/EXP_ANALYSIS/Impact.txt,EXPOSURE_STATS,text,.txt,8208,162622940bc624313559603fe9a2f9d026e85b6445e162988b3e5f1bd0a71833,native_text,EXPOSURE_STATS/EXP_ANALYSIS/Impact.txt,6777,native
EXPOSURE_STATS/EXP_ANALYSIS/Kirch.txt,EXPOSURE_STATS,text,.txt,45604,95c492d63eadefc28ad338bf277686436a9b4732a00172bd0ee75e8ffc0ac37b,native_text,EXPOSURE_STATS/EXP_ANALYSIS/Kirch.txt,37508,native
EXPOSURE_STATS/EXP_ANALYSIS/Misc 48.txt,EXPOSURE_STATS,text,.txt,4142,c4b46ab11c3c7357e7386452e3b70a90608159413f5523618be07b17cf3aa678,native_text,EXPOSURE_STATS/EXP_ANALYSIS/Misc 48.txt,3213,native
EXPOSURE_STATS/EXP_ANALYSIS/misc Central Recursion.pdf,EXPOSURE_STATS,pdf,.pdf,316867,a7b91bb002987de2b60c4dafb4c0ca92c9cc24904ec121382db3c8b8340c7ab0,extracted,derived/text/a7b91bb002987de2b60c4dafb4c0ca92c9cc24904ec121382db3c8b8340c7ab0.txt,75137,pypdf
EXPOSURE_STATS/EXP_ANALYSIS/Misc — A Chat.pdf,EXPOSURE_STATS,pdf,.pdf,192987,d29389955d043238cdf8986c515c129f6106d3d6436aef0599164514ea2f223f,extracted,derived/text/d29389955d043238cdf8986c515c129f6106d3d6436aef0599164514ea2f223f.txt,52408,pypdf
EXPOSURE_STATS/EXP_ANALYSIS/PARADIGM NOTICED.txt,EXPOSURE_STATS,text,.txt,1921531,52db6bc8321c15371b3a339f43f3f26e3673e78ba8339bab77dff5a07c425ae6,native_text,EXPOSURE_STATS/EXP_ANALYSIS/PARADIGM NOTICED.txt,1583782,native
EXPOSURE_STATS/EXP_ANALYSIS/SAT FINGERPRINT.txt,EXPOSURE_STATS,text,.txt,95675,6c11498de01fe1a87ffdd66707d6ee4f6ddd0645e455e1220ea6dc75e1c84f28,native_text,EXPOSURE_STATS/EXP_ANALYSIS/SAT FINGERPRINT.txt,79966,native
EXPOSURE_STATS/EXP_ANALYSIS/SAT_HsH_Chronological_Convergence_Atlas.docx,EXPOSURE_STATS,other,.docx,59209,4083703aff343816ae1c2388ca2d67715ebf7d373f10c862d093e6777d8c7f44,not_text,,,
EXPOSURE_STATS/MISC_PAPERS/10.4324_9781003404989-2_chapterpdf.pdf,EXPOSURE_STATS,pdf,.pdf,831413,99ade3257b8606a2f24686037af42d7e255ec003f7731904bb3eeb9cf6793de3,extracted,derived/text/99ade3257b8606a2f24686037af42d7e255ec003f7731904bb3eeb9cf6793de3.txt,45779,pypdf
EXPOSURE_STATS/MISC_PAPERS/2025 Scientific Triumph- Unifying the Laws of Physics through Mathematical Geniu.pdf,EXPOSURE_STATS,pdf,.pdf,1057840,09b0d667788af70f3127d67ca54a18a8c2d221518c612635440e2bc69ecb88d8,extracted,derived/text/09b0d667788af70f3127d67ca54a18a8c2d221518c612635440e2bc69ecb88d8.txt,3241,pypdf
EXPOSURE_STATS/MISC_PAPERS/2408.07818v3.pdf,EXPOSURE_STATS,pdf,.pdf,7682019,61cc39d44eabf2f119880a9f1bd0cbb9409382ac3f67beff4c952f69290a30ed,extracted,derived/text/61cc39d44eabf2f119880a9f1bd0cbb9409382ac3f67beff4c952f69290a30ed.txt,537298,pypdf
EXPOSURE_STATS/MISC_PAPERS/2503.01800v1.pdf,EXPOSURE_STATS,pdf,.pdf,1127581,43eb2ba85d1c5494cff2f65fef56cff176e59a2d2f68e11a34deb2f7cea0d74f,extracted,derived/text/43eb2ba85d1c5494cff2f65fef56cff176e59a2d2f68e11a34deb2f7cea0d74f.txt,145727,pypdf
EXPOSURE_STATS/MISC_PAPERS/2505.11881v5.pdf,EXPOSURE_STATS,pdf,.pdf,6703406,90d60cc2c2eef6123e0e599b0f8296ccfa0fb7ac174066651d2699df552ed0da,extracted,derived/text/90d60cc2c2eef6123e0e599b0f8296ccfa0fb7ac174066651d2699df552ed0da.txt,82464,pypdf
EXPOSURE_STATS/MISC_PAPERS/2601.07382v1.pdf,EXPOSURE_STATS,pdf,.pdf,773206,ec33819116ddb7618a96c61323f6cc334a5f71ba1d22e6c1fba60467a7cc0145,extracted,derived/text/ec33819116ddb7618a96c61323f6cc334a5f71ba1d22e6c1fba60467a7cc0145.txt,57755,pypdf
EXPOSURE_STATS/MISC_PAPERS/2603.09078v1.pdf,EXPOSURE_STATS,pdf,.pdf,849347,5a9b87ebda526d9562479e6ced017dd8b433551d9f7f938bf09aefcc5b592984,extracted,derived/text/5a9b87ebda526d9562479e6ced017dd8b433551d9f7f938bf09aefcc5b592984.txt,14793,pypdf
EXPOSURE_STATS/MISC_PAPERS/2605.15674v1.pdf,EXPOSURE_STATS,pdf,.pdf,2101682,795f91cacea63c26292fa81870c9d974f983e8c13b3aee6e39ebbfb18cadcc9f,extracted,derived/text/795f91cacea63c26292fa81870c9d974f983e8c13b3aee6e39ebbfb18cadcc9f.txt,36237,pypdf
EXPOSURE_STATS/MISC_PAPERS/2605.16977v1.pdf,EXPOSURE_STATS,pdf,.pdf,5333615,0b4ede18ec7d93330cceb2380c3dd75eca4993ede963e8ab2493c5007f5a6caa,extracted,derived/text/0b4ede18ec7d93330cceb2380c3dd75eca4993ede963e8ab2493c5007f5a6caa.txt,37545,pypdf
EXPOSURE_STATS/MISC_PAPERS/2605.22912v1.pdf,EXPOSURE_STATS,pdf,.pdf,1174134,49d8f82bcf193f907ff5a25d05ed0de69734bc52df8384337c230e4cbbb87f1a,extracted,derived/text/49d8f82bcf193f907ff5a25d05ed0de69734bc52df8384337c230e4cbbb87f1a.txt,73466,pypdf
EXPOSURE_STATS/MISC_PAPERS/2606.05346v1.pdf,EXPOSURE_STATS,pdf,.pdf,421207,1f03a84e7ea76bf56101ddc487258f3f60333831d41d84558e6c19418058ae8d,extracted,derived/text/1f03a84e7ea76bf56101ddc487258f3f60333831d41d84558e6c19418058ae8d.txt,42923,pypdf
EXPOSURE_STATS/MISC_PAPERS/41586_2026_10652_MOESM4_ESM.pdf,EXPOSURE_STATS,pdf,.pdf,481607,35d8b4d3269f9c6ae75cd6246986a34f70831da32c03687794a964c858ff2f6b,extracted,derived/text/35d8b4d3269f9c6ae75cd6246986a34f70831da32c03687794a964c858ff2f6b.txt,95155,pypdf
EXPOSURE_STATS/MISC_PAPERS/978-981-96-9136-4_14.pdf,EXPOSURE_STATS,pdf,.pdf,320546,e87544b00113d82be81602dc330c6f38b4e9a5e70e76d67370c54836f80a89f5,extracted,derived/text/e87544b00113d82be81602dc330c6f38b4e9a5e70e76d67370c54836f80a89f5.txt,51282,pypdf
EXPOSURE_STATS/MISC_PAPERS/[2605.19117] Quantum Magic Reveals CP Phases Invisible to Entanglement in Spin-0.pdf,EXPOSURE_STATS,pdf,.pdf,160924,67946acbb9840db0931d223729d762b170e5410eacb4d09b233189dbc9256f7b,extracted,derived/text/67946acbb9840db0931d223729d762b170e5410eacb4d09b233189dbc9256f7b.txt,2948,pypdf
EXPOSURE_STATS/MISC_PAPERS/A Unified SU(4) Qudit Gauge Lattice Framework for Emergent Geometry and Interaction Bryan E. W. Van Zandt KILOWADS Studios LLC Averill Park NY USA Dated May 21 2026.pdf,EXPOSURE_STATS,pdf,.pdf,350075,12b12c9327fa345fa56419fe065b48b57dc93e1157176148d419d62ed0c5b86b,extracted,derived/text/12b12c9327fa345fa56419fe065b48b57dc93e1157176148d419d62ed0c5b86b.txt,53579,pypdf
EXPOSURE_STATS/MISC_PAPERS/a-l3-2l-l-css-code-from-the-fcc.pdf,EXPOSURE_STATS,pdf,.pdf,365991,b97555dbbb0ac2e3324d8c1d9ddc00fb3b79fbdd855ce9d36b68f958a3147ba3,extracted,derived/text/b97555dbbb0ac2e3324d8c1d9ddc00fb3b79fbdd855ce9d36b68f958a3147ba3.txt,16298,pypdf
EXPOSURE_STATS/MISC_PAPERS/Best Time to Post on r-redditpolicedept — Subreddit Analysis  Postpone.pdf,EXPOSURE_STATS,pdf,.pdf,767175,8eeddfad1034d75be4e05c6cd95991d925978befcedb56f4da1685d39c5ba8a3,extracted,derived/text/8eeddfad1034d75be4e05c6cd95991d925978befcedb56f4da1685d39c5ba8a3.txt,5930,pypdf
EXPOSURE_STATS/MISC_PAPERS/Class Likelihood Ratios to measure classification performance — scikit-learn 1.9.0 documentation.pdf,EXPOSURE_STATS,pdf,.pdf,503446,65d54f15633a10cdafc3b81b9d5000cb883510c877b74e309b4d4f8b6bcd83c8,extracted,derived/text/65d54f15633a10cdafc3b81b9d5000cb883510c877b74e309b4d4f8b6bcd83c8.txt,17069,pypdf
EXPOSURE_STATS/MISC_PAPERS/dark-matter-as-a-trapped.pdf,EXPOSURE_STATS,pdf,.pdf,657722,e1fc1adec5a285d6f42cf0058ed5cfafd0313b0391683a7172dd73973dc093e7,extracted,derived/text/e1fc1adec5a285d6f42cf0058ed5cfafd0313b0391683a7172dd73973dc093e7.txt,56561,pypdf
EXPOSURE_STATS/MISC_PAPERS/EdervaldoMelo.pdf,EXPOSURE_STATS,pdf,.pdf,68608,8dd37101c883943729cd309c178f9569dcbd8b8961f327404684269964d79216,extracted,derived/text/8dd37101c883943729cd309c178f9569dcbd8b8961f327404684269964d79216.txt,22676,pypdf
EXPOSURE_STATS/MISC_PAPERS/emergent-quantum-gravity.pdf,EXPOSURE_STATS,pdf,.pdf,451207,7706afc7e8c4fc946cdfe55a38ae45f26bf91c0ee1e130da5c5ac543da611360,extracted,derived/text/7706afc7e8c4fc946cdfe55a38ae45f26bf91c0ee1e130da5c5ac543da611360.txt,40512,pypdf
EXPOSURE_STATS/MISC_PAPERS/flag-assisted-error-correction-on-fcc-lattice.pdf,EXPOSURE_STATS,pdf,.pdf,441898,2a984c089040b7ad164c8ec7985a5a5008dd645febb23d14f679cfc5412a82c0,extracted,derived/text/2a984c089040b7ad164c8ec7985a5a5008dd645febb23d14f679cfc5412a82c0.txt,23444,pypdf
EXPOSURE_STATS/MISC_PAPERS/fphy-13-1731777.pdf,EXPOSURE_STATS,pdf,.pdf,315777,30d8ca6f994fb700eee7f119d35b616dacfe1eca1d4f57abeefc0b4ab8e99866,extracted,derived/text/30d8ca6f994fb700eee7f119d35b616dacfe1eca1d4f57abeefc0b4ab8e99866.txt,39816,pypdf
EXPOSURE_STATS/MISC_PAPERS/geometric-evaporation-primordial-black-hole-constraint.pdf,EXPOSURE_STATS,pdf,.pdf,417394,e4721070b5d22eae6bb68579577d51385cebf243f4c228a81d546e711ae31dc7,extracted,derived/text/e4721070b5d22eae6bb68579577d51385cebf243f4c228a81d546e711ae31dc7.txt,34406,pypdf
EXPOSURE_STATS/MISC_PAPERS/Grand Unification Theories And Supersymmetry  Physics  Research Starters  EBS.pdf,EXPOSURE_STATS,pdf,.pdf,212049,158d07522cd6dfa1cd648bf3b9e55b551ae6977c97ad46966e5b54dda59eaeec,extracted,derived/text/158d07522cd6dfa1cd648bf3b9e55b551ae6977c97ad46966e5b54dda59eaeec.txt,22259,pypdf
EXPOSURE_STATS/MISC_PAPERS/JHEP03(2025)004.pdf,EXPOSURE_STATS,pdf,.pdf,2572681,1d43bf6897f9e1d7cd28ca1fde136d6755252c63ad9672750e8f28ad325571b3,extracted,derived/text/1d43bf6897f9e1d7cd28ca1fde136d6755252c63ad9672750e8f28ad325571b3.txt,111451,pypdf
EXPOSURE_STATS/MISC_PAPERS/JHEP03(2025)095.pdf,EXPOSURE_STATS,pdf,.pdf,734906,57018badd0563facabd3873b10961db4aa14fb918e5060e3fb6f919e83ee26da,extracted,derived/text/57018badd0563facabd3873b10961db4aa14fb918e5060e3fb6f919e83ee26da.txt,56970,pypdf
EXPOSURE_STATS/MISC_PAPERS/Kulkarni_FCC_Quantum_Code 2.pdf,EXPOSURE_STATS,pdf,.pdf,647522,eb36dbcf07c92e092cee28044b74d6d0f613e7ac6c2c60305ea4b68592f9960e,extracted,derived/text/eb36dbcf07c92e092cee28044b74d6d0f613e7ac6c2c60305ea4b68592f9960e.txt,24080,pypdf
EXPOSURE_STATS/MISC_PAPERS/Kulkarni_FCC_Quantum_Code 3.pdf,EXPOSURE_STATS,pdf,.pdf,647522,eb36dbcf07c92e092cee28044b74d6d0f613e7ac6c2c60305ea4b68592f9960e,extracted,derived/text/eb36dbcf07c92e092cee28044b74d6d0f613e7ac6c2c60305ea4b68592f9960e.txt,24080,pypdf
EXPOSURE_STATS/MISC_PAPERS/Kulkarni_FCC_Quantum_Code.pdf,EXPOSURE_STATS,pdf,.pdf,647522,eb36dbcf07c92e092cee28044b74d6d0f613e7ac6c2c60305ea4b68592f9960e,extracted,derived/text/eb36dbcf07c92e092cee28044b74d6d0f613e7ac6c2c60305ea4b68592f9960e.txt,24080,pypdf
EXPOSURE_STATS/MISC_PAPERS/Kulkarni_Mass_Energy_Equivalence.pdf,EXPOSURE_STATS,pdf,.pdf,885500,46001da3d0f5488e4eb85f14da81c8fecce13555d781efead5a422a05f2f4a8b,extracted,derived/text/46001da3d0f5488e4eb85f14da81c8fecce13555d781efead5a422a05f2f4a8b.txt,23666,pypdf
EXPOSURE_STATS/MISC_PAPERS/Kulkarni_Matter_as_Incomplete_Crystallization.pdf,EXPOSURE_STATS,pdf,.pdf,1770107,34bebb774b66abff707c67240e4ac60c87583d03ebafdb168a307b858a03dc81,extracted,derived/text/34bebb774b66abff707c67240e4ac60c87583d03ebafdb168a307b858a03dc81.txt,59937,pypdf
EXPOSURE_STATS/MISC_PAPERS/Lehew-2026-Pascal-Anti-Diagonal Alpha-Letter.pdf,EXPOSURE_STATS,pdf,.pdf,947911,09132162cc00c4f12afc21908f59d819fa86e0b7cd5de8ff8e8cd0f2bbb397f9,extracted,derived/text/09132162cc00c4f12afc21908f59d819fa86e0b7cd5de8ff8e8cd0f2bbb397f9.txt,20352,pypdf
EXPOSURE_STATS/MISC_PAPERS/light (5) 2.pdf,EXPOSURE_STATS,pdf,.pdf,209687,cb8afdccaf6239938dc8a41946052a3e41df8859cd86cc94b75392ea44ffd4be,extracted,derived/text/cb8afdccaf6239938dc8a41946052a3e41df8859cd86cc94b75392ea44ffd4be.txt,9652,pypdf
EXPOSURE_STATS/MISC_PAPERS/light (5).pdf,EXPOSURE_STATS,pdf,.pdf,209687,cb8afdccaf6239938dc8a41946052a3e41df8859cd86cc94b75392ea44ffd4be,extracted,derived/text/cb8afdccaf6239938dc8a41946052a3e41df8859cd86cc94b75392ea44ffd4be.txt,9652,pypdf
EXPOSURE_STATS/MISC_PAPERS/LIGHT_IS_GEM_v12.pdf,EXPOSURE_STATS,pdf,.pdf,429601,65ee90d973de38475413780878b1d0f7f943c01afde0b5feda13c894d9fd210c,extracted,derived/text/65ee90d973de38475413780878b1d0f7f943c01afde0b5feda13c894d9fd210c.txt,29071,pypdf
EXPOSURE_STATS/MISC_PAPERS/limit (1).pdf,EXPOSURE_STATS,pdf,.pdf,219493,0e9349852e83c78ec6030f6d97ceb95404e0308d28e514032015ad17e0638ea2,extracted,derived/text/0e9349852e83c78ec6030f6d97ceb95404e0308d28e514032015ad17e0638ea2.txt,12131,pypdf
"EXPOSURE_STATS/MISC_PAPERS/Matter as incomplete crystallization- Quark charges, color confinement, and the .pdf",EXPOSURE_STATS,pdf,.pdf,5255092,261f384ef4ac4165d4ce1bf5ff04c7c617f0c3f415795991ec9073151f05b988,extracted,derived/text/261f384ef4ac4165d4ce1bf5ff04c7c617f0c3f415795991ec9073151f05b988.txt,61468,pypdf
EXPOSURE_STATS/MISC_PAPERS/Moving toward belonging in a physics department What changes are possible with and without a paradigm shift  Phys. Rev. Phys. Educ. Res..pdf,EXPOSURE_STATS,pdf,.pdf,487497,ab71835d443e55c8663463c401d603bef765046f5a7dd3fa3315607c22c62d3b,extracted,derived/text/ab71835d443e55c8663463c401d603bef765046f5a7dd3fa3315607c22c62d3b.txt,89920,pypdf
EXPOSURE_STATS/MISC_PAPERS/Notes_Boltzmann.pdf,EXPOSURE_STATS,pdf,.pdf,3853151,c7145c5b45df7a3da496b742777ecb2a35e597fb91d1513273eada0aab1d1cb2,extracted,derived/text/c7145c5b45df7a3da496b742777ecb2a35e597fb91d1513273eada0aab1d1cb2.txt,71907,pypdf
"EXPOSURE_STATS/MISC_PAPERS/OTHER - (99+) Heraclitean Extended Relational Field Dynamics Filament Ontology, Emergent Curvature, Bridge Maps to Effective Ge.pdf",EXPOSURE_STATS,pdf,.pdf,596617,66dd58df8520fc0419a65e98219ba388571e92162fcaf37b3b30581f7fc11550,extracted,derived/text/66dd58df8520fc0419a65e98219ba388571e92162fcaf37b3b30581f7fc11550.txt,184569,pypdf
EXPOSURE_STATS/MISC_PAPERS/physical-spacetime.pdf,EXPOSURE_STATS,pdf,.pdf,590747,62044c693c64837a526fd880cc172ec240a2f718b3358ef2defd3ffb6bfacd39,extracted,derived/text/62044c693c64837a526fd880cc172ec240a2f718b3358ef2defd3ffb6bfacd39.txt,60206,pypdf
EXPOSURE_STATS/MISC_PAPERS/Relaxation-Driven Cyclic Cosmology (RDCC) v21.0 - solves the near-adiabaticity p.pdf,EXPOSURE_STATS,pdf,.pdf,464986,2476ab0d85bbea62b1db95b220216431cf8b8dd5ffa90dd4c39a2c3ede621039,extracted,derived/text/2476ab0d85bbea62b1db95b220216431cf8b8dd5ffa90dd4c39a2c3ede621039.txt,11337,pypdf
EXPOSURE_STATS/MISC_PAPERS/s41586-026-10652-y_reference.pdf,EXPOSURE_STATS,pdf,.pdf,22985980,7f2298da1c2175434d3c13b6c0041976a623e438ff267522589b5cc6ae65b781,extracted,derived/text/7f2298da1c2175434d3c13b6c0041976a623e438ff267522589b5cc6ae65b781.txt,85631,pypdf
EXPOSURE_STATS/MISC_PAPERS/ssrn-6469929.pdf,EXPOSURE_STATS,pdf,.pdf,1469295,6709a309b4779144400af595a2e26310d1623f097ece947ae8b5ec7ec72e0a0e,extracted,derived/text/6709a309b4779144400af595a2e26310d1623f097ece947ae8b5ec7ec72e0a0e.txt,32064,pypdf
EXPOSURE_STATS/MISC_PAPERS/ssrn-6469931.pdf,EXPOSURE_STATS,pdf,.pdf,1354869,7afd3a74c1822780261750b25bee54b62ab5a804cf9cdbc3a410336e2d0ab1b6,extracted,derived/text/7afd3a74c1822780261750b25bee54b62ab5a804cf9cdbc3a410336e2d0ab1b6.txt,22638,pypdf
EXPOSURE_STATS/MISC_PAPERS/ssrn-6708182.pdf,EXPOSURE_STATS,pdf,.pdf,963004,2ae25fcf9fb01b68bb4287e3bf7bdd34dbeba76c8eb97fd176b0f39abb62c5e3,extracted,derived/text/2ae25fcf9fb01b68bb4287e3bf7bdd34dbeba76c8eb97fd176b0f39abb62c5e3.txt,29414,pypdf
EXPOSURE_STATS/MISC_PAPERS/story.txt,EXPOSURE_STATS,text,.txt,239156,a367ae8d5303b44d7f2846e580a60f73b03c41b7f4e13a148ebae6c89189ec8a,native_text,EXPOSURE_STATS/MISC_PAPERS/story.txt,227704,native
EXPOSURE_STATS/MISC_PAPERS/Ten windows on the future of particle physics – CERN Courier.pdf,EXPOSURE_STATS,pdf,.pdf,1532190,984a23f3cf547585a154e9e80303f1e4c49143a9883651148e806c2fbe1f0410,extracted,derived/text/984a23f3cf547585a154e9e80303f1e4c49143a9883651148e806c2fbe1f0410.txt,17188,pypdf
EXPOSURE_STATS/MISC_PAPERS/Test Functions — OptimLib documentation.pdf,EXPOSURE_STATS,pdf,.pdf,2500449,28828c59b94419e0e617450a52960831ebe12e7085b09deaa77ce0ff57ca4cfc,extracted,derived/text/28828c59b94419e0e617450a52960831ebe12e7085b09deaa77ce0ff57ca4cfc.txt,8003,pypdf
EXPOSURE_STATS/MISC_PAPERS/The Neutrinoverse Hypothesis- Naming the Immutable Holographic Medium for Genuin.pdf,EXPOSURE_STATS,pdf,.pdf,379016,d2bba14f39bfeba2356c867ee76c79287470c7073a56919166ccd80b316eba85,extracted,derived/text/d2bba14f39bfeba2356c867ee76c79287470c7073a56919166ccd80b316eba85.txt,6233,pypdf
EXPOSURE_STATS/MISC_PAPERS/THE UNIFIED COMPRESSION-BASED FIELD THEORY- THE FINAL EDITION  by Corybrent  M.pdf,EXPOSURE_STATS,pdf,.pdf,139062,725ac5c79e7efdec28ea919d34ecf4187601ef80c70c3f58091e3b426e354c8e,extracted,derived/text/725ac5c79e7efdec28ea919d34ecf4187601ef80c70c3f58091e3b426e354c8e.txt,20729,pypdf
EXPOSURE_STATS/MISC_PAPERS/The Universe Has a Resolution Limit- New Theory Derives the Exact Mass Where Qua.pdf,EXPOSURE_STATS,pdf,.pdf,106217,b4376ac413810e3a226b844b8309fdd49988920e93503cd68e9e26d6df5e9efe,extracted,derived/text/b4376ac413810e3a226b844b8309fdd49988920e93503cd68e9e26d6df5e9efe.txt,4845,pypdf
EXPOSURE_STATS/MISC_PAPERS/Toy_model_algorithm.pdf,EXPOSURE_STATS,pdf,.pdf,4253446,9dad94e46343667d4dda3ed056b8a9cf51fc79a996613cbadca2fc609c342183,extracted,derived/text/9dad94e46343667d4dda3ed056b8a9cf51fc79a996613cbadca2fc609c342183.txt,56627,pypdf
EXPOSURE_STATS/MISC_PAPERS/trapped-tetrahedral-defect.pdf,EXPOSURE_STATS,pdf,.pdf,360133,07c4c18ad54cb92b5bb0b1e9771f2efe28b6e41dcf63446915820f3621d12f90,extracted,derived/text/07c4c18ad54cb92b5bb0b1e9771f2efe28b6e41dcf63446915820f3621d12f90.txt,18291,pypdf
EXPOSURE_STATS/MISC_PAPERS/Unifall.txt,EXPOSURE_STATS,text,.txt,3680,a5bb20c0d795d4d439080307cbea42d33db1c02bba0d12d282c59e9e8ed33d67,native_text,EXPOSURE_STATS/MISC_PAPERS/Unifall.txt,3194,native
EXPOSURE_STATS/MISC_PAPERS/uniphics_explained_simply.pdf,EXPOSURE_STATS,pdf,.pdf,81957,57cff2de5c353b0cb468ab3bac7b000dcc4df1bdd5f87f23e700d5dd3eac71c2,extracted,derived/text/57cff2de5c353b0cb468ab3bac7b000dcc4df1bdd5f87f23e700d5dd3eac71c2.txt,12235,pypdf
EXPOSURE_STATS/MISC_PAPERS/w1sd-v69d.pdf,EXPOSURE_STATS,pdf,.pdf,764891,f9139507c03a4a58d03a5f43d82a02d8db1bd64b21fb4eaebd648121be8422cd,extracted,derived/text/f9139507c03a4a58d03a5f43d82a02d8db1bd64b21fb4eaebd648121be8422cd.txt,60179,pypdf
EXPOSURE_STATS/MISC_PAPERS/What to Expect from Physics in 2026 - by Samreet Dhillon.pdf,EXPOSURE_STATS,pdf,.pdf,11464382,4e6a4d3b5d7e61ec8d4bb074a047a7425918d4bd2b719bbe5c76b0c67739a535,extracted,derived/text/4e6a4d3b5d7e61ec8d4bb074a047a7425918d4bd2b719bbe5c76b0c67739a535.txt,16863,pypdf
EXPOSURE_STATS/MISC_PAPERS/What_AI_Agents_Actually_Want_Measuring_R.pdf,EXPOSURE_STATS,pdf,.pdf,1042223,84db35714f8f0c365c3d90b22327aa2c160900603132227eb3f8f430ec3c6fab,extracted,derived/text/84db35714f8f0c365c3d90b22327aa2c160900603132227eb3f8f430ec3c6fab.txt,250717,pypdf
EXPOSURE_STATS/PODCAST_EPs/COMP_FieldNotes_FULL_test.txt,EXPOSURE_STATS,text,.txt,787061,f6a9795fb5b0d36817d49f064790cc0437751027068403654ce285ce88e155d4,native_text,EXPOSURE_STATS/PODCAST_EPs/COMP_FieldNotes_FULL_test.txt,649955,native
EXPOSURE_STATS/PODCAST_EPs/DAI_Transcripts_TEXT.txt,EXPOSURE_STATS,text,.txt,3798933,35b46d6497c947b41f3f314065412c57d48b44c8de827eaa5174429a47c8e3c9,native_text,EXPOSURE_STATS/PODCAST_EPs/DAI_Transcripts_TEXT.txt,3141178,native
EXPOSURE_STATS/PODCAST_EPs/DebatingA.I.OnScience_EpisodeRankings_all-time.csv,EXPOSURE_STATS,csv,.csv,24858,f24fdd5bf5241f01900f0dbc64ec3970bf6bf495a8ea63870f301032473d608c,native_text,EXPOSURE_STATS/PODCAST_EPs/DebatingA.I.OnScience_EpisodeRankings_all-time.csv,23141,native
EXPOSURE_STATS/PODCAST_EPs/FIRST PUBLIC MENTION SAT DAI -- WHAT IS THOUGHT MADE OF.txt,EXPOSURE_STATS,text,.txt,19641,572b5512dc36ed9a4a0a0585a951a834d036bde396f28f46c095c6b18fcecd95,native_text,EXPOSURE_STATS/PODCAST_EPs/FIRST PUBLIC MENTION SAT DAI -- WHAT IS THOUGHT MADE OF.txt,16078,native
EXPOSURE_STATS/PODCAST_EPs/FULL_Scalar-Angular Theory_ Field Notes - A Lab Testable TOE.txt,EXPOSURE_STATS,text,.txt,94812,912d573d3672fd4d0c70249c99926229b8d53c3a33b8ca1f254d8613bc162fe8,native_text,EXPOSURE_STATS/PODCAST_EPs/FULL_Scalar-Angular Theory_ Field Notes - A Lab Testable TOE.txt,78469,native
EXPOSURE_STATS/PODCAST_EPs/FULL_Scalar-Angular Theory_ Field Notes - Full Unification GR-QM-ST.txt,EXPOSURE_STATS,text,.txt,98123,591b9c79e95cbfd651ceac90203e010eb9c1dc54464698906bdfebe0221c9b08,native_text,EXPOSURE_STATS/PODCAST_EPs/FULL_Scalar-Angular Theory_ Field Notes - Full Unification GR-QM-ST.txt,81535,native
EXPOSURE_STATS/PODCAST_EPs/FULL_Scalar-Angular Theory_ Field Notes - Lithium-7_ The First Dark Matter Horizon_.txt,EXPOSURE_STATS,text,.txt,56112,99f3a8fdd368de187766387ebb32abe17fe3a88903021d8005b1076fa415b51b,native_text,EXPOSURE_STATS/PODCAST_EPs/FULL_Scalar-Angular Theory_ Field Notes - Lithium-7_ The First Dark Matter Horizon_.txt,46348,native
EXPOSURE_STATS/PODCAST_EPs/FULL_Scalar-Angular Theory_ Field Notes - Method for QM-GR Unification.txt,EXPOSURE_STATS,text,.txt,114441,4d19151439fb0493b884732938fa378832852c9cf63a766ac490da446cfaf029,native_text,EXPOSURE_STATS/PODCAST_EPs/FULL_Scalar-Angular Theory_ Field Notes - Method for QM-GR Unification.txt,94815,native
"EXPOSURE_STATS/PODCAST_EPs/FULL_Scalar-Angular Theory_ Field Notes - Neutrino-Photon Identity, Quantum Tunneling, and Chondrules(..!).txt",EXPOSURE_STATS,text,.txt,55807,e8efd35332cb589c1c87f44323fec8ee1d583c00e406e33c7fc6a56804b74fe4,native_text,"EXPOSURE_STATS/PODCAST_EPs/FULL_Scalar-Angular Theory_ Field Notes - Neutrino-Photon Identity, Quantum Tunneling, and Chondrules(..!).txt",46135,native
EXPOSURE_STATS/PODCAST_EPs/FULL_Scalar-Angular Theory_ Field Notes - Post-Closure Experimental Predictions.txt,EXPOSURE_STATS,text,.txt,63990,f9d47a165daf3ab6ca76538ed8cb3dcc5296ab29170a39d849c464d1f5e5f134,native_text,EXPOSURE_STATS/PODCAST_EPs/FULL_Scalar-Angular Theory_ Field Notes - Post-Closure Experimental Predictions.txt,53051,native
EXPOSURE_STATS/PODCAST_EPs/FULL_Scalar-Angular Theory_ Field Notes - Prior Model Prediction Drop 3.1.26.txt,EXPOSURE_STATS,text,.txt,47982,d744c1647f3a51bdcddb2dcd05d33db8ec208225212e63ba3dfe4e848f8c7d3e,native_text,EXPOSURE_STATS/PODCAST_EPs/FULL_Scalar-Angular Theory_ Field Notes - Prior Model Prediction Drop 3.1.26.txt,39408,native
EXPOSURE_STATS/PODCAST_EPs/FULL_Scalar-Angular Theory_ Field Notes - SAT’s Derivations.txt,EXPOSURE_STATS,text,.txt,53967,7b68734ffbb8826ead8c8eae3ec5cea3abc2ae51294669997f818711d075a566,native_text,EXPOSURE_STATS/PODCAST_EPs/FULL_Scalar-Angular Theory_ Field Notes - SAT’s Derivations.txt,44111,native
EXPOSURE_STATS/PODCAST_EPs/FULL_Scalar-Angular Theory_ Field Notes - The 0.239 rad Constant.txt,EXPOSURE_STATS,text,.txt,61756,c01fec7da89308f379b6b7085f6d530b78ad7aeac924af8c0c6040c59411ea98,native_text,EXPOSURE_STATS/PODCAST_EPs/FULL_Scalar-Angular Theory_ Field Notes - The 0.239 rad Constant.txt,50628,native
EXPOSURE_STATS/PODCAST_EPs/FULL_Scalar-Angular Theory_ Field Notes - The 17mK He3 λ Anomaly.txt,EXPOSURE_STATS,text,.txt,89560,6140a3cadb4bff5c9254445dfc8a927478e88c89dd7086ebedc63f61e0fc9cfd,native_text,EXPOSURE_STATS/PODCAST_EPs/FULL_Scalar-Angular Theory_ Field Notes - The 17mK He3 λ Anomaly.txt,73927,native
EXPOSURE_STATS/PODCAST_EPs/FULL_Scalar-Angular Theory_ Field Notes - Timelike Twist in the Accelerator .txt,EXPOSURE_STATS,text,.txt,50540,1a86e0ea02d5e213356aea32a140bcd5b5d214f78160a947db64f3fe6b88c0ae,native_text,EXPOSURE_STATS/PODCAST_EPs/FULL_Scalar-Angular Theory_ Field Notes - Timelike Twist in the Accelerator .txt,41557,native
EXPOSURE_STATS/PODCAST_EPs/Scalar-Angular Theory_ Field Notes - Proof GR & QM Are Compatible.txt,EXPOSURE_STATS,text,.txt,63874,2f7ae7519ac70ab4d93ced827bad5af6a48980920b691e3d16c9d049ced33fb5,native_text,EXPOSURE_STATS/PODCAST_EPs/Scalar-Angular Theory_ Field Notes - Proof GR & QM Are Compatible.txt,52980,native
EXPOSURE_STATS/SAT — PODCAST STATS/34gtretCapture.JPG,EXPOSURE_STATS,image,.jpg,162002,f3665f5230b96bdbbbd25cb3997ed25cfb32fe3dffc89d8d36a5507c7f01d32e,extracted,derived/image_text/f3665f5230b96bdbbbd25cb3997ed25cfb32fe3dffc89d8d36a5507c7f01d32e.txt,988,tesseract
EXPOSURE_STATS/SAT — PODCAST STATS/34qffsdf.JPG,EXPOSURE_STATS,image,.jpg,162330,4fe37a75a512868a0857988fbc59b0fef9ae2268c61118802ff08644f6e17632,extracted,derived/image_text/4fe37a75a512868a0857988fbc59b0fef9ae2268c61118802ff08644f6e17632.txt,960,tesseract
EXPOSURE_STATS/SAT — PODCAST STATS/34tferfCapture.JPG,EXPOSURE_STATS,image,.jpg,163267,dd69d91d89d1e43cf48e2617ee1bba7a9bbfc611f936db397003169f824df7da,extracted,derived/image_text/dd69d91d89d1e43cf48e2617ee1bba7a9bbfc611f936db397003169f824df7da.txt,1000,tesseract
EXPOSURE_STATS/SAT — PODCAST STATS/34trefadCapture.JPG,EXPOSURE_STATS,image,.jpg,163605,bae99c918c40e6cbf602028982cba807e648c5f0e7570a5c88c21f1eb9c9bba1,extracted,derived/image_text/bae99c918c40e6cbf602028982cba807e648c5f0e7570a5c88c21f1eb9c9bba1.txt,1062,tesseract
EXPOSURE_STATS/SAT — PODCAST STATS/34yt45tCapture.JPG,EXPOSURE_STATS,image,.jpg,163695,0de982ea5f4b4e8a6718aee3ac467138772f6fc24fa7aeaf4b549933d0c13dc8,extracted,derived/image_text/0de982ea5f4b4e8a6718aee3ac467138772f6fc24fa7aeaf4b549933d0c13dc8.txt,1238,tesseract
EXPOSURE_STATS/SAT — PODCAST STATS/43t3fewfCapture.JPG,EXPOSURE_STATS,image,.jpg,156989,eafb8489293bb2c67914cfb6d541fa4466e7e6e470b7fdd8ef4a879bbd068906,extracted,derived/image_text/eafb8489293bb2c67914cfb6d541fa4466e7e6e470b7fdd8ef4a879bbd068906.txt,957,tesseract
EXPOSURE_STATS/SAT — PODCAST STATS/43tgerCapture.JPG,EXPOSURE_STATS,image,.jpg,164212,798e561768d7a99f77ed77456711cea6ac8ccc0672af32ec34f58c2f5746ea26,extracted,derived/image_text/798e561768d7a99f77ed77456711cea6ac8ccc0672af32ec34f58c2f5746ea26.txt,1052,tesseract
EXPOSURE_STATS/SAT — PODCAST STATS/4yt43tCapture.JPG,EXPOSURE_STATS,image,.jpg,159519,4f9d915d08f5e606000980dd1cbe54dad99ad02ad3e95e3509d286a521fc8be6,extracted,derived/image_text/4f9d915d08f5e606000980dd1cbe54dad99ad02ad3e95e3509d286a521fc8be6.txt,1145,tesseract
EXPOSURE_STATS/SAT — PODCAST STATS/5trgsCapture.JPG,EXPOSURE_STATS,image,.jpg,164313,30972c379da562ada3cd5f4f19e4155621f5722f36fc619920c61c2eeda3352d,extracted,derived/image_text/30972c379da562ada3cd5f4f19e4155621f5722f36fc619920c61c2eeda3352d.txt,1229,tesseract
EXPOSURE_STATS/SAT — PODCAST STATS/8DebatingA.I.OntheFutureofPhysics_GeoLocationAllPlatforms_all-time.csv,EXPOSURE_STATS,csv,.csv,432,66736f8e59aa4d763dbefcc93797bbf02b053204acaf5f2399496f77b9fb73e4,native_text,EXPOSURE_STATS/SAT — PODCAST STATS/8DebatingA.I.OntheFutureofPhysics_GeoLocationAllPlatforms_all-time.csv,399,native
EXPOSURE_STATS/SAT — PODCAST STATS/aeergaerCapture.JPG,EXPOSURE_STATS,image,.jpg,165196,c71833891223f11ca355244ee985e143e8c337368ba4600a4858572f7782fd2a,extracted,derived/image_text/c71833891223f11ca355244ee985e143e8c337368ba4600a4858572f7782fd2a.txt,1128,tesseract
EXPOSURE_STATS/SAT — PODCAST STATS/af4a34trfCapture.JPG,EXPOSURE_STATS,image,.jpg,160156,57bc24704e580c2d73fa742ba674bafcc87617b3d9e37e7df7ea96ddbc136e9f,extracted,derived/image_text/57bc24704e580c2d73fa742ba674bafcc87617b3d9e37e7df7ea96ddbc136e9f.txt,1127,tesseract
EXPOSURE_STATS/SAT — PODCAST STATS/asdasdsCapture.JPG,EXPOSURE_STATS,image,.jpg,160857,b4736e045144df49f530828ef326081088166416830512a63b5dc865858d3a32,extracted,derived/image_text/b4736e045144df49f530828ef326081088166416830512a63b5dc865858d3a32.txt,982,tesseract
EXPOSURE_STATS/SAT — PODCAST STATS/asdasvCapture.JPG,EXPOSURE_STATS,image,.jpg,162121,46ad95f82914c5771575bf1daffa96be5fc4eca8b85d721b5742bb49abbbe721,extracted,derived/image_text/46ad95f82914c5771575bf1daffa96be5fc4eca8b85d721b5742bb49abbbe721.txt,1037,tesseract
EXPOSURE_STATS/SAT — PODCAST STATS/asfasdfasfweCapture.JPG,EXPOSURE_STATS,image,.jpg,165369,9a3d708996816f940bed5ac21647e1d5337508a1d313744a897097f78974bed6,extracted,derived/image_text/9a3d708996816f940bed5ac21647e1d5337508a1d313744a897097f78974bed6.txt,979,tesseract
EXPOSURE_STATS/SAT — PODCAST STATS/asv3e4erfCapture.JPG,EXPOSURE_STATS,image,.jpg,162477,96c31fb7f97317bb147241a3febc243fcad0fb768ffb4a30e1d4b3a31fbc94bc,extracted,derived/image_text/96c31fb7f97317bb147241a3febc243fcad0fb768ffb4a30e1d4b3a31fbc94bc.txt,1132,tesseract
EXPOSURE_STATS/SAT — PODCAST STATS/asvasdasdCapture.JPG,EXPOSURE_STATS,image,.jpg,160674,56ca22ad60b4ac59c5b87538f091bba86f9ed786286effca50979b3f6002907b,extracted,derived/image_text/56ca22ad60b4ac59c5b87538f091bba86f9ed786286effca50979b3f6002907b.txt,1029,tesseract
EXPOSURE_STATS/SAT — PODCAST STATS/atefraaefdCapture.JPG,EXPOSURE_STATS,image,.jpg,159743,45d3a42f2c4d93f70d550f99c56f901fa630d462b85755bc17782724ddd5cb98,extracted,derived/image_text/45d3a42f2c4d93f70d550f99c56f901fa630d462b85755bc17782724ddd5cb98.txt,1076,tesseract
EXPOSURE_STATS/SAT — PODCAST STATS/atwer3aCapture.JPG,EXPOSURE_STATS,image,.jpg,167938,fe763ed3f6edab96e820c7df48a6f9c62bfbcc0eed4cd183c277db11419b7982,extracted,derived/image_text/fe763ed3f6edab96e820c7df48a6f9c62bfbcc0eed4cd183c277db11419b7982.txt,1238,tesseract
EXPOSURE_STATS/SAT — PODCAST STATS/awfesdcdsfcCapture.JPG,EXPOSURE_STATS,image,.jpg,167710,1ba85b1eaae889d991f88a1c91cac828570d06c219b8ba84f144ce2676e47b41,extracted,derived/image_text/1ba85b1eaae889d991f88a1c91cac828570d06c219b8ba84f144ce2676e47b41.txt,1245,tesseract
EXPOSURE_STATS/SAT — PODCAST STATS/awvwe4Capture.JPG,EXPOSURE_STATS,image,.jpg,165418,0eea8853ec7716d620043d141489bbbf3bac04bc5ede0f0624ed590e07a4ba2f,extracted,derived/image_text/0eea8853ec7716d620043d141489bbbf3bac04bc5ede0f0624ed590e07a4ba2f.txt,1239,tesseract
EXPOSURE_STATS/SAT — PODCAST STATS/Debating  Listeners .txt,EXPOSURE_STATS,text,.txt,3055,49f5fae1d6c19c0164ccb459190a3f12dd4c8aeb49badfd37c27f7b70f37e405,native_text,EXPOSURE_STATS/SAT — PODCAST STATS/Debating  Listeners .txt,2554,native
EXPOSURE_STATS/SAT — PODCAST STATS/Debating  Listeners 2.txt,EXPOSURE_STATS,text,.txt,62305,b69fe7ab0267a553f6e1a180b0bbb98b5dafc6ec1176e623bcc1d276f50c53a3,native_text,EXPOSURE_STATS/SAT — PODCAST STATS/Debating  Listeners 2.txt,51312,native
EXPOSURE_STATS/SAT — PODCAST STATS/Debating  LISTENERSHIP.txt,EXPOSURE_STATS,text,.txt,62305,b69fe7ab0267a553f6e1a180b0bbb98b5dafc6ec1176e623bcc1d276f50c53a3,native_text,EXPOSURE_STATS/SAT — PODCAST STATS/Debating  LISTENERSHIP.txt,51312,native
EXPOSURE_STATS/SAT — PODCAST STATS/Debating AI 1.txt,EXPOSURE_STATS,text,.txt,13445,42a1591f08e0af61704d53104e6d077daecaf32b86f543c332b8342889e8ddc0,native_text,EXPOSURE_STATS/SAT — PODCAST STATS/Debating AI 1.txt,11589,native
EXPOSURE_STATS/SAT — PODCAST STATS/Debating AI 2.txt,EXPOSURE_STATS,text,.txt,22443,d3e6408507604723a65d1036dc2a1ffb5b70a91675ad2b06d746480b0103957f,native_text,EXPOSURE_STATS/SAT — PODCAST STATS/Debating AI 2.txt,18943,native
EXPOSURE_STATS/SAT — PODCAST STATS/Debating AI 3.txt,EXPOSURE_STATS,text,.txt,49885,c94d8c2d5df5c8defbeaa792d7162be5ddcd73291fccf6376b446cf54b9e41ee,native_text,EXPOSURE_STATS/SAT — PODCAST STATS/Debating AI 3.txt,40581,native
EXPOSURE_STATS/SAT — PODCAST STATS/DEBATING AI BIG STATS.txt,EXPOSURE_STATS,text,.txt,30431,a5d0705454fe1aee0b9482e0e5db9011d9eb297a38704ccde8b6cb4377ba3eee,native_text,EXPOSURE_STATS/SAT — PODCAST STATS/DEBATING AI BIG STATS.txt,24639,native
EXPOSURE_STATS/SAT — PODCAST STATS/Debating AI Episodes List.txt,EXPOSURE_STATS,text,.txt,19392,f85304062c20e45f4d169aa5c823c3d54603f78f93ce6d2a9f252111e59454a0,native_text,EXPOSURE_STATS/SAT — PODCAST STATS/Debating AI Episodes List.txt,16383,native
EXPOSURE_STATS/SAT — PODCAST STATS/Debating AI Morgellis.txt,EXPOSURE_STATS,text,.txt,2984,e68def145baad963eb576feff779b756d5f56397f9ba090177e77d360791497e,native_text,EXPOSURE_STATS/SAT — PODCAST STATS/Debating AI Morgellis.txt,2486,native
EXPOSURE_STATS/SAT — PODCAST STATS/Debating AI Podcast Stats.txt,EXPOSURE_STATS,text,.txt,193220,fbcebed5b0ac33642d6d10255ec69871c63890046204a0abd4cbd5ba1798331d,native_text,EXPOSURE_STATS/SAT — PODCAST STATS/Debating AI Podcast Stats.txt,162037,native
EXPOSURE_STATS/SAT — PODCAST STATS/Debating AI Podcast.txt,EXPOSURE_STATS,text,.txt,193220,fbcebed5b0ac33642d6d10255ec69871c63890046204a0abd4cbd5ba1798331d,native_text,EXPOSURE_STATS/SAT — PODCAST STATS/Debating AI Podcast.txt,162037,native
EXPOSURE_STATS/SAT — PODCAST STATS/Debating AI Stats 2.txt,EXPOSURE_STATS,text,.txt,197752,0ea704038f9f4f543f6ca2fa846084aab23178b2dc716e21065c310c00f04fb6,native_text,EXPOSURE_STATS/SAT — PODCAST STATS/Debating AI Stats 2.txt,165603,native
EXPOSURE_STATS/SAT — PODCAST STATS/Debating AI Stats.txt,EXPOSURE_STATS,text,.txt,197753,0d6291cd7e4a345640a57dbd20ffd93df9cf099614e133ea66fab2c1221189f9,native_text,EXPOSURE_STATS/SAT — PODCAST STATS/Debating AI Stats.txt,165603,native
EXPOSURE_STATS/SAT — PODCAST STATS/Debating AI —  Podcast.txt,EXPOSURE_STATS,text,.txt,3899,10f7615ca1399caf5812ff45869ec7480d2310896543d31a174a593256b82400,native_text,EXPOSURE_STATS/SAT — PODCAST STATS/Debating AI —  Podcast.txt,3292,native
EXPOSURE_STATS/SAT — PODCAST STATS/DebatingA.I.OntheFutureofPhysics_AgeByGender_all-time.csv,EXPOSURE_STATS,csv,.csv,608,09a9d2e21c0360a8cbb06afd5e812a098b479600ddd585a0800be09ef5a390b0,native_text,EXPOSURE_STATS/SAT — PODCAST STATS/DebatingA.I.OntheFutureofPhysics_AgeByGender_all-time.csv,583,native
EXPOSURE_STATS/SAT — PODCAST STATS/DebatingA.I.OntheFutureofPhysics_AudienceSegments_1-1-2025--6-15-2026.csv,EXPOSURE_STATS,csv,.csv,4293,ce8a12a3cf27e0512ee84340b63d318f49ab07e1a11d2971ee315418dd95b806,native_text,EXPOSURE_STATS/SAT — PODCAST STATS/DebatingA.I.OntheFutureofPhysics_AudienceSegments_1-1-2025--6-15-2026.csv,3784,native
EXPOSURE_STATS/SAT — PODCAST STATS/DebatingA.I.OntheFutureofPhysics_DailyImpressions_3-17-2026--6-14-2026 (1).csv,EXPOSURE_STATS,csv,.csv,1218,f4d05006bf66385da8af5a271e7571781a19dcccac6c32d45a47cb15f5390a38,native_text,EXPOSURE_STATS/SAT — PODCAST STATS/DebatingA.I.OntheFutureofPhysics_DailyImpressions_3-17-2026--6-14-2026 (1).csv,1035,native
EXPOSURE_STATS/SAT — PODCAST STATS/DebatingA.I.OntheFutureofPhysics_DailyImpressions_3-17-2026--6-14-2026.csv,EXPOSURE_STATS,csv,.csv,1218,f4d05006bf66385da8af5a271e7571781a19dcccac6c32d45a47cb15f5390a38,native_text,EXPOSURE_STATS/SAT — PODCAST STATS/DebatingA.I.OntheFutureofPhysics_DailyImpressions_3-17-2026--6-14-2026.csv,1035,native
EXPOSURE_STATS/SAT — PODCAST STATS/DebatingA.I.OntheFutureofPhysics_Engagement_all-time (1).csv,EXPOSURE_STATS,csv,.csv,11191,514e24ff641ba0eda717b43317e21e8f3368efc7d8fded755e744b5b956fcc4c,native_text,EXPOSURE_STATS/SAT — PODCAST STATS/DebatingA.I.OntheFutureofPhysics_Engagement_all-time (1).csv,10183,native
EXPOSURE_STATS/SAT — PODCAST STATS/DebatingA.I.OntheFutureofPhysics_Engagement_all-time (2).csv,EXPOSURE_STATS,csv,.csv,11191,514e24ff641ba0eda717b43317e21e8f3368efc7d8fded755e744b5b956fcc4c,native_text,EXPOSURE_STATS/SAT — PODCAST STATS/DebatingA.I.OntheFutureofPhysics_Engagement_all-time (2).csv,10183,native
EXPOSURE_STATS/SAT — PODCAST STATS/DebatingA.I.OntheFutureofPhysics_Engagement_all-time (3).csv,EXPOSURE_STATS,csv,.csv,11191,514e24ff641ba0eda717b43317e21e8f3368efc7d8fded755e744b5b956fcc4c,native_text,EXPOSURE_STATS/SAT — PODCAST STATS/DebatingA.I.OntheFutureofPhysics_Engagement_all-time (3).csv,10183,native
EXPOSURE_STATS/SAT — PODCAST STATS/DebatingA.I.OntheFutureofPhysics_Engagement_all-time (4).csv,EXPOSURE_STATS,csv,.csv,11191,514e24ff641ba0eda717b43317e21e8f3368efc7d8fded755e744b5b956fcc4c,native_text,EXPOSURE_STATS/SAT — PODCAST STATS/DebatingA.I.OntheFutureofPhysics_Engagement_all-time (4).csv,10183,native
EXPOSURE_STATS/SAT — PODCAST STATS/DebatingA.I.OntheFutureofPhysics_Engagement_all-time.csv,EXPOSURE_STATS,csv,.csv,11191,514e24ff641ba0eda717b43317e21e8f3368efc7d8fded755e744b5b956fcc4c,native_text,EXPOSURE_STATS/SAT — PODCAST STATS/DebatingA.I.OntheFutureofPhysics_Engagement_all-time.csv,10183,native
EXPOSURE_STATS/SAT — PODCAST STATS/DebatingA.I.OntheFutureofPhysics_EpisodeCompletionRates.csv,EXPOSURE_STATS,csv,.csv,797,113a41dbb5ae086da0436f530726278c592e4021fb730e00a0da0f0746b25643,native_text,EXPOSURE_STATS/SAT — PODCAST STATS/DebatingA.I.OntheFutureofPhysics_EpisodeCompletionRates.csv,746,native
EXPOSURE_STATS/SAT — PODCAST STATS/DebatingA.I.OntheFutureofPhysics_Gender_all-time.csv,EXPOSURE_STATS,csv,.csv,118,92514011e974d2dfff845f78961e23b905a39216ef0d3e73537fc0aa5cbc4ace,native_text,EXPOSURE_STATS/SAT — PODCAST STATS/DebatingA.I.OntheFutureofPhysics_Gender_all-time.csv,106,native
EXPOSURE_STATS/SAT — PODCAST STATS/DebatingA.I.OntheFutureofPhysics_GeoLocationAllPlatforms_all-time (1).csv,EXPOSURE_STATS,csv,.csv,348,2b80b2428ec701256374990886ee9fccac85de85b37afc5bbaec56df8d903129,native_text,EXPOSURE_STATS/SAT — PODCAST STATS/DebatingA.I.OntheFutureofPhysics_GeoLocationAllPlatforms_all-time (1).csv,322,native
EXPOSURE_STATS/SAT — PODCAST STATS/DebatingA.I.OntheFutureofPhysics_GeoLocationAllPlatforms_all-time.csv,EXPOSURE_STATS,csv,.csv,865,ffbdf650a8e6892a082e2eccba86e2b359ace8381177d8604ec5187dafe59b4d,native_text,EXPOSURE_STATS/SAT — PODCAST STATS/DebatingA.I.OntheFutureofPhysics_GeoLocationAllPlatforms_all-time.csv,799,native
EXPOSURE_STATS/SAT — PODCAST STATS/DebatingA.I.OntheFutureofPhysics_TopEpisodesByConsumptionTime_all-time (1).csv,EXPOSURE_STATS,csv,.csv,909,0cc0fae313cfc0772b60a8f4abd1c97fbb757caf60d62e2de640c40e811a1b03,native_text,EXPOSURE_STATS/SAT — PODCAST STATS/DebatingA.I.OntheFutureofPhysics_TopEpisodesByConsumptionTime_all-time (1).csv,842,native
EXPOSURE_STATS/SAT — PODCAST STATS/DebatingA.I.OntheFutureofPhysics_TopEpisodesByConsumptionTime_all-time.csv,EXPOSURE_STATS,csv,.csv,909,0cc0fae313cfc0772b60a8f4abd1c97fbb757caf60d62e2de640c40e811a1b03,native_text,EXPOSURE_STATS/SAT — PODCAST STATS/DebatingA.I.OntheFutureofPhysics_TopEpisodesByConsumptionTime_all-time.csv,842,native
EXPOSURE_STATS/SAT — PODCAST STATS/DebatingA.I.OntheFutureofPhysics_TopEpisodesByImpressions_3-17-2026--6-14-2026 (1).csv,EXPOSURE_STATS,csv,.csv,983,82181a5ba3ce46b16728d077a90e7beaadf240a8efbd34ad48af54440680f59a,native_text,EXPOSURE_STATS/SAT — PODCAST STATS/DebatingA.I.OntheFutureofPhysics_TopEpisodesByImpressions_3-17-2026--6-14-2026 (1).csv,920,native
EXPOSURE_STATS/SAT — PODCAST STATS/DebatingA.I.OntheFutureofPhysics_TopEpisodesByImpressions_3-17-2026--6-14-2026.csv,EXPOSURE_STATS,csv,.csv,983,82181a5ba3ce46b16728d077a90e7beaadf240a8efbd34ad48af54440680f59a,native_text,EXPOSURE_STATS/SAT — PODCAST STATS/DebatingA.I.OntheFutureofPhysics_TopEpisodesByImpressions_3-17-2026--6-14-2026.csv,920,native
EXPOSURE_STATS/SAT — PODCAST STATS/DebatingA.I.OntheFutureofPhysics_TrendsChart_PlaysAndDownloads_First7Days (1).csv,EXPOSURE_STATS,csv,.csv,13060,77503f187b1530697d648402f8162a28d235052c5496d07171d00aa3798fcf65,native_text,EXPOSURE_STATS/SAT — PODCAST STATS/DebatingA.I.OntheFutureofPhysics_TrendsChart_PlaysAndDownloads_First7Days (1).csv,11343,native
EXPOSURE_STATS/SAT — PODCAST STATS/DebatingA.I.OntheFutureofPhysics_TrendsChart_PlaysAndDownloads_First7Days (10).csv,EXPOSURE_STATS,csv,.csv,13060,42ab243dcce4ecf92215f81aa62f2102a1159b1572ce5a2c5a947b45780e887d,native_text,EXPOSURE_STATS/SAT — PODCAST STATS/DebatingA.I.OntheFutureofPhysics_TrendsChart_PlaysAndDownloads_First7Days (10).csv,11343,native
EXPOSURE_STATS/SAT — PODCAST STATS/DebatingA.I.OntheFutureofPhysics_TrendsChart_PlaysAndDownloads_First7Days (2).csv,EXPOSURE_STATS,csv,.csv,13060,77503f187b1530697d648402f8162a28d235052c5496d07171d00aa3798fcf65,native_text,EXPOSURE_STATS/SAT — PODCAST STATS/DebatingA.I.OntheFutureofPhysics_TrendsChart_PlaysAndDownloads_First7Days (2).csv,11343,native
EXPOSURE_STATS/SAT — PODCAST STATS/DebatingA.I.OntheFutureofPhysics_TrendsChart_PlaysAndDownloads_First7Days (3).csv,EXPOSURE_STATS,csv,.csv,13060,a1db4863418e8826dd91a6f39a07d52b54646743cae70a99673274c99f038276,native_text,EXPOSURE_STATS/SAT — PODCAST STATS/DebatingA.I.OntheFutureofPhysics_TrendsChart_PlaysAndDownloads_First7Days (3).csv,11343,native
EXPOSURE_STATS/SAT — PODCAST STATS/DebatingA.I.OntheFutureofPhysics_TrendsChart_PlaysAndDownloads_First7Days (4).csv,EXPOSURE_STATS,csv,.csv,13060,f11f871f4aa948feade1a904b13e92097e58906e00965d32c764a539ffc6c640,native_text,EXPOSURE_STATS/SAT — PODCAST STATS/DebatingA.I.OntheFutureofPhysics_TrendsChart_PlaysAndDownloads_First7Days (4).csv,11343,native
EXPOSURE_STATS/SAT — PODCAST STATS/DebatingA.I.OntheFutureofPhysics_TrendsChart_PlaysAndDownloads_First7Days (5).csv,EXPOSURE_STATS,csv,.csv,13060,75abda0396494af785d88d996fcad58b6cba9063ff23a1d9a988513459229999,native_text,EXPOSURE_STATS/SAT — PODCAST STATS/DebatingA.I.OntheFutureofPhysics_TrendsChart_PlaysAndDownloads_First7Days (5).csv,11343,native
EXPOSURE_STATS/SAT — PODCAST STATS/DebatingA.I.OntheFutureofPhysics_TrendsChart_PlaysAndDownloads_First7Days (6).csv,EXPOSURE_STATS,csv,.csv,13060,75abda0396494af785d88d996fcad58b6cba9063ff23a1d9a988513459229999,native_text,EXPOSURE_STATS/SAT — PODCAST STATS/DebatingA.I.OntheFutureofPhysics_TrendsChart_PlaysAndDownloads_First7Days (6).csv,11343,native
EXPOSURE_STATS/SAT — PODCAST STATS/DebatingA.I.OntheFutureofPhysics_TrendsChart_PlaysAndDownloads_First7Days (7).csv,EXPOSURE_STATS,csv,.csv,13060,75abda0396494af785d88d996fcad58b6cba9063ff23a1d9a988513459229999,native_text,EXPOSURE_STATS/SAT — PODCAST STATS/DebatingA.I.OntheFutureofPhysics_TrendsChart_PlaysAndDownloads_First7Days (7).csv,11343,native
EXPOSURE_STATS/SAT — PODCAST STATS/DebatingA.I.OntheFutureofPhysics_TrendsChart_PlaysAndDownloads_First7Days (8).csv,EXPOSURE_STATS,csv,.csv,13060,75abda0396494af785d88d996fcad58b6cba9063ff23a1d9a988513459229999,native_text,EXPOSURE_STATS/SAT — PODCAST STATS/DebatingA.I.OntheFutureofPhysics_TrendsChart_PlaysAndDownloads_First7Days (8).csv,11343,native
EXPOSURE_STATS/SAT — PODCAST STATS/DebatingA.I.OntheFutureofPhysics_TrendsChart_PlaysAndDownloads_First7Days (9).csv,EXPOSURE_STATS,csv,.csv,13060,42ab243dcce4ecf92215f81aa62f2102a1159b1572ce5a2c5a947b45780e887d,native_text,EXPOSURE_STATS/SAT — PODCAST STATS/DebatingA.I.OntheFutureofPhysics_TrendsChart_PlaysAndDownloads_First7Days (9).csv,11343,native
EXPOSURE_STATS/SAT — PODCAST STATS/DebatingA.I.OntheFutureofPhysics_TrendsChart_PlaysAndDownloads_First7Days.csv,EXPOSURE_STATS,csv,.csv,13060,77503f187b1530697d648402f8162a28d235052c5496d07171d00aa3798fcf65,native_text,EXPOSURE_STATS/SAT — PODCAST STATS/DebatingA.I.OntheFutureofPhysics_TrendsChart_PlaysAndDownloads_First7Days.csv,11343,native
EXPOSURE_STATS/SAT — PODCAST STATS/DebatingA.I.OntheFutureofPhysics_WeekOverWeekRetention_1-1-2026--6-16-2026 (1).csv,EXPOSURE_STATS,csv,.csv,396,37bc7d2921bad508feb7fdd04b7faa9e19d5a60257f49b534eceef1c2ccbf221,native_text,EXPOSURE_STATS/SAT — PODCAST STATS/DebatingA.I.OntheFutureofPhysics_WeekOverWeekRetention_1-1-2026--6-16-2026 (1).csv,344,native
EXPOSURE_STATS/SAT — PODCAST STATS/DebatingA.I.OntheFutureofPhysics_WeekOverWeekRetention_1-1-2026--6-16-2026.csv,EXPOSURE_STATS,csv,.csv,396,37bc7d2921bad508feb7fdd04b7faa9e19d5a60257f49b534eceef1c2ccbf221,native_text,EXPOSURE_STATS/SAT — PODCAST STATS/DebatingA.I.OntheFutureofPhysics_WeekOverWeekRetention_1-1-2026--6-16-2026.csv,344,native
EXPOSURE_STATS/SAT — PODCAST STATS/DebatingA.I.OntheFutureofPhysics_WeekOverWeekRetention_3-19-2026--6-16-2026.csv,EXPOSURE_STATS,csv,.csv,221,b0a888c52021d9bcad08d9c1cd83fce9c6664e47f02d56ae07e1fbc0b65bc762,native_text,EXPOSURE_STATS/SAT — PODCAST STATS/DebatingA.I.OntheFutureofPhysics_WeekOverWeekRetention_3-19-2026--6-16-2026.csv,191,native
EXPOSURE_STATS/SAT — PODCAST STATS/DebatingA.I.OntheNewPhysics_DailyImpressions_6-9-2026--9-6-2026.csv,EXPOSURE_STATS,csv,.csv,1204,4cc8d8b2162ecae097efab4c95dfa8c9037859252be070a1ccc4a01b76a130d9,native_text,EXPOSURE_STATS/SAT — PODCAST STATS/DebatingA.I.OntheNewPhysics_DailyImpressions_6-9-2026--9-6-2026.csv,1021,native
EXPOSURE_STATS/SAT — PODCAST STATS/DebatingA.I.OntheNewPhysics_Engagement_all-time.csv,EXPOSURE_STATS,csv,.csv,12928,4c527e15571fc9058dea1f8ce3f2a1b7884800d387b1338500131e4ff67a2e02,native_text,EXPOSURE_STATS/SAT — PODCAST STATS/DebatingA.I.OntheNewPhysics_Engagement_all-time.csv,11754,native
EXPOSURE_STATS/SAT — PODCAST STATS/DebatingA.I.OntheNewPhysics_Performance_all-time.csv,EXPOSURE_STATS,csv,.csv,12632,9acdac0820538d6e1ff3c2e0be3164838153e2313b4a1af29398d6c8acc39ae9,native_text,EXPOSURE_STATS/SAT — PODCAST STATS/DebatingA.I.OntheNewPhysics_Performance_all-time.csv,11453,native
EXPOSURE_STATS/SAT — PODCAST STATS/DebatingA.I.OntheNewPhysics_StreamsAndDownloads_all-time.csv,EXPOSURE_STATS,csv,.csv,7546,12b21cea20ba775b549a31b9947f81707ddb9baa84a4c050db69e203399d5c85,native_text,EXPOSURE_STATS/SAT — PODCAST STATS/DebatingA.I.OntheNewPhysics_StreamsAndDownloads_all-time.csv,6375,native
EXPOSURE_STATS/SAT — PODCAST STATS/DebatingA.I.OntheNewPhysics_TopEpisodesByConsumptionTime_all-time.csv,EXPOSURE_STATS,csv,.csv,905,4d43207bb0e1a7a78a1972b86583b70659dd40de6d478b407370b7a26b95f82d,native_text,EXPOSURE_STATS/SAT — PODCAST STATS/DebatingA.I.OntheNewPhysics_TopEpisodesByConsumptionTime_all-time.csv,837,native
EXPOSURE_STATS/SAT — PODCAST STATS/DebatingA.I.OntheNewPhysics_TopEpisodesByImpressions_6-9-2026--9-6-2026.csv,EXPOSURE_STATS,csv,.csv,944,db16da95143fee4982bc2d3941b1b683abc57ab7482f486ecc982ec766e3f089,native_text,EXPOSURE_STATS/SAT — PODCAST STATS/DebatingA.I.OntheNewPhysics_TopEpisodesByImpressions_6-9-2026--9-6-2026.csv,896,native
EXPOSURE_STATS/SAT — PODCAST STATS/DebatingA.I.OntheNewPhysics_TrendsChart_AvgConsumptionTime_SincePublished (1).csv,EXPOSURE_STATS,csv,.csv,10996,2173c905c5d114e5dd559091a059c7d6b4c1d0e7863393b026d3d590b88b3b42,native_text,EXPOSURE_STATS/SAT — PODCAST STATS/DebatingA.I.OntheNewPhysics_TrendsChart_AvgConsumptionTime_SincePublished (1).csv,9530,native
EXPOSURE_STATS/SAT — PODCAST STATS/DebatingA.I.OntheNewPhysics_TrendsChart_AvgConsumptionTime_SincePublished.csv,EXPOSURE_STATS,csv,.csv,10996,2173c905c5d114e5dd559091a059c7d6b4c1d0e7863393b026d3d590b88b3b42,native_text,EXPOSURE_STATS/SAT — PODCAST STATS/DebatingA.I.OntheNewPhysics_TrendsChart_AvgConsumptionTime_SincePublished.csv,9530,native
EXPOSURE_STATS/SAT — PODCAST STATS/DebatingA.I.OntheNewPhysics_WeekOverWeekRetention_1-1-2026--9-8-2026.csv,EXPOSURE_STATS,csv,.csv,561,9fb81ef177538f3529acd3ceda2d246f4a678aed4b0c77b9eb07fdc100fe9fdb,native_text,EXPOSURE_STATS/SAT — PODCAST STATS/DebatingA.I.OntheNewPhysics_WeekOverWeekRetention_1-1-2026--9-8-2026.csv,485,native
EXPOSURE_STATS/SAT — PODCAST STATS/DebatingA.I.OntheNewPhysics_WhatIsThoughtMadeOfFilamentUnificationIntro_EngagementStats_since-published.csv,EXPOSURE_STATS,csv,.csv,13417,ef029bf77d8ed5c49a3e12b256e6e1a73b9f5c78e512cd8b0650868408d3decc,native_text,EXPOSURE_STATS/SAT — PODCAST STATS/DebatingA.I.OntheNewPhysics_WhatIsThoughtMadeOfFilamentUnificationIntro_EngagementStats_since-published.csv,12244,native
EXPOSURE_STATS/SAT — PODCAST STATS/DebatingA.I.OntheNewPhysics_WhatIsThoughtMadeOfFilamentUnificationIntro_PerformanceCombined_since-published.csv,EXPOSURE_STATS,csv,.csv,9285,404d288bd8e240a33c73e1c0f69456dae21e5f885c4b21ef60368d0771969ee9,native_text,EXPOSURE_STATS/SAT — PODCAST STATS/DebatingA.I.OntheNewPhysics_WhatIsThoughtMadeOfFilamentUnificationIntro_PerformanceCombined_since-published.csv,8112,native
EXPOSURE_STATS/SAT — PODCAST STATS/DebatingA.I.OntheNewPhysics_WhatIsThoughtMadeOfFilamentUnificationIntro_StreamsAndDownloads_all-time.csv,EXPOSURE_STATS,csv,.csv,7509,33cfd2a4b4a7edba5d4b9d8f771dbbbcc1f703bbdfe072982c23a38f76712b23,native_text,EXPOSURE_STATS/SAT — PODCAST STATS/DebatingA.I.OntheNewPhysics_WhatIsThoughtMadeOfFilamentUnificationIntro_StreamsAndDownloads_all-time.csv,6340,native
EXPOSURE_STATS/SAT — PODCAST STATS/f3etg345tCapture.JPG,EXPOSURE_STATS,image,.jpg,163236,7f535dbe44631d511075b718d76f5680d61514aa650e432970938e49f0b7f81f,extracted,derived/image_text/7f535dbe44631d511075b718d76f5680d61514aa650e432970938e49f0b7f81f.txt,1148,tesseract
EXPOSURE_STATS/SAT — PODCAST STATS/fawsfasdfCapture.JPG,EXPOSURE_STATS,image,.jpg,158022,9e8f9cc7b8505b46ec9f07503a37230f2dbd887802246f290350f6b8e418ad50,extracted,derived/image_text/9e8f9cc7b8505b46ec9f07503a37230f2dbd887802246f290350f6b8e418ad50.txt,857,tesseract
EXPOSURE_STATS/SAT — PODCAST STATS/fre4tCapture.JPG,EXPOSURE_STATS,image,.jpg,158998,3d61ed6f6c94e7fb39aa5dcf4f5996a2cd3dfe15d54179719b919ca2b091d796,extracted,derived/image_text/3d61ed6f6c94e7fb39aa5dcf4f5996a2cd3dfe15d54179719b919ca2b091d796.txt,1067,tesseract
EXPOSURE_STATS/SAT — PODCAST STATS/fwfwefaweCapture.JPG,EXPOSURE_STATS,image,.jpg,156996,cdc9974a63001813be700c40964dfca5a1a84967483ee0630fc7d76a237882a8,extracted,derived/image_text/cdc9974a63001813be700c40964dfca5a1a84967483ee0630fc7d76a237882a8.txt,937,tesseract
EXPOSURE_STATS/SAT — PODCAST STATS/htsfgsdfgCapture.JPG,EXPOSURE_STATS,image,.jpg,160748,46ffb48a41936bd5c6521246fc1419ac4dd396ca294e31d9755b646170e84f10,extracted,derived/image_text/46ffb48a41936bd5c6521246fc1419ac4dd396ca294e31d9755b646170e84f10.txt,1189,tesseract
EXPOSURE_STATS/SAT — PODCAST STATS/PODCAST - Episodess.txt,EXPOSURE_STATS,text,.txt,19392,f85304062c20e45f4d169aa5c823c3d54603f78f93ce6d2a9f252111e59454a0,native_text,EXPOSURE_STATS/SAT — PODCAST STATS/PODCAST - Episodess.txt,16383,native
EXPOSURE_STATS/SAT — PODCAST STATS/SAT - Timelines .txt,EXPOSURE_STATS,text,.txt,10708,5363c7a03898be32eba0600638d6ea2e71096335ec59873952b646d587a2d67e,native_text,EXPOSURE_STATS/SAT — PODCAST STATS/SAT - Timelines .txt,8884,native
EXPOSURE_STATS/SAT — PODCAST STATS/SAT TIMELINE.txt,EXPOSURE_STATS,text,.txt,26034,b4bcc1b053a0c538fb65b7a543c5e43c6dda6abcb124d1121d221dc812d37861,native_text,EXPOSURE_STATS/SAT — PODCAST STATS/SAT TIMELINE.txt,21585,native
EXPOSURE_STATS/SAT — PODCAST STATS/SAT_TIMELINE.txt,EXPOSURE_STATS,text,.txt,26034,b4bcc1b053a0c538fb65b7a543c5e43c6dda6abcb124d1121d221dc812d37861,native_text,EXPOSURE_STATS/SAT — PODCAST STATS/SAT_TIMELINE.txt,21585,native
EXPOSURE_STATS/SAT — PODCAST STATS/sdasvasddvCapture.JPG,EXPOSURE_STATS,image,.jpg,162602,094e7b5da5e907c5d1aa8f5f7381076d43b0d4e82e7d29b2a51a0a67c2fa8098,extracted,derived/image_text/094e7b5da5e907c5d1aa8f5f7381076d43b0d4e82e7d29b2a51a0a67c2fa8098.txt,1191,tesseract
EXPOSURE_STATS/SAT — PODCAST STATS/sfasfsadfCapture.JPG,EXPOSURE_STATS,image,.jpg,160720,ec10b28ddc21b1c535853016af98d0ebcb490f18203e3f238f2bd6be413d6dfe,extracted,derived/image_text/ec10b28ddc21b1c535853016af98d0ebcb490f18203e3f238f2bd6be413d6dfe.txt,1205,tesseract
EXPOSURE_STATS/SAT — PODCAST STATS/sfasfvasdvCapture.JPG,EXPOSURE_STATS,image,.jpg,165393,6c8871c74cd3d4f70d8cf3fed5bc1bf1bd6b29820e9624eb823e955cbb234af6,extracted,derived/image_text/6c8871c74cd3d4f70d8cf3fed5bc1bf1bd6b29820e9624eb823e955cbb234af6.txt,1071,tesseract
EXPOSURE_STATS/SAT — PODCAST STATS/sfsadfdsfCapture.JPG,EXPOSURE_STATS,image,.jpg,168581,bfae0e166ca53ef86c3d99824c708310e366be8a14604c7e0c32979c7b086714,extracted,derived/image_text/bfae0e166ca53ef86c3d99824c708310e366be8a14604c7e0c32979c7b086714.txt,1222,tesseract
EXPOSURE_STATS/SAT — PODCAST STATS/TheNewPhysics_AgeByGender_all-time.csv,EXPOSURE_STATS,csv,.csv,663,0390369e7317922650764a32539356319f32591204478f19c2173a6f99a7d19b,native_text,EXPOSURE_STATS/SAT — PODCAST STATS/TheNewPhysics_AgeByGender_all-time.csv,638,native
EXPOSURE_STATS/SAT — PODCAST STATS/TheNewPhysics_Apps_all-time.csv,EXPOSURE_STATS,csv,.csv,76,a9fd9080dd1b7c4d8d4416911e3e709ddcbc4e2dd80c4eea3dc0486053f3447b,native_text,EXPOSURE_STATS/SAT — PODCAST STATS/TheNewPhysics_Apps_all-time.csv,68,native
EXPOSURE_STATS/SAT — PODCAST STATS/TheNewPhysics_Devices_all-time.csv,EXPOSURE_STATS,csv,.csv,166,c94c19b624b829e4de99062a1a55422a5cc4a5076391ed3d9bf59ec8ec91bea1,native_text,EXPOSURE_STATS/SAT — PODCAST STATS/TheNewPhysics_Devices_all-time.csv,153,native
EXPOSURE_STATS/SAT — PODCAST STATS/TheNewPhysics_Gender_all-time.csv,EXPOSURE_STATS,csv,.csv,119,b7a2005c76f42c5932961cc545f1f5fc9445f891ca3f2496a8b5693c6ff8dae5,native_text,EXPOSURE_STATS/SAT — PODCAST STATS/TheNewPhysics_Gender_all-time.csv,107,native
EXPOSURE_STATS/SAT — PODCAST STATS/TheNewPhysics_GeoLocationAllPlatforms_all-time.csv,EXPOSURE_STATS,csv,.csv,815,519f8116c33f8bf3e39303a7d796d2be999d92694f86f270ef1ed6075895b5d6,native_text,EXPOSURE_STATS/SAT — PODCAST STATS/TheNewPhysics_GeoLocationAllPlatforms_all-time.csv,753,native
EXPOSURE_STATS/SAT — PODCAST STATS/TheNewPhysics_GeoLocationSpotify_1-1-2026--9-11-2026.csv,EXPOSURE_STATS,csv,.csv,303,e5bc814faefbffdaec32d50e1dcacbef3fd1ec85f890441107c1111397291a2f,native_text,EXPOSURE_STATS/SAT — PODCAST STATS/TheNewPhysics_GeoLocationSpotify_1-1-2026--9-11-2026.csv,279,native
EXPOSURE_STATS/SAT — PODCAST STATS/TheNewPhysics_GeoLocationSpotify_6-14-2026--9-11-2026.csv,EXPOSURE_STATS,csv,.csv,187,63ff633742d7b8fb6c287910ddfba3dd9dece5930c706631e4405cf5319a1fb6,native_text,EXPOSURE_STATS/SAT — PODCAST STATS/TheNewPhysics_GeoLocationSpotify_6-14-2026--9-11-2026.csv,171,native
EXPOSURE_STATS/SAT — PODCAST STATS/TheNewPhysics_GeoLocationSpotify_all-time.csv,EXPOSURE_STATS,csv,.csv,831,d174217ad1cea658da718502f293acb3acbd8a32ddfe18a265953ec30369fcf8,native_text,EXPOSURE_STATS/SAT — PODCAST STATS/TheNewPhysics_GeoLocationSpotify_all-time.csv,769,native
EXPOSURE_STATS/SAT — PODCAST STATS/TheNewPhysics_TrendsChart_AvgConsumptionTime_First7Days.csv,EXPOSURE_STATS,csv,.csv,15381,1b096165f990091f009c8625c91d67fee89e007b025a8fe40af12a9bb0994525,native_text,EXPOSURE_STATS/SAT — PODCAST STATS/TheNewPhysics_TrendsChart_AvgConsumptionTime_First7Days.csv,13420,native
EXPOSURE_STATS/SAT — PODCAST STATS/TheNewPhysics_TrendsChart_AvgConsumptionTime_SincePublished (1).csv,EXPOSURE_STATS,csv,.csv,10997,47b14faa4ac02dad37138e094d6f8a4ddaac657faa498842c780241351e8fca6,native_text,EXPOSURE_STATS/SAT — PODCAST STATS/TheNewPhysics_TrendsChart_AvgConsumptionTime_SincePublished (1).csv,9532,native
EXPOSURE_STATS/SAT — PODCAST STATS/TheNewPhysics_TrendsChart_AvgConsumptionTime_SincePublished (2).csv,EXPOSURE_STATS,csv,.csv,10997,47b14faa4ac02dad37138e094d6f8a4ddaac657faa498842c780241351e8fca6,native_text,EXPOSURE_STATS/SAT — PODCAST STATS/TheNewPhysics_TrendsChart_AvgConsumptionTime_SincePublished (2).csv,9532,native
EXPOSURE_STATS/SAT — PODCAST STATS/TheNewPhysics_TrendsChart_AvgConsumptionTime_SincePublished (3).csv,EXPOSURE_STATS,csv,.csv,10997,47b14faa4ac02dad37138e094d6f8a4ddaac657faa498842c780241351e8fca6,native_text,EXPOSURE_STATS/SAT — PODCAST STATS/TheNewPhysics_TrendsChart_AvgConsumptionTime_SincePublished (3).csv,9532,native
EXPOSURE_STATS/SAT — PODCAST STATS/TheNewPhysics_TrendsChart_AvgConsumptionTime_SincePublished.csv,EXPOSURE_STATS,csv,.csv,10997,47b14faa4ac02dad37138e094d6f8a4ddaac657faa498842c780241351e8fca6,native_text,EXPOSURE_STATS/SAT — PODCAST STATS/TheNewPhysics_TrendsChart_AvgConsumptionTime_SincePublished.csv,9532,native
EXPOSURE_STATS/SAT — PODCAST STATS/wafwsfasdcCapture.JPG,EXPOSURE_STATS,image,.jpg,164665,a767331109c64263f8ff78bf2e044fdaae5049e72e3facdbf1d5e62d09d76860,extracted,derived/image_text/a767331109c64263f8ff78bf2e044fdaae5049e72e3facdbf1d5e62d09d76860.txt,1044,tesseract
EXPOSURE_STATS/SAT — PODCAST STATS/we4gaersfCapture.JPG,EXPOSURE_STATS,image,.jpg,159934,5c507a556504e5241e87f4545269d093037b223252b3360e2832d5351c3f7e33,extracted,derived/image_text/5c507a556504e5241e87f4545269d093037b223252b3360e2832d5351c3f7e33.txt,1017,tesseract
EXPOSURE_STATS/SAT — PODCAST STATS/wfaedcdefrCapture.JPG,EXPOSURE_STATS,image,.jpg,167999,531455ce735432556d3258937c7e9d2d514d73accd61b77d556ee174e7831175,extracted,derived/image_text/531455ce735432556d3258937c7e9d2d514d73accd61b77d556ee174e7831175.txt,1173,tesseract
EXPOSURE_STATS/SAT_IMPACT/namecalcCapture.PNG,EXPOSURE_STATS,image,.png,116952,e0b0e684c9a404a8f9b213b9bb1d8ff77f1108862783f947f4b73414071f09ff,extracted,derived/image_text/e0b0e684c9a404a8f9b213b9bb1d8ff77f1108862783f947f4b73414071f09ff.txt,745,tesseract
EXPOSURE_STATS/SAT_IMPACT/PARADIGM - FALLOUT.txt,EXPOSURE_STATS,text,.txt,10718,4526880a95b28f072dd6356b91a88e84aa8683d424c0f1be29e868bbb223cb85,native_text,EXPOSURE_STATS/SAT_IMPACT/PARADIGM - FALLOUT.txt,8891,native
EXPOSURE_STATS/SAT_IMPACT/PARADIGM CHATTER [Blind Survey].txt,EXPOSURE_STATS,text,.txt,99451,bbe320bcb25190e768eb15c63a3b723867e070841437913841c5f7cd428bd979,native_text,EXPOSURE_STATS/SAT_IMPACT/PARADIGM CHATTER [Blind Survey].txt,84115,native
EXPOSURE_STATS/SAT_IMPACT/PARADIGM — Chatter.txt,EXPOSURE_STATS,text,.txt,23699,36bca656e4b232a87c2aac0a65eb70d8b186a0bdaae7ccb4f65a76f704848bf6,native_text,EXPOSURE_STATS/SAT_IMPACT/PARADIGM — Chatter.txt,19932,native
EXPOSURE_STATS/SAT_IMPACT/PARADIGM — TIMELINE (Git).txt,EXPOSURE_STATS,text,.txt,36745,ccc31e13d682f32177718111ebf2123a5e438c51500a9777897a438eca3abddb,native_text,EXPOSURE_STATS/SAT_IMPACT/PARADIGM — TIMELINE (Git).txt,30469,native
EXPOSURE_STATS/SAT_IMPACT/SAT RECON — Gg1.txt,EXPOSURE_STATS,text,.txt,38166,08ac4a2f501020aa146db45ef7384790c816aac0f0936038edac763b353efdf9,native_text,EXPOSURE_STATS/SAT_IMPACT/SAT RECON — Gg1.txt,30699,native
EXPOSURE_STATS/SAT_IMPACT/SAT RECON — Gg2.txt,EXPOSURE_STATS,text,.txt,10900,8cbf9bc2255105e863ae5710831218bcbe160b7af18da1af4e5577fc8f421c1d,native_text,EXPOSURE_STATS/SAT_IMPACT/SAT RECON — Gg2.txt,9297,native
EXPOSURE_STATS/SAT_IMPACT/SAT RECON — Gg3.txt,EXPOSURE_STATS,text,.txt,16137,61bb52495a9a54e6230c5404152fac61487b6851a212a6120876aed6d11778d1,native_text,EXPOSURE_STATS/SAT_IMPACT/SAT RECON — Gg3.txt,13346,native
EXPOSURE_STATS/SAT_IMPACT/SAT RECON — Gg4.txt,EXPOSURE_STATS,text,.txt,91456,7a850bd354617411a4c0e591dc798fc8553884f25b097508712ce774e0766fe2,native_text,EXPOSURE_STATS/SAT_IMPACT/SAT RECON — Gg4.txt,76783,native
EXPOSURE_STATS/SAT_IMPACT/SAT RECON — Goog.txt,EXPOSURE_STATS,text,.txt,16137,61bb52495a9a54e6230c5404152fac61487b6851a212a6120876aed6d11778d1,native_text,EXPOSURE_STATS/SAT_IMPACT/SAT RECON — Goog.txt,13346,native
EXPOSURE_STATS/SAT_IMPACT/SAT RECON — google4.txt,EXPOSURE_STATS,text,.txt,122608,6c790488351e1703fbb96190528916dfe9b48654ae43f69d24581c8763a21106,native_text,EXPOSURE_STATS/SAT_IMPACT/SAT RECON — google4.txt,103127,native
EXPOSURE_STATS/SAT_IMPACT/SAT TO DO — Citations.txt,EXPOSURE_STATS,text,.txt,117192,3b3ce1202f7336bb3dc85e6cd050bc90d5862631775a3f310cd2c57ad279e0d0,native_text,EXPOSURE_STATS/SAT_IMPACT/SAT TO DO — Citations.txt,96250,native
EXPOSURE_STATS/SAT_IMPACT/SAT TO DO — Google py.txt,EXPOSURE_STATS,text,.txt,33610,4390e6442065f2ccef235a390bac5c3e22f80292d545146499fc896913379a37,native_text,EXPOSURE_STATS/SAT_IMPACT/SAT TO DO — Google py.txt,25398,native
EXPOSURE_STATS/SAT_IMPACT/trends.PNG,EXPOSURE_STATS,image,.png,139735,be8f1dc5ce67dae1914032ad214178f380309e2aa4344c17d6a809ca75b5995d,extracted,derived/image_text/be8f1dc5ce67dae1914032ad214178f380309e2aa4344c17d6a809ca75b5995d.txt,435,tesseract
EXPOSURE_STATS/SAT_IMPACT/trends2.PNG,EXPOSURE_STATS,image,.png,144720,e28a7601470d97b13ab936b2a18d9a7e0f055a632b648131eb8fb3cb94b4922e,extracted,derived/image_text/e28a7601470d97b13ab936b2a18d9a7e0f055a632b648131eb8fb3cb94b4922e.txt,364,tesseract
EXPOSURE_STATS/SAT_IMPACT/uniCapture.PNG,EXPOSURE_STATS,image,.png,312997,09d2369ecdc3845a8ad2c961becfa861f207497eda458419e5eae705b8c3b5c0,extracted,derived/image_text/09d2369ecdc3845a8ad2c961becfa861f207497eda458419e5eae705b8c3b5c0.txt,31,tesseract
LIVE_RESEARCH_UPDATES/1301.1361v2.pdf,LIVE_RESEARCH_UPDATES,pdf,.pdf,801738,cbe0ac6ce9a8c8f91cc32915dcf324d55721438ebd21c5177095d634a4a9ba85,extracted,derived/text/cbe0ac6ce9a8c8f91cc32915dcf324d55721438ebd21c5177095d634a4a9ba85.txt,56410,pypdf
LIVE_RESEARCH_UPDATES/589s-s1yy.pdf,LIVE_RESEARCH_UPDATES,pdf,.pdf,12431006,63c3435b2fd525afcf8672db37bdb8e2b0438550a57a3fb9aea4f53ce3208a4c,extracted,derived/text/63c3435b2fd525afcf8672db37bdb8e2b0438550a57a3fb9aea4f53ce3208a4c.txt,89216,pypdf
LIVE_RESEARCH_UPDATES/6dt2-sq44.pdf,LIVE_RESEARCH_UPDATES,pdf,.pdf,1193735,5507eaede9f2237fd272598086971096f1557543474151213156ff5d0a25a77e,extracted,derived/text/5507eaede9f2237fd272598086971096f1557543474151213156ff5d0a25a77e.txt,58630,pypdf
LIVE_RESEARCH_UPDATES/8x7k-rwx2.pdf,LIVE_RESEARCH_UPDATES,pdf,.pdf,472650,bf8b7c9755f53fb4c9ce129ee03d515f010c5f7b1211098b7cd72dad3982a39f,extracted,derived/text/bf8b7c9755f53fb4c9ce129ee03d515f010c5f7b1211098b7cd72dad3982a39f.txt,31227,pypdf
LIVE_RESEARCH_UPDATES/Can AI find physics beyond the standard model_.pdf,LIVE_RESEARCH_UPDATES,pdf,.pdf,4006830,72f21ed12d5a937c95540dace2700bc5b190a6132cf89691bc9a4b2d79440193,extracted,derived/text/72f21ed12d5a937c95540dace2700bc5b190a6132cf89691bc9a4b2d79440193.txt,28756,pypdf
LIVE_RESEARCH_UPDATES/EINSTEIN EQUIVALENCE PRINC.txt,LIVE_RESEARCH_UPDATES,text,.txt,370173,31e249e7c80023a4eaa6e480212f4e50f891946758199952377a92b9eb4322d9,native_text,LIVE_RESEARCH_UPDATES/EINSTEIN EQUIVALENCE PRINC.txt,305679,native
LIVE_RESEARCH_UPDATES/geodesics.txt,LIVE_RESEARCH_UPDATES,text,.txt,65712,cbdc24ded3e6753a974bc7c0dcb00cff7c169db96b23244855e74c0b9621bb5d,native_text,LIVE_RESEARCH_UPDATES/geodesics.txt,54739,native
LIVE_RESEARCH_UPDATES/gilliardASTP1-4-2020.pdf,LIVE_RESEARCH_UPDATES,pdf,.pdf,524400,addb696c7bfb9f3ba6350a8ead842bfb3c148bce385989d6fdc5ca31a166e852,extracted,derived/text/addb696c7bfb9f3ba6350a8ead842bfb3c148bce385989d6fdc5ca31a166e852.txt,11433,pypdf
LIVE_RESEARCH_UPDATES/gpzj-ch7h.pdf,LIVE_RESEARCH_UPDATES,pdf,.pdf,204829,d61152849c1c05f38643f568e128437c63915974d7610347bb1b94e7a06afbae,extracted,derived/text/d61152849c1c05f38643f568e128437c63915974d7610347bb1b94e7a06afbae.txt,26084,pypdf
LIVE_RESEARCH_UPDATES/HOURLY_SCAN_ROTATION.md,LIVE_RESEARCH_UPDATES,text,.md,4166,f0ca535c9d4d22da6994cc8bc6d6686cbf48a92edb2921d0cf62921352a517f8,native_text,LIVE_RESEARCH_UPDATES/HOURLY_SCAN_ROTATION.md,3583,native
LIVE_RESEARCH_UPDATES/k41k-2pnc.pdf,LIVE_RESEARCH_UPDATES,pdf,.pdf,1654459,325df60a77e33a80b5652f3870c46002c675f270f37904c219b0bd000cb711a6,extracted,derived/text/325df60a77e33a80b5652f3870c46002c675f270f37904c219b0bd000cb711a6.txt,36878,pypdf
LIVE_RESEARCH_UPDATES/m4h9-s6y6.pdf,LIVE_RESEARCH_UPDATES,pdf,.pdf,1042319,69ebe3e54e5c0ef91f5a5aa0e929619d59629c6c27ba7c9ce0af2c2dea2c172a,extracted,derived/text/69ebe3e54e5c0ef91f5a5aa0e929619d59629c6c27ba7c9ce0af2c2dea2c172a.txt,83199,pypdf
LIVE_RESEARCH_UPDATES/Physics.19.120.pdf,LIVE_RESEARCH_UPDATES,pdf,.pdf,75459,c609fa471a672bd6f1ebfa93568aceddd6280f839f3f41721208ca2d201f2ddf,extracted,derived/text/c609fa471a672bd6f1ebfa93568aceddd6280f839f3f41721208ca2d201f2ddf.txt,8261,pypdf
LIVE_RESEARCH_UPDATES/PhysRevD.80.065020.pdf,LIVE_RESEARCH_UPDATES,pdf,.pdf,1057795,b597e36c5f4d2c0586071c1693480693737f8b43e426c047cd0b946074de063f,extracted,derived/text/b597e36c5f4d2c0586071c1693480693737f8b43e426c047cd0b946074de063f.txt,56090,pypdf
LIVE_RESEARCH_UPDATES/rnx6-wqpf.pdf,LIVE_RESEARCH_UPDATES,pdf,.pdf,296600,ac2dc48b7e8709c0f71eb078712d16eb6f4a5e072df0d61dc8ef75ae6341a0e2,extracted,derived/text/ac2dc48b7e8709c0f71eb078712d16eb6f4a5e072df0d61dc8ef75ae6341a0e2.txt,38320,pypdf
LIVE_RESEARCH_UPDATES/rspa.2025.0413.pdf,LIVE_RESEARCH_UPDATES,pdf,.pdf,1088089,d4affed459e167c3a802706bbee8fbab6116faf3926162ff1cfc5bfe27fa93c2,extracted,derived/text/d4affed459e167c3a802706bbee8fbab6116faf3926162ff1cfc5bfe27fa93c2.txt,67792,pypdf
LIVE_RESEARCH_UPDATES/s41467-026-76389-4_reference.pdf,LIVE_RESEARCH_UPDATES,pdf,.pdf,13510559,f173b0840e4b1d04f9049771b8698a1a13560e00baabfcff318acc1d119d9aab,extracted,derived/text/f173b0840e4b1d04f9049771b8698a1a13560e00baabfcff318acc1d119d9aab.txt,32773,pypdf
LIVE_RESEARCH_UPDATES/s41586-026-10904-x.pdf,LIVE_RESEARCH_UPDATES,pdf,.pdf,10478424,09172367691a0cc4af8d4645dd05f9b5d4aa2e0a764380c563bdc97971bf8141,extracted,derived/text/09172367691a0cc4af8d4645dd05f9b5d4aa2e0a764380c563bdc97971bf8141.txt,107485,pypdf
LIVE_RESEARCH_UPDATES/universe-12-00002-v2.pdf,LIVE_RESEARCH_UPDATES,pdf,.pdf,2145588,2435c42f2ecb4677d71d7260360edacf32edcc7f799a2ecd6143d3f721c61681,extracted,derived/text/2435c42f2ecb4677d71d7260360edacf32edcc7f799a2ecd6143d3f721c61681.txt,54133,pypdf
LIVE_RESEARCH_UPDATES/w1sd-v69d.pdf,LIVE_RESEARCH_UPDATES,pdf,.pdf,764891,f9139507c03a4a58d03a5f43d82a02d8db1bd64b21fb4eaebd648121be8422cd,extracted,derived/text/f9139507c03a4a58d03a5f43d82a02d8db1bd64b21fb4eaebd648121be8422cd.txt,60179,pypdf
LIVE_RESEARCH_UPDATES/w6x5-cwbm.pdf,LIVE_RESEARCH_UPDATES,pdf,.pdf,972097,770b59cad0400c9547f4782bca63757169f7a6f63b2b74ec2b38ce693f3b9dc5,extracted,derived/text/770b59cad0400c9547f4782bca63757169f7a6f63b2b74ec2b38ce693f3b9dc5.txt,40905,pypdf
OUTSIDE RESEARCH LIBRARY/CONTEMPORARY RESEARCH/2608.23220v1.pdf,OUTSIDE RESEARCH LIBRARY/CONTEMPORARY RESEARCH,pdf,.pdf,248710,02c2b6f97750be5411d8fa6a7df126ab1d29e6023a786cda3c305d3c25311f0c,extracted,derived/text/02c2b6f97750be5411d8fa6a7df126ab1d29e6023a786cda3c305d3c25311f0c.txt,34736,pypdf
OUTSIDE RESEARCH LIBRARY/CONTEMPORARY RESEARCH/2608.23496v1.pdf,OUTSIDE RESEARCH LIBRARY/CONTEMPORARY RESEARCH,pdf,.pdf,1466578,4af9bca832587f5bcee8ff41185b90358964a7902fd3d931bc55e72cbea22f7c,extracted,derived/text/4af9bca832587f5bcee8ff41185b90358964a7902fd3d931bc55e72cbea22f7c.txt,69286,pypdf
OUTSIDE RESEARCH LIBRARY/CONTEMPORARY RESEARCH/2608.24002v1.pdf,OUTSIDE RESEARCH LIBRARY/CONTEMPORARY RESEARCH,pdf,.pdf,3104833,62b66317da58231100f02164b8d0a17d0acaf91bd481474d531dd889cd4daedc,extracted,derived/text/62b66317da58231100f02164b8d0a17d0acaf91bd481474d531dd889cd4daedc.txt,147264,pypdf
OUTSIDE RESEARCH LIBRARY/CONTEMPORARY RESEARCH/2608.24108v1.pdf,OUTSIDE RESEARCH LIBRARY/CONTEMPORARY RESEARCH,pdf,.pdf,1265281,c79b32a31fea28a6ac9479b1e68a62013037975c0e871d573c94d24074239ca2,extracted,derived/text/c79b32a31fea28a6ac9479b1e68a62013037975c0e871d573c94d24074239ca2.txt,30080,pypdf
OUTSIDE RESEARCH LIBRARY/CONTEMPORARY RESEARCH/2608.24675v1.pdf,OUTSIDE RESEARCH LIBRARY/CONTEMPORARY RESEARCH,pdf,.pdf,730318,4a7e7617625d1a67676570787bff7b3c8e5c628696900638576463d9ad502d54,extracted,derived/text/4a7e7617625d1a67676570787bff7b3c8e5c628696900638576463d9ad502d54.txt,35888,pypdf
OUTSIDE RESEARCH LIBRARY/CONTEMPORARY RESEARCH/2608.24796v1.pdf,OUTSIDE RESEARCH LIBRARY/CONTEMPORARY RESEARCH,pdf,.pdf,437344,c14909a5a79a4b262a590e6dce56050a8cbb446b7c3fd552a66329a8888a8203,extracted,derived/text/c14909a5a79a4b262a590e6dce56050a8cbb446b7c3fd552a66329a8888a8203.txt,61750,pypdf
OUTSIDE RESEARCH LIBRARY/CONTEMPORARY RESEARCH/2608.24800v1.pdf,OUTSIDE RESEARCH LIBRARY/CONTEMPORARY RESEARCH,pdf,.pdf,396576,8b63782d2b09f73c56c430e4a4d353df745d11347c2364ece8af866ca2632c5a,extracted,derived/text/8b63782d2b09f73c56c430e4a4d353df745d11347c2364ece8af866ca2632c5a.txt,31708,pypdf
OUTSIDE RESEARCH LIBRARY/CONTEMPORARY RESEARCH/2608.25563v1.pdf,OUTSIDE RESEARCH LIBRARY/CONTEMPORARY RESEARCH,pdf,.pdf,5061566,13d02e50602311b93a6a08f255729b079be41a39429b6d1b42adeb44148d228e,extracted,derived/text/13d02e50602311b93a6a08f255729b079be41a39429b6d1b42adeb44148d228e.txt,56774,pypdf
OUTSIDE RESEARCH LIBRARY/CONTEMPORARY RESEARCH/2608.25722v1.pdf,OUTSIDE RESEARCH LIBRARY/CONTEMPORARY RESEARCH,pdf,.pdf,431654,9433dbf06997590ecc9303203de01b85ec02d4915a16374adb8ab492020e9a55,extracted,derived/text/9433dbf06997590ecc9303203de01b85ec02d4915a16374adb8ab492020e9a55.txt,56341,pypdf
OUTSIDE RESEARCH LIBRARY/CONTEMPORARY RESEARCH/2608.26020v1.pdf,OUTSIDE RESEARCH LIBRARY/CONTEMPORARY RESEARCH,pdf,.pdf,910932,3a61c5c6dd200903acdf554cb65a97402f68b67cdc7b54f9a98208ad6d420e05,extracted,derived/text/3a61c5c6dd200903acdf554cb65a97402f68b67cdc7b54f9a98208ad6d420e05.txt,43761,pypdf
OUTSIDE RESEARCH LIBRARY/CONTEMPORARY RESEARCH/2608.26096v1.pdf,OUTSIDE RESEARCH LIBRARY/CONTEMPORARY RESEARCH,pdf,.pdf,597297,2f3485d0af7c8549789ea1e3163015709061dfb746cf8dc402c204364ed7a067,extracted,derived/text/2f3485d0af7c8549789ea1e3163015709061dfb746cf8dc402c204364ed7a067.txt,58742,pypdf
OUTSIDE RESEARCH LIBRARY/CONTEMPORARY RESEARCH/2608.26242v1.pdf,OUTSIDE RESEARCH LIBRARY/CONTEMPORARY RESEARCH,pdf,.pdf,1395545,82f00f0d12716ea7218f386a405b1aa1b9de2230cb089270c592aa594780fed8,extracted,derived/text/82f00f0d12716ea7218f386a405b1aa1b9de2230cb089270c592aa594780fed8.txt,226045,pypdf
OUTSIDE RESEARCH LIBRARY/CONTEMPORARY RESEARCH/2608.26472v2.pdf,OUTSIDE RESEARCH LIBRARY/CONTEMPORARY RESEARCH,pdf,.pdf,418117,fac505c4afcfcfd450de51b0a756657c66fe5199a2058ded032ba928fd88c485,extracted,derived/text/fac505c4afcfcfd450de51b0a756657c66fe5199a2058ded032ba928fd88c485.txt,34164,pypdf
OUTSIDE RESEARCH LIBRARY/CONTEMPORARY RESEARCH/2608.26997v1.pdf,OUTSIDE RESEARCH LIBRARY/CONTEMPORARY RESEARCH,pdf,.pdf,834998,3887cf972d4c868204e3bdb1fc4473bd37150203bd368174b67a14caaa8a721a,extracted,derived/text/3887cf972d4c868204e3bdb1fc4473bd37150203bd368174b67a14caaa8a721a.txt,52252,pypdf
OUTSIDE RESEARCH LIBRARY/CONTEMPORARY RESEARCH/2608.27014v1.pdf,OUTSIDE RESEARCH LIBRARY/CONTEMPORARY RESEARCH,pdf,.pdf,314154,9b8130706086099d9c018ea712451ca09768db4e88d3a3e2b644f666329afc66,extracted,derived/text/9b8130706086099d9c018ea712451ca09768db4e88d3a3e2b644f666329afc66.txt,28703,pypdf
OUTSIDE RESEARCH LIBRARY/CONTEMPORARY RESEARCH/2608.27297v1.pdf,OUTSIDE RESEARCH LIBRARY/CONTEMPORARY RESEARCH,pdf,.pdf,312320,1781e870ad41a28a72b2b8d42c84a749285537155b03a5f62d018ea6d8fded7d,extracted,derived/text/1781e870ad41a28a72b2b8d42c84a749285537155b03a5f62d018ea6d8fded7d.txt,28226,pypdf
OUTSIDE RESEARCH LIBRARY/CONTEMPORARY RESEARCH/2608.27640v1.pdf,OUTSIDE RESEARCH LIBRARY/CONTEMPORARY RESEARCH,pdf,.pdf,399065,2769c6029e1d24aad31fa38a9e7077bded1867afe9a54603838d6a231ef99041,extracted,derived/text/2769c6029e1d24aad31fa38a9e7077bded1867afe9a54603838d6a231ef99041.txt,16515,pypdf
OUTSIDE RESEARCH LIBRARY/CONTEMPORARY RESEARCH/2608.27721v1.pdf,OUTSIDE RESEARCH LIBRARY/CONTEMPORARY RESEARCH,pdf,.pdf,1076377,23d3aa8449c5f803d2726913073ff3aedfd23bdc2756c2ddb7607c0f5393d323,extracted,derived/text/23d3aa8449c5f803d2726913073ff3aedfd23bdc2756c2ddb7607c0f5393d323.txt,46065,pypdf
OUTSIDE RESEARCH LIBRARY/CONTEMPORARY RESEARCH/2608.27900v1.pdf,OUTSIDE RESEARCH LIBRARY/CONTEMPORARY RESEARCH,pdf,.pdf,2430766,e5897dc100d8870fb66ba0c14ad460843ca32b9042cf34f74e587b114ba3c4ce,extracted,derived/text/e5897dc100d8870fb66ba0c14ad460843ca32b9042cf34f74e587b114ba3c4ce.txt,52669,pypdf
OUTSIDE RESEARCH LIBRARY/CONTEMPORARY RESEARCH/2608.28751v1.pdf,OUTSIDE RESEARCH LIBRARY/CONTEMPORARY RESEARCH,pdf,.pdf,563302,e3d66a550a639c3d0f62e6e6f08be094fb0dfd79c486c95baf6a01f5115c0e16,extracted,derived/text/e3d66a550a639c3d0f62e6e6f08be094fb0dfd79c486c95baf6a01f5115c0e16.txt,20806,pypdf
OUTSIDE RESEARCH LIBRARY/CONTEMPORARY RESEARCH/2608.28789v1.pdf,OUTSIDE RESEARCH LIBRARY/CONTEMPORARY RESEARCH,pdf,.pdf,7149287,73c4c7983fc8a14607631bf681d09ca76abdc326e9c60cd55b7e13c3d6e82d5b,extracted,derived/text/73c4c7983fc8a14607631bf681d09ca76abdc326e9c60cd55b7e13c3d6e82d5b.txt,48911,pypdf
OUTSIDE RESEARCH LIBRARY/CONTEMPORARY RESEARCH/2608.28850v1.pdf,OUTSIDE RESEARCH LIBRARY/CONTEMPORARY RESEARCH,pdf,.pdf,825768,2c082c34ac0fd352fbbf0fc6e6a44a425b9fec7f2893d30c1661627a47ca4c47,extracted,derived/text/2c082c34ac0fd352fbbf0fc6e6a44a425b9fec7f2893d30c1661627a47ca4c47.txt,38367,pypdf
OUTSIDE RESEARCH LIBRARY/CONTEMPORARY RESEARCH/2608.28901v1.pdf,OUTSIDE RESEARCH LIBRARY/CONTEMPORARY RESEARCH,pdf,.pdf,382653,7f8992f9ec55e439e4e7720fbaeeaa21c0fad69deb508ee5a39d9a2e6f8e2ca2,extracted,derived/text/7f8992f9ec55e439e4e7720fbaeeaa21c0fad69deb508ee5a39d9a2e6f8e2ca2.txt,27114,pypdf
OUTSIDE RESEARCH LIBRARY/CONTEMPORARY RESEARCH/2608.29277v1.pdf,OUTSIDE RESEARCH LIBRARY/CONTEMPORARY RESEARCH,pdf,.pdf,834616,2b312d4231168ffec0cb01acd07beda11521cd0372f74522d85baa886207cf26,extracted,derived/text/2b312d4231168ffec0cb01acd07beda11521cd0372f74522d85baa886207cf26.txt,46349,pypdf
OUTSIDE RESEARCH LIBRARY/CONTEMPORARY RESEARCH/2608.29402v1.pdf,OUTSIDE RESEARCH LIBRARY/CONTEMPORARY RESEARCH,pdf,.pdf,725470,5c6cc73c66909b1f7adefac50985fad7d3b3f5d1f372083576d00d62a5d64a31,extracted,derived/text/5c6cc73c66909b1f7adefac50985fad7d3b3f5d1f372083576d00d62a5d64a31.txt,98722,pypdf
OUTSIDE RESEARCH LIBRARY/CONTEMPORARY RESEARCH/2608.29594v1.pdf,OUTSIDE RESEARCH LIBRARY/CONTEMPORARY RESEARCH,pdf,.pdf,502077,706fbffde9fc99152b540783f3b8494969d6749200a41292ccb13f6e19cc065d,extracted,derived/text/706fbffde9fc99152b540783f3b8494969d6749200a41292ccb13f6e19cc065d.txt,88702,pypdf
OUTSIDE RESEARCH LIBRARY/CONTEMPORARY RESEARCH/2608.29718v1.pdf,OUTSIDE RESEARCH LIBRARY/CONTEMPORARY RESEARCH,pdf,.pdf,1530095,721f5d50f3a36c6181890e1baafca39d7a1765e6facd470ccf351e254454f784,extracted,derived/text/721f5d50f3a36c6181890e1baafca39d7a1765e6facd470ccf351e254454f784.txt,55838,pypdf
OUTSIDE RESEARCH LIBRARY/CONTEMPORARY RESEARCH/2608.29727v1.pdf,OUTSIDE RESEARCH LIBRARY/CONTEMPORARY RESEARCH,pdf,.pdf,879249,4e767456f7b3dd63515d9e4435c673910786aff162831335db8ceeadea72b3bc,extracted,derived/text/4e767456f7b3dd63515d9e4435c673910786aff162831335db8ceeadea72b3bc.txt,75819,pypdf
OUTSIDE RESEARCH LIBRARY/CONTEMPORARY RESEARCH/2608.29801v1.pdf,OUTSIDE RESEARCH LIBRARY/CONTEMPORARY RESEARCH,pdf,.pdf,553300,e371c227d4c5818fb59bc95932010304464219046a7c3ba6acb39d6be658c4ec,extracted,derived/text/e371c227d4c5818fb59bc95932010304464219046a7c3ba6acb39d6be658c4ec.txt,28082,pypdf
OUTSIDE RESEARCH LIBRARY/CONTEMPORARY RESEARCH/2608.30049v1.pdf,OUTSIDE RESEARCH LIBRARY/CONTEMPORARY RESEARCH,pdf,.pdf,4131275,d1a1d1fdf1fa92217a571570acdc7e50097b4f6500bed95660be8d0d33f25a97,extracted,derived/text/d1a1d1fdf1fa92217a571570acdc7e50097b4f6500bed95660be8d0d33f25a97.txt,54441,pypdf
OUTSIDE RESEARCH LIBRARY/CONTEMPORARY RESEARCH/2608.30075v1.pdf,OUTSIDE RESEARCH LIBRARY/CONTEMPORARY RESEARCH,pdf,.pdf,665696,85a614d117a6e085d629e6601f74e9e446ec6186a3f40d825afaf6c13bd0dd87,extracted,derived/text/85a614d117a6e085d629e6601f74e9e446ec6186a3f40d825afaf6c13bd0dd87.txt,57251,pypdf
OUTSIDE RESEARCH LIBRARY/CONTEMPORARY RESEARCH/2608.30154v1.pdf,OUTSIDE RESEARCH LIBRARY/CONTEMPORARY RESEARCH,pdf,.pdf,975293,a3ea961d8de088c38fe411a794101309a9af023ae77bec6b170fc47e55b67f39,extracted,derived/text/a3ea961d8de088c38fe411a794101309a9af023ae77bec6b170fc47e55b67f39.txt,104586,pypdf
OUTSIDE RESEARCH LIBRARY/CONTEMPORARY RESEARCH/2608.30169v1.pdf,OUTSIDE RESEARCH LIBRARY/CONTEMPORARY RESEARCH,pdf,.pdf,1331716,f7a5fb1ad6c6833c1854d24c4f14b1a98431f77e51e19c2e27fd8879b407d607,extracted,derived/text/f7a5fb1ad6c6833c1854d24c4f14b1a98431f77e51e19c2e27fd8879b407d607.txt,32016,pypdf
OUTSIDE RESEARCH LIBRARY/CONTEMPORARY RESEARCH/2608.31039v1.pdf,OUTSIDE RESEARCH LIBRARY/CONTEMPORARY RESEARCH,pdf,.pdf,650994,90cc198fbe504e4e227396b8475294b7d9fccf17485f42d1a74ab3e8de46cf85,extracted,derived/text/90cc198fbe504e4e227396b8475294b7d9fccf17485f42d1a74ab3e8de46cf85.txt,26021,pypdf
OUTSIDE RESEARCH LIBRARY/CONTEMPORARY RESEARCH/2609.00980v1.pdf,OUTSIDE RESEARCH LIBRARY/CONTEMPORARY RESEARCH,pdf,.pdf,917404,4bc06b52523bb7505d1d70e9eb20507656bd56455526434f9ef8859092249aa3,extracted,derived/text/4bc06b52523bb7505d1d70e9eb20507656bd56455526434f9ef8859092249aa3.txt,45367,pypdf
OUTSIDE RESEARCH LIBRARY/CONTEMPORARY RESEARCH/2609.01332v1.pdf,OUTSIDE RESEARCH LIBRARY/CONTEMPORARY RESEARCH,pdf,.pdf,388197,8865725468ed64332829c8a1e1219253b7ac0ffab78d7d136f2c0fe53570b06a,extracted,derived/text/8865725468ed64332829c8a1e1219253b7ac0ffab78d7d136f2c0fe53570b06a.txt,35565,pypdf
OUTSIDE RESEARCH LIBRARY/CONTEMPORARY RESEARCH/2609.01714v1.pdf,OUTSIDE RESEARCH LIBRARY/CONTEMPORARY RESEARCH,pdf,.pdf,458818,f89d2cf29d93840e218828464d0ea455ccf9f126ceb3e7baea399726be5ffbd5,extracted,derived/text/f89d2cf29d93840e218828464d0ea455ccf9f126ceb3e7baea399726be5ffbd5.txt,56966,pypdf
OUTSIDE RESEARCH LIBRARY/CONTEMPORARY RESEARCH/2609.01720v1.pdf,OUTSIDE RESEARCH LIBRARY/CONTEMPORARY RESEARCH,pdf,.pdf,523717,9647e75e9f8c9c46c42b156151d5c7112e6720abd7b6b0b71eb8c9f2c61092ec,extracted,derived/text/9647e75e9f8c9c46c42b156151d5c7112e6720abd7b6b0b71eb8c9f2c61092ec.txt,66481,pypdf
OUTSIDE RESEARCH LIBRARY/CONTEMPORARY RESEARCH/2609.02009v1.pdf,OUTSIDE RESEARCH LIBRARY/CONTEMPORARY RESEARCH,pdf,.pdf,1924077,8c0e07898e5eaed8f5d3fa31bbe761d8284946e74c9695e1195df913d9a05f69,extracted,derived/text/8c0e07898e5eaed8f5d3fa31bbe761d8284946e74c9695e1195df913d9a05f69.txt,45345,pypdf
OUTSIDE RESEARCH LIBRARY/CONTEMPORARY RESEARCH/2609.03001v1.pdf,OUTSIDE RESEARCH LIBRARY/CONTEMPORARY RESEARCH,pdf,.pdf,788954,a1fa3d81877b2cb1c49429ca22737d114ffb6eca95f319062c26407c39f77272,extracted,derived/text/a1fa3d81877b2cb1c49429ca22737d114ffb6eca95f319062c26407c39f77272.txt,80092,pypdf
OUTSIDE RESEARCH LIBRARY/CONTEMPORARY RESEARCH/2609.03260v1.pdf,OUTSIDE RESEARCH LIBRARY/CONTEMPORARY RESEARCH,pdf,.pdf,351116,809e070bf8bdbfc4af1e2d1d4cf41f6ef27aee14df0d019e92e7886c2b1942f3,extracted,derived/text/809e070bf8bdbfc4af1e2d1d4cf41f6ef27aee14df0d019e92e7886c2b1942f3.txt,26184,pypdf
OUTSIDE RESEARCH LIBRARY/CONTEMPORARY RESEARCH/2609.03409v1.pdf,OUTSIDE RESEARCH LIBRARY/CONTEMPORARY RESEARCH,pdf,.pdf,566846,ab4d5c2f9418206d52c344ab25419bbde18c5bebbfa312edcae5c50ff0f144b9,extracted,derived/text/ab4d5c2f9418206d52c344ab25419bbde18c5bebbfa312edcae5c50ff0f144b9.txt,50877,pypdf
OUTSIDE RESEARCH LIBRARY/CONTEMPORARY RESEARCH/2609.03983v1.pdf,OUTSIDE RESEARCH LIBRARY/CONTEMPORARY RESEARCH,pdf,.pdf,248592,b27970447163e24488bc2e15cb318e613a0d75f4baaec52e845f4301b7b0848d,extracted,derived/text/b27970447163e24488bc2e15cb318e613a0d75f4baaec52e845f4301b7b0848d.txt,18289,pypdf
OUTSIDE RESEARCH LIBRARY/CONTEMPORARY RESEARCH/2609.04053v1.pdf,OUTSIDE RESEARCH LIBRARY/CONTEMPORARY RESEARCH,pdf,.pdf,410195,7ca918db705b9c08a9e72d737409a79de644f75ded01f49a20c2811738bb9773,extracted,derived/text/7ca918db705b9c08a9e72d737409a79de644f75ded01f49a20c2811738bb9773.txt,88969,pypdf
OUTSIDE RESEARCH LIBRARY/CONTEMPORARY RESEARCH/2609.04192v1.pdf,OUTSIDE RESEARCH LIBRARY/CONTEMPORARY RESEARCH,pdf,.pdf,4648314,2dfa490f401a0548c5f68026458a5fb6019fdc87b7037798237aebf5d499b4d3,extracted,derived/text/2dfa490f401a0548c5f68026458a5fb6019fdc87b7037798237aebf5d499b4d3.txt,98291,pypdf
OUTSIDE RESEARCH LIBRARY/CONTEMPORARY RESEARCH/2609.05164v1.pdf,OUTSIDE RESEARCH LIBRARY/CONTEMPORARY RESEARCH,pdf,.pdf,504062,b146aac5347e435b0ea911f3d191a5992e4507c4b0f7a51b6c1309e72292cb8a,extracted,derived/text/b146aac5347e435b0ea911f3d191a5992e4507c4b0f7a51b6c1309e72292cb8a.txt,31867,pypdf
OUTSIDE RESEARCH LIBRARY/SCIENCE NEWS/0512012v1.pdf,OUTSIDE RESEARCH LIBRARY/SCIENCE NEWS,pdf,.pdf,733904,60aa04afd73906bd831556d6152e3603be5916c9c586eaf1c9df2bab45c667d7,extracted,derived/text/60aa04afd73906bd831556d6152e3603be5916c9c586eaf1c9df2bab45c667d7.txt,154741,pypdf
OUTSIDE RESEARCH LIBRARY/SCIENCE NEWS/589s-s1yy.pdf,OUTSIDE RESEARCH LIBRARY/SCIENCE NEWS,pdf,.pdf,12431006,63c3435b2fd525afcf8672db37bdb8e2b0438550a57a3fb9aea4f53ce3208a4c,extracted,derived/text/63c3435b2fd525afcf8672db37bdb8e2b0438550a57a3fb9aea4f53ce3208a4c.txt,89216,pypdf
OUTSIDE RESEARCH LIBRARY/SCIENCE NEWS/6dt2-sq44.pdf,OUTSIDE RESEARCH LIBRARY/SCIENCE NEWS,pdf,.pdf,1193735,5507eaede9f2237fd272598086971096f1557543474151213156ff5d0a25a77e,extracted,derived/text/5507eaede9f2237fd272598086971096f1557543474151213156ff5d0a25a77e.txt,58630,pypdf
OUTSIDE RESEARCH LIBRARY/SCIENCE NEWS/A new hypothesis could connect two of physics’ greatest mysteries_ dark energy and quantum gravity - Copy.pdf,OUTSIDE RESEARCH LIBRARY/SCIENCE NEWS,pdf,.pdf,1804814,90316b0cfebb35db92065020670ed6603b904c3d87d3dba5b6bc2b217d1919ac,extracted,derived/text/90316b0cfebb35db92065020670ed6603b904c3d87d3dba5b6bc2b217d1919ac.txt,2344,pypdf
OUTSIDE RESEARCH LIBRARY/SCIENCE NEWS/A new hypothesis could connect two of physics’ greatest mysteries_ dark energy and quantum gravity.pdf,OUTSIDE RESEARCH LIBRARY/SCIENCE NEWS,pdf,.pdf,1804814,90316b0cfebb35db92065020670ed6603b904c3d87d3dba5b6bc2b217d1919ac,extracted,derived/text/90316b0cfebb35db92065020670ed6603b904c3d87d3dba5b6bc2b217d1919ac.txt,2344,pypdf
OUTSIDE RESEARCH LIBRARY/SCIENCE NEWS/A simple discovery is shaking the foundations of spintronics _ ScienceDaily - Copy.pdf,OUTSIDE RESEARCH LIBRARY/SCIENCE NEWS,pdf,.pdf,1846769,5029c5a37bbbbd19b57d24f1228ff306a7ea6e632a8e60c2f7d13dff5fe93873,extracted,derived/text/5029c5a37bbbbd19b57d24f1228ff306a7ea6e632a8e60c2f7d13dff5fe93873.txt,8157,pypdf
OUTSIDE RESEARCH LIBRARY/SCIENCE NEWS/A simple discovery is shaking the foundations of spintronics _ ScienceDaily.pdf,OUTSIDE RESEARCH LIBRARY/SCIENCE NEWS,pdf,.pdf,1846769,5029c5a37bbbbd19b57d24f1228ff306a7ea6e632a8e60c2f7d13dff5fe93873,extracted,derived/text/5029c5a37bbbbd19b57d24f1228ff306a7ea6e632a8e60c2f7d13dff5fe93873.txt,8157,pypdf
OUTSIDE RESEARCH LIBRARY/SCIENCE NEWS/acs.jchemed.6c00141.pdf,OUTSIDE RESEARCH LIBRARY/SCIENCE NEWS,pdf,.pdf,4719077,85b97aaeb60e9d6963fb3ad00f0b8e1359c0c9ac8474a0cf8efb0dfd369d4838,extracted,derived/text/85b97aaeb60e9d6963fb3ad00f0b8e1359c0c9ac8474a0cf8efb0dfd369d4838.txt,41466,pypdf
OUTSIDE RESEARCH LIBRARY/SCIENCE NEWS/ANALYSIS - NEWS + THEORY.txt,OUTSIDE RESEARCH LIBRARY/SCIENCE NEWS,text,.txt,13005,23b4f2feeb20192662c43d839de47fb6226678e606101f7db6fb30892453da26,native_text,OUTSIDE RESEARCH LIBRARY/SCIENCE NEWS/ANALYSIS - NEWS + THEORY.txt,10771,native
OUTSIDE RESEARCH LIBRARY/SCIENCE NEWS/ARGUS H(s)H Archive Audit — raw.json,OUTSIDE RESEARCH LIBRARY/SCIENCE NEWS,text,.json,282163,04bb5d2eacc937bed391f7fa7f20c513107f3b53bc9a63b81f426161ad336d38,native_text,OUTSIDE RESEARCH LIBRARY/SCIENCE NEWS/ARGUS H(s)H Archive Audit — raw.json,193472,native
OUTSIDE RESEARCH LIBRARY/SCIENCE NEWS/Caltech startup unveils physics AI that skips transformers_ No benchmark proof yet.pdf,OUTSIDE RESEARCH LIBRARY/SCIENCE NEWS,pdf,.pdf,1112359,8a2629b53fa64320be96d33246ee317d3e3bb315404a9b0189b670dabc6608ef,extracted,derived/text/8a2629b53fa64320be96d33246ee317d3e3bb315404a9b0189b670dabc6608ef.txt,2557,pypdf
OUTSIDE RESEARCH LIBRARY/SCIENCE NEWS/Can AI find physics beyond the standard model_.pdf,OUTSIDE RESEARCH LIBRARY/SCIENCE NEWS,pdf,.pdf,4006830,72f21ed12d5a937c95540dace2700bc5b190a6132cf89691bc9a4b2d79440193,extracted,derived/text/72f21ed12d5a937c95540dace2700bc5b190a6132cf89691bc9a4b2d79440193.txt,28756,pypdf
OUTSIDE RESEARCH LIBRARY/SCIENCE NEWS/Chemical physicists quantitatively model electron interactions in real quantum materials.pdf,OUTSIDE RESEARCH LIBRARY/SCIENCE NEWS,pdf,.pdf,403955,c67b1ea2074323cacb208fb9e9ec58225631741765fa3c02129676b1bc07f2d4,extracted,derived/text/c67b1ea2074323cacb208fb9e9ec58225631741765fa3c02129676b1bc07f2d4.txt,6402,pypdf
OUTSIDE RESEARCH LIBRARY/SCIENCE NEWS/In-orbit test of the weak equivalence principle with atom interferometry _ Science Advances.pdf,OUTSIDE RESEARCH LIBRARY/SCIENCE NEWS,pdf,.pdf,7154984,5c77accbb898d3eb196f4e56c171c7a62f0e841adb6fafe73545f8b7005ad4a1,extracted,derived/text/5c77accbb898d3eb196f4e56c171c7a62f0e841adb6fafe73545f8b7005ad4a1.txt,48368,pypdf
OUTSIDE RESEARCH LIBRARY/SCIENCE NEWS/Jaiumungle + Janna Levin.txt,OUTSIDE RESEARCH LIBRARY/SCIENCE NEWS,text,.txt,137097,1661c24e4e073f95e37616b230f33dce2e0a38d39dc7307a9305b15e07ed7ff3,native_text,OUTSIDE RESEARCH LIBRARY/SCIENCE NEWS/Jaiumungle + Janna Levin.txt,107850,native
OUTSIDE RESEARCH LIBRARY/SCIENCE NEWS/k41k-2pnc.pdf,OUTSIDE RESEARCH LIBRARY/SCIENCE NEWS,pdf,.pdf,1654459,325df60a77e33a80b5652f3870c46002c675f270f37904c219b0bd000cb711a6,extracted,derived/text/325df60a77e33a80b5652f3870c46002c675f270f37904c219b0bd000cb711a6.txt,36878,pypdf
OUTSIDE RESEARCH LIBRARY/SCIENCE NEWS/Long-predicted gravitational effect seen in a quantum object for the very first time – Einstein’s theory passes another crucial test.pdf,OUTSIDE RESEARCH LIBRARY/SCIENCE NEWS,pdf,.pdf,1384921,207e00a4518cb4ef5b8011edae00ddb2fc4b37eb7d5c460c60939275ddf7b3ea,extracted,derived/text/207e00a4518cb4ef5b8011edae00ddb2fc4b37eb7d5c460c60939275ddf7b3ea.txt,5679,pypdf
OUTSIDE RESEARCH LIBRARY/SCIENCE NEWS/NEWS - APOD 2016 February 11 - LIGO Detects Gravitational Waves from Merging Black Holes.pdf,OUTSIDE RESEARCH LIBRARY/SCIENCE NEWS,pdf,.pdf,1093379,fe09a8fdb3ebb91ea435850a6f5cacfac1e69159e111ed777833604869d4f40e,extracted,derived/text/fe09a8fdb3ebb91ea435850a6f5cacfac1e69159e111ed777833604869d4f40e.txt,1805,pypdf
OUTSIDE RESEARCH LIBRARY/SCIENCE NEWS/NEWS - BROADER SCIENCE.txt,OUTSIDE RESEARCH LIBRARY/SCIENCE NEWS,text,.txt,13005,23b4f2feeb20192662c43d839de47fb6226678e606101f7db6fb30892453da26,native_text,OUTSIDE RESEARCH LIBRARY/SCIENCE NEWS/NEWS - BROADER SCIENCE.txt,10771,native
OUTSIDE RESEARCH LIBRARY/SCIENCE NEWS/NEWS - Grand Unification Theories And Supersymmetry  Physics  Research Starters  EBS.pdf,OUTSIDE RESEARCH LIBRARY/SCIENCE NEWS,pdf,.pdf,212049,158d07522cd6dfa1cd648bf3b9e55b551ae6977c97ad46966e5b54dda59eaeec,extracted,derived/text/158d07522cd6dfa1cd648bf3b9e55b551ae6977c97ad46966e5b54dda59eaeec.txt,22259,pypdf
OUTSIDE RESEARCH LIBRARY/SCIENCE NEWS/NEWS - GWTC4-Events-Poster-Landscape.jpeg,OUTSIDE RESEARCH LIBRARY/SCIENCE NEWS,image,.jpeg,2977565,9d5b0999c3ee829cb2beccd52cbac8cca1c6ff3f57c9b47033106c319c7bfc4a,extracted,derived/image_text/9d5b0999c3ee829cb2beccd52cbac8cca1c6ff3f57c9b47033106c319c7bfc4a.txt,3926,tesseract
OUTSIDE RESEARCH LIBRARY/SCIENCE NEWS/NEWS - LATE MAY NEWS.txt,OUTSIDE RESEARCH LIBRARY/SCIENCE NEWS,text,.txt,193354,cca18c1904fc4dd5df3c1e54e206c865c0f130d188a39d29393e86d363b6314f,native_text,OUTSIDE RESEARCH LIBRARY/SCIENCE NEWS/NEWS - LATE MAY NEWS.txt,162713,native
OUTSIDE RESEARCH LIBRARY/SCIENCE NEWS/NEWS - October News - Polish Gangs Hunt PUAs after Tom Torero Killer Strikes Again - Th.pdf,OUTSIDE RESEARCH LIBRARY/SCIENCE NEWS,pdf,.pdf,7825811,5ee2b55933bbc1da081386a76cb2d0e415276ddce50a5d7b43d831122607f2c8,extracted,derived/text/5ee2b55933bbc1da081386a76cb2d0e415276ddce50a5d7b43d831122607f2c8.txt,70631,pypdf
OUTSIDE RESEARCH LIBRARY/SCIENCE NEWS/NEWS - Taking dark energy out of the equation Mathematicians challenge the standard cosmological model of the universe.pdf,OUTSIDE RESEARCH LIBRARY/SCIENCE NEWS,pdf,.pdf,188943,de5ac4dc666eaee37e6191de0a6ecf64021192d9cac85f25cc561a0f12ad7557,extracted,derived/text/de5ac4dc666eaee37e6191de0a6ecf64021192d9cac85f25cc561a0f12ad7557.txt,6906,pypdf
OUTSIDE RESEARCH LIBRARY/SCIENCE NEWS/NEWS - Ten windows on the future of particle physics – CERN Courier.pdf,OUTSIDE RESEARCH LIBRARY/SCIENCE NEWS,pdf,.pdf,1532190,984a23f3cf547585a154e9e80303f1e4c49143a9883651148e806c2fbe1f0410,extracted,derived/text/984a23f3cf547585a154e9e80303f1e4c49143a9883651148e806c2fbe1f0410.txt,17188,pypdf
OUTSIDE RESEARCH LIBRARY/SCIENCE NEWS/NEWS NAV-STOKE.txt,OUTSIDE RESEARCH LIBRARY/SCIENCE NEWS,text,.txt,22869,24c2a42bf425949d721c4d917f5f42c2e2024d50d87752faa74220ce23d78e03,native_text,OUTSIDE RESEARCH LIBRARY/SCIENCE NEWS/NEWS NAV-STOKE.txt,18695,native
OUTSIDE RESEARCH LIBRARY/SCIENCE NEWS/Oak Ridge solves why thermal cycling degrades quantum magnets_ Spin physics at fault - Copy.pdf,OUTSIDE RESEARCH LIBRARY/SCIENCE NEWS,pdf,.pdf,2197799,778cffa3a62d2c01965ac5598ab27f1f291945833328ec14bb13db96e6a11382,extracted,derived/text/778cffa3a62d2c01965ac5598ab27f1f291945833328ec14bb13db96e6a11382.txt,20523,pypdf
OUTSIDE RESEARCH LIBRARY/SCIENCE NEWS/Oak Ridge solves why thermal cycling degrades quantum magnets_ Spin physics at fault.pdf,OUTSIDE RESEARCH LIBRARY/SCIENCE NEWS,pdf,.pdf,2197799,778cffa3a62d2c01965ac5598ab27f1f291945833328ec14bb13db96e6a11382,extracted,derived/text/778cffa3a62d2c01965ac5598ab27f1f291945833328ec14bb13db96e6a11382.txt,20523,pypdf
OUTSIDE RESEARCH LIBRARY/SCIENCE NEWS/RECENT JAIMUNGLE INTERVIEWS.txt,OUTSIDE RESEARCH LIBRARY/SCIENCE NEWS,text,.txt,659477,1bd46045584e2a3728f54fbfac3a47894e895b2f2c15569bfb306375b84207e4,native_text,OUTSIDE RESEARCH LIBRARY/SCIENCE NEWS/RECENT JAIMUNGLE INTERVIEWS.txt,517751,native
OUTSIDE RESEARCH LIBRARY/SCIENCE NEWS/RECENT NEWS.txt,OUTSIDE RESEARCH LIBRARY/SCIENCE NEWS,text,.txt,235963,b95d8e44ede04c3eab5fabc9865cf49323929ec90d5d6ca389613633d4e122c8,native_text,OUTSIDE RESEARCH LIBRARY/SCIENCE NEWS/RECENT NEWS.txt,192580,native
OUTSIDE RESEARCH LIBRARY/SCIENCE NEWS/rspa.2025.0413.pdf,OUTSIDE RESEARCH LIBRARY/SCIENCE NEWS,pdf,.pdf,1088076,6a5a3b169283f62efb63821a625aaa1219229a8ac5155c2493047121b1095a0c,extracted,derived/text/6a5a3b169283f62efb63821a625aaa1219229a8ac5155c2493047121b1095a0c.txt,67792,pypdf
OUTSIDE RESEARCH LIBRARY/SCIENCE NEWS/Science says some spiders can launch into the sky using silk and electricity to fly and the physics is wild.pdf,OUTSIDE RESEARCH LIBRARY/SCIENCE NEWS,pdf,.pdf,1101043,e961207a3a4a69f482ca7e536cfe785fa7fe2456395913bf89b5a4cf728ffaf7,extracted,derived/text/e961207a3a4a69f482ca7e536cfe785fa7fe2456395913bf89b5a4cf728ffaf7.txt,2862,pypdf
OUTSIDE RESEARCH LIBRARY/SCIENCE NEWS/Scientists just overturned a century-old physics assumption _ ScienceDaily - Copy.pdf,OUTSIDE RESEARCH LIBRARY/SCIENCE NEWS,pdf,.pdf,5368654,172ffcc104920c72a640bf4a10820c1e764ddc04aceef9cf326cb2c2d1fd8af0,extracted,derived/text/172ffcc104920c72a640bf4a10820c1e764ddc04aceef9cf326cb2c2d1fd8af0.txt,10016,pypdf
OUTSIDE RESEARCH LIBRARY/SCIENCE NEWS/Scientists just overturned a century-old physics assumption _ ScienceDaily.pdf,OUTSIDE RESEARCH LIBRARY/SCIENCE NEWS,pdf,.pdf,5368654,172ffcc104920c72a640bf4a10820c1e764ddc04aceef9cf326cb2c2d1fd8af0,extracted,derived/text/172ffcc104920c72a640bf4a10820c1e764ddc04aceef9cf326cb2c2d1fd8af0.txt,10016,pypdf
OUTSIDE RESEARCH LIBRARY/SCIENCE NEWS/Scientists observe Einstein's gravity in the quantum world.pdf,OUTSIDE RESEARCH LIBRARY/SCIENCE NEWS,pdf,.pdf,1298617,924650a1dde01eaef70e532fb193336a7ed44102c62911f20fd761ea4981b7a1,extracted,derived/text/924650a1dde01eaef70e532fb193336a7ed44102c62911f20fd761ea4981b7a1.txt,2678,pypdf
OUTSIDE RESEARCH LIBRARY/SCIENCE NEWS/SCINEWS2.txt,OUTSIDE RESEARCH LIBRARY/SCIENCE NEWS,text,.txt,194150,9480affff560582aa302e7e79987f3b5bf24bfc1d27cde5dd066a68eb91b0337,native_text,OUTSIDE RESEARCH LIBRARY/SCIENCE NEWS/SCINEWS2.txt,160939,native
OUTSIDE RESEARCH LIBRARY/SCIENCE NEWS/scinews3.txt,OUTSIDE RESEARCH LIBRARY/SCIENCE NEWS,text,.txt,1022079,08e0e9841fe7053fb053ec82cc2e1362b6661a92cc88936811fb628cb4398ccf,native_text,OUTSIDE RESEARCH LIBRARY/SCIENCE NEWS/scinews3.txt,836636,native
OUTSIDE RESEARCH LIBRARY/SCIENCE NEWS/SCINEWS4.txt,OUTSIDE RESEARCH LIBRARY/SCIENCE NEWS,text,.txt,39702,43cb82bffd0ae8e1a23d8463fc026a34a62391baf54c10f81fe64fdf7831ff0c,native_text,OUTSIDE RESEARCH LIBRARY/SCIENCE NEWS/SCINEWS4.txt,32504,native
OUTSIDE RESEARCH LIBRARY/SCIENCE NEWS/SCINEWS5.txt,OUTSIDE RESEARCH LIBRARY/SCIENCE NEWS,text,.txt,11655,70d58cb6eaf1345f6894bdbc5c7feeecfb550c9b56846ad3960ff0a6e0c1a812,native_text,OUTSIDE RESEARCH LIBRARY/SCIENCE NEWS/SCINEWS5.txt,9529,native
OUTSIDE RESEARCH LIBRARY/SCIENCE NEWS/SSCINEWS5.txt,OUTSIDE RESEARCH LIBRARY/SCIENCE NEWS,text,.txt,10622,fc71f56792920bf07412463f015be46bfbad32b2e00f13dbf5b135dc973a9d80,native_text,OUTSIDE RESEARCH LIBRARY/SCIENCE NEWS/SSCINEWS5.txt,8846,native
OUTSIDE RESEARCH LIBRARY/SCIENCE NEWS/The physics of brain development_ How cells pull together to form the neural tube.pdf,OUTSIDE RESEARCH LIBRARY/SCIENCE NEWS,pdf,.pdf,144799,2043f035c13dfe5bc6b2ebc1f20cf4524f2f97ea23f0d1eadfffb25db2e55146,extracted,derived/text/2043f035c13dfe5bc6b2ebc1f20cf4524f2f97ea23f0d1eadfffb25db2e55146.txt,3870,pypdf
OUTSIDE RESEARCH LIBRARY/SCIENCE NEWS/w1sd-v69d.pdf,OUTSIDE RESEARCH LIBRARY/SCIENCE NEWS,pdf,.pdf,764891,f9139507c03a4a58d03a5f43d82a02d8db1bd64b21fb4eaebd648121be8422cd,extracted,derived/text/f9139507c03a4a58d03a5f43d82a02d8db1bd64b21fb4eaebd648121be8422cd.txt,60179,pypdf
OUTSIDE RESEARCH LIBRARY/SCIENCE NEWS/“Really bizarre” quantum discovery defies the rules of physics _ ScienceDaily.pdf,OUTSIDE RESEARCH LIBRARY/SCIENCE NEWS,pdf,.pdf,1584190,eaf138645f611a8bb1a48b90e54fc3626cfe36f71e9425e1927bef32de4faf1f,extracted,derived/text/eaf138645f611a8bb1a48b90e54fc3626cfe36f71e9425e1927bef32de4faf1f.txt,9069,pypdf
OUTSIDE RESEARCH LIBRARY/SCIENCE NEWS/🧮 Friday Research Briefs — raw.json,OUTSIDE RESEARCH LIBRARY/SCIENCE NEWS,text,.json,2274172,9d86d9ec67aa6e9e98c60eaacf2af4ddfa76a91805ee736e7de04d628f5a393b,native_text,OUTSIDE RESEARCH LIBRARY/SCIENCE NEWS/🧮 Friday Research Briefs — raw.json,1645921,native
OUTSIDE RESEARCH LIBRARY/SCIENCE NEWS/🧮 H(s)H Archive Audit Thread — raw.json,OUTSIDE RESEARCH LIBRARY/SCIENCE NEWS,text,.json,4700989,848588acc4d1a5afe781cc7068276ac64376d982deff4408af01182a01d99b6a,native_text,OUTSIDE RESEARCH LIBRARY/SCIENCE NEWS/🧮 H(s)H Archive Audit Thread — raw.json,3756622,native
OUTSIDE RESEARCH LIBRARY/SCIENCE NEWS/🧮 H(s)H Archive Audit — raw.json,OUTSIDE RESEARCH LIBRARY/SCIENCE NEWS,text,.json,5074617,f9bfb16862da3c2f7ed3e2f3251247f6c52b868a26625faafa2e7f6cd9b124ff,native_text,OUTSIDE RESEARCH LIBRARY/SCIENCE NEWS/🧮 H(s)H Archive Audit — raw.json,3910699,native
