source_id,repository,repo_key,path,kind,extension,bytes,sha256,git_blob,duplicate_group,title_candidate,published_date_candidate,public_exposure_evidence,rigor_signal,insight_generation_requested,terminology_hazard_field,derived_text_path,cue_jsonl_path
resources:4172dbf62d08ac06,Satobloc/HSH_RESOURCES,resources,.github/workflows/cross-podcast-transcript-index.yml,podcast_other,.yml,4326,4172dbf62d08ac069f71d4d138074ba394c42679c4d7a870d9eadc1c0f691e61,e6b081300aafbe89323d09eca3af46c768dbd5d9,,cross-podcast-transcript-index,,True,False,False,False,,
resources:09dc305d056f2d41,Satobloc/HSH_RESOURCES,resources,EXPOSURE_STATS/DEBATING AI DATA/2Analytics - Debating A.I. On the Future of Physics _ Spotify for Creators.pdf,analytics,.pdf,147798,09dc305d056f2d4185e0155e72700350ead8554fded860381647d6ae1b98c2a5,e4aacf76095d6d470412049cf7da4a83ca9e51de,sha256:09dc305d056f2d4185e0155e72700350ead8554fded860381647d6ae1b98c2a5,2Analytics - Debating A.I. On the Future of Physics Spotify for Creators,,True,False,False,False,,
resources:7d0b2c5d6efa9eb5,Satobloc/HSH_RESOURCES,resources,EXPOSURE_STATS/DEBATING AI DATA/3Analytics - Debating A.I. On the Future of Physics _ Spotify for Creators.pdf,analytics,.pdf,147374,7d0b2c5d6efa9eb546efabbf35b751f4e13ebb50b1f7af10f0a1d61eeca7a297,4012034ac8efdef6fddf1a81ac304f90ca24b5fe,sha256:7d0b2c5d6efa9eb546efabbf35b751f4e13ebb50b1f7af10f0a1d61eeca7a297,3Analytics - Debating A.I. On the Future of Physics Spotify for Creators,,True,False,False,False,,
resources:6183df2d3eebf632,Satobloc/HSH_RESOURCES,resources,EXPOSURE_STATS/DEBATING AI DATA/4Analytics - Debating A.I. On the Future of Physics _ Spotify for Creators.pdf,analytics,.pdf,147092,6183df2d3eebf632c129de438c82da667e9be801560e3d7bb91db80d81cb8d6c,4a0ea2b411c5956bf8d3ae4b2221dbd871fc0621,sha256:6183df2d3eebf632c129de438c82da667e9be801560e3d7bb91db80d81cb8d6c,4Analytics - Debating A.I. On the Future of Physics Spotify for Creators,,True,False,False,False,,
resources:ef9c5ac76694cc5e,Satobloc/HSH_RESOURCES,resources,EXPOSURE_STATS/DEBATING AI DATA/5Analytics - Debating A.I. On the Future of Physics _ Spotify for Creators.pdf,analytics,.pdf,148149,ef9c5ac76694cc5eca8cf75d6af3a8d8b8dbe66b145443979317053a5c97ceb0,c439598b52d5538d3d0a19d8cc2d6ff2825e7c34,sha256:ef9c5ac76694cc5eca8cf75d6af3a8d8b8dbe66b145443979317053a5c97ceb0,5Analytics - Debating A.I. On the Future of Physics Spotify for Creators,,True,False,False,False,,
resources:6a635a668ea873d9,Satobloc/HSH_RESOURCES,resources,EXPOSURE_STATS/DEBATING AI DATA/6Analytics - Debating A.I. On the Future of Physics _ Spotify for Creators.pdf,analytics,.pdf,145202,6a635a668ea873d976af3f66860eb31bf057c5d8ae597ce8291cb882da8f2d00,342efa39d02c56749f290ce0d1c12850ad75e2b3,sha256:6a635a668ea873d976af3f66860eb31bf057c5d8ae597ce8291cb882da8f2d00,6Analytics - Debating A.I. On the Future of Physics Spotify for Creators,,True,False,False,False,,
resources:35306807dc7e2fc5,Satobloc/HSH_RESOURCES,resources,EXPOSURE_STATS/DEBATING AI DATA/7Analytics - Debating A.I. On the Future of Physics _ Spotify for Creators.pdf,analytics,.pdf,141392,35306807dc7e2fc5399c65932fc513e52a224805f9e0c90a53f62977fe307a9a,45290cd4cd273734c2133d04e5782b9346f0b8d1,sha256:35306807dc7e2fc5399c65932fc513e52a224805f9e0c90a53f62977fe307a9a,7Analytics - Debating A.I. On the Future of Physics Spotify for Creators,,True,False,False,False,,
resources:66736f8e59aa4d76,Satobloc/HSH_RESOURCES,resources,EXPOSURE_STATS/DEBATING AI DATA/8DebatingA.I.OntheFutureofPhysics_GeoLocationAllPlatforms_all-time.csv,analytics,.csv,432,66736f8e59aa4d763dbefcc93797bbf02b053204acaf5f2399496f77b9fb73e4,0d47115e02ff782afc790c5eede3266e3c3edc94,sha256:66736f8e59aa4d763dbefcc93797bbf02b053204acaf5f2399496f77b9fb73e4,8DebatingA.I.OntheFutureofPhysics GeoLocationAllPlatforms all-time,,True,False,False,False,,
resources:e4659b54ce7fe7a2,Satobloc/HSH_RESOURCES,resources,EXPOSURE_STATS/DEBATING AI DATA/Analytics - Debating A.I. On the Future of Physics _ Spotify for Creators.pdf,analytics,.pdf,177487,e4659b54ce7fe7a20e369183b69cf291e485bf72efc145215f2598031451ec61,a1e489e9fc9594ef514a52d9590c8b616b7cbe58,sha256:e4659b54ce7fe7a20e369183b69cf291e485bf72efc145215f2598031451ec61,Analytics - Debating A.I. On the Future of Physics Spotify for Creators,,True,False,False,False,,
resources:09a9d2e21c0360a8,Satobloc/HSH_RESOURCES,resources,EXPOSURE_STATS/DEBATING AI DATA/DebatingA.I.OntheFutureofPhysics_AgeByGender_all-time.csv,metadata_or_analytics,.csv,608,09a9d2e21c0360a8cbb06afd5e812a098b479600ddd585a0800be09ef5a390b0,b3666f636b2baf21de95eb2b54003563c5fbc52a,sha256:09a9d2e21c0360a8cbb06afd5e812a098b479600ddd585a0800be09ef5a390b0,OntheFutureofPhysics AgeByGender all-time,,True,False,False,False,,
resources:ce8a12a3cf27e051,Satobloc/HSH_RESOURCES,resources,EXPOSURE_STATS/DEBATING AI DATA/DebatingA.I.OntheFutureofPhysics_AudienceSegments_1-1-2025--6-15-2026.csv,analytics,.csv,4293,ce8a12a3cf27e0512ee84340b63d318f49ab07e1a11d2971ee315418dd95b806,a4c09324c7fc69ef2a862aa8c3d771bd267e63c0,sha256:ce8a12a3cf27e0512ee84340b63d318f49ab07e1a11d2971ee315418dd95b806,OntheFutureofPhysics AudienceSegments 1-1-2025--6-15-2026,,True,False,False,False,,
resources:f4d05006bf66385d,Satobloc/HSH_RESOURCES,resources,EXPOSURE_STATS/DEBATING AI DATA/DebatingA.I.OntheFutureofPhysics_DailyImpressions_3-17-2026--6-14-2026 (1).csv,metadata_or_analytics,.csv,1218,f4d05006bf66385da8af5a271e7571781a19dcccac6c32d45a47cb15f5390a38,b4f95d0204632e3aa7a250da6edec5f2222a7fdc,sha256:f4d05006bf66385da8af5a271e7571781a19dcccac6c32d45a47cb15f5390a38,OntheFutureofPhysics DailyImpressions 3-17-2026--6-14-2026 (1),,True,False,False,False,,
resources:f4d05006bf66385d,Satobloc/HSH_RESOURCES,resources,EXPOSURE_STATS/DEBATING AI DATA/DebatingA.I.OntheFutureofPhysics_DailyImpressions_3-17-2026--6-14-2026.csv,metadata_or_analytics,.csv,1218,f4d05006bf66385da8af5a271e7571781a19dcccac6c32d45a47cb15f5390a38,b4f95d0204632e3aa7a250da6edec5f2222a7fdc,sha256:f4d05006bf66385da8af5a271e7571781a19dcccac6c32d45a47cb15f5390a38,OntheFutureofPhysics DailyImpressions 3-17-2026--6-14-2026,,True,False,False,False,,
resources:514e24ff641ba0ed,Satobloc/HSH_RESOURCES,resources,EXPOSURE_STATS/DEBATING AI DATA/DebatingA.I.OntheFutureofPhysics_Engagement_all-time (1).csv,metadata_or_analytics,.csv,11191,514e24ff641ba0eda717b43317e21e8f3368efc7d8fded755e744b5b956fcc4c,fec94fa38dbcc8f45da856d43ea5ec37795c1a65,sha256:514e24ff641ba0eda717b43317e21e8f3368efc7d8fded755e744b5b956fcc4c,OntheFutureofPhysics Engagement all-time (1),,True,False,False,False,,
resources:514e24ff641ba0ed,Satobloc/HSH_RESOURCES,resources,EXPOSURE_STATS/DEBATING AI DATA/DebatingA.I.OntheFutureofPhysics_Engagement_all-time (2).csv,metadata_or_analytics,.csv,11191,514e24ff641ba0eda717b43317e21e8f3368efc7d8fded755e744b5b956fcc4c,fec94fa38dbcc8f45da856d43ea5ec37795c1a65,sha256:514e24ff641ba0eda717b43317e21e8f3368efc7d8fded755e744b5b956fcc4c,OntheFutureofPhysics Engagement all-time (2),,True,False,False,False,,
resources:514e24ff641ba0ed,Satobloc/HSH_RESOURCES,resources,EXPOSURE_STATS/DEBATING AI DATA/DebatingA.I.OntheFutureofPhysics_Engagement_all-time (3).csv,metadata_or_analytics,.csv,11191,514e24ff641ba0eda717b43317e21e8f3368efc7d8fded755e744b5b956fcc4c,fec94fa38dbcc8f45da856d43ea5ec37795c1a65,sha256:514e24ff641ba0eda717b43317e21e8f3368efc7d8fded755e744b5b956fcc4c,OntheFutureofPhysics Engagement all-time (3),,True,False,False,False,,
resources:514e24ff641ba0ed,Satobloc/HSH_RESOURCES,resources,EXPOSURE_STATS/DEBATING AI DATA/DebatingA.I.OntheFutureofPhysics_Engagement_all-time (4).csv,metadata_or_analytics,.csv,11191,514e24ff641ba0eda717b43317e21e8f3368efc7d8fded755e744b5b956fcc4c,fec94fa38dbcc8f45da856d43ea5ec37795c1a65,sha256:514e24ff641ba0eda717b43317e21e8f3368efc7d8fded755e744b5b956fcc4c,OntheFutureofPhysics Engagement all-time (4),,True,False,False,False,,
resources:514e24ff641ba0ed,Satobloc/HSH_RESOURCES,resources,EXPOSURE_STATS/DEBATING AI DATA/DebatingA.I.OntheFutureofPhysics_Engagement_all-time.csv,metadata_or_analytics,.csv,11191,514e24ff641ba0eda717b43317e21e8f3368efc7d8fded755e744b5b956fcc4c,fec94fa38dbcc8f45da856d43ea5ec37795c1a65,sha256:514e24ff641ba0eda717b43317e21e8f3368efc7d8fded755e744b5b956fcc4c,OntheFutureofPhysics Engagement all-time,,True,False,False,False,,
resources:113a41dbb5ae086d,Satobloc/HSH_RESOURCES,resources,EXPOSURE_STATS/DEBATING AI DATA/DebatingA.I.OntheFutureofPhysics_EpisodeCompletionRates.csv,metadata_or_analytics,.csv,797,113a41dbb5ae086da0436f530726278c592e4021fb730e00a0da0f0746b25643,d64a379b9a05093e55d62e00e96850f28e8c7d18,sha256:113a41dbb5ae086da0436f530726278c592e4021fb730e00a0da0f0746b25643,OntheFutureofPhysics EpisodeCompletionRates,,True,False,False,False,,
resources:92514011e974d2df,Satobloc/HSH_RESOURCES,resources,EXPOSURE_STATS/DEBATING AI DATA/DebatingA.I.OntheFutureofPhysics_Gender_all-time.csv,metadata_or_analytics,.csv,118,92514011e974d2dfff845f78961e23b905a39216ef0d3e73537fc0aa5cbc4ace,f442b6e795b8c2318cd0df724ebc0924712ae6b3,sha256:92514011e974d2dfff845f78961e23b905a39216ef0d3e73537fc0aa5cbc4ace,OntheFutureofPhysics Gender all-time,,True,False,False,False,,
resources:2b80b2428ec70125,Satobloc/HSH_RESOURCES,resources,EXPOSURE_STATS/DEBATING AI DATA/DebatingA.I.OntheFutureofPhysics_GeoLocationAllPlatforms_all-time (1).csv,analytics,.csv,348,2b80b2428ec701256374990886ee9fccac85de85b37afc5bbaec56df8d903129,50dc721394fecfe1eab387248f592f175dd27e7d,sha256:2b80b2428ec701256374990886ee9fccac85de85b37afc5bbaec56df8d903129,OntheFutureofPhysics GeoLocationAllPlatforms all-time (1),,True,False,False,False,,
resources:ffbdf650a8e6892a,Satobloc/HSH_RESOURCES,resources,EXPOSURE_STATS/DEBATING AI DATA/DebatingA.I.OntheFutureofPhysics_GeoLocationAllPlatforms_all-time.csv,analytics,.csv,865,ffbdf650a8e6892a082e2eccba86e2b359ace8381177d8604ec5187dafe59b4d,d8892d2f8616e3f04b69614882ca1bb47fa740c9,sha256:ffbdf650a8e6892a082e2eccba86e2b359ace8381177d8604ec5187dafe59b4d,OntheFutureofPhysics GeoLocationAllPlatforms all-time,,True,False,False,False,,
resources:0cc0fae313cfc077,Satobloc/HSH_RESOURCES,resources,EXPOSURE_STATS/DEBATING AI DATA/DebatingA.I.OntheFutureofPhysics_TopEpisodesByConsumptionTime_all-time (1).csv,metadata_or_analytics,.csv,909,0cc0fae313cfc0772b60a8f4abd1c97fbb757caf60d62e2de640c40e811a1b03,a35c64ced1a596181983660cf1eeb5be7028cff8,sha256:0cc0fae313cfc0772b60a8f4abd1c97fbb757caf60d62e2de640c40e811a1b03,OntheFutureofPhysics TopEpisodesByConsumptionTime all-time (1),,True,False,False,False,,
resources:0cc0fae313cfc077,Satobloc/HSH_RESOURCES,resources,EXPOSURE_STATS/DEBATING AI DATA/DebatingA.I.OntheFutureofPhysics_TopEpisodesByConsumptionTime_all-time.csv,metadata_or_analytics,.csv,909,0cc0fae313cfc0772b60a8f4abd1c97fbb757caf60d62e2de640c40e811a1b03,a35c64ced1a596181983660cf1eeb5be7028cff8,sha256:0cc0fae313cfc0772b60a8f4abd1c97fbb757caf60d62e2de640c40e811a1b03,OntheFutureofPhysics TopEpisodesByConsumptionTime all-time,,True,False,False,False,,
resources:82181a5ba3ce46b1,Satobloc/HSH_RESOURCES,resources,EXPOSURE_STATS/DEBATING AI DATA/DebatingA.I.OntheFutureofPhysics_TopEpisodesByImpressions_3-17-2026--6-14-2026 (1).csv,metadata_or_analytics,.csv,983,82181a5ba3ce46b16728d077a90e7beaadf240a8efbd34ad48af54440680f59a,3c7c8b66f7bfb243cf91387b2cb7084bc970f7c0,sha256:82181a5ba3ce46b16728d077a90e7beaadf240a8efbd34ad48af54440680f59a,OntheFutureofPhysics TopEpisodesByImpressions 3-17-2026--6-14-2026 (1),,True,False,False,False,,
resources:82181a5ba3ce46b1,Satobloc/HSH_RESOURCES,resources,EXPOSURE_STATS/DEBATING AI DATA/DebatingA.I.OntheFutureofPhysics_TopEpisodesByImpressions_3-17-2026--6-14-2026.csv,metadata_or_analytics,.csv,983,82181a5ba3ce46b16728d077a90e7beaadf240a8efbd34ad48af54440680f59a,3c7c8b66f7bfb243cf91387b2cb7084bc970f7c0,sha256:82181a5ba3ce46b16728d077a90e7beaadf240a8efbd34ad48af54440680f59a,OntheFutureofPhysics TopEpisodesByImpressions 3-17-2026--6-14-2026,,True,False,False,False,,
resources:77503f187b153069,Satobloc/HSH_RESOURCES,resources,EXPOSURE_STATS/DEBATING AI DATA/DebatingA.I.OntheFutureofPhysics_TrendsChart_PlaysAndDownloads_First7Days (1).csv,metadata_or_analytics,.csv,13060,77503f187b1530697d648402f8162a28d235052c5496d07171d00aa3798fcf65,02e17e4cbd23a21a335f53c74256d7e0cd4570f6,sha256:77503f187b1530697d648402f8162a28d235052c5496d07171d00aa3798fcf65,OntheFutureofPhysics TrendsChart PlaysAndDownloads First7Days (1),,True,False,False,False,,
resources:42ab243dcce4ecf9,Satobloc/HSH_RESOURCES,resources,EXPOSURE_STATS/DEBATING AI DATA/DebatingA.I.OntheFutureofPhysics_TrendsChart_PlaysAndDownloads_First7Days (10).csv,metadata_or_analytics,.csv,13060,42ab243dcce4ecf92215f81aa62f2102a1159b1572ce5a2c5a947b45780e887d,9178964c944604ca7899e647c0222a6c63c2fc24,sha256:42ab243dcce4ecf92215f81aa62f2102a1159b1572ce5a2c5a947b45780e887d,OntheFutureofPhysics TrendsChart PlaysAndDownloads First7Days (10),,True,False,False,False,,
resources:77503f187b153069,Satobloc/HSH_RESOURCES,resources,EXPOSURE_STATS/DEBATING AI DATA/DebatingA.I.OntheFutureofPhysics_TrendsChart_PlaysAndDownloads_First7Days (2).csv,metadata_or_analytics,.csv,13060,77503f187b1530697d648402f8162a28d235052c5496d07171d00aa3798fcf65,02e17e4cbd23a21a335f53c74256d7e0cd4570f6,sha256:77503f187b1530697d648402f8162a28d235052c5496d07171d00aa3798fcf65,OntheFutureofPhysics TrendsChart PlaysAndDownloads First7Days (2),,True,False,False,False,,
resources:a1db4863418e8826,Satobloc/HSH_RESOURCES,resources,EXPOSURE_STATS/DEBATING AI DATA/DebatingA.I.OntheFutureofPhysics_TrendsChart_PlaysAndDownloads_First7Days (3).csv,metadata_or_analytics,.csv,13060,a1db4863418e8826dd91a6f39a07d52b54646743cae70a99673274c99f038276,5822f6c4a0de1aad07233f9e8c5c0286590a3572,sha256:a1db4863418e8826dd91a6f39a07d52b54646743cae70a99673274c99f038276,OntheFutureofPhysics TrendsChart PlaysAndDownloads First7Days (3),,True,False,False,False,,
resources:f11f871f4aa948fe,Satobloc/HSH_RESOURCES,resources,EXPOSURE_STATS/DEBATING AI DATA/DebatingA.I.OntheFutureofPhysics_TrendsChart_PlaysAndDownloads_First7Days (4).csv,metadata_or_analytics,.csv,13060,f11f871f4aa948feade1a904b13e92097e58906e00965d32c764a539ffc6c640,a6f99aa38bbbbf4e492f697c8d2ec196c87aa331,sha256:f11f871f4aa948feade1a904b13e92097e58906e00965d32c764a539ffc6c640,OntheFutureofPhysics TrendsChart PlaysAndDownloads First7Days (4),,True,False,False,False,,
resources:75abda0396494af7,Satobloc/HSH_RESOURCES,resources,EXPOSURE_STATS/DEBATING AI DATA/DebatingA.I.OntheFutureofPhysics_TrendsChart_PlaysAndDownloads_First7Days (5).csv,metadata_or_analytics,.csv,13060,75abda0396494af785d88d996fcad58b6cba9063ff23a1d9a988513459229999,b35f7557ca60c1d10a5cbdf39ffa1bf4a1f99b98,sha256:75abda0396494af785d88d996fcad58b6cba9063ff23a1d9a988513459229999,OntheFutureofPhysics TrendsChart PlaysAndDownloads First7Days (5),,True,False,False,False,,
resources:75abda0396494af7,Satobloc/HSH_RESOURCES,resources,EXPOSURE_STATS/DEBATING AI DATA/DebatingA.I.OntheFutureofPhysics_TrendsChart_PlaysAndDownloads_First7Days (6).csv,metadata_or_analytics,.csv,13060,75abda0396494af785d88d996fcad58b6cba9063ff23a1d9a988513459229999,b35f7557ca60c1d10a5cbdf39ffa1bf4a1f99b98,sha256:75abda0396494af785d88d996fcad58b6cba9063ff23a1d9a988513459229999,OntheFutureofPhysics TrendsChart PlaysAndDownloads First7Days (6),,True,False,False,False,,
resources:75abda0396494af7,Satobloc/HSH_RESOURCES,resources,EXPOSURE_STATS/DEBATING AI DATA/DebatingA.I.OntheFutureofPhysics_TrendsChart_PlaysAndDownloads_First7Days (7).csv,metadata_or_analytics,.csv,13060,75abda0396494af785d88d996fcad58b6cba9063ff23a1d9a988513459229999,b35f7557ca60c1d10a5cbdf39ffa1bf4a1f99b98,sha256:75abda0396494af785d88d996fcad58b6cba9063ff23a1d9a988513459229999,OntheFutureofPhysics TrendsChart PlaysAndDownloads First7Days (7),,True,False,False,False,,
resources:75abda0396494af7,Satobloc/HSH_RESOURCES,resources,EXPOSURE_STATS/DEBATING AI DATA/DebatingA.I.OntheFutureofPhysics_TrendsChart_PlaysAndDownloads_First7Days (8).csv,metadata_or_analytics,.csv,13060,75abda0396494af785d88d996fcad58b6cba9063ff23a1d9a988513459229999,b35f7557ca60c1d10a5cbdf39ffa1bf4a1f99b98,sha256:75abda0396494af785d88d996fcad58b6cba9063ff23a1d9a988513459229999,OntheFutureofPhysics TrendsChart PlaysAndDownloads First7Days (8),,True,False,False,False,,
resources:42ab243dcce4ecf9,Satobloc/HSH_RESOURCES,resources,EXPOSURE_STATS/DEBATING AI DATA/DebatingA.I.OntheFutureofPhysics_TrendsChart_PlaysAndDownloads_First7Days (9).csv,metadata_or_analytics,.csv,13060,42ab243dcce4ecf92215f81aa62f2102a1159b1572ce5a2c5a947b45780e887d,9178964c944604ca7899e647c0222a6c63c2fc24,sha256:42ab243dcce4ecf92215f81aa62f2102a1159b1572ce5a2c5a947b45780e887d,OntheFutureofPhysics TrendsChart PlaysAndDownloads First7Days (9),,True,False,False,False,,
resources:77503f187b153069,Satobloc/HSH_RESOURCES,resources,EXPOSURE_STATS/DEBATING AI DATA/DebatingA.I.OntheFutureofPhysics_TrendsChart_PlaysAndDownloads_First7Days.csv,metadata_or_analytics,.csv,13060,77503f187b1530697d648402f8162a28d235052c5496d07171d00aa3798fcf65,02e17e4cbd23a21a335f53c74256d7e0cd4570f6,sha256:77503f187b1530697d648402f8162a28d235052c5496d07171d00aa3798fcf65,OntheFutureofPhysics TrendsChart PlaysAndDownloads First7Days,,True,False,False,False,,
resources:37bc7d2921bad508,Satobloc/HSH_RESOURCES,resources,EXPOSURE_STATS/DEBATING AI DATA/DebatingA.I.OntheFutureofPhysics_WeekOverWeekRetention_1-1-2026--6-16-2026 (1).csv,metadata_or_analytics,.csv,396,37bc7d2921bad508feb7fdd04b7faa9e19d5a60257f49b534eceef1c2ccbf221,423a1a9b7525038b4546fe7ddd61b44dde24be32,sha256:37bc7d2921bad508feb7fdd04b7faa9e19d5a60257f49b534eceef1c2ccbf221,OntheFutureofPhysics WeekOverWeekRetention 1-1-2026--6-16-2026 (1),,True,False,False,False,,
resources:37bc7d2921bad508,Satobloc/HSH_RESOURCES,resources,EXPOSURE_STATS/DEBATING AI DATA/DebatingA.I.OntheFutureofPhysics_WeekOverWeekRetention_1-1-2026--6-16-2026.csv,metadata_or_analytics,.csv,396,37bc7d2921bad508feb7fdd04b7faa9e19d5a60257f49b534eceef1c2ccbf221,423a1a9b7525038b4546fe7ddd61b44dde24be32,sha256:37bc7d2921bad508feb7fdd04b7faa9e19d5a60257f49b534eceef1c2ccbf221,OntheFutureofPhysics WeekOverWeekRetention 1-1-2026--6-16-2026,,True,False,False,False,,
resources:b0a888c52021d9bc,Satobloc/HSH_RESOURCES,resources,EXPOSURE_STATS/DEBATING AI DATA/DebatingA.I.OntheFutureofPhysics_WeekOverWeekRetention_3-19-2026--6-16-2026.csv,metadata_or_analytics,.csv,221,b0a888c52021d9bcad08d9c1cd83fce9c6664e47f02d56ae07e1fbc0b65bc762,765612b5ed3413930e799d17f39cd0f63d864618,sha256:b0a888c52021d9bcad08d9c1cd83fce9c6664e47f02d56ae07e1fbc0b65bc762,OntheFutureofPhysics WeekOverWeekRetention 3-19-2026--6-16-2026,,True,False,False,False,,
resources:f6a9795fb5b0d368,Satobloc/HSH_RESOURCES,resources,EXPOSURE_STATS/PODCAST_EPs/COMP_FieldNotes_FULL_test.txt,podcast_text_unspecified,.txt,787061,f6a9795fb5b0d36817d49f064790cc0437751027068403654ce285ce88e155d4,c8f3908a685e5971ad472c69cf62d59fc5dd8286,,COMP FieldNotes FULL test,2026-03-16,True,True,True,True,,
resources:d3766033b3b7325c,Satobloc/HSH_RESOURCES,resources,EXPOSURE_STATS/PODCAST_EPs/CROSS_PODCAST_KEYWORDS.txt,podcast_text_unspecified,.txt,982,d3766033b3b7325cfc229fd7db2f8e16f33523836a9cc9ef8522f9b0c4e5407d,22efecaf08ab1207f125df8fe273708d280d020f,,CROSS PODCAST KEYWORDS,,True,False,False,False,,
resources:d4738171617c9554,Satobloc/HSH_RESOURCES,resources,EXPOSURE_STATS/PODCAST_EPs/CROSS_TRANSCRIPT_CATALOG.csv,metadata_or_analytics,.csv,3521,d4738171617c9554e2444d0b90f4034a8496dcb0d6a6b2011767ad0522f06c2b,73e8aa785aca2acd2e199476e320a11957858bcb,,CROSS TRANSCRIPT CATALOG,,True,False,False,False,,
resources:9d812856dee324a6,Satobloc/HSH_RESOURCES,resources,EXPOSURE_STATS/PODCAST_EPs/CROSS_TRANSCRIPT_KEYWORD_HITS.csv,metadata_or_analytics,.csv,234381,9d812856dee324a6fae18a54f97140637fd0fe0466636b7e3da31bf2e01b0041,696f1f765c79b3ac9018fb5d36553f288a65a84f,,CROSS TRANSCRIPT KEYWORD HITS,,True,False,False,False,,
resources:6e0da944f623b831,Satobloc/HSH_RESOURCES,resources,EXPOSURE_STATS/PODCAST_EPs/CROSS_TRANSCRIPT_KEYWORD_INDEX.md,transcript_text,.md,1835,6e0da944f623b831253f1281e031c7d6462830eb518002833ba7bcfcd4e75110,8e45fcf08320f98ed7073b5be526f69946ed819d,,CROSS TRANSCRIPT KEYWORD INDEX,,True,False,False,False,EXPOSURE_STATS/PODCAST_GUIDE/text/resources--cross-transcript-keyword-index--6e0da944f623.txt,
resources:5fa202582de1102c,Satobloc/HSH_RESOURCES,resources,EXPOSURE_STATS/PODCAST_EPs/CROSS_TRANSCRIPT_KEYWORD_MATRIX.csv,metadata_or_analytics,.csv,6670,5fa202582de1102c97175089cdc7622c57eceb4dccd53d0cd9b9cf0deab029ee,d503e41eb6b8318f0bd29aba331039fcd6a92f47,,CROSS TRANSCRIPT KEYWORD MATRIX,,True,False,False,False,,
resources:35b46d6497c947b4,Satobloc/HSH_RESOURCES,resources,EXPOSURE_STATS/PODCAST_EPs/DAI_Transcripts_TEXT.txt,transcript_text,.txt,3798933,35b46d6497c947b41f3f314065412c57d48b44c8de827eaa5174429a47c8e3c9,ef0ea8e0632505f0dbc21f03333123101b2731ae,,DAI Transcripts TEXT,2026-01-15,True,True,True,True,EXPOSURE_STATS/PODCAST_GUIDE/text/resources--dai-transcripts-text--35b46d6497c9.txt,
resources:f24fdd5bf5241f01,Satobloc/HSH_RESOURCES,resources,EXPOSURE_STATS/PODCAST_EPs/DebatingA.I.OnScience_EpisodeRankings_all-time.csv,analytics,.csv,24858,f24fdd5bf5241f01900f0dbc64ec3970bf6bf495a8ea63870f301032473d608c,d50033462305d803a8e27f76b8f03f210d87fb52,sha256:f24fdd5bf5241f01900f0dbc64ec3970bf6bf495a8ea63870f301032473d608c,OnScience EpisodeRankings all-time,,True,False,False,False,,
resources:572b5512dc36ed9a,Satobloc/HSH_RESOURCES,resources,EXPOSURE_STATS/PODCAST_EPs/FIRST PUBLIC MENTION SAT DAI -- WHAT IS THOUGHT MADE OF.txt,transcript_text,.txt,19641,572b5512dc36ed9a4a0a0585a951a834d036bde396f28f46c095c6b18fcecd95,b9432dae701cd1b248352fffb99ef8bda39a44fe,,FIRST PUBLIC MENTION SAT DAI -- WHAT IS THOUGHT MADE OF,2025-02-02,True,True,False,False,EXPOSURE_STATS/PODCAST_GUIDE/text/resources--first-public-mention-sat-dai-what-is-thought-made-of--572b5512dc36.txt,
resources:912d573d3672fd4d,Satobloc/HSH_RESOURCES,resources,EXPOSURE_STATS/PODCAST_EPs/FULL_Scalar-Angular Theory_ Field Notes - A Lab Testable TOE.txt,transcript_text,.txt,94812,912d573d3672fd4d0c70249c99926229b8d53c3a33b8ca1f254d8613bc162fe8,ebd7b4f043b516c583acba18ab613f6c3317ddbc,sha256:912d573d3672fd4d0c70249c99926229b8d53c3a33b8ca1f254d8613bc162fe8,Scalar-Angular Theory Field Notes - A Lab Testable TOE,2026-03-16,True,True,False,True,EXPOSURE_STATS/PODCAST_GUIDE/text/resources--full-scalar-angular-theory-field-notes-a-lab-testable-toe--912d573d3672.txt,
resources:591b9c79e95cbfd6,Satobloc/HSH_RESOURCES,resources,EXPOSURE_STATS/PODCAST_EPs/FULL_Scalar-Angular Theory_ Field Notes - Full Unification GR-QM-ST.txt,transcript_text,.txt,98123,591b9c79e95cbfd651ceac90203e010eb9c1dc54464698906bdfebe0221c9b08,4b70ba98d172ff54afd86272a9b32dd4740ccf09,sha256:591b9c79e95cbfd651ceac90203e010eb9c1dc54464698906bdfebe0221c9b08,Scalar-Angular Theory Field Notes - Full Unification GR-QM-ST,2026-05-09,True,True,False,True,EXPOSURE_STATS/PODCAST_GUIDE/text/resources--full-scalar-angular-theory-field-notes-full-unification-gr-qm-st--591b9c79e95c.txt,
resources:99f3a8fdd368de18,Satobloc/HSH_RESOURCES,resources,EXPOSURE_STATS/PODCAST_EPs/FULL_Scalar-Angular Theory_ Field Notes - Lithium-7_ The First Dark Matter Horizon_.txt,transcript_text,.txt,56112,99f3a8fdd368de187766387ebb32abe17fe3a88903021d8005b1076fa415b51b,77898e91b89fb87548f92d50f3682d12b2c5cff8,sha256:99f3a8fdd368de187766387ebb32abe17fe3a88903021d8005b1076fa415b51b,Scalar-Angular Theory Field Notes - Lithium-7 The First Dark Matter Horizon,2025-12-21,True,True,False,True,EXPOSURE_STATS/PODCAST_GUIDE/text/resources--full-scalar-angular-theory-field-notes-lithium-7-the-first-dark-matter-horizon--99f3a8fdd368.txt,
resources:4d19151439fb0493,Satobloc/HSH_RESOURCES,resources,EXPOSURE_STATS/PODCAST_EPs/FULL_Scalar-Angular Theory_ Field Notes - Method for QM-GR Unification.txt,transcript_text,.txt,114441,4d19151439fb0493b884732938fa378832852c9cf63a766ac490da446cfaf029,f5960380728d26f9f093df29527597d1d60d49c9,sha256:4d19151439fb0493b884732938fa378832852c9cf63a766ac490da446cfaf029,Scalar-Angular Theory Field Notes - Method for QM-GR Unification,2026-03-07,True,True,False,True,EXPOSURE_STATS/PODCAST_GUIDE/text/resources--full-scalar-angular-theory-field-notes-method-for-qm-gr-unification--4d19151439fb.txt,
resources:e8efd35332cb589c,Satobloc/HSH_RESOURCES,resources,"EXPOSURE_STATS/PODCAST_EPs/FULL_Scalar-Angular Theory_ Field Notes - Neutrino-Photon Identity, Quantum Tunneling, and Chondrules(..!).txt",transcript_text,.txt,55807,e8efd35332cb589c1c87f44323fec8ee1d583c00e406e33c7fc6a56804b74fe4,cc9330104d49dc8ad88f5b67242f8251c0c1b869,,"Scalar-Angular Theory Field Notes - Neutrino-Photon Identity, Quantum Tunneling, and Chondrules(..!)",,True,True,False,True,EXPOSURE_STATS/PODCAST_GUIDE/text/resources--full-scalar-angular-theory-field-notes-neutrino-photon-identity-quantum-tunneling-and-chon--e8efd35332cb.txt,
resources:f9d47a165daf3ab6,Satobloc/HSH_RESOURCES,resources,EXPOSURE_STATS/PODCAST_EPs/FULL_Scalar-Angular Theory_ Field Notes - Post-Closure Experimental Predictions.txt,transcript_text,.txt,63990,f9d47a165daf3ab6ca76538ed8cb3dcc5296ab29170a39d849c464d1f5e5f134,75213c89dd03c6780624087d93b973bc0e33c20a,sha256:f9d47a165daf3ab6ca76538ed8cb3dcc5296ab29170a39d849c464d1f5e5f134,Scalar-Angular Theory Field Notes - Post-Closure Experimental Predictions,2026-01-16,True,True,False,True,EXPOSURE_STATS/PODCAST_GUIDE/text/resources--full-scalar-angular-theory-field-notes-post-closure-experimental-predictions--f9d47a165daf.txt,
resources:d744c1647f3a51bd,Satobloc/HSH_RESOURCES,resources,EXPOSURE_STATS/PODCAST_EPs/FULL_Scalar-Angular Theory_ Field Notes - Prior Model Prediction Drop 3.1.26.txt,transcript_text,.txt,47982,d744c1647f3a51bdcddb2dcd05d33db8ec208225212e63ba3dfe4e848f8c7d3e,b88be77f2504c31a8ae0c49c28dbd5fbfaf60a49,sha256:d744c1647f3a51bdcddb2dcd05d33db8ec208225212e63ba3dfe4e848f8c7d3e,Scalar-Angular Theory Field Notes - Prior Model Prediction Drop 3.1.26,,True,True,True,True,EXPOSURE_STATS/PODCAST_GUIDE/text/resources--full-scalar-angular-theory-field-notes-prior-model-prediction-drop-3-1-26--d744c1647f3a.txt,
resources:7b68734ffbb8826e,Satobloc/HSH_RESOURCES,resources,EXPOSURE_STATS/PODCAST_EPs/FULL_Scalar-Angular Theory_ Field Notes - SAT’s Derivations.txt,transcript_text,.txt,53967,7b68734ffbb8826ead8c8eae3ec5cea3abc2ae51294669997f818711d075a566,e47603f32b092e506822f2f3537def0f4a701b2d,sha256:7b68734ffbb8826ead8c8eae3ec5cea3abc2ae51294669997f818711d075a566,Scalar-Angular Theory Field Notes - SAT’s Derivations,2026-02-25,True,True,False,True,EXPOSURE_STATS/PODCAST_GUIDE/text/resources--full-scalar-angular-theory-field-notes-sat-s-derivations--7b68734ffbb8.txt,
resources:c01fec7da89308f3,Satobloc/HSH_RESOURCES,resources,EXPOSURE_STATS/PODCAST_EPs/FULL_Scalar-Angular Theory_ Field Notes - The 0.239 rad Constant.txt,transcript_text,.txt,61756,c01fec7da89308f379b6b7085f6d530b78ad7aeac924af8c0c6040c59411ea98,05ca333e8959e28681f008f9bfc3ffcd54c3613f,sha256:c01fec7da89308f379b6b7085f6d530b78ad7aeac924af8c0c6040c59411ea98,Scalar-Angular Theory Field Notes - The 0.239 rad Constant,2026-02-24,True,True,False,True,EXPOSURE_STATS/PODCAST_GUIDE/text/resources--full-scalar-angular-theory-field-notes-the-0-239-rad-constant--c01fec7da893.txt,
resources:6140a3cadb4bff5c,Satobloc/HSH_RESOURCES,resources,EXPOSURE_STATS/PODCAST_EPs/FULL_Scalar-Angular Theory_ Field Notes - The 17mK He3 λ Anomaly.txt,transcript_text,.txt,89560,6140a3cadb4bff5c9254445dfc8a927478e88c89dd7086ebedc63f61e0fc9cfd,be1378f22c3444b9af27d14de8f733897e7ab7bd,sha256:6140a3cadb4bff5c9254445dfc8a927478e88c89dd7086ebedc63f61e0fc9cfd,Scalar-Angular Theory Field Notes - The 17mK He3 λ Anomaly,2026-05-08,True,True,False,True,EXPOSURE_STATS/PODCAST_GUIDE/text/resources--full-scalar-angular-theory-field-notes-the-17mk-he3-anomaly--6140a3cadb4b.txt,
resources:1a86e0ea02d5e213,Satobloc/HSH_RESOURCES,resources,EXPOSURE_STATS/PODCAST_EPs/FULL_Scalar-Angular Theory_ Field Notes - Timelike Twist in the Accelerator .txt,transcript_text,.txt,50540,1a86e0ea02d5e213356aea32a140bcd5b5d214f78160a947db64f3fe6b88c0ae,5c3b6a7d9f8cae8ea8c4af7d883d5e8b1969da76,sha256:1a86e0ea02d5e213356aea32a140bcd5b5d214f78160a947db64f3fe6b88c0ae,Scalar-Angular Theory Field Notes - Timelike Twist in the Accelerator,2026-01-19,True,True,False,True,EXPOSURE_STATS/PODCAST_GUIDE/text/resources--full-scalar-angular-theory-field-notes-timelike-twist-in-the-accelerator--1a86e0ea02d5.txt,
resources:b51a2d15aee89b32,Satobloc/HSH_RESOURCES,resources,EXPOSURE_STATS/PODCAST_EPs/Scalar-Angular Theory_ Field Notes - All Hell In the Accelerator.srt,transcript_subtitle,.srt,67407,b51a2d15aee89b32b87a80784e1561b8a07f0ec215384459cdb7eb2686382f01,a483974b42320262728ff7ef819d248e867eded8,sha256:b51a2d15aee89b32b87a80784e1561b8a07f0ec215384459cdb7eb2686382f01,Scalar-Angular Theory Field Notes - All Hell In the Accelerator,2026-01-16,True,True,False,True,EXPOSURE_STATS/PODCAST_GUIDE/text/resources--scalar-angular-theory-field-notes-all-hell-in-the-accelerator--b51a2d15aee8.txt,EXPOSURE_STATS/PODCAST_GUIDE/cues/resources--scalar-angular-theory-field-notes-all-hell-in-the-accelerator--b51a2d15aee8.jsonl
resources:62b3c39112116dd5,Satobloc/HSH_RESOURCES,resources,EXPOSURE_STATS/PODCAST_EPs/Scalar-Angular Theory_ Field Notes - Denormalizing Renormalization.srt,transcript_subtitle,.srt,93259,62b3c39112116dd5c0e3b79650b89fb220adab647e0ade96b88440eaec057ea3,42e829eb258fcc5d4093dbb108065f39f24180c9,sha256:62b3c39112116dd5c0e3b79650b89fb220adab647e0ade96b88440eaec057ea3,Scalar-Angular Theory Field Notes - Denormalizing Renormalization,2026-03-15,True,True,False,True,EXPOSURE_STATS/PODCAST_GUIDE/text/resources--scalar-angular-theory-field-notes-denormalizing-renormalization--62b3c3911211.txt,EXPOSURE_STATS/PODCAST_GUIDE/cues/resources--scalar-angular-theory-field-notes-denormalizing-renormalization--62b3c3911211.jsonl
resources:f0cec39629ba4a24,Satobloc/HSH_RESOURCES,resources,EXPOSURE_STATS/PODCAST_EPs/Scalar-Angular Theory_ Field Notes - Finding the Donut Pt. 1.srt,transcript_subtitle,.srt,79474,f0cec39629ba4a243994704e911a82b32bcc20ffcddb6e2d9383fabf1671ce88,6e7aee6dec55eb9fd7329e0a9abb1d10e0b1e5bb,sha256:f0cec39629ba4a243994704e911a82b32bcc20ffcddb6e2d9383fabf1671ce88,Scalar-Angular Theory Field Notes - Finding the Donut Pt. 1,2026-03-17,True,True,False,True,EXPOSURE_STATS/PODCAST_GUIDE/text/resources--scalar-angular-theory-field-notes-finding-the-donut-pt-1--f0cec39629ba.txt,EXPOSURE_STATS/PODCAST_GUIDE/cues/resources--scalar-angular-theory-field-notes-finding-the-donut-pt-1--f0cec39629ba.jsonl
resources:3f5dfac85a026c40,Satobloc/HSH_RESOURCES,resources,EXPOSURE_STATS/PODCAST_EPs/Scalar-Angular Theory_ Field Notes - Finding the Donut Pt. 2.srt,transcript_subtitle,.srt,70521,3f5dfac85a026c4005ddd406adb09c34ec261dee4530dcc28aa054db45476989,7346e746a4d75c16809b6e17a3b9057673580e39,sha256:3f5dfac85a026c4005ddd406adb09c34ec261dee4530dcc28aa054db45476989,Scalar-Angular Theory Field Notes - Finding the Donut Pt. 2,2026-03-17,True,True,False,True,EXPOSURE_STATS/PODCAST_GUIDE/text/resources--scalar-angular-theory-field-notes-finding-the-donut-pt-2--3f5dfac85a02.txt,EXPOSURE_STATS/PODCAST_GUIDE/cues/resources--scalar-angular-theory-field-notes-finding-the-donut-pt-2--3f5dfac85a02.jsonl
resources:2a0ca45883073240,Satobloc/HSH_RESOURCES,resources,EXPOSURE_STATS/PODCAST_EPs/Scalar-Angular Theory_ Field Notes - Full Unification GR-QM-ST.srt,transcript_subtitle,.srt,99919,2a0ca45883073240bd8353fb5300e1e7374a752e5eb917d8e6c1648a79fa4876,4461e1b0aa0e055bb3e4edb485539d2ceca91062,sha256:2a0ca45883073240bd8353fb5300e1e7374a752e5eb917d8e6c1648a79fa4876,Scalar-Angular Theory Field Notes - Full Unification GR-QM-ST,2026-05-09,True,True,False,True,EXPOSURE_STATS/PODCAST_GUIDE/text/resources--scalar-angular-theory-field-notes-full-unification-gr-qm-st--2a0ca4588307.txt,EXPOSURE_STATS/PODCAST_GUIDE/cues/resources--scalar-angular-theory-field-notes-full-unification-gr-qm-st--2a0ca4588307.jsonl
resources:1750061f01dd67ce,Satobloc/HSH_RESOURCES,resources,EXPOSURE_STATS/PODCAST_EPs/Scalar-Angular Theory_ Field Notes - Making Constants Make Sense.srt,transcript_subtitle,.srt,77167,1750061f01dd67ceffc0fcc887d514ac3e5350995e972a65de3de2d5df31bdc4,5238e5848798086d368901e0bca47c267b826a5f,sha256:1750061f01dd67ceffc0fcc887d514ac3e5350995e972a65de3de2d5df31bdc4,Scalar-Angular Theory Field Notes - Making Constants Make Sense,2026-03-19,True,True,False,True,EXPOSURE_STATS/PODCAST_GUIDE/text/resources--scalar-angular-theory-field-notes-making-constants-make-sense--1750061f01dd.txt,EXPOSURE_STATS/PODCAST_GUIDE/cues/resources--scalar-angular-theory-field-notes-making-constants-make-sense--1750061f01dd.jsonl
resources:6ee7332fd2de0f0e,Satobloc/HSH_RESOURCES,resources,EXPOSURE_STATS/PODCAST_EPs/Scalar-Angular Theory_ Field Notes - Method for QM-GR Unification.srt,transcript_subtitle,.srt,116247,6ee7332fd2de0f0e0ff99e9c4773cdab5e124b732529b2466b41fee3571d798f,582b1fe72018c4e2ef4c67f69a74a3e39cefbc02,sha256:6ee7332fd2de0f0e0ff99e9c4773cdab5e124b732529b2466b41fee3571d798f,Scalar-Angular Theory Field Notes - Method for QM-GR Unification,2026-03-07,True,True,False,True,EXPOSURE_STATS/PODCAST_GUIDE/text/resources--scalar-angular-theory-field-notes-method-for-qm-gr-unification--6ee7332fd2de.txt,EXPOSURE_STATS/PODCAST_GUIDE/cues/resources--scalar-angular-theory-field-notes-method-for-qm-gr-unification--6ee7332fd2de.jsonl
resources:a7a6f92fc577e5c4,Satobloc/HSH_RESOURCES,resources,EXPOSURE_STATS/PODCAST_EPs/Scalar-Angular Theory_ Field Notes - Post-Closure Experimental Predictions.srt,transcript_subtitle,.srt,65779,a7a6f92fc577e5c4d3f930f2d08d18d44f5b8a6c14b69ff440add3b5e87a84ca,6726e0841d451a4690c74337880298ac4a60f81c,sha256:a7a6f92fc577e5c4d3f930f2d08d18d44f5b8a6c14b69ff440add3b5e87a84ca,Scalar-Angular Theory Field Notes - Post-Closure Experimental Predictions,2026-01-16,True,True,False,True,EXPOSURE_STATS/PODCAST_GUIDE/text/resources--scalar-angular-theory-field-notes-post-closure-experimental-predictions--a7a6f92fc577.txt,EXPOSURE_STATS/PODCAST_GUIDE/cues/resources--scalar-angular-theory-field-notes-post-closure-experimental-predictions--a7a6f92fc577.jsonl
resources:e653a3b863be2c46,Satobloc/HSH_RESOURCES,resources,EXPOSURE_STATS/PODCAST_EPs/Scalar-Angular Theory_ Field Notes - Proof GR & QM Are Compatible.srt,transcript_subtitle,.srt,69743,e653a3b863be2c464ec5ba52bf4548ad7ce91df5179ecb41adde9bf0f5db74c2,623906d71dc5d0b0ae45c4fa25416280976a3600,sha256:e653a3b863be2c464ec5ba52bf4548ad7ce91df5179ecb41adde9bf0f5db74c2,Scalar-Angular Theory Field Notes - Proof GR & QM Are Compatible,2025-12-24,True,True,False,True,EXPOSURE_STATS/PODCAST_GUIDE/text/resources--scalar-angular-theory-field-notes-proof-gr-qm-are-compatible--e653a3b863be.txt,EXPOSURE_STATS/PODCAST_GUIDE/cues/resources--scalar-angular-theory-field-notes-proof-gr-qm-are-compatible--e653a3b863be.jsonl
resources:2f7ae7519ac70ab4,Satobloc/HSH_RESOURCES,resources,EXPOSURE_STATS/PODCAST_EPs/Scalar-Angular Theory_ Field Notes - Proof GR & QM Are Compatible.txt,transcript_text,.txt,63874,2f7ae7519ac70ab4d93ced827bad5af6a48980920b691e3d16c9d049ced33fb5,23e3e580bec03f827a6d972d15f3f4c5070ddffd,sha256:2f7ae7519ac70ab4d93ced827bad5af6a48980920b691e3d16c9d049ced33fb5,Scalar-Angular Theory Field Notes - Proof GR & QM Are Compatible,2025-12-24,True,True,False,True,EXPOSURE_STATS/PODCAST_GUIDE/text/resources--scalar-angular-theory-field-notes-proof-gr-qm-are-compatible--2f7ae7519ac7.txt,
resources:e9042c889e1becf3,Satobloc/HSH_RESOURCES,resources,EXPOSURE_STATS/PODCAST_EPs/Scalar-Angular Theory_ Field Notes - Quantum Gravityfoam.srt,transcript_subtitle,.srt,70113,e9042c889e1becf3db866a1c53c2679a90866f444d82c1129afdcb7322993876,1e163cbb634b02b83a4c939579076095a1fdc9bd,sha256:e9042c889e1becf3db866a1c53c2679a90866f444d82c1129afdcb7322993876,Scalar-Angular Theory Field Notes - Quantum Gravityfoam,2026-03-07,True,True,False,True,EXPOSURE_STATS/PODCAST_GUIDE/text/resources--scalar-angular-theory-field-notes-quantum-gravityfoam--e9042c889e1b.txt,EXPOSURE_STATS/PODCAST_GUIDE/cues/resources--scalar-angular-theory-field-notes-quantum-gravityfoam--e9042c889e1b.jsonl
resources:a1203878a8631fed,Satobloc/HSH_RESOURCES,resources,EXPOSURE_STATS/PODCAST_EPs/Scalar-Angular Theory_ Field Notes - SAT Interview.srt,transcript_subtitle,.srt,132912,a1203878a8631fed1630bdfe3d18c15fc06917fd4031c06dbe9fc621727464f8,c82b95bad8a231a7417a23c41db51e1c34e6becb,sha256:a1203878a8631fed1630bdfe3d18c15fc06917fd4031c06dbe9fc621727464f8,Scalar-Angular Theory Field Notes - SAT Interview,2026-04-20,True,True,False,True,EXPOSURE_STATS/PODCAST_GUIDE/text/resources--scalar-angular-theory-field-notes-sat-interview--a1203878a863.txt,EXPOSURE_STATS/PODCAST_GUIDE/cues/resources--scalar-angular-theory-field-notes-sat-interview--a1203878a863.jsonl
resources:c0ca81c9c0a65873,Satobloc/HSH_RESOURCES,resources,EXPOSURE_STATS/PODCAST_EPs/Scalar-Angular Theory_ Field Notes - SAT’s Derivations.srt,transcript_subtitle,.srt,55779,c0ca81c9c0a65873886a0b9f40339c1051e09321bf26bad37dc1ed5a76f44980,9debad5daca00ad8522b5fc3305110c6d70175ef,sha256:c0ca81c9c0a65873886a0b9f40339c1051e09321bf26bad37dc1ed5a76f44980,Scalar-Angular Theory Field Notes - SAT’s Derivations,2026-02-25,True,True,False,True,EXPOSURE_STATS/PODCAST_GUIDE/text/resources--scalar-angular-theory-field-notes-sat-s-derivations--c0ca81c9c0a6.txt,EXPOSURE_STATS/PODCAST_GUIDE/cues/resources--scalar-angular-theory-field-notes-sat-s-derivations--c0ca81c9c0a6.jsonl
resources:7653e7f0ec3b3d34,Satobloc/HSH_RESOURCES,resources,EXPOSURE_STATS/PODCAST_EPs/Scalar-Angular Theory_ Field Notes - The 0.239 rad Constant.srt,transcript_subtitle,.srt,63630,7653e7f0ec3b3d34b1826825c500c8381be25857261d58ed0f6ee7a64aef135e,dba397a8a97fd2cc52f8e74ac32236184c741150,sha256:7653e7f0ec3b3d34b1826825c500c8381be25857261d58ed0f6ee7a64aef135e,Scalar-Angular Theory Field Notes - The 0.239 rad Constant,2026-02-24,True,True,False,True,EXPOSURE_STATS/PODCAST_GUIDE/text/resources--scalar-angular-theory-field-notes-the-0-239-rad-constant--7653e7f0ec3b.txt,EXPOSURE_STATS/PODCAST_GUIDE/cues/resources--scalar-angular-theory-field-notes-the-0-239-rad-constant--7653e7f0ec3b.jsonl
resources:d6d8dc017ddb41af,Satobloc/HSH_RESOURCES,resources,EXPOSURE_STATS/PODCAST_EPs/Scalar-Angular Theory_ Field Notes - Timelike Twist in the Accelerator.srt,transcript_subtitle,.srt,52328,d6d8dc017ddb41af04fd33c39840e33b5945828898abcad28271a3f4bc1eaa0e,bb6650ccdaeedefcbb03b36a4120c1c1144b8d32,sha256:d6d8dc017ddb41af04fd33c39840e33b5945828898abcad28271a3f4bc1eaa0e,Scalar-Angular Theory Field Notes - Timelike Twist in the Accelerator,2026-01-19,True,True,False,True,EXPOSURE_STATS/PODCAST_GUIDE/text/resources--scalar-angular-theory-field-notes-timelike-twist-in-the-accelerator--d6d8dc017ddb.txt,EXPOSURE_STATS/PODCAST_GUIDE/cues/resources--scalar-angular-theory-field-notes-timelike-twist-in-the-accelerator--d6d8dc017ddb.jsonl
resources:c3dc98b4ea3dec21,Satobloc/HSH_RESOURCES,resources,EXPOSURE_STATS/PODCAST_EPs/Scalar-Angular Theory_ Field Notes - Unification in 93 Seconds.srt,transcript_subtitle,.srt,6428,c3dc98b4ea3dec2191341d70b7a316c23ff7d334f74fccccc23e2fdcd873ca50,e95d28114d92904c4c1f9ba354b1433b6ba592ef,sha256:c3dc98b4ea3dec2191341d70b7a316c23ff7d334f74fccccc23e2fdcd873ca50,Scalar-Angular Theory Field Notes - Unification in 93 Seconds,2025-12-22,True,False,False,True,EXPOSURE_STATS/PODCAST_GUIDE/text/resources--scalar-angular-theory-field-notes-unification-in-93-seconds--c3dc98b4ea3d.txt,EXPOSURE_STATS/PODCAST_GUIDE/cues/resources--scalar-angular-theory-field-notes-unification-in-93-seconds--c3dc98b4ea3d.jsonl
resources:6f6488d7db2f228b,Satobloc/HSH_RESOURCES,resources,EXPOSURE_STATS/PODCAST_EPs/Scalar-Angular Theory_ Field Notes - Unification Smoking Gun.srt,transcript_subtitle,.srt,72020,6f6488d7db2f228b261655c351b584233def077600f40ceb58dde4ed2202b217,1701e15b3fef1a40bbd0470a8ea07867a304bf3a,sha256:6f6488d7db2f228b261655c351b584233def077600f40ceb58dde4ed2202b217,Scalar-Angular Theory Field Notes - Unification Smoking Gun,2026-03-18,True,True,False,True,EXPOSURE_STATS/PODCAST_GUIDE/text/resources--scalar-angular-theory-field-notes-unification-smoking-gun--6f6488d7db2f.txt,EXPOSURE_STATS/PODCAST_GUIDE/cues/resources--scalar-angular-theory-field-notes-unification-smoking-gun--6f6488d7db2f.jsonl
resources:448651b5c3031e61,Satobloc/HSH_RESOURCES,resources,EXPOSURE_STATS/PODCAST_EPs/The New Physics - A Fairly Straightforward Mathematical.txt,podcast_text_unspecified,.txt,20862,448651b5c3031e6190abe469226b15192a435bebee7fbe9ca962c9e1debe46e2,8b46de0ff069ea654f6fef2a50da15c9abd09b6c,sha256:448651b5c3031e6190abe469226b15192a435bebee7fbe9ca962c9e1debe46e2,A Fairly Straightforward Mathematical,2025-05-27,True,True,False,True,,
resources:f72a9a02a5f8b731,Satobloc/HSH_RESOURCES,resources,EXPOSURE_STATS/PODCAST_EPs/The New Physics - Another Look at Bell’s Theorem.srt,transcript_subtitle,.srt,71674,f72a9a02a5f8b7319d3c227cd3d3ee78ff80cde5438f69b8029bc28d2f1606bd,24c90e9396b6a39a7e00de51b833baf861c9501f,sha256:f72a9a02a5f8b7319d3c227cd3d3ee78ff80cde5438f69b8029bc28d2f1606bd,Another Look at Bell’s Theorem,2026-09-06,True,True,False,True,EXPOSURE_STATS/PODCAST_GUIDE/text/resources--the-new-physics-another-look-at-bell-s-theorem--f72a9a02a5f8.txt,EXPOSURE_STATS/PODCAST_GUIDE/cues/resources--the-new-physics-another-look-at-bell-s-theorem--f72a9a02a5f8.jsonl
resources:0e8abe18319f6fc8,Satobloc/HSH_RESOURCES,resources,EXPOSURE_STATS/PODCAST_EPs/The New Physics - Did This Theory Just Solve Physics_.srt,transcript_subtitle,.srt,44089,0e8abe18319f6fc8b82e284071c232f97cd0467481833581c3b5bbc6606e3124,47eeb2698abbe12d96184fa1d1298989dc4a5798,sha256:0e8abe18319f6fc8b82e284071c232f97cd0467481833581c3b5bbc6606e3124,Did This Theory Just Solve Physics,2026-02-25,True,True,False,True,EXPOSURE_STATS/PODCAST_GUIDE/text/resources--the-new-physics-did-this-theory-just-solve-physics--0e8abe18319f.txt,EXPOSURE_STATS/PODCAST_GUIDE/cues/resources--the-new-physics-did-this-theory-just-solve-physics--0e8abe18319f.jsonl
resources:ca38ada872199b0c,Satobloc/HSH_RESOURCES,resources,EXPOSURE_STATS/PODCAST_EPs/The New Physics - Did We Just Win Physics_.srt,transcript_subtitle,.srt,77420,ca38ada872199b0c39f87f986fec3054ec7feb08a98c67127e276a0fc36dc1b1,43d0dfe5e65306ffbf6b29dc97d705451614b124,sha256:ca38ada872199b0c39f87f986fec3054ec7feb08a98c67127e276a0fc36dc1b1,Did We Just Win Physics,2026-03-07,True,True,False,True,EXPOSURE_STATS/PODCAST_GUIDE/text/resources--the-new-physics-did-we-just-win-physics--ca38ada87219.txt,EXPOSURE_STATS/PODCAST_GUIDE/cues/resources--the-new-physics-did-we-just-win-physics--ca38ada87219.jsonl
resources:00c15c715e59a379,Satobloc/HSH_RESOURCES,resources,EXPOSURE_STATS/PODCAST_EPs/The New Physics - GR-QCD-QED-QFT-SM-ST Unification in Plain English.srt,transcript_subtitle,.srt,101296,00c15c715e59a379c842cc18f26f881110c8f0dea16b245cbc03384daccc9f79,b6ceba4ab8b6f57fb3c9608615f29e9942e8cb64,sha256:00c15c715e59a379c842cc18f26f881110c8f0dea16b245cbc03384daccc9f79,GR-QCD-QED-QFT-SM-ST Unification in Plain English,2026-05-09,True,True,False,True,EXPOSURE_STATS/PODCAST_GUIDE/text/resources--the-new-physics-gr-qcd-qed-qft-sm-st-unification-in-plain-english--00c15c715e59.txt,EXPOSURE_STATS/PODCAST_GUIDE/cues/resources--the-new-physics-gr-qcd-qed-qft-sm-st-unification-in-plain-english--00c15c715e59.jsonl
resources:c4d37c68a64e0fe4,Satobloc/HSH_RESOURCES,resources,EXPOSURE_STATS/PODCAST_EPs/The New Physics - How to Make Constants Make Sense.srt,transcript_subtitle,.srt,77164,c4d37c68a64e0fe4d351b6997c73ac6c2a39dfbe27e8593f190290dff7436935,101f1173add70709da97cd417542ef7ac9ac435d,sha256:c4d37c68a64e0fe4d351b6997c73ac6c2a39dfbe27e8593f190290dff7436935,How to Make Constants Make Sense,2026-03-19,True,True,False,True,EXPOSURE_STATS/PODCAST_GUIDE/text/resources--the-new-physics-how-to-make-constants-make-sense--c4d37c68a64e.txt,EXPOSURE_STATS/PODCAST_GUIDE/cues/resources--the-new-physics-how-to-make-constants-make-sense--c4d37c68a64e.jsonl
resources:065f66cbe0e6c164,Satobloc/HSH_RESOURCES,resources,EXPOSURE_STATS/PODCAST_EPs/The New Physics - Is Quantum Gravityfoam The Answer_.txt,podcast_text_unspecified,.txt,55887,065f66cbe0e6c1648037a8ac3ce8b2193923f1448ece4b9084b52ac5d2a1c3eb,7d1b1516353e0af1db3d995f5a5ce9e35301f1a1,sha256:065f66cbe0e6c1648037a8ac3ce8b2193923f1448ece4b9084b52ac5d2a1c3eb,Is Quantum Gravityfoam The Answer,2026-03-07,True,True,False,True,,
resources:60a7c6fda5b915a9,Satobloc/HSH_RESOURCES,resources,EXPOSURE_STATS/PODCAST_EPs/The New Physics - Light Cones and Bell’s Theorem.srt,transcript_subtitle,.srt,85630,60a7c6fda5b915a94cb7cf1db18bf0f9feab5ea76774ecadec9596431893dadc,24dfb0493e739766445d6f645a4284f684c6473f,sha256:60a7c6fda5b915a94cb7cf1db18bf0f9feab5ea76774ecadec9596431893dadc,Light Cones and Bell’s Theorem,2026-03-23,True,True,False,True,EXPOSURE_STATS/PODCAST_GUIDE/text/resources--the-new-physics-light-cones-and-bell-s-theorem--60a7c6fda5b9.txt,EXPOSURE_STATS/PODCAST_GUIDE/cues/resources--the-new-physics-light-cones-and-bell-s-theorem--60a7c6fda5b9.jsonl
resources:73ae4bf651217794,Satobloc/HSH_RESOURCES,resources,EXPOSURE_STATS/PODCAST_EPs/The New Physics - Majorana Coupling & Coiled Cooper Pairing.srt,transcript_subtitle,.srt,92107,73ae4bf65121779436ccd463d0b8e112665626120fe90cbb8c5b43231b69f89c,d72cf490a4f9ee47e6b80b34822b112ec671cf25,sha256:73ae4bf65121779436ccd463d0b8e112665626120fe90cbb8c5b43231b69f89c,Majorana Coupling & Coiled Cooper Pairing,2026-09-06,True,True,False,True,EXPOSURE_STATS/PODCAST_GUIDE/text/resources--the-new-physics-majorana-coupling-coiled-cooper-pairing--73ae4bf65121.txt,EXPOSURE_STATS/PODCAST_GUIDE/cues/resources--the-new-physics-majorana-coupling-coiled-cooper-pairing--73ae4bf65121.jsonl
resources:124dcb3ff822a93f,Satobloc/HSH_RESOURCES,resources,EXPOSURE_STATS/PODCAST_EPs/The New Physics - Muon g–2 Birefringence.txt,podcast_text_unspecified,.txt,32080,124dcb3ff822a93ff66354bc4240f0da86fe5fab1ae27726bd7840628aa297fe,31bf23c3c14e0cc88b7082e83bfac32cb50e03ec,sha256:124dcb3ff822a93ff66354bc4240f0da86fe5fab1ae27726bd7840628aa297fe,Muon g–2 Birefringence,2025-09-08,True,True,False,True,,
resources:e2549bb85768775c,Satobloc/HSH_RESOURCES,resources,EXPOSURE_STATS/PODCAST_EPs/The New Physics - Quantum Kelvin Waves.srt,transcript_subtitle,.srt,79210,e2549bb85768775c2ecc4b9d4d2b5d7c2166c02fdca0f8bf77f4fd9fc3d8e6c1,f1d5bfad04348e1666f3d6e667178dbb74e55b26,sha256:e2549bb85768775c2ecc4b9d4d2b5d7c2166c02fdca0f8bf77f4fd9fc3d8e6c1,Quantum Kelvin Waves,2026-07-12,True,True,False,True,EXPOSURE_STATS/PODCAST_GUIDE/text/resources--the-new-physics-quantum-kelvin-waves--e2549bb85768.txt,EXPOSURE_STATS/PODCAST_GUIDE/cues/resources--the-new-physics-quantum-kelvin-waves--e2549bb85768.jsonl
resources:d622a38c508624a0,Satobloc/HSH_RESOURCES,resources,EXPOSURE_STATS/PODCAST_EPs/The New Physics - Quantum Relativity Made Easy.srt,transcript_subtitle,.srt,69523,d622a38c508624a0e786ed3770ba3ce78d483eeab83694a2f40f4cbe8e3435d3,3eae80b2687e7f0c4393b93a1993a9a767967c75,sha256:d622a38c508624a0e786ed3770ba3ce78d483eeab83694a2f40f4cbe8e3435d3,Quantum Relativity Made Easy,2025-12-22,True,True,False,True,EXPOSURE_STATS/PODCAST_GUIDE/text/resources--the-new-physics-quantum-relativity-made-easy--d622a38c5086.txt,EXPOSURE_STATS/PODCAST_GUIDE/cues/resources--the-new-physics-quantum-relativity-made-easy--d622a38c5086.jsonl
resources:c3679286d7233c0d,Satobloc/HSH_RESOURCES,resources,EXPOSURE_STATS/PODCAST_EPs/The New Physics - UV-Complete Structural Unification of GR+QM+SM.txt,podcast_text_unspecified,.txt,41722,c3679286d7233c0da89f7dd3e2d3370fd1ce03b0481aa90d47b46b9534c1327e,6ee1b7fda55766327d131ef68ecdeb99dc4adc90,sha256:c3679286d7233c0da89f7dd3e2d3370fd1ce03b0481aa90d47b46b9534c1327e,UV-Complete Structural Unification of GR+QM+SM,2025-09-14,True,True,False,True,,
resources:a05afda35e0ecf36,Satobloc/HSH_RESOURCES,resources,EXPOSURE_STATS/PODCAST_EPs/The New Physics - Whirligig of Worlds to One Fully Determined Collapse.srt,transcript_subtitle,.srt,89133,a05afda35e0ecf3659dff762b83d2451b87cdcf47bb63dc55b812063888b3175,0cb04a8596def5e8d2a630cede0c19449d1174dd,sha256:a05afda35e0ecf3659dff762b83d2451b87cdcf47bb63dc55b812063888b3175,Whirligig of Worlds to One Fully Determined Collapse,2026-03-15,True,True,True,True,EXPOSURE_STATS/PODCAST_GUIDE/text/resources--the-new-physics-whirligig-of-worlds-to-one-fully-determined-collapse--a05afda35e0e.txt,EXPOSURE_STATS/PODCAST_GUIDE/cues/resources--the-new-physics-whirligig-of-worlds-to-one-fully-determined-collapse--a05afda35e0e.jsonl
resources:7a0c60174303dd9f,Satobloc/HSH_RESOURCES,resources,EXPOSURE_STATS/PODCAST_EPs/The New Physics - Whoa. 49_00 — AI Goes Off the Rails Trying to Unite Quantum Relativity [skip ahead to hear].srt,transcript_subtitle,.srt,107509,7a0c60174303dd9f2aea8b35484bc731b6dda5a8841a4b66384c1f6cfa653eb3,23577666850c373c0fd8586ba5702a8cdad61dbe,sha256:7a0c60174303dd9f2aea8b35484bc731b6dda5a8841a4b66384c1f6cfa653eb3,Whoa. 49 00 — AI Goes Off the Rails Trying to Unite Quantum Relativity [skip ahead to hear],2026-03-18,True,True,False,True,EXPOSURE_STATS/PODCAST_GUIDE/text/resources--the-new-physics-whoa-49-00-ai-goes-off-the-rails-trying-to-unite-quantum-relativity-skip-a--7a0c60174303.txt,EXPOSURE_STATS/PODCAST_GUIDE/cues/resources--the-new-physics-whoa-49-00-ai-goes-off-the-rails-trying-to-unite-quantum-relativity-skip-a--7a0c60174303.jsonl
resources:0390369e73179226,Satobloc/HSH_RESOURCES,resources,EXPOSURE_STATS/PODCAST_EPs/TheNewPhysics_AgeByGender_all-time.csv,metadata_or_analytics,.csv,663,0390369e7317922650764a32539356319f32591204478f19c2173a6f99a7d19b,1a905067180cb14921a9ad57e71797a8c25881b0,sha256:0390369e7317922650764a32539356319f32591204478f19c2173a6f99a7d19b,TheNewPhysics AgeByGender all-time,,True,False,False,False,,
resources:a9fd9080dd1b7c4d,Satobloc/HSH_RESOURCES,resources,EXPOSURE_STATS/PODCAST_EPs/TheNewPhysics_Apps_all-time.csv,metadata_or_analytics,.csv,76,a9fd9080dd1b7c4d8d4416911e3e709ddcbc4e2dd80c4eea3dc0486053f3447b,9527fd7b39e99a847b6b4d60dea0b52e9457b6dd,sha256:a9fd9080dd1b7c4d8d4416911e3e709ddcbc4e2dd80c4eea3dc0486053f3447b,TheNewPhysics Apps all-time,,True,False,False,False,,
resources:c94c19b624b829e4,Satobloc/HSH_RESOURCES,resources,EXPOSURE_STATS/PODCAST_EPs/TheNewPhysics_Devices_all-time.csv,metadata_or_analytics,.csv,166,c94c19b624b829e4de99062a1a55422a5cc4a5076391ed3d9bf59ec8ec91bea1,5e3167372c00b213f11acb76cc3693db18420d40,sha256:c94c19b624b829e4de99062a1a55422a5cc4a5076391ed3d9bf59ec8ec91bea1,TheNewPhysics Devices all-time,,True,False,False,False,,
resources:b7a2005c76f42c59,Satobloc/HSH_RESOURCES,resources,EXPOSURE_STATS/PODCAST_EPs/TheNewPhysics_Gender_all-time.csv,metadata_or_analytics,.csv,119,b7a2005c76f42c5932961cc545f1f5fc9445f891ca3f2496a8b5693c6ff8dae5,f5fd11daa533bd4a8d11446b48721ec85bf793cf,sha256:b7a2005c76f42c5932961cc545f1f5fc9445f891ca3f2496a8b5693c6ff8dae5,TheNewPhysics Gender all-time,,True,False,False,False,,
resources:519f8116c33f8bf3,Satobloc/HSH_RESOURCES,resources,EXPOSURE_STATS/PODCAST_EPs/TheNewPhysics_GeoLocationAllPlatforms_all-time.csv,analytics,.csv,815,519f8116c33f8bf3e39303a7d796d2be999d92694f86f270ef1ed6075895b5d6,9f180967c67b1e41b09a87771520bd4ccc1682ac,sha256:519f8116c33f8bf3e39303a7d796d2be999d92694f86f270ef1ed6075895b5d6,TheNewPhysics GeoLocationAllPlatforms all-time,,True,False,False,False,,
resources:e5bc814faefbffda,Satobloc/HSH_RESOURCES,resources,EXPOSURE_STATS/PODCAST_EPs/TheNewPhysics_GeoLocationSpotify_1-1-2026--9-11-2026.csv,analytics,.csv,303,e5bc814faefbffdaec32d50e1dcacbef3fd1ec85f890441107c1111397291a2f,f0d74b71c0d588451c624e22bfd51fda416781de,sha256:e5bc814faefbffdaec32d50e1dcacbef3fd1ec85f890441107c1111397291a2f,TheNewPhysics GeoLocationSpotify 1-1-2026--9-11-2026,,True,False,False,False,,
resources:63ff633742d7b8fb,Satobloc/HSH_RESOURCES,resources,EXPOSURE_STATS/PODCAST_EPs/TheNewPhysics_GeoLocationSpotify_6-14-2026--9-11-2026.csv,analytics,.csv,187,63ff633742d7b8fb6c287910ddfba3dd9dece5930c706631e4405cf5319a1fb6,708d30ec314095a074e3e8b3546a3bf4ffd83983,sha256:63ff633742d7b8fb6c287910ddfba3dd9dece5930c706631e4405cf5319a1fb6,TheNewPhysics GeoLocationSpotify 6-14-2026--9-11-2026,,True,False,False,False,,
resources:d174217ad1cea658,Satobloc/HSH_RESOURCES,resources,EXPOSURE_STATS/PODCAST_EPs/TheNewPhysics_GeoLocationSpotify_all-time.csv,analytics,.csv,831,d174217ad1cea658da718502f293acb3acbd8a32ddfe18a265953ec30369fcf8,8f940de0e9c0d97bcf626a9725a5e2b4a63d03a2,sha256:d174217ad1cea658da718502f293acb3acbd8a32ddfe18a265953ec30369fcf8,TheNewPhysics GeoLocationSpotify all-time,,True,False,False,False,,
resources:1b096165f990091f,Satobloc/HSH_RESOURCES,resources,EXPOSURE_STATS/PODCAST_EPs/TheNewPhysics_TrendsChart_AvgConsumptionTime_First7Days.csv,metadata_or_analytics,.csv,15381,1b096165f990091f009c8625c91d67fee89e007b025a8fe40af12a9bb0994525,9b8bf24add93d5bde8d3682fc6351f693719687d,sha256:1b096165f990091f009c8625c91d67fee89e007b025a8fe40af12a9bb0994525,TheNewPhysics TrendsChart AvgConsumptionTime First7Days,,True,False,False,False,,
resources:47b14faa4ac02dad,Satobloc/HSH_RESOURCES,resources,EXPOSURE_STATS/PODCAST_EPs/TheNewPhysics_TrendsChart_AvgConsumptionTime_SincePublished (1).csv,metadata_or_analytics,.csv,10997,47b14faa4ac02dad37138e094d6f8a4ddaac657faa498842c780241351e8fca6,5455cc0ced04a9c8d7d584dd3b634bc8f819b7ca,sha256:47b14faa4ac02dad37138e094d6f8a4ddaac657faa498842c780241351e8fca6,TheNewPhysics TrendsChart AvgConsumptionTime SincePublished (1),,True,False,False,False,,
resources:47b14faa4ac02dad,Satobloc/HSH_RESOURCES,resources,EXPOSURE_STATS/PODCAST_EPs/TheNewPhysics_TrendsChart_AvgConsumptionTime_SincePublished (2).csv,metadata_or_analytics,.csv,10997,47b14faa4ac02dad37138e094d6f8a4ddaac657faa498842c780241351e8fca6,5455cc0ced04a9c8d7d584dd3b634bc8f819b7ca,sha256:47b14faa4ac02dad37138e094d6f8a4ddaac657faa498842c780241351e8fca6,TheNewPhysics TrendsChart AvgConsumptionTime SincePublished (2),,True,False,False,False,,
resources:47b14faa4ac02dad,Satobloc/HSH_RESOURCES,resources,EXPOSURE_STATS/PODCAST_EPs/TheNewPhysics_TrendsChart_AvgConsumptionTime_SincePublished (3).csv,metadata_or_analytics,.csv,10997,47b14faa4ac02dad37138e094d6f8a4ddaac657faa498842c780241351e8fca6,5455cc0ced04a9c8d7d584dd3b634bc8f819b7ca,sha256:47b14faa4ac02dad37138e094d6f8a4ddaac657faa498842c780241351e8fca6,TheNewPhysics TrendsChart AvgConsumptionTime SincePublished (3),,True,False,False,False,,
resources:47b14faa4ac02dad,Satobloc/HSH_RESOURCES,resources,EXPOSURE_STATS/PODCAST_EPs/TheNewPhysics_TrendsChart_AvgConsumptionTime_SincePublished.csv,metadata_or_analytics,.csv,10997,47b14faa4ac02dad37138e094d6f8a4ddaac657faa498842c780241351e8fca6,5455cc0ced04a9c8d7d584dd3b634bc8f819b7ca,sha256:47b14faa4ac02dad37138e094d6f8a4ddaac657faa498842c780241351e8fca6,TheNewPhysics TrendsChart AvgConsumptionTime SincePublished,,True,False,False,False,,
resources:f3665f5230b96bdb,Satobloc/HSH_RESOURCES,resources,EXPOSURE_STATS/SAT — PODCAST STATS/34gtretCapture.JPG,analytics_capture,.jpg,162002,f3665f5230b96bdbbbd25cb3997ed25cfb32fe3dffc89d8d36a5507c7f01d32e,8b5e0999f5571bc9f9d7923688d88f469324e154,,34gtretCapture,,True,False,False,False,,
resources:4fe37a75a512868a,Satobloc/HSH_RESOURCES,resources,EXPOSURE_STATS/SAT — PODCAST STATS/34qffsdf.JPG,analytics_capture,.jpg,162330,4fe37a75a512868a0857988fbc59b0fef9ae2268c61118802ff08644f6e17632,252a70f3ee132cc6540871f6e8a3792482619060,,34qffsdf,,True,False,False,False,,
resources:dd69d91d89d1e43c,Satobloc/HSH_RESOURCES,resources,EXPOSURE_STATS/SAT — PODCAST STATS/34tferfCapture.JPG,analytics_capture,.jpg,163267,dd69d91d89d1e43cf48e2617ee1bba7a9bbfc611f936db397003169f824df7da,5665211fbcdd91e1e4dcae1af5cc35a35462196d,,34tferfCapture,,True,False,False,False,,
resources:bae99c918c40e6cb,Satobloc/HSH_RESOURCES,resources,EXPOSURE_STATS/SAT — PODCAST STATS/34trefadCapture.JPG,analytics_capture,.jpg,163605,bae99c918c40e6cbf602028982cba807e648c5f0e7570a5c88c21f1eb9c9bba1,ab8a8e440db5a3f11bcc5a3f36eb71f1a15064bc,,34trefadCapture,,True,False,False,False,,
resources:0de982ea5f4b4e8a,Satobloc/HSH_RESOURCES,resources,EXPOSURE_STATS/SAT — PODCAST STATS/34yt45tCapture.JPG,analytics_capture,.jpg,163695,0de982ea5f4b4e8a6718aee3ac467138772f6fc24fa7aeaf4b549933d0c13dc8,eb1e634e658ec14cc7d798d23b269a637235634f,,34yt45tCapture,,True,False,False,False,,
resources:eafb8489293bb2c6,Satobloc/HSH_RESOURCES,resources,EXPOSURE_STATS/SAT — PODCAST STATS/43t3fewfCapture.JPG,analytics_capture,.jpg,156989,eafb8489293bb2c67914cfb6d541fa4466e7e6e470b7fdd8ef4a879bbd068906,7099bb1b24e5f99f4d9efa7ed1b882b7caa31df6,,43t3fewfCapture,,True,False,False,False,,
resources:798e561768d7a99f,Satobloc/HSH_RESOURCES,resources,EXPOSURE_STATS/SAT — PODCAST STATS/43tgerCapture.JPG,analytics_capture,.jpg,164212,798e561768d7a99f77ed77456711cea6ac8ccc0672af32ec34f58c2f5746ea26,579d768228c0a980c5cee20a534599c57914be06,,43tgerCapture,,True,False,False,False,,
resources:4f9d915d08f5e606,Satobloc/HSH_RESOURCES,resources,EXPOSURE_STATS/SAT — PODCAST STATS/4yt43tCapture.JPG,analytics_capture,.jpg,159519,4f9d915d08f5e606000980dd1cbe54dad99ad02ad3e95e3509d286a521fc8be6,ad8154c64543eda19bdc225ba07fea9e7e3760ef,,4yt43tCapture,,True,False,False,False,,
resources:30972c379da562ad,Satobloc/HSH_RESOURCES,resources,EXPOSURE_STATS/SAT — PODCAST STATS/5trgsCapture.JPG,analytics_capture,.jpg,164313,30972c379da562ada3cd5f4f19e4155621f5722f36fc619920c61c2eeda3352d,5a1f8853d6f607e31d0b6528ff09ed2ee6e28b50,,5trgsCapture,,True,False,False,False,,
resources:66736f8e59aa4d76,Satobloc/HSH_RESOURCES,resources,EXPOSURE_STATS/SAT — PODCAST STATS/8DebatingA.I.OntheFutureofPhysics_GeoLocationAllPlatforms_all-time.csv,analytics,.csv,432,66736f8e59aa4d763dbefcc93797bbf02b053204acaf5f2399496f77b9fb73e4,0d47115e02ff782afc790c5eede3266e3c3edc94,sha256:66736f8e59aa4d763dbefcc93797bbf02b053204acaf5f2399496f77b9fb73e4,8DebatingA.I.OntheFutureofPhysics GeoLocationAllPlatforms all-time,,True,False,False,False,,
resources:c71833891223f11c,Satobloc/HSH_RESOURCES,resources,EXPOSURE_STATS/SAT — PODCAST STATS/aeergaerCapture.JPG,analytics_capture,.jpg,165196,c71833891223f11ca355244ee985e143e8c337368ba4600a4858572f7782fd2a,1ad0e68941b64bf76c738f8005fea1d3b56342eb,,aeergaerCapture,,True,False,False,False,,
resources:57bc24704e580c2d,Satobloc/HSH_RESOURCES,resources,EXPOSURE_STATS/SAT — PODCAST STATS/af4a34trfCapture.JPG,analytics_capture,.jpg,160156,57bc24704e580c2d73fa742ba674bafcc87617b3d9e37e7df7ea96ddbc136e9f,eb9b210af0b7bc89fade1899db30292f58ab1623,,af4a34trfCapture,,True,False,False,False,,
resources:b4736e045144df49,Satobloc/HSH_RESOURCES,resources,EXPOSURE_STATS/SAT — PODCAST STATS/asdasdsCapture.JPG,analytics_capture,.jpg,160857,b4736e045144df49f530828ef326081088166416830512a63b5dc865858d3a32,d788e2701874839d163bad7b4fb53e6f4c3c360b,,asdasdsCapture,,True,False,False,False,,
resources:46ad95f82914c577,Satobloc/HSH_RESOURCES,resources,EXPOSURE_STATS/SAT — PODCAST STATS/asdasvCapture.JPG,analytics_capture,.jpg,162121,46ad95f82914c5771575bf1daffa96be5fc4eca8b85d721b5742bb49abbbe721,acd98047181364b4b0105022a00299afb6478933,,asdasvCapture,,True,False,False,False,,
resources:9a3d708996816f94,Satobloc/HSH_RESOURCES,resources,EXPOSURE_STATS/SAT — PODCAST STATS/asfasdfasfweCapture.JPG,analytics_capture,.jpg,165369,9a3d708996816f940bed5ac21647e1d5337508a1d313744a897097f78974bed6,40f11962268c6aade84b7a0aec95dc2bd07bdaf7,,asfasdfasfweCapture,,True,False,False,False,,
resources:96c31fb7f97317bb,Satobloc/HSH_RESOURCES,resources,EXPOSURE_STATS/SAT — PODCAST STATS/asv3e4erfCapture.JPG,analytics_capture,.jpg,162477,96c31fb7f97317bb147241a3febc243fcad0fb768ffb4a30e1d4b3a31fbc94bc,357ca5b16f0b19815f03cd06e608f728043e966b,,asv3e4erfCapture,,True,False,False,False,,
resources:56ca22ad60b4ac59,Satobloc/HSH_RESOURCES,resources,EXPOSURE_STATS/SAT — PODCAST STATS/asvasdasdCapture.JPG,analytics_capture,.jpg,160674,56ca22ad60b4ac59c5b87538f091bba86f9ed786286effca50979b3f6002907b,b030deadae22f93e41051e285f4fbef5d5dea731,,asvasdasdCapture,,True,False,False,False,,
resources:45d3a42f2c4d93f7,Satobloc/HSH_RESOURCES,resources,EXPOSURE_STATS/SAT — PODCAST STATS/atefraaefdCapture.JPG,analytics_capture,.jpg,159743,45d3a42f2c4d93f70d550f99c56f901fa630d462b85755bc17782724ddd5cb98,fb55cc1e7645a21cb5113cfc0402d63ab5e6d39b,,atefraaefdCapture,,True,False,False,False,,
resources:fe763ed3f6edab96,Satobloc/HSH_RESOURCES,resources,EXPOSURE_STATS/SAT — PODCAST STATS/atwer3aCapture.JPG,analytics_capture,.jpg,167938,fe763ed3f6edab96e820c7df48a6f9c62bfbcc0eed4cd183c277db11419b7982,032d45aa4c0cd592eb0571d6e6afcc2ba36f00cd,,atwer3aCapture,,True,False,False,False,,
resources:1ba85b1eaae889d9,Satobloc/HSH_RESOURCES,resources,EXPOSURE_STATS/SAT — PODCAST STATS/awfesdcdsfcCapture.JPG,analytics_capture,.jpg,167710,1ba85b1eaae889d991f88a1c91cac828570d06c219b8ba84f144ce2676e47b41,2d783d805cceefe08a4fdcc6bb0f057339a6e304,,awfesdcdsfcCapture,,True,False,False,False,,
resources:0eea8853ec7716d6,Satobloc/HSH_RESOURCES,resources,EXPOSURE_STATS/SAT — PODCAST STATS/awvwe4Capture.JPG,analytics_capture,.jpg,165418,0eea8853ec7716d620043d141489bbbf3bac04bc5ede0f0624ed590e07a4ba2f,a703f6a3ac78370a9c593997101a093c545a563c,,awvwe4Capture,,True,False,False,False,,
resources:49f5fae1d6c19c01,Satobloc/HSH_RESOURCES,resources,EXPOSURE_STATS/SAT — PODCAST STATS/Debating  Listeners .txt,analytics,.txt,3055,49f5fae1d6c19c0164ccb459190a3f12dd4c8aeb49badfd37c27f7b70f37e405,760a80e117cafdd7fb9c8debecd46dd045d84f8d,sha256:49f5fae1d6c19c0164ccb459190a3f12dd4c8aeb49badfd37c27f7b70f37e405,Debating Listeners,,True,False,False,False,,
resources:b69fe7ab0267a553,Satobloc/HSH_RESOURCES,resources,EXPOSURE_STATS/SAT — PODCAST STATS/Debating  Listeners 2.txt,analytics,.txt,62305,b69fe7ab0267a553f6e1a180b0bbb98b5dafc6ec1176e623bcc1d276f50c53a3,f87fd97b1fbec1617b8ebbd3a36d9bd28ee515cb,sha256:b69fe7ab0267a553f6e1a180b0bbb98b5dafc6ec1176e623bcc1d276f50c53a3,Debating Listeners 2,,True,False,False,False,,
resources:b69fe7ab0267a553,Satobloc/HSH_RESOURCES,resources,EXPOSURE_STATS/SAT — PODCAST STATS/Debating  LISTENERSHIP.txt,analytics,.txt,62305,b69fe7ab0267a553f6e1a180b0bbb98b5dafc6ec1176e623bcc1d276f50c53a3,f87fd97b1fbec1617b8ebbd3a36d9bd28ee515cb,sha256:b69fe7ab0267a553f6e1a180b0bbb98b5dafc6ec1176e623bcc1d276f50c53a3,Debating LISTENERSHIP,,True,False,False,False,,
resources:42a1591f08e0af61,Satobloc/HSH_RESOURCES,resources,EXPOSURE_STATS/SAT — PODCAST STATS/Debating AI 1.txt,podcast_text_unspecified,.txt,13445,42a1591f08e0af61704d53104e6d077daecaf32b86f543c332b8342889e8ddc0,937bc537221ce75dda205ba521b186a10bcf5ceb,sha256:42a1591f08e0af61704d53104e6d077daecaf32b86f543c332b8342889e8ddc0,Debating AI 1,,True,True,False,False,,
resources:d3e6408507604723,Satobloc/HSH_RESOURCES,resources,EXPOSURE_STATS/SAT — PODCAST STATS/Debating AI 2.txt,podcast_text_unspecified,.txt,22443,d3e6408507604723a65d1036dc2a1ffb5b70a91675ad2b06d746480b0103957f,87e97096451bb7838e629dd26b84ce18b2bfaacd,sha256:d3e6408507604723a65d1036dc2a1ffb5b70a91675ad2b06d746480b0103957f,Debating AI 2,,True,True,False,False,,
resources:c94d8c2d5df5c8de,Satobloc/HSH_RESOURCES,resources,EXPOSURE_STATS/SAT — PODCAST STATS/Debating AI 3.txt,podcast_text_unspecified,.txt,49885,c94d8c2d5df5c8defbeaa792d7162be5ddcd73291fccf6376b446cf54b9e41ee,64b4779266ef13cd7e8c8d688cd5d1377860f15c,sha256:c94d8c2d5df5c8defbeaa792d7162be5ddcd73291fccf6376b446cf54b9e41ee,Debating AI 3,,True,True,False,True,,
resources:a5d0705454fe1aee,Satobloc/HSH_RESOURCES,resources,EXPOSURE_STATS/SAT — PODCAST STATS/DEBATING AI BIG STATS.txt,analytics,.txt,30431,a5d0705454fe1aee0b9482e0e5db9011d9eb297a38704ccde8b6cb4377ba3eee,b8ae90c7db5682137bc2950f4e0f40392ca00db3,sha256:a5d0705454fe1aee0b9482e0e5db9011d9eb297a38704ccde8b6cb4377ba3eee,DEBATING AI BIG STATS,,True,False,False,False,,
resources:f85304062c20e45f,Satobloc/HSH_RESOURCES,resources,EXPOSURE_STATS/SAT — PODCAST STATS/Debating AI Episodes List.txt,podcast_text_unspecified,.txt,19392,f85304062c20e45f4d169aa5c823c3d54603f78f93ce6d2a9f252111e59454a0,e32fc1c9bffe22edbf94bd2b17128dbc8dad6635,sha256:f85304062c20e45f4d169aa5c823c3d54603f78f93ce6d2a9f252111e59454a0,Debating AI Episodes List,,True,True,False,True,,
resources:e68def145baad963,Satobloc/HSH_RESOURCES,resources,EXPOSURE_STATS/SAT — PODCAST STATS/Debating AI Morgellis.txt,podcast_text_unspecified,.txt,2984,e68def145baad963eb576feff779b756d5f56397f9ba090177e77d360791497e,24d45e34070aefa148c358174aa3da09d2208e95,sha256:e68def145baad963eb576feff779b756d5f56397f9ba090177e77d360791497e,Debating AI Morgellis,,True,False,False,False,,
resources:fbcebed5b0ac3364,Satobloc/HSH_RESOURCES,resources,EXPOSURE_STATS/SAT — PODCAST STATS/Debating AI Podcast Stats.txt,analytics,.txt,193220,fbcebed5b0ac33642d6d10255ec69871c63890046204a0abd4cbd5ba1798331d,459335f7926f47d86b7d5959a594ed43e49ceae2,sha256:fbcebed5b0ac33642d6d10255ec69871c63890046204a0abd4cbd5ba1798331d,Debating AI Podcast Stats,,True,False,False,False,,
resources:fbcebed5b0ac3364,Satobloc/HSH_RESOURCES,resources,EXPOSURE_STATS/SAT — PODCAST STATS/Debating AI Podcast.txt,podcast_text_unspecified,.txt,193220,fbcebed5b0ac33642d6d10255ec69871c63890046204a0abd4cbd5ba1798331d,459335f7926f47d86b7d5959a594ed43e49ceae2,sha256:fbcebed5b0ac33642d6d10255ec69871c63890046204a0abd4cbd5ba1798331d,Debating AI Podcast,,True,True,False,True,,
resources:0ea704038f9f4f54,Satobloc/HSH_RESOURCES,resources,EXPOSURE_STATS/SAT — PODCAST STATS/Debating AI Stats 2.txt,analytics,.txt,197752,0ea704038f9f4f543f6ca2fa846084aab23178b2dc716e21065c310c00f04fb6,00f42f3d6912df9b0e9486921bcc32c046328daa,sha256:0ea704038f9f4f543f6ca2fa846084aab23178b2dc716e21065c310c00f04fb6,Debating AI Stats 2,,True,False,False,False,,
resources:0d6291cd7e4a3456,Satobloc/HSH_RESOURCES,resources,EXPOSURE_STATS/SAT — PODCAST STATS/Debating AI Stats.txt,analytics,.txt,197753,0d6291cd7e4a345640a57dbd20ffd93df9cf099614e133ea66fab2c1221189f9,cf8264f961c0a385ad0a4c90fa31c5b11c192b79,sha256:0d6291cd7e4a345640a57dbd20ffd93df9cf099614e133ea66fab2c1221189f9,Debating AI Stats,,True,False,False,False,,
resources:10f7615ca1399caf,Satobloc/HSH_RESOURCES,resources,EXPOSURE_STATS/SAT — PODCAST STATS/Debating AI —  Podcast.txt,podcast_text_unspecified,.txt,3899,10f7615ca1399caf5812ff45869ec7480d2310896543d31a174a593256b82400,6f7b6cc4e2f81abb5a653f3c47cbc1b6cc1438ca,sha256:10f7615ca1399caf5812ff45869ec7480d2310896543d31a174a593256b82400,Debating AI — Podcast,,True,True,False,False,,
resources:09a9d2e21c0360a8,Satobloc/HSH_RESOURCES,resources,EXPOSURE_STATS/SAT — PODCAST STATS/DebatingA.I.OntheFutureofPhysics_AgeByGender_all-time.csv,metadata_or_analytics,.csv,608,09a9d2e21c0360a8cbb06afd5e812a098b479600ddd585a0800be09ef5a390b0,b3666f636b2baf21de95eb2b54003563c5fbc52a,sha256:09a9d2e21c0360a8cbb06afd5e812a098b479600ddd585a0800be09ef5a390b0,OntheFutureofPhysics AgeByGender all-time,,True,False,False,False,,
resources:ce8a12a3cf27e051,Satobloc/HSH_RESOURCES,resources,EXPOSURE_STATS/SAT — PODCAST STATS/DebatingA.I.OntheFutureofPhysics_AudienceSegments_1-1-2025--6-15-2026.csv,analytics,.csv,4293,ce8a12a3cf27e0512ee84340b63d318f49ab07e1a11d2971ee315418dd95b806,a4c09324c7fc69ef2a862aa8c3d771bd267e63c0,sha256:ce8a12a3cf27e0512ee84340b63d318f49ab07e1a11d2971ee315418dd95b806,OntheFutureofPhysics AudienceSegments 1-1-2025--6-15-2026,,True,False,False,False,,
resources:f4d05006bf66385d,Satobloc/HSH_RESOURCES,resources,EXPOSURE_STATS/SAT — PODCAST STATS/DebatingA.I.OntheFutureofPhysics_DailyImpressions_3-17-2026--6-14-2026 (1).csv,metadata_or_analytics,.csv,1218,f4d05006bf66385da8af5a271e7571781a19dcccac6c32d45a47cb15f5390a38,b4f95d0204632e3aa7a250da6edec5f2222a7fdc,sha256:f4d05006bf66385da8af5a271e7571781a19dcccac6c32d45a47cb15f5390a38,OntheFutureofPhysics DailyImpressions 3-17-2026--6-14-2026 (1),,True,False,False,False,,
resources:f4d05006bf66385d,Satobloc/HSH_RESOURCES,resources,EXPOSURE_STATS/SAT — PODCAST STATS/DebatingA.I.OntheFutureofPhysics_DailyImpressions_3-17-2026--6-14-2026.csv,metadata_or_analytics,.csv,1218,f4d05006bf66385da8af5a271e7571781a19dcccac6c32d45a47cb15f5390a38,b4f95d0204632e3aa7a250da6edec5f2222a7fdc,sha256:f4d05006bf66385da8af5a271e7571781a19dcccac6c32d45a47cb15f5390a38,OntheFutureofPhysics DailyImpressions 3-17-2026--6-14-2026,,True,False,False,False,,
resources:514e24ff641ba0ed,Satobloc/HSH_RESOURCES,resources,EXPOSURE_STATS/SAT — PODCAST STATS/DebatingA.I.OntheFutureofPhysics_Engagement_all-time (1).csv,metadata_or_analytics,.csv,11191,514e24ff641ba0eda717b43317e21e8f3368efc7d8fded755e744b5b956fcc4c,fec94fa38dbcc8f45da856d43ea5ec37795c1a65,sha256:514e24ff641ba0eda717b43317e21e8f3368efc7d8fded755e744b5b956fcc4c,OntheFutureofPhysics Engagement all-time (1),,True,False,False,False,,
resources:514e24ff641ba0ed,Satobloc/HSH_RESOURCES,resources,EXPOSURE_STATS/SAT — PODCAST STATS/DebatingA.I.OntheFutureofPhysics_Engagement_all-time (2).csv,metadata_or_analytics,.csv,11191,514e24ff641ba0eda717b43317e21e8f3368efc7d8fded755e744b5b956fcc4c,fec94fa38dbcc8f45da856d43ea5ec37795c1a65,sha256:514e24ff641ba0eda717b43317e21e8f3368efc7d8fded755e744b5b956fcc4c,OntheFutureofPhysics Engagement all-time (2),,True,False,False,False,,
resources:514e24ff641ba0ed,Satobloc/HSH_RESOURCES,resources,EXPOSURE_STATS/SAT — PODCAST STATS/DebatingA.I.OntheFutureofPhysics_Engagement_all-time (3).csv,metadata_or_analytics,.csv,11191,514e24ff641ba0eda717b43317e21e8f3368efc7d8fded755e744b5b956fcc4c,fec94fa38dbcc8f45da856d43ea5ec37795c1a65,sha256:514e24ff641ba0eda717b43317e21e8f3368efc7d8fded755e744b5b956fcc4c,OntheFutureofPhysics Engagement all-time (3),,True,False,False,False,,
resources:514e24ff641ba0ed,Satobloc/HSH_RESOURCES,resources,EXPOSURE_STATS/SAT — PODCAST STATS/DebatingA.I.OntheFutureofPhysics_Engagement_all-time (4).csv,metadata_or_analytics,.csv,11191,514e24ff641ba0eda717b43317e21e8f3368efc7d8fded755e744b5b956fcc4c,fec94fa38dbcc8f45da856d43ea5ec37795c1a65,sha256:514e24ff641ba0eda717b43317e21e8f3368efc7d8fded755e744b5b956fcc4c,OntheFutureofPhysics Engagement all-time (4),,True,False,False,False,,
resources:514e24ff641ba0ed,Satobloc/HSH_RESOURCES,resources,EXPOSURE_STATS/SAT — PODCAST STATS/DebatingA.I.OntheFutureofPhysics_Engagement_all-time.csv,metadata_or_analytics,.csv,11191,514e24ff641ba0eda717b43317e21e8f3368efc7d8fded755e744b5b956fcc4c,fec94fa38dbcc8f45da856d43ea5ec37795c1a65,sha256:514e24ff641ba0eda717b43317e21e8f3368efc7d8fded755e744b5b956fcc4c,OntheFutureofPhysics Engagement all-time,,True,False,False,False,,
resources:113a41dbb5ae086d,Satobloc/HSH_RESOURCES,resources,EXPOSURE_STATS/SAT — PODCAST STATS/DebatingA.I.OntheFutureofPhysics_EpisodeCompletionRates.csv,metadata_or_analytics,.csv,797,113a41dbb5ae086da0436f530726278c592e4021fb730e00a0da0f0746b25643,d64a379b9a05093e55d62e00e96850f28e8c7d18,sha256:113a41dbb5ae086da0436f530726278c592e4021fb730e00a0da0f0746b25643,OntheFutureofPhysics EpisodeCompletionRates,,True,False,False,False,,
resources:92514011e974d2df,Satobloc/HSH_RESOURCES,resources,EXPOSURE_STATS/SAT — PODCAST STATS/DebatingA.I.OntheFutureofPhysics_Gender_all-time.csv,metadata_or_analytics,.csv,118,92514011e974d2dfff845f78961e23b905a39216ef0d3e73537fc0aa5cbc4ace,f442b6e795b8c2318cd0df724ebc0924712ae6b3,sha256:92514011e974d2dfff845f78961e23b905a39216ef0d3e73537fc0aa5cbc4ace,OntheFutureofPhysics Gender all-time,,True,False,False,False,,
resources:2b80b2428ec70125,Satobloc/HSH_RESOURCES,resources,EXPOSURE_STATS/SAT — PODCAST STATS/DebatingA.I.OntheFutureofPhysics_GeoLocationAllPlatforms_all-time (1).csv,analytics,.csv,348,2b80b2428ec701256374990886ee9fccac85de85b37afc5bbaec56df8d903129,50dc721394fecfe1eab387248f592f175dd27e7d,sha256:2b80b2428ec701256374990886ee9fccac85de85b37afc5bbaec56df8d903129,OntheFutureofPhysics GeoLocationAllPlatforms all-time (1),,True,False,False,False,,
resources:ffbdf650a8e6892a,Satobloc/HSH_RESOURCES,resources,EXPOSURE_STATS/SAT — PODCAST STATS/DebatingA.I.OntheFutureofPhysics_GeoLocationAllPlatforms_all-time.csv,analytics,.csv,865,ffbdf650a8e6892a082e2eccba86e2b359ace8381177d8604ec5187dafe59b4d,d8892d2f8616e3f04b69614882ca1bb47fa740c9,sha256:ffbdf650a8e6892a082e2eccba86e2b359ace8381177d8604ec5187dafe59b4d,OntheFutureofPhysics GeoLocationAllPlatforms all-time,,True,False,False,False,,
resources:0cc0fae313cfc077,Satobloc/HSH_RESOURCES,resources,EXPOSURE_STATS/SAT — PODCAST STATS/DebatingA.I.OntheFutureofPhysics_TopEpisodesByConsumptionTime_all-time (1).csv,metadata_or_analytics,.csv,909,0cc0fae313cfc0772b60a8f4abd1c97fbb757caf60d62e2de640c40e811a1b03,a35c64ced1a596181983660cf1eeb5be7028cff8,sha256:0cc0fae313cfc0772b60a8f4abd1c97fbb757caf60d62e2de640c40e811a1b03,OntheFutureofPhysics TopEpisodesByConsumptionTime all-time (1),,True,False,False,False,,
resources:0cc0fae313cfc077,Satobloc/HSH_RESOURCES,resources,EXPOSURE_STATS/SAT — PODCAST STATS/DebatingA.I.OntheFutureofPhysics_TopEpisodesByConsumptionTime_all-time.csv,metadata_or_analytics,.csv,909,0cc0fae313cfc0772b60a8f4abd1c97fbb757caf60d62e2de640c40e811a1b03,a35c64ced1a596181983660cf1eeb5be7028cff8,sha256:0cc0fae313cfc0772b60a8f4abd1c97fbb757caf60d62e2de640c40e811a1b03,OntheFutureofPhysics TopEpisodesByConsumptionTime all-time,,True,False,False,False,,
resources:82181a5ba3ce46b1,Satobloc/HSH_RESOURCES,resources,EXPOSURE_STATS/SAT — PODCAST STATS/DebatingA.I.OntheFutureofPhysics_TopEpisodesByImpressions_3-17-2026--6-14-2026 (1).csv,metadata_or_analytics,.csv,983,82181a5ba3ce46b16728d077a90e7beaadf240a8efbd34ad48af54440680f59a,3c7c8b66f7bfb243cf91387b2cb7084bc970f7c0,sha256:82181a5ba3ce46b16728d077a90e7beaadf240a8efbd34ad48af54440680f59a,OntheFutureofPhysics TopEpisodesByImpressions 3-17-2026--6-14-2026 (1),,True,False,False,False,,
resources:82181a5ba3ce46b1,Satobloc/HSH_RESOURCES,resources,EXPOSURE_STATS/SAT — PODCAST STATS/DebatingA.I.OntheFutureofPhysics_TopEpisodesByImpressions_3-17-2026--6-14-2026.csv,metadata_or_analytics,.csv,983,82181a5ba3ce46b16728d077a90e7beaadf240a8efbd34ad48af54440680f59a,3c7c8b66f7bfb243cf91387b2cb7084bc970f7c0,sha256:82181a5ba3ce46b16728d077a90e7beaadf240a8efbd34ad48af54440680f59a,OntheFutureofPhysics TopEpisodesByImpressions 3-17-2026--6-14-2026,,True,False,False,False,,
resources:77503f187b153069,Satobloc/HSH_RESOURCES,resources,EXPOSURE_STATS/SAT — PODCAST STATS/DebatingA.I.OntheFutureofPhysics_TrendsChart_PlaysAndDownloads_First7Days (1).csv,metadata_or_analytics,.csv,13060,77503f187b1530697d648402f8162a28d235052c5496d07171d00aa3798fcf65,02e17e4cbd23a21a335f53c74256d7e0cd4570f6,sha256:77503f187b1530697d648402f8162a28d235052c5496d07171d00aa3798fcf65,OntheFutureofPhysics TrendsChart PlaysAndDownloads First7Days (1),,True,False,False,False,,
resources:42ab243dcce4ecf9,Satobloc/HSH_RESOURCES,resources,EXPOSURE_STATS/SAT — PODCAST STATS/DebatingA.I.OntheFutureofPhysics_TrendsChart_PlaysAndDownloads_First7Days (10).csv,metadata_or_analytics,.csv,13060,42ab243dcce4ecf92215f81aa62f2102a1159b1572ce5a2c5a947b45780e887d,9178964c944604ca7899e647c0222a6c63c2fc24,sha256:42ab243dcce4ecf92215f81aa62f2102a1159b1572ce5a2c5a947b45780e887d,OntheFutureofPhysics TrendsChart PlaysAndDownloads First7Days (10),,True,False,False,False,,
resources:77503f187b153069,Satobloc/HSH_RESOURCES,resources,EXPOSURE_STATS/SAT — PODCAST STATS/DebatingA.I.OntheFutureofPhysics_TrendsChart_PlaysAndDownloads_First7Days (2).csv,metadata_or_analytics,.csv,13060,77503f187b1530697d648402f8162a28d235052c5496d07171d00aa3798fcf65,02e17e4cbd23a21a335f53c74256d7e0cd4570f6,sha256:77503f187b1530697d648402f8162a28d235052c5496d07171d00aa3798fcf65,OntheFutureofPhysics TrendsChart PlaysAndDownloads First7Days (2),,True,False,False,False,,
resources:a1db4863418e8826,Satobloc/HSH_RESOURCES,resources,EXPOSURE_STATS/SAT — PODCAST STATS/DebatingA.I.OntheFutureofPhysics_TrendsChart_PlaysAndDownloads_First7Days (3).csv,metadata_or_analytics,.csv,13060,a1db4863418e8826dd91a6f39a07d52b54646743cae70a99673274c99f038276,5822f6c4a0de1aad07233f9e8c5c0286590a3572,sha256:a1db4863418e8826dd91a6f39a07d52b54646743cae70a99673274c99f038276,OntheFutureofPhysics TrendsChart PlaysAndDownloads First7Days (3),,True,False,False,False,,
resources:f11f871f4aa948fe,Satobloc/HSH_RESOURCES,resources,EXPOSURE_STATS/SAT — PODCAST STATS/DebatingA.I.OntheFutureofPhysics_TrendsChart_PlaysAndDownloads_First7Days (4).csv,metadata_or_analytics,.csv,13060,f11f871f4aa948feade1a904b13e92097e58906e00965d32c764a539ffc6c640,a6f99aa38bbbbf4e492f697c8d2ec196c87aa331,sha256:f11f871f4aa948feade1a904b13e92097e58906e00965d32c764a539ffc6c640,OntheFutureofPhysics TrendsChart PlaysAndDownloads First7Days (4),,True,False,False,False,,
resources:75abda0396494af7,Satobloc/HSH_RESOURCES,resources,EXPOSURE_STATS/SAT — PODCAST STATS/DebatingA.I.OntheFutureofPhysics_TrendsChart_PlaysAndDownloads_First7Days (5).csv,metadata_or_analytics,.csv,13060,75abda0396494af785d88d996fcad58b6cba9063ff23a1d9a988513459229999,b35f7557ca60c1d10a5cbdf39ffa1bf4a1f99b98,sha256:75abda0396494af785d88d996fcad58b6cba9063ff23a1d9a988513459229999,OntheFutureofPhysics TrendsChart PlaysAndDownloads First7Days (5),,True,False,False,False,,
resources:75abda0396494af7,Satobloc/HSH_RESOURCES,resources,EXPOSURE_STATS/SAT — PODCAST STATS/DebatingA.I.OntheFutureofPhysics_TrendsChart_PlaysAndDownloads_First7Days (6).csv,metadata_or_analytics,.csv,13060,75abda0396494af785d88d996fcad58b6cba9063ff23a1d9a988513459229999,b35f7557ca60c1d10a5cbdf39ffa1bf4a1f99b98,sha256:75abda0396494af785d88d996fcad58b6cba9063ff23a1d9a988513459229999,OntheFutureofPhysics TrendsChart PlaysAndDownloads First7Days (6),,True,False,False,False,,
resources:75abda0396494af7,Satobloc/HSH_RESOURCES,resources,EXPOSURE_STATS/SAT — PODCAST STATS/DebatingA.I.OntheFutureofPhysics_TrendsChart_PlaysAndDownloads_First7Days (7).csv,metadata_or_analytics,.csv,13060,75abda0396494af785d88d996fcad58b6cba9063ff23a1d9a988513459229999,b35f7557ca60c1d10a5cbdf39ffa1bf4a1f99b98,sha256:75abda0396494af785d88d996fcad58b6cba9063ff23a1d9a988513459229999,OntheFutureofPhysics TrendsChart PlaysAndDownloads First7Days (7),,True,False,False,False,,
resources:75abda0396494af7,Satobloc/HSH_RESOURCES,resources,EXPOSURE_STATS/SAT — PODCAST STATS/DebatingA.I.OntheFutureofPhysics_TrendsChart_PlaysAndDownloads_First7Days (8).csv,metadata_or_analytics,.csv,13060,75abda0396494af785d88d996fcad58b6cba9063ff23a1d9a988513459229999,b35f7557ca60c1d10a5cbdf39ffa1bf4a1f99b98,sha256:75abda0396494af785d88d996fcad58b6cba9063ff23a1d9a988513459229999,OntheFutureofPhysics TrendsChart PlaysAndDownloads First7Days (8),,True,False,False,False,,
resources:42ab243dcce4ecf9,Satobloc/HSH_RESOURCES,resources,EXPOSURE_STATS/SAT — PODCAST STATS/DebatingA.I.OntheFutureofPhysics_TrendsChart_PlaysAndDownloads_First7Days (9).csv,metadata_or_analytics,.csv,13060,42ab243dcce4ecf92215f81aa62f2102a1159b1572ce5a2c5a947b45780e887d,9178964c944604ca7899e647c0222a6c63c2fc24,sha256:42ab243dcce4ecf92215f81aa62f2102a1159b1572ce5a2c5a947b45780e887d,OntheFutureofPhysics TrendsChart PlaysAndDownloads First7Days (9),,True,False,False,False,,
resources:77503f187b153069,Satobloc/HSH_RESOURCES,resources,EXPOSURE_STATS/SAT — PODCAST STATS/DebatingA.I.OntheFutureofPhysics_TrendsChart_PlaysAndDownloads_First7Days.csv,metadata_or_analytics,.csv,13060,77503f187b1530697d648402f8162a28d235052c5496d07171d00aa3798fcf65,02e17e4cbd23a21a335f53c74256d7e0cd4570f6,sha256:77503f187b1530697d648402f8162a28d235052c5496d07171d00aa3798fcf65,OntheFutureofPhysics TrendsChart PlaysAndDownloads First7Days,,True,False,False,False,,
resources:37bc7d2921bad508,Satobloc/HSH_RESOURCES,resources,EXPOSURE_STATS/SAT — PODCAST STATS/DebatingA.I.OntheFutureofPhysics_WeekOverWeekRetention_1-1-2026--6-16-2026 (1).csv,metadata_or_analytics,.csv,396,37bc7d2921bad508feb7fdd04b7faa9e19d5a60257f49b534eceef1c2ccbf221,423a1a9b7525038b4546fe7ddd61b44dde24be32,sha256:37bc7d2921bad508feb7fdd04b7faa9e19d5a60257f49b534eceef1c2ccbf221,OntheFutureofPhysics WeekOverWeekRetention 1-1-2026--6-16-2026 (1),,True,False,False,False,,
resources:37bc7d2921bad508,Satobloc/HSH_RESOURCES,resources,EXPOSURE_STATS/SAT — PODCAST STATS/DebatingA.I.OntheFutureofPhysics_WeekOverWeekRetention_1-1-2026--6-16-2026.csv,metadata_or_analytics,.csv,396,37bc7d2921bad508feb7fdd04b7faa9e19d5a60257f49b534eceef1c2ccbf221,423a1a9b7525038b4546fe7ddd61b44dde24be32,sha256:37bc7d2921bad508feb7fdd04b7faa9e19d5a60257f49b534eceef1c2ccbf221,OntheFutureofPhysics WeekOverWeekRetention 1-1-2026--6-16-2026,,True,False,False,False,,
resources:b0a888c52021d9bc,Satobloc/HSH_RESOURCES,resources,EXPOSURE_STATS/SAT — PODCAST STATS/DebatingA.I.OntheFutureofPhysics_WeekOverWeekRetention_3-19-2026--6-16-2026.csv,metadata_or_analytics,.csv,221,b0a888c52021d9bcad08d9c1cd83fce9c6664e47f02d56ae07e1fbc0b65bc762,765612b5ed3413930e799d17f39cd0f63d864618,sha256:b0a888c52021d9bcad08d9c1cd83fce9c6664e47f02d56ae07e1fbc0b65bc762,OntheFutureofPhysics WeekOverWeekRetention 3-19-2026--6-16-2026,,True,False,False,False,,
resources:4cc8d8b2162ecae0,Satobloc/HSH_RESOURCES,resources,EXPOSURE_STATS/SAT — PODCAST STATS/DebatingA.I.OntheNewPhysics_DailyImpressions_6-9-2026--9-6-2026.csv,metadata_or_analytics,.csv,1204,4cc8d8b2162ecae097efab4c95dfa8c9037859252be070a1ccc4a01b76a130d9,be9be59601dab343c848df28619afe0283c1dfa1,,OntheNewPhysics DailyImpressions 6-9-2026--9-6-2026,,True,False,False,False,,
resources:4c527e15571fc905,Satobloc/HSH_RESOURCES,resources,EXPOSURE_STATS/SAT — PODCAST STATS/DebatingA.I.OntheNewPhysics_Engagement_all-time.csv,metadata_or_analytics,.csv,12928,4c527e15571fc9058dea1f8ce3f2a1b7884800d387b1338500131e4ff67a2e02,caec889b2915dc5a0c5502e153c1c2e32a142174,,OntheNewPhysics Engagement all-time,,True,False,False,False,,
resources:9acdac0820538d6e,Satobloc/HSH_RESOURCES,resources,EXPOSURE_STATS/SAT — PODCAST STATS/DebatingA.I.OntheNewPhysics_Performance_all-time.csv,metadata_or_analytics,.csv,12632,9acdac0820538d6e1ff3c2e0be3164838153e2313b4a1af29398d6c8acc39ae9,9db2bcc80513b1623e9914b4cd3b680acdc29139,,OntheNewPhysics Performance all-time,,True,False,False,False,,
resources:12b21cea20ba775b,Satobloc/HSH_RESOURCES,resources,EXPOSURE_STATS/SAT — PODCAST STATS/DebatingA.I.OntheNewPhysics_StreamsAndDownloads_all-time.csv,analytics,.csv,7546,12b21cea20ba775b549a31b9947f81707ddb9baa84a4c050db69e203399d5c85,82359653346a8dc60335894033b2662923b2bf22,,OntheNewPhysics StreamsAndDownloads all-time,,True,False,False,False,,
resources:4d43207bb0e1a7a7,Satobloc/HSH_RESOURCES,resources,EXPOSURE_STATS/SAT — PODCAST STATS/DebatingA.I.OntheNewPhysics_TopEpisodesByConsumptionTime_all-time.csv,metadata_or_analytics,.csv,905,4d43207bb0e1a7a78a1972b86583b70659dd40de6d478b407370b7a26b95f82d,b00b1cbb1f420f7af8dc604b7e40bb40e6d45096,,OntheNewPhysics TopEpisodesByConsumptionTime all-time,,True,False,False,False,,
resources:db16da95143fee49,Satobloc/HSH_RESOURCES,resources,EXPOSURE_STATS/SAT — PODCAST STATS/DebatingA.I.OntheNewPhysics_TopEpisodesByImpressions_6-9-2026--9-6-2026.csv,metadata_or_analytics,.csv,944,db16da95143fee4982bc2d3941b1b683abc57ab7482f486ecc982ec766e3f089,c1eb431615b43c17691292775ba2c607e69a649c,,OntheNewPhysics TopEpisodesByImpressions 6-9-2026--9-6-2026,,True,False,False,False,,
resources:2173c905c5d114e5,Satobloc/HSH_RESOURCES,resources,EXPOSURE_STATS/SAT — PODCAST STATS/DebatingA.I.OntheNewPhysics_TrendsChart_AvgConsumptionTime_SincePublished (1).csv,metadata_or_analytics,.csv,10996,2173c905c5d114e5dd559091a059c7d6b4c1d0e7863393b026d3d590b88b3b42,fbb6a83388b42d9d30144d630743ea7226b9f7c3,sha256:2173c905c5d114e5dd559091a059c7d6b4c1d0e7863393b026d3d590b88b3b42,OntheNewPhysics TrendsChart AvgConsumptionTime SincePublished (1),,True,False,False,False,,
resources:2173c905c5d114e5,Satobloc/HSH_RESOURCES,resources,EXPOSURE_STATS/SAT — PODCAST STATS/DebatingA.I.OntheNewPhysics_TrendsChart_AvgConsumptionTime_SincePublished.csv,metadata_or_analytics,.csv,10996,2173c905c5d114e5dd559091a059c7d6b4c1d0e7863393b026d3d590b88b3b42,fbb6a83388b42d9d30144d630743ea7226b9f7c3,sha256:2173c905c5d114e5dd559091a059c7d6b4c1d0e7863393b026d3d590b88b3b42,OntheNewPhysics TrendsChart AvgConsumptionTime SincePublished,,True,False,False,False,,
resources:9fb81ef177538f35,Satobloc/HSH_RESOURCES,resources,EXPOSURE_STATS/SAT — PODCAST STATS/DebatingA.I.OntheNewPhysics_WeekOverWeekRetention_1-1-2026--9-8-2026.csv,metadata_or_analytics,.csv,561,9fb81ef177538f3529acd3ceda2d246f4a678aed4b0c77b9eb07fdc100fe9fdb,62001d98e22b0abd74c7eccc230a7e26e58f0a82,,OntheNewPhysics WeekOverWeekRetention 1-1-2026--9-8-2026,,True,False,False,False,,
resources:ef029bf77d8ed5c4,Satobloc/HSH_RESOURCES,resources,EXPOSURE_STATS/SAT — PODCAST STATS/DebatingA.I.OntheNewPhysics_WhatIsThoughtMadeOfFilamentUnificationIntro_EngagementStats_since-published.csv,analytics,.csv,13417,ef029bf77d8ed5c49a3e12b256e6e1a73b9f5c78e512cd8b0650868408d3decc,3c7d5617bcff6948d2dc984a6e882bfd5c6df40d,,OntheNewPhysics WhatIsThoughtMadeOfFilamentUnificationIntro EngagementStats since-published,,True,False,False,False,,
resources:404d288bd8e240a3,Satobloc/HSH_RESOURCES,resources,EXPOSURE_STATS/SAT — PODCAST STATS/DebatingA.I.OntheNewPhysics_WhatIsThoughtMadeOfFilamentUnificationIntro_PerformanceCombined_since-published.csv,metadata_or_analytics,.csv,9285,404d288bd8e240a33c73e1c0f69456dae21e5f885c4b21ef60368d0771969ee9,6e6a503d73fc463e96deebc821a842aac71d804d,,OntheNewPhysics WhatIsThoughtMadeOfFilamentUnificationIntro PerformanceCombined since-published,,True,False,False,False,,
resources:33cfd2a4b4a7edba,Satobloc/HSH_RESOURCES,resources,EXPOSURE_STATS/SAT — PODCAST STATS/DebatingA.I.OntheNewPhysics_WhatIsThoughtMadeOfFilamentUnificationIntro_StreamsAndDownloads_all-time.csv,analytics,.csv,7509,33cfd2a4b4a7edba5d4b9d8f771dbbbcc1f703bbdfe072982c23a38f76712b23,328032dd83cec53eeb7a26cb0c7d4ac22f431ef0,,OntheNewPhysics WhatIsThoughtMadeOfFilamentUnificationIntro StreamsAndDownloads all-time,,True,False,False,False,,
resources:7f535dbe44631d51,Satobloc/HSH_RESOURCES,resources,EXPOSURE_STATS/SAT — PODCAST STATS/f3etg345tCapture.JPG,analytics_capture,.jpg,163236,7f535dbe44631d511075b718d76f5680d61514aa650e432970938e49f0b7f81f,597d2b577416cba5d88c568429a6b7beccba81df,,f3etg345tCapture,,True,False,False,False,,
resources:9e8f9cc7b8505b46,Satobloc/HSH_RESOURCES,resources,EXPOSURE_STATS/SAT — PODCAST STATS/fawsfasdfCapture.JPG,analytics_capture,.jpg,158022,9e8f9cc7b8505b46ec9f07503a37230f2dbd887802246f290350f6b8e418ad50,5059587a3e6548123ff9d5a048ec21bd17d39e2e,,fawsfasdfCapture,,True,False,False,False,,
resources:3d61ed6f6c94e7fb,Satobloc/HSH_RESOURCES,resources,EXPOSURE_STATS/SAT — PODCAST STATS/fre4tCapture.JPG,analytics_capture,.jpg,158998,3d61ed6f6c94e7fb39aa5dcf4f5996a2cd3dfe15d54179719b919ca2b091d796,c6257e0ca30f37baa92d60a836f5a337176074b4,,fre4tCapture,,True,False,False,False,,
resources:cdc9974a63001813,Satobloc/HSH_RESOURCES,resources,EXPOSURE_STATS/SAT — PODCAST STATS/fwfwefaweCapture.JPG,analytics_capture,.jpg,156996,cdc9974a63001813be700c40964dfca5a1a84967483ee0630fc7d76a237882a8,20bf471418b551dd2d633b1fe462efd274187a82,,fwfwefaweCapture,,True,False,False,False,,
resources:46ffb48a41936bd5,Satobloc/HSH_RESOURCES,resources,EXPOSURE_STATS/SAT — PODCAST STATS/htsfgsdfgCapture.JPG,analytics_capture,.jpg,160748,46ffb48a41936bd5c6521246fc1419ac4dd396ca294e31d9755b646170e84f10,e6908172674ad69bf777e51743122225ab18992b,,htsfgsdfgCapture,,True,False,False,False,,
resources:f85304062c20e45f,Satobloc/HSH_RESOURCES,resources,EXPOSURE_STATS/SAT — PODCAST STATS/PODCAST - Episodess.txt,podcast_text_unspecified,.txt,19392,f85304062c20e45f4d169aa5c823c3d54603f78f93ce6d2a9f252111e59454a0,e32fc1c9bffe22edbf94bd2b17128dbc8dad6635,sha256:f85304062c20e45f4d169aa5c823c3d54603f78f93ce6d2a9f252111e59454a0,Episodess,,True,True,False,True,,
resources:5363c7a03898be32,Satobloc/HSH_RESOURCES,resources,EXPOSURE_STATS/SAT — PODCAST STATS/SAT - Timelines .txt,podcast_text_unspecified,.txt,10708,5363c7a03898be32eba0600638d6ea2e71096335ec59873952b646d587a2d67e,ac8e8e70bfec7b6b270834c0358acd6df9c972cc,,SAT - Timelines,,True,True,False,True,,
resources:b4bcc1b053a0c538,Satobloc/HSH_RESOURCES,resources,EXPOSURE_STATS/SAT — PODCAST STATS/SAT TIMELINE.txt,podcast_text_unspecified,.txt,26034,b4bcc1b053a0c538fb65b7a543c5e43c6dda6abcb124d1121d221dc812d37861,e1c2660d925949b5e8fd2c137784e93f3d4aa183,sha256:b4bcc1b053a0c538fb65b7a543c5e43c6dda6abcb124d1121d221dc812d37861,SAT TIMELINE,,True,True,False,True,,
resources:b4bcc1b053a0c538,Satobloc/HSH_RESOURCES,resources,EXPOSURE_STATS/SAT — PODCAST STATS/SAT_TIMELINE.txt,podcast_text_unspecified,.txt,26034,b4bcc1b053a0c538fb65b7a543c5e43c6dda6abcb124d1121d221dc812d37861,e1c2660d925949b5e8fd2c137784e93f3d4aa183,sha256:b4bcc1b053a0c538fb65b7a543c5e43c6dda6abcb124d1121d221dc812d37861,SAT TIMELINE,,True,True,False,True,,
resources:094e7b5da5e907c5,Satobloc/HSH_RESOURCES,resources,EXPOSURE_STATS/SAT — PODCAST STATS/sdasvasddvCapture.JPG,analytics_capture,.jpg,162602,094e7b5da5e907c5d1aa8f5f7381076d43b0d4e82e7d29b2a51a0a67c2fa8098,dbe6c359562a5f0a5e78c48ef232f197e8972c50,,sdasvasddvCapture,,True,False,False,False,,
resources:ec10b28ddc21b1c5,Satobloc/HSH_RESOURCES,resources,EXPOSURE_STATS/SAT — PODCAST STATS/sfasfsadfCapture.JPG,analytics_capture,.jpg,160720,ec10b28ddc21b1c535853016af98d0ebcb490f18203e3f238f2bd6be413d6dfe,afbc3cb3921b9fef0c73e65bb6309df128f5f4ac,,sfasfsadfCapture,,True,False,False,False,,
resources:6c8871c74cd3d4f7,Satobloc/HSH_RESOURCES,resources,EXPOSURE_STATS/SAT — PODCAST STATS/sfasfvasdvCapture.JPG,analytics_capture,.jpg,165393,6c8871c74cd3d4f70d8cf3fed5bc1bf1bd6b29820e9624eb823e955cbb234af6,078ac3b0725184070f7755155e3bab222661eb59,,sfasfvasdvCapture,,True,False,False,False,,
resources:bfae0e166ca53ef8,Satobloc/HSH_RESOURCES,resources,EXPOSURE_STATS/SAT — PODCAST STATS/sfsadfdsfCapture.JPG,analytics_capture,.jpg,168581,bfae0e166ca53ef86c3d99824c708310e366be8a14604c7e0c32979c7b086714,28ffba037e0c0eb523b3f99a4fb0d31f8c7594b3,,sfsadfdsfCapture,,True,False,False,False,,
resources:0390369e73179226,Satobloc/HSH_RESOURCES,resources,EXPOSURE_STATS/SAT — PODCAST STATS/TheNewPhysics_AgeByGender_all-time.csv,metadata_or_analytics,.csv,663,0390369e7317922650764a32539356319f32591204478f19c2173a6f99a7d19b,1a905067180cb14921a9ad57e71797a8c25881b0,sha256:0390369e7317922650764a32539356319f32591204478f19c2173a6f99a7d19b,TheNewPhysics AgeByGender all-time,,True,False,False,False,,
resources:a9fd9080dd1b7c4d,Satobloc/HSH_RESOURCES,resources,EXPOSURE_STATS/SAT — PODCAST STATS/TheNewPhysics_Apps_all-time.csv,metadata_or_analytics,.csv,76,a9fd9080dd1b7c4d8d4416911e3e709ddcbc4e2dd80c4eea3dc0486053f3447b,9527fd7b39e99a847b6b4d60dea0b52e9457b6dd,sha256:a9fd9080dd1b7c4d8d4416911e3e709ddcbc4e2dd80c4eea3dc0486053f3447b,TheNewPhysics Apps all-time,,True,False,False,False,,
resources:c94c19b624b829e4,Satobloc/HSH_RESOURCES,resources,EXPOSURE_STATS/SAT — PODCAST STATS/TheNewPhysics_Devices_all-time.csv,metadata_or_analytics,.csv,166,c94c19b624b829e4de99062a1a55422a5cc4a5076391ed3d9bf59ec8ec91bea1,5e3167372c00b213f11acb76cc3693db18420d40,sha256:c94c19b624b829e4de99062a1a55422a5cc4a5076391ed3d9bf59ec8ec91bea1,TheNewPhysics Devices all-time,,True,False,False,False,,
resources:b7a2005c76f42c59,Satobloc/HSH_RESOURCES,resources,EXPOSURE_STATS/SAT — PODCAST STATS/TheNewPhysics_Gender_all-time.csv,metadata_or_analytics,.csv,119,b7a2005c76f42c5932961cc545f1f5fc9445f891ca3f2496a8b5693c6ff8dae5,f5fd11daa533bd4a8d11446b48721ec85bf793cf,sha256:b7a2005c76f42c5932961cc545f1f5fc9445f891ca3f2496a8b5693c6ff8dae5,TheNewPhysics Gender all-time,,True,False,False,False,,
resources:519f8116c33f8bf3,Satobloc/HSH_RESOURCES,resources,EXPOSURE_STATS/SAT — PODCAST STATS/TheNewPhysics_GeoLocationAllPlatforms_all-time.csv,analytics,.csv,815,519f8116c33f8bf3e39303a7d796d2be999d92694f86f270ef1ed6075895b5d6,9f180967c67b1e41b09a87771520bd4ccc1682ac,sha256:519f8116c33f8bf3e39303a7d796d2be999d92694f86f270ef1ed6075895b5d6,TheNewPhysics GeoLocationAllPlatforms all-time,,True,False,False,False,,
resources:e5bc814faefbffda,Satobloc/HSH_RESOURCES,resources,EXPOSURE_STATS/SAT — PODCAST STATS/TheNewPhysics_GeoLocationSpotify_1-1-2026--9-11-2026.csv,analytics,.csv,303,e5bc814faefbffdaec32d50e1dcacbef3fd1ec85f890441107c1111397291a2f,f0d74b71c0d588451c624e22bfd51fda416781de,sha256:e5bc814faefbffdaec32d50e1dcacbef3fd1ec85f890441107c1111397291a2f,TheNewPhysics GeoLocationSpotify 1-1-2026--9-11-2026,,True,False,False,False,,
resources:63ff633742d7b8fb,Satobloc/HSH_RESOURCES,resources,EXPOSURE_STATS/SAT — PODCAST STATS/TheNewPhysics_GeoLocationSpotify_6-14-2026--9-11-2026.csv,analytics,.csv,187,63ff633742d7b8fb6c287910ddfba3dd9dece5930c706631e4405cf5319a1fb6,708d30ec314095a074e3e8b3546a3bf4ffd83983,sha256:63ff633742d7b8fb6c287910ddfba3dd9dece5930c706631e4405cf5319a1fb6,TheNewPhysics GeoLocationSpotify 6-14-2026--9-11-2026,,True,False,False,False,,
resources:d174217ad1cea658,Satobloc/HSH_RESOURCES,resources,EXPOSURE_STATS/SAT — PODCAST STATS/TheNewPhysics_GeoLocationSpotify_all-time.csv,analytics,.csv,831,d174217ad1cea658da718502f293acb3acbd8a32ddfe18a265953ec30369fcf8,8f940de0e9c0d97bcf626a9725a5e2b4a63d03a2,sha256:d174217ad1cea658da718502f293acb3acbd8a32ddfe18a265953ec30369fcf8,TheNewPhysics GeoLocationSpotify all-time,,True,False,False,False,,
resources:1b096165f990091f,Satobloc/HSH_RESOURCES,resources,EXPOSURE_STATS/SAT — PODCAST STATS/TheNewPhysics_TrendsChart_AvgConsumptionTime_First7Days.csv,metadata_or_analytics,.csv,15381,1b096165f990091f009c8625c91d67fee89e007b025a8fe40af12a9bb0994525,9b8bf24add93d5bde8d3682fc6351f693719687d,sha256:1b096165f990091f009c8625c91d67fee89e007b025a8fe40af12a9bb0994525,TheNewPhysics TrendsChart AvgConsumptionTime First7Days,,True,False,False,False,,
resources:47b14faa4ac02dad,Satobloc/HSH_RESOURCES,resources,EXPOSURE_STATS/SAT — PODCAST STATS/TheNewPhysics_TrendsChart_AvgConsumptionTime_SincePublished (1).csv,metadata_or_analytics,.csv,10997,47b14faa4ac02dad37138e094d6f8a4ddaac657faa498842c780241351e8fca6,5455cc0ced04a9c8d7d584dd3b634bc8f819b7ca,sha256:47b14faa4ac02dad37138e094d6f8a4ddaac657faa498842c780241351e8fca6,TheNewPhysics TrendsChart AvgConsumptionTime SincePublished (1),,True,False,False,False,,
resources:47b14faa4ac02dad,Satobloc/HSH_RESOURCES,resources,EXPOSURE_STATS/SAT — PODCAST STATS/TheNewPhysics_TrendsChart_AvgConsumptionTime_SincePublished (2).csv,metadata_or_analytics,.csv,10997,47b14faa4ac02dad37138e094d6f8a4ddaac657faa498842c780241351e8fca6,5455cc0ced04a9c8d7d584dd3b634bc8f819b7ca,sha256:47b14faa4ac02dad37138e094d6f8a4ddaac657faa498842c780241351e8fca6,TheNewPhysics TrendsChart AvgConsumptionTime SincePublished (2),,True,False,False,False,,
resources:47b14faa4ac02dad,Satobloc/HSH_RESOURCES,resources,EXPOSURE_STATS/SAT — PODCAST STATS/TheNewPhysics_TrendsChart_AvgConsumptionTime_SincePublished (3).csv,metadata_or_analytics,.csv,10997,47b14faa4ac02dad37138e094d6f8a4ddaac657faa498842c780241351e8fca6,5455cc0ced04a9c8d7d584dd3b634bc8f819b7ca,sha256:47b14faa4ac02dad37138e094d6f8a4ddaac657faa498842c780241351e8fca6,TheNewPhysics TrendsChart AvgConsumptionTime SincePublished (3),,True,False,False,False,,
resources:47b14faa4ac02dad,Satobloc/HSH_RESOURCES,resources,EXPOSURE_STATS/SAT — PODCAST STATS/TheNewPhysics_TrendsChart_AvgConsumptionTime_SincePublished.csv,metadata_or_analytics,.csv,10997,47b14faa4ac02dad37138e094d6f8a4ddaac657faa498842c780241351e8fca6,5455cc0ced04a9c8d7d584dd3b634bc8f819b7ca,sha256:47b14faa4ac02dad37138e094d6f8a4ddaac657faa498842c780241351e8fca6,TheNewPhysics TrendsChart AvgConsumptionTime SincePublished,,True,False,False,False,,
resources:a767331109c64263,Satobloc/HSH_RESOURCES,resources,EXPOSURE_STATS/SAT — PODCAST STATS/wafwsfasdcCapture.JPG,analytics_capture,.jpg,164665,a767331109c64263f8ff78bf2e044fdaae5049e72e3facdbf1d5e62d09d76860,c6ad57b2ea3f91cea0e9dee55fa82cd76c74f84b,,wafwsfasdcCapture,,True,False,False,False,,
resources:5c507a556504e524,Satobloc/HSH_RESOURCES,resources,EXPOSURE_STATS/SAT — PODCAST STATS/we4gaersfCapture.JPG,analytics_capture,.jpg,159934,5c507a556504e5241e87f4545269d093037b223252b3360e2832d5351c3f7e33,718b0630e90d503accc8ac4fb5d7df12a7998e01,,we4gaersfCapture,,True,False,False,False,,
resources:531455ce73543255,Satobloc/HSH_RESOURCES,resources,EXPOSURE_STATS/SAT — PODCAST STATS/wfaedcdefrCapture.JPG,analytics_capture,.jpg,167999,531455ce735432556d3258937c7e9d2d514d73accd61b77d556ee174e7831175,781de42fb6a599243da501aca186e8ab1ed4f5d5,,wfaedcdefrCapture,,True,False,False,False,,
resources:5673e2bac9985e7f,Satobloc/HSH_RESOURCES,resources,tools/build_cross_repo_podcast_guide.py,podcast_other,.py,11620,5673e2bac9985e7f0d63a48a8b74c73d27430cc0749142e0f6c7413cdcd5cbba,3a154d61378eaac1dcc9440e4c75b8f7fb5d5eb5,,build cross repo podcast guide,,True,False,False,False,,
resources:331494034e713809,Satobloc/HSH_RESOURCES,resources,tools/build_podcast_transcript_index.py,podcast_other,.py,7442,331494034e7138099969d026604d27062a6b6627dc3decbe19dd086ba3f467c6,a67252b6eef34c0f8fb43ef8ae6bc532832fc0d8,,build podcast transcript index,,True,False,False,False,,
resources:cbb51663f4d861b3,Satobloc/HSH_RESOURCES,resources,tools/update_cross_podcast_titles.py,podcast_other,.py,3752,cbb51663f4d861b36d8912fe3b1d7fc4a3787054f6fe2ef6d67c454e1cf9a8fd,b480c097580f9d0c069d2c1b7f56356776aefb54,,update cross podcast titles,,True,False,False,False,,
hsh:418bfe54400f7f73,Satobloc/HsH,hsh,DEVELOPMENT_FULL_CONVOS/30SEP26_DUMP/EPISODE ONE SCRIPT.txt,podcast_text_unspecified,.txt,9576,418bfe54400f7f732c9ba5f8c7b7ddeb8bfda9848a767f4d0c5be80f9a9c46fd,37fd89ab1df670e03418cedd8a4fef96ad83968c,sha256:418bfe54400f7f732c9ba5f8c7b7ddeb8bfda9848a767f4d0c5be80f9a9c46fd,EPISODE ONE SCRIPT,,True,True,False,False,,
hsh:efc01914dae16739,Satobloc/HsH,hsh,DEVELOPMENT_FULL_CONVOS/30SEP26_DUMP/PODCAST SCRIPTS.txt,podcast_text_unspecified,.txt,5710,efc01914dae167398eb6888a645c8b833daeadf2baff11ccdbc8128fe0b81970,aa97f57b539b0bc3ebfb1c69e0a54f3295810136,sha256:efc01914dae167398eb6888a645c8b833daeadf2baff11ccdbc8128fe0b81970,SCRIPTS,,True,True,False,True,,
hsh:3d861d257c7c6b0a,Satobloc/HsH,hsh,DEVELOPMENT_FULL_CONVOS/30SEP26_DUMP/SAT WORKABLE PODCAST (1).txt,podcast_text_unspecified,.txt,6918,3d861d257c7c6b0a39f275375aef0848e4737d3ccb3c3bdcc40c4a03ab12bc42,0e7f92b7a2d033bd0d1e8e5cb0f0a35342454518,sha256:3d861d257c7c6b0a39f275375aef0848e4737d3ccb3c3bdcc40c4a03ab12bc42,SAT WORKABLE PODCAST (1),,True,False,False,True,,
hsh:6f529f2f5cb9a3ef,Satobloc/HsH,hsh,DEVELOPMENT_FULL_CONVOS/30SEP26_DUMP/SATx_FULL_PODCAST (1).txt,podcast_text_unspecified,.txt,100182,6f529f2f5cb9a3efb6ba34e74bad78269b162c72b015750846c6a77159a493cc,a92cdadb1c55109604b1a02e1ee4c9e8e56c17fb,sha256:6f529f2f5cb9a3efb6ba34e74bad78269b162c72b015750846c6a77159a493cc,SATx FULL PODCAST (1),,True,True,False,True,,
hsh:4dd01836c76d956e,Satobloc/HsH,hsh,DEVELOPMENT_FULL_CONVOS/30SEP26_DUMP/SATx_PODCAST_LONG_EDITED.txt,podcast_text_unspecified,.txt,99680,4dd01836c76d956e9d66508a08679a0fd8143ba5259c82874bb0e17495e33623,5f1e1d432e4b53fdafad16f1e75e6ecdd33055cc,sha256:4dd01836c76d956e9d66508a08679a0fd8143ba5259c82874bb0e17495e33623,SATx PODCAST LONG EDITED,,True,True,False,True,,
hsh:58be7353062e1120,Satobloc/HsH,hsh,DEVELOPMENT_FULL_CONVOS/30SEP26_DUMP/SATx_PODCAST_LONG_EDITED_PRON.txt,podcast_text_unspecified,.txt,99366,58be7353062e1120767229a4ab3c0ced63f758b29613018f25761b5c6431bf1d,a79b6b669308fc29a624a954b9b1ceb3977b436a,sha256:58be7353062e1120767229a4ab3c0ced63f758b29613018f25761b5c6431bf1d,SATx PODCAST LONG EDITED PRON,,True,True,False,True,,
hsh:55f79dd175006d43,Satobloc/HsH,hsh,DEVELOPMENT_FULL_CONVOS/30SEP26_DUMP/TauTwistPodcast.txt,podcast_text_unspecified,.txt,5952,55f79dd175006d43434257c771248b78389c28582fdf35857bb09c93a3ef0e32,623a5d2465d4fb2bf36cc56d097d728da4df1f57,sha256:55f79dd175006d43434257c771248b78389c28582fdf35857bb09c93a3ef0e32,TauTwistPodcast,,True,False,False,True,,
hsh:e85fac945078bb1b,Satobloc/HsH,hsh,DEVELOPMENT_FULL_CONVOS/30SEP26_DUMP/The New Physics - Making _Interesting_ LLM Characters.srt,transcript_subtitle,.srt,43783,e85fac945078bb1b3a63487ad1fce87cc0698657b3fc6151a5de58c49ffee915,ace1b413a5574a1354cc85c51364b12d685577ae,sha256:e85fac945078bb1b3a63487ad1fce87cc0698657b3fc6151a5de58c49ffee915,Making Interesting LLM Characters,2026-01-21,True,True,False,False,EXPOSURE_STATS/PODCAST_GUIDE/text/hsh--the-new-physics-making-interesting-llm-characters--e85fac945078.txt,EXPOSURE_STATS/PODCAST_GUIDE/cues/hsh--the-new-physics-making-interesting-llm-characters--e85fac945078.jsonl
hsh:b51a2d15aee89b32,Satobloc/HsH,hsh,DEVELOPMENT_FULL_CONVOS/6OCT26_BIG_HAUL/Scalar-Angular Theory_ Field Notes - All Hell In the Accelerator.srt,transcript_subtitle,.srt,67407,b51a2d15aee89b32b87a80784e1561b8a07f0ec215384459cdb7eb2686382f01,a483974b42320262728ff7ef819d248e867eded8,sha256:b51a2d15aee89b32b87a80784e1561b8a07f0ec215384459cdb7eb2686382f01,Scalar-Angular Theory Field Notes - All Hell In the Accelerator,2026-01-16,True,True,False,True,EXPOSURE_STATS/PODCAST_GUIDE/text/hsh--scalar-angular-theory-field-notes-all-hell-in-the-accelerator--b51a2d15aee8.txt,EXPOSURE_STATS/PODCAST_GUIDE/cues/hsh--scalar-angular-theory-field-notes-all-hell-in-the-accelerator--b51a2d15aee8.jsonl
hsh:62b3c39112116dd5,Satobloc/HsH,hsh,DEVELOPMENT_FULL_CONVOS/6OCT26_BIG_HAUL/Scalar-Angular Theory_ Field Notes - Denormalizing Renormalization.srt,transcript_subtitle,.srt,93259,62b3c39112116dd5c0e3b79650b89fb220adab647e0ade96b88440eaec057ea3,42e829eb258fcc5d4093dbb108065f39f24180c9,sha256:62b3c39112116dd5c0e3b79650b89fb220adab647e0ade96b88440eaec057ea3,Scalar-Angular Theory Field Notes - Denormalizing Renormalization,2026-03-15,True,True,False,True,EXPOSURE_STATS/PODCAST_GUIDE/text/hsh--scalar-angular-theory-field-notes-denormalizing-renormalization--62b3c3911211.txt,EXPOSURE_STATS/PODCAST_GUIDE/cues/hsh--scalar-angular-theory-field-notes-denormalizing-renormalization--62b3c3911211.jsonl
hsh:f0cec39629ba4a24,Satobloc/HsH,hsh,DEVELOPMENT_FULL_CONVOS/6OCT26_BIG_HAUL/Scalar-Angular Theory_ Field Notes - Finding the Donut Pt. 1.srt,transcript_subtitle,.srt,79474,f0cec39629ba4a243994704e911a82b32bcc20ffcddb6e2d9383fabf1671ce88,6e7aee6dec55eb9fd7329e0a9abb1d10e0b1e5bb,sha256:f0cec39629ba4a243994704e911a82b32bcc20ffcddb6e2d9383fabf1671ce88,Scalar-Angular Theory Field Notes - Finding the Donut Pt. 1,2026-03-17,True,True,False,True,EXPOSURE_STATS/PODCAST_GUIDE/text/hsh--scalar-angular-theory-field-notes-finding-the-donut-pt-1--f0cec39629ba.txt,EXPOSURE_STATS/PODCAST_GUIDE/cues/hsh--scalar-angular-theory-field-notes-finding-the-donut-pt-1--f0cec39629ba.jsonl
hsh:3f5dfac85a026c40,Satobloc/HsH,hsh,DEVELOPMENT_FULL_CONVOS/6OCT26_BIG_HAUL/Scalar-Angular Theory_ Field Notes - Finding the Donut Pt. 2.srt,transcript_subtitle,.srt,70521,3f5dfac85a026c4005ddd406adb09c34ec261dee4530dcc28aa054db45476989,7346e746a4d75c16809b6e17a3b9057673580e39,sha256:3f5dfac85a026c4005ddd406adb09c34ec261dee4530dcc28aa054db45476989,Scalar-Angular Theory Field Notes - Finding the Donut Pt. 2,2026-03-17,True,True,False,True,EXPOSURE_STATS/PODCAST_GUIDE/text/hsh--scalar-angular-theory-field-notes-finding-the-donut-pt-2--3f5dfac85a02.txt,EXPOSURE_STATS/PODCAST_GUIDE/cues/hsh--scalar-angular-theory-field-notes-finding-the-donut-pt-2--3f5dfac85a02.jsonl
hsh:2a0ca45883073240,Satobloc/HsH,hsh,DEVELOPMENT_FULL_CONVOS/6OCT26_BIG_HAUL/Scalar-Angular Theory_ Field Notes - Full Unification GR-QM-ST.srt,transcript_subtitle,.srt,99919,2a0ca45883073240bd8353fb5300e1e7374a752e5eb917d8e6c1648a79fa4876,4461e1b0aa0e055bb3e4edb485539d2ceca91062,sha256:2a0ca45883073240bd8353fb5300e1e7374a752e5eb917d8e6c1648a79fa4876,Scalar-Angular Theory Field Notes - Full Unification GR-QM-ST,2026-05-09,True,True,False,True,EXPOSURE_STATS/PODCAST_GUIDE/text/hsh--scalar-angular-theory-field-notes-full-unification-gr-qm-st--2a0ca4588307.txt,EXPOSURE_STATS/PODCAST_GUIDE/cues/hsh--scalar-angular-theory-field-notes-full-unification-gr-qm-st--2a0ca4588307.jsonl
hsh:1750061f01dd67ce,Satobloc/HsH,hsh,DEVELOPMENT_FULL_CONVOS/6OCT26_BIG_HAUL/Scalar-Angular Theory_ Field Notes - Making Constants Make Sense.srt,transcript_subtitle,.srt,77167,1750061f01dd67ceffc0fcc887d514ac3e5350995e972a65de3de2d5df31bdc4,5238e5848798086d368901e0bca47c267b826a5f,sha256:1750061f01dd67ceffc0fcc887d514ac3e5350995e972a65de3de2d5df31bdc4,Scalar-Angular Theory Field Notes - Making Constants Make Sense,2026-03-19,True,True,False,True,EXPOSURE_STATS/PODCAST_GUIDE/text/hsh--scalar-angular-theory-field-notes-making-constants-make-sense--1750061f01dd.txt,EXPOSURE_STATS/PODCAST_GUIDE/cues/hsh--scalar-angular-theory-field-notes-making-constants-make-sense--1750061f01dd.jsonl
hsh:6ee7332fd2de0f0e,Satobloc/HsH,hsh,DEVELOPMENT_FULL_CONVOS/6OCT26_BIG_HAUL/Scalar-Angular Theory_ Field Notes - Method for QM-GR Unification.srt,transcript_subtitle,.srt,116247,6ee7332fd2de0f0e0ff99e9c4773cdab5e124b732529b2466b41fee3571d798f,582b1fe72018c4e2ef4c67f69a74a3e39cefbc02,sha256:6ee7332fd2de0f0e0ff99e9c4773cdab5e124b732529b2466b41fee3571d798f,Scalar-Angular Theory Field Notes - Method for QM-GR Unification,2026-03-07,True,True,False,True,EXPOSURE_STATS/PODCAST_GUIDE/text/hsh--scalar-angular-theory-field-notes-method-for-qm-gr-unification--6ee7332fd2de.txt,EXPOSURE_STATS/PODCAST_GUIDE/cues/hsh--scalar-angular-theory-field-notes-method-for-qm-gr-unification--6ee7332fd2de.jsonl
hsh:a7a6f92fc577e5c4,Satobloc/HsH,hsh,DEVELOPMENT_FULL_CONVOS/6OCT26_BIG_HAUL/Scalar-Angular Theory_ Field Notes - Post-Closure Experimental Predictions.srt,transcript_subtitle,.srt,65779,a7a6f92fc577e5c4d3f930f2d08d18d44f5b8a6c14b69ff440add3b5e87a84ca,6726e0841d451a4690c74337880298ac4a60f81c,sha256:a7a6f92fc577e5c4d3f930f2d08d18d44f5b8a6c14b69ff440add3b5e87a84ca,Scalar-Angular Theory Field Notes - Post-Closure Experimental Predictions,2026-01-16,True,True,False,True,EXPOSURE_STATS/PODCAST_GUIDE/text/hsh--scalar-angular-theory-field-notes-post-closure-experimental-predictions--a7a6f92fc577.txt,EXPOSURE_STATS/PODCAST_GUIDE/cues/hsh--scalar-angular-theory-field-notes-post-closure-experimental-predictions--a7a6f92fc577.jsonl
hsh:e653a3b863be2c46,Satobloc/HsH,hsh,DEVELOPMENT_FULL_CONVOS/6OCT26_BIG_HAUL/Scalar-Angular Theory_ Field Notes - Proof GR & QM Are Compatible.srt,transcript_subtitle,.srt,69743,e653a3b863be2c464ec5ba52bf4548ad7ce91df5179ecb41adde9bf0f5db74c2,623906d71dc5d0b0ae45c4fa25416280976a3600,sha256:e653a3b863be2c464ec5ba52bf4548ad7ce91df5179ecb41adde9bf0f5db74c2,Scalar-Angular Theory Field Notes - Proof GR & QM Are Compatible,2025-12-24,True,True,False,True,EXPOSURE_STATS/PODCAST_GUIDE/text/hsh--scalar-angular-theory-field-notes-proof-gr-qm-are-compatible--e653a3b863be.txt,EXPOSURE_STATS/PODCAST_GUIDE/cues/hsh--scalar-angular-theory-field-notes-proof-gr-qm-are-compatible--e653a3b863be.jsonl
hsh:e9042c889e1becf3,Satobloc/HsH,hsh,DEVELOPMENT_FULL_CONVOS/6OCT26_BIG_HAUL/Scalar-Angular Theory_ Field Notes - Quantum Gravityfoam.srt,transcript_subtitle,.srt,70113,e9042c889e1becf3db866a1c53c2679a90866f444d82c1129afdcb7322993876,1e163cbb634b02b83a4c939579076095a1fdc9bd,sha256:e9042c889e1becf3db866a1c53c2679a90866f444d82c1129afdcb7322993876,Scalar-Angular Theory Field Notes - Quantum Gravityfoam,2026-03-07,True,True,False,True,EXPOSURE_STATS/PODCAST_GUIDE/text/hsh--scalar-angular-theory-field-notes-quantum-gravityfoam--e9042c889e1b.txt,EXPOSURE_STATS/PODCAST_GUIDE/cues/hsh--scalar-angular-theory-field-notes-quantum-gravityfoam--e9042c889e1b.jsonl
hsh:a1203878a8631fed,Satobloc/HsH,hsh,DEVELOPMENT_FULL_CONVOS/6OCT26_BIG_HAUL/Scalar-Angular Theory_ Field Notes - SAT Interview.srt,transcript_subtitle,.srt,132912,a1203878a8631fed1630bdfe3d18c15fc06917fd4031c06dbe9fc621727464f8,c82b95bad8a231a7417a23c41db51e1c34e6becb,sha256:a1203878a8631fed1630bdfe3d18c15fc06917fd4031c06dbe9fc621727464f8,Scalar-Angular Theory Field Notes - SAT Interview,2026-04-20,True,True,False,True,EXPOSURE_STATS/PODCAST_GUIDE/text/hsh--scalar-angular-theory-field-notes-sat-interview--a1203878a863.txt,EXPOSURE_STATS/PODCAST_GUIDE/cues/hsh--scalar-angular-theory-field-notes-sat-interview--a1203878a863.jsonl
hsh:c0ca81c9c0a65873,Satobloc/HsH,hsh,DEVELOPMENT_FULL_CONVOS/6OCT26_BIG_HAUL/Scalar-Angular Theory_ Field Notes - SAT’s Derivations.srt,transcript_subtitle,.srt,55779,c0ca81c9c0a65873886a0b9f40339c1051e09321bf26bad37dc1ed5a76f44980,9debad5daca00ad8522b5fc3305110c6d70175ef,sha256:c0ca81c9c0a65873886a0b9f40339c1051e09321bf26bad37dc1ed5a76f44980,Scalar-Angular Theory Field Notes - SAT’s Derivations,2026-02-25,True,True,False,True,EXPOSURE_STATS/PODCAST_GUIDE/text/hsh--scalar-angular-theory-field-notes-sat-s-derivations--c0ca81c9c0a6.txt,EXPOSURE_STATS/PODCAST_GUIDE/cues/hsh--scalar-angular-theory-field-notes-sat-s-derivations--c0ca81c9c0a6.jsonl
hsh:7653e7f0ec3b3d34,Satobloc/HsH,hsh,DEVELOPMENT_FULL_CONVOS/6OCT26_BIG_HAUL/Scalar-Angular Theory_ Field Notes - The 0.239 rad Constant.srt,transcript_subtitle,.srt,63630,7653e7f0ec3b3d34b1826825c500c8381be25857261d58ed0f6ee7a64aef135e,dba397a8a97fd2cc52f8e74ac32236184c741150,sha256:7653e7f0ec3b3d34b1826825c500c8381be25857261d58ed0f6ee7a64aef135e,Scalar-Angular Theory Field Notes - The 0.239 rad Constant,2026-02-24,True,True,False,True,EXPOSURE_STATS/PODCAST_GUIDE/text/hsh--scalar-angular-theory-field-notes-the-0-239-rad-constant--7653e7f0ec3b.txt,EXPOSURE_STATS/PODCAST_GUIDE/cues/hsh--scalar-angular-theory-field-notes-the-0-239-rad-constant--7653e7f0ec3b.jsonl
hsh:d6d8dc017ddb41af,Satobloc/HsH,hsh,DEVELOPMENT_FULL_CONVOS/6OCT26_BIG_HAUL/Scalar-Angular Theory_ Field Notes - Timelike Twist in the Accelerator.srt,transcript_subtitle,.srt,52328,d6d8dc017ddb41af04fd33c39840e33b5945828898abcad28271a3f4bc1eaa0e,bb6650ccdaeedefcbb03b36a4120c1c1144b8d32,sha256:d6d8dc017ddb41af04fd33c39840e33b5945828898abcad28271a3f4bc1eaa0e,Scalar-Angular Theory Field Notes - Timelike Twist in the Accelerator,2026-01-19,True,True,False,True,EXPOSURE_STATS/PODCAST_GUIDE/text/hsh--scalar-angular-theory-field-notes-timelike-twist-in-the-accelerator--d6d8dc017ddb.txt,EXPOSURE_STATS/PODCAST_GUIDE/cues/hsh--scalar-angular-theory-field-notes-timelike-twist-in-the-accelerator--d6d8dc017ddb.jsonl
hsh:c3dc98b4ea3dec21,Satobloc/HsH,hsh,DEVELOPMENT_FULL_CONVOS/6OCT26_BIG_HAUL/Scalar-Angular Theory_ Field Notes - Unification in 93 Seconds.srt,transcript_subtitle,.srt,6428,c3dc98b4ea3dec2191341d70b7a316c23ff7d334f74fccccc23e2fdcd873ca50,e95d28114d92904c4c1f9ba354b1433b6ba592ef,sha256:c3dc98b4ea3dec2191341d70b7a316c23ff7d334f74fccccc23e2fdcd873ca50,Scalar-Angular Theory Field Notes - Unification in 93 Seconds,2025-12-22,True,False,False,True,EXPOSURE_STATS/PODCAST_GUIDE/text/hsh--scalar-angular-theory-field-notes-unification-in-93-seconds--c3dc98b4ea3d.txt,EXPOSURE_STATS/PODCAST_GUIDE/cues/hsh--scalar-angular-theory-field-notes-unification-in-93-seconds--c3dc98b4ea3d.jsonl
hsh:6f6488d7db2f228b,Satobloc/HsH,hsh,DEVELOPMENT_FULL_CONVOS/6OCT26_BIG_HAUL/Scalar-Angular Theory_ Field Notes - Unification Smoking Gun.srt,transcript_subtitle,.srt,72020,6f6488d7db2f228b261655c351b584233def077600f40ceb58dde4ed2202b217,1701e15b3fef1a40bbd0470a8ea07867a304bf3a,sha256:6f6488d7db2f228b261655c351b584233def077600f40ceb58dde4ed2202b217,Scalar-Angular Theory Field Notes - Unification Smoking Gun,2026-03-18,True,True,False,True,EXPOSURE_STATS/PODCAST_GUIDE/text/hsh--scalar-angular-theory-field-notes-unification-smoking-gun--6f6488d7db2f.txt,EXPOSURE_STATS/PODCAST_GUIDE/cues/hsh--scalar-angular-theory-field-notes-unification-smoking-gun--6f6488d7db2f.jsonl
hsh:448651b5c3031e61,Satobloc/HsH,hsh,DEVELOPMENT_FULL_CONVOS/6OCT26_BIG_HAUL/The New Physics - A Fairly Straightforward Mathematical.txt,podcast_text_unspecified,.txt,20862,448651b5c3031e6190abe469226b15192a435bebee7fbe9ca962c9e1debe46e2,8b46de0ff069ea654f6fef2a50da15c9abd09b6c,sha256:448651b5c3031e6190abe469226b15192a435bebee7fbe9ca962c9e1debe46e2,A Fairly Straightforward Mathematical,2025-05-27,True,True,False,True,,
hsh:f72a9a02a5f8b731,Satobloc/HsH,hsh,DEVELOPMENT_FULL_CONVOS/6OCT26_BIG_HAUL/The New Physics - Another Look at Bell’s Theorem.srt,transcript_subtitle,.srt,71674,f72a9a02a5f8b7319d3c227cd3d3ee78ff80cde5438f69b8029bc28d2f1606bd,24c90e9396b6a39a7e00de51b833baf861c9501f,sha256:f72a9a02a5f8b7319d3c227cd3d3ee78ff80cde5438f69b8029bc28d2f1606bd,Another Look at Bell’s Theorem,2026-09-06,True,True,False,True,EXPOSURE_STATS/PODCAST_GUIDE/text/hsh--the-new-physics-another-look-at-bell-s-theorem--f72a9a02a5f8.txt,EXPOSURE_STATS/PODCAST_GUIDE/cues/hsh--the-new-physics-another-look-at-bell-s-theorem--f72a9a02a5f8.jsonl
hsh:0e8abe18319f6fc8,Satobloc/HsH,hsh,DEVELOPMENT_FULL_CONVOS/6OCT26_BIG_HAUL/The New Physics - Did This Theory Just Solve Physics_.srt,transcript_subtitle,.srt,44089,0e8abe18319f6fc8b82e284071c232f97cd0467481833581c3b5bbc6606e3124,47eeb2698abbe12d96184fa1d1298989dc4a5798,sha256:0e8abe18319f6fc8b82e284071c232f97cd0467481833581c3b5bbc6606e3124,Did This Theory Just Solve Physics,2026-02-25,True,True,False,True,EXPOSURE_STATS/PODCAST_GUIDE/text/hsh--the-new-physics-did-this-theory-just-solve-physics--0e8abe18319f.txt,EXPOSURE_STATS/PODCAST_GUIDE/cues/hsh--the-new-physics-did-this-theory-just-solve-physics--0e8abe18319f.jsonl
hsh:ca38ada872199b0c,Satobloc/HsH,hsh,DEVELOPMENT_FULL_CONVOS/6OCT26_BIG_HAUL/The New Physics - Did We Just Win Physics_.srt,transcript_subtitle,.srt,77420,ca38ada872199b0c39f87f986fec3054ec7feb08a98c67127e276a0fc36dc1b1,43d0dfe5e65306ffbf6b29dc97d705451614b124,sha256:ca38ada872199b0c39f87f986fec3054ec7feb08a98c67127e276a0fc36dc1b1,Did We Just Win Physics,2026-03-07,True,True,False,True,EXPOSURE_STATS/PODCAST_GUIDE/text/hsh--the-new-physics-did-we-just-win-physics--ca38ada87219.txt,EXPOSURE_STATS/PODCAST_GUIDE/cues/hsh--the-new-physics-did-we-just-win-physics--ca38ada87219.jsonl
hsh:00c15c715e59a379,Satobloc/HsH,hsh,DEVELOPMENT_FULL_CONVOS/6OCT26_BIG_HAUL/The New Physics - GR-QCD-QED-QFT-SM-ST Unification in Plain English.srt,transcript_subtitle,.srt,101296,00c15c715e59a379c842cc18f26f881110c8f0dea16b245cbc03384daccc9f79,b6ceba4ab8b6f57fb3c9608615f29e9942e8cb64,sha256:00c15c715e59a379c842cc18f26f881110c8f0dea16b245cbc03384daccc9f79,GR-QCD-QED-QFT-SM-ST Unification in Plain English,2026-05-09,True,True,False,True,EXPOSURE_STATS/PODCAST_GUIDE/text/hsh--the-new-physics-gr-qcd-qed-qft-sm-st-unification-in-plain-english--00c15c715e59.txt,EXPOSURE_STATS/PODCAST_GUIDE/cues/hsh--the-new-physics-gr-qcd-qed-qft-sm-st-unification-in-plain-english--00c15c715e59.jsonl
hsh:c4d37c68a64e0fe4,Satobloc/HsH,hsh,DEVELOPMENT_FULL_CONVOS/6OCT26_BIG_HAUL/The New Physics - How to Make Constants Make Sense.srt,transcript_subtitle,.srt,77164,c4d37c68a64e0fe4d351b6997c73ac6c2a39dfbe27e8593f190290dff7436935,101f1173add70709da97cd417542ef7ac9ac435d,sha256:c4d37c68a64e0fe4d351b6997c73ac6c2a39dfbe27e8593f190290dff7436935,How to Make Constants Make Sense,2026-03-19,True,True,False,True,EXPOSURE_STATS/PODCAST_GUIDE/text/hsh--the-new-physics-how-to-make-constants-make-sense--c4d37c68a64e.txt,EXPOSURE_STATS/PODCAST_GUIDE/cues/hsh--the-new-physics-how-to-make-constants-make-sense--c4d37c68a64e.jsonl
hsh:065f66cbe0e6c164,Satobloc/HsH,hsh,DEVELOPMENT_FULL_CONVOS/6OCT26_BIG_HAUL/The New Physics - Is Quantum Gravityfoam The Answer_.txt,podcast_text_unspecified,.txt,55887,065f66cbe0e6c1648037a8ac3ce8b2193923f1448ece4b9084b52ac5d2a1c3eb,7d1b1516353e0af1db3d995f5a5ce9e35301f1a1,sha256:065f66cbe0e6c1648037a8ac3ce8b2193923f1448ece4b9084b52ac5d2a1c3eb,Is Quantum Gravityfoam The Answer,2026-03-07,True,True,False,True,,
hsh:60a7c6fda5b915a9,Satobloc/HsH,hsh,DEVELOPMENT_FULL_CONVOS/6OCT26_BIG_HAUL/The New Physics - Light Cones and Bell’s Theorem.srt,transcript_subtitle,.srt,85630,60a7c6fda5b915a94cb7cf1db18bf0f9feab5ea76774ecadec9596431893dadc,24dfb0493e739766445d6f645a4284f684c6473f,sha256:60a7c6fda5b915a94cb7cf1db18bf0f9feab5ea76774ecadec9596431893dadc,Light Cones and Bell’s Theorem,2026-03-23,True,True,False,True,EXPOSURE_STATS/PODCAST_GUIDE/text/hsh--the-new-physics-light-cones-and-bell-s-theorem--60a7c6fda5b9.txt,EXPOSURE_STATS/PODCAST_GUIDE/cues/hsh--the-new-physics-light-cones-and-bell-s-theorem--60a7c6fda5b9.jsonl
hsh:124dcb3ff822a93f,Satobloc/HsH,hsh,DEVELOPMENT_FULL_CONVOS/6OCT26_BIG_HAUL/The New Physics - Muon g–2 Birefringence.txt,podcast_text_unspecified,.txt,32080,124dcb3ff822a93ff66354bc4240f0da86fe5fab1ae27726bd7840628aa297fe,31bf23c3c14e0cc88b7082e83bfac32cb50e03ec,sha256:124dcb3ff822a93ff66354bc4240f0da86fe5fab1ae27726bd7840628aa297fe,Muon g–2 Birefringence,2025-09-08,True,True,False,True,,
hsh:e2549bb85768775c,Satobloc/HsH,hsh,DEVELOPMENT_FULL_CONVOS/6OCT26_BIG_HAUL/The New Physics - Quantum Kelvin Waves.srt,transcript_subtitle,.srt,79210,e2549bb85768775c2ecc4b9d4d2b5d7c2166c02fdca0f8bf77f4fd9fc3d8e6c1,f1d5bfad04348e1666f3d6e667178dbb74e55b26,sha256:e2549bb85768775c2ecc4b9d4d2b5d7c2166c02fdca0f8bf77f4fd9fc3d8e6c1,Quantum Kelvin Waves,2026-07-12,True,True,False,True,EXPOSURE_STATS/PODCAST_GUIDE/text/hsh--the-new-physics-quantum-kelvin-waves--e2549bb85768.txt,EXPOSURE_STATS/PODCAST_GUIDE/cues/hsh--the-new-physics-quantum-kelvin-waves--e2549bb85768.jsonl
hsh:d622a38c508624a0,Satobloc/HsH,hsh,DEVELOPMENT_FULL_CONVOS/6OCT26_BIG_HAUL/The New Physics - Quantum Relativity Made Easy.srt,transcript_subtitle,.srt,69523,d622a38c508624a0e786ed3770ba3ce78d483eeab83694a2f40f4cbe8e3435d3,3eae80b2687e7f0c4393b93a1993a9a767967c75,sha256:d622a38c508624a0e786ed3770ba3ce78d483eeab83694a2f40f4cbe8e3435d3,Quantum Relativity Made Easy,2025-12-22,True,True,False,True,EXPOSURE_STATS/PODCAST_GUIDE/text/hsh--the-new-physics-quantum-relativity-made-easy--d622a38c5086.txt,EXPOSURE_STATS/PODCAST_GUIDE/cues/hsh--the-new-physics-quantum-relativity-made-easy--d622a38c5086.jsonl
hsh:c3679286d7233c0d,Satobloc/HsH,hsh,DEVELOPMENT_FULL_CONVOS/6OCT26_BIG_HAUL/The New Physics - UV-Complete Structural Unification of GR+QM+SM.txt,podcast_text_unspecified,.txt,41722,c3679286d7233c0da89f7dd3e2d3370fd1ce03b0481aa90d47b46b9534c1327e,6ee1b7fda55766327d131ef68ecdeb99dc4adc90,sha256:c3679286d7233c0da89f7dd3e2d3370fd1ce03b0481aa90d47b46b9534c1327e,UV-Complete Structural Unification of GR+QM+SM,2025-09-14,True,True,False,True,,
hsh:a05afda35e0ecf36,Satobloc/HsH,hsh,DEVELOPMENT_FULL_CONVOS/6OCT26_BIG_HAUL/The New Physics - Whirligig of Worlds to One Fully Determined Collapse.srt,transcript_subtitle,.srt,89133,a05afda35e0ecf3659dff762b83d2451b87cdcf47bb63dc55b812063888b3175,0cb04a8596def5e8d2a630cede0c19449d1174dd,sha256:a05afda35e0ecf3659dff762b83d2451b87cdcf47bb63dc55b812063888b3175,Whirligig of Worlds to One Fully Determined Collapse,2026-03-15,True,True,True,True,EXPOSURE_STATS/PODCAST_GUIDE/text/hsh--the-new-physics-whirligig-of-worlds-to-one-fully-determined-collapse--a05afda35e0e.txt,EXPOSURE_STATS/PODCAST_GUIDE/cues/hsh--the-new-physics-whirligig-of-worlds-to-one-fully-determined-collapse--a05afda35e0e.jsonl
hsh:7a0c60174303dd9f,Satobloc/HsH,hsh,DEVELOPMENT_FULL_CONVOS/6OCT26_BIG_HAUL/The New Physics - Whoa. 49_00 — AI Goes Off the Rails Trying to Unite Quantum Relativity [skip ahead to hear].srt,transcript_subtitle,.srt,107509,7a0c60174303dd9f2aea8b35484bc731b6dda5a8841a4b66384c1f6cfa653eb3,23577666850c373c0fd8586ba5702a8cdad61dbe,sha256:7a0c60174303dd9f2aea8b35484bc731b6dda5a8841a4b66384c1f6cfa653eb3,Whoa. 49 00 — AI Goes Off the Rails Trying to Unite Quantum Relativity [skip ahead to hear],2026-03-18,True,True,False,True,EXPOSURE_STATS/PODCAST_GUIDE/text/hsh--the-new-physics-whoa-49-00-ai-goes-off-the-rails-trying-to-unite-quantum-relativity-skip-a--7a0c60174303.txt,EXPOSURE_STATS/PODCAST_GUIDE/cues/hsh--the-new-physics-whoa-49-00-ai-goes-off-the-rails-trying-to-unite-quantum-relativity-skip-a--7a0c60174303.jsonl
hsh:f9509c2802d164d9,Satobloc/HsH,hsh,DEVELOPMENT_FULL_CONVOS/SAT_CONVOS_11/24.03.29•24.03.30•Maya & Aiden Episodes — raw.json,metadata_or_analytics,.json,228453,f9509c2802d164d9e2aa7be9952566228afea7fb504c9a6f8eedb3b65fbfe061,eb8cc9f1c55cb9328b816576ddd494ffd300d256,,24.03.29•24.03.30•Maya & Aiden Episodes — raw,,True,False,False,False,,
hsh:9290ca95e98dd5d6,Satobloc/HsH,hsh,DEVELOPMENT_FULL_CONVOS/SAT_CONVOS_11/25.02.12•25.02.12•Disrupting AI Podcast Format — raw.json,metadata_or_analytics,.json,76264,9290ca95e98dd5d643e395dbc1e3ee9fcadd73070207296ed00013e7360baa71,26783d9c5fd3be06b4021106edbab23a232f6692,,25.02.12•25.02.12•Disrupting AI Podcast Format — raw,,True,False,False,False,,
hsh:73ae4bf651217794,Satobloc/HsH,hsh,DEVELOPMENT_FULL_CONVOS/SAT_CONVOS_19/The New Physics - Majorana Coupling & Coiled Cooper Pairing.srt,transcript_subtitle,.srt,92107,73ae4bf65121779436ccd463d0b8e112665626120fe90cbb8c5b43231b69f89c,d72cf490a4f9ee47e6b80b34822b112ec671cf25,sha256:73ae4bf65121779436ccd463d0b8e112665626120fe90cbb8c5b43231b69f89c,Majorana Coupling & Coiled Cooper Pairing,2026-09-06,True,True,False,True,EXPOSURE_STATS/PODCAST_GUIDE/text/hsh--the-new-physics-majorana-coupling-coiled-cooper-pairing--73ae4bf65121.txt,EXPOSURE_STATS/PODCAST_GUIDE/cues/hsh--the-new-physics-majorana-coupling-coiled-cooper-pairing--73ae4bf65121.jsonl
hsh:55c7befc04e3fa1f,Satobloc/HsH,hsh,DEVELOPMENT_FULL_CONVOS/SAT_CONVOS_2/25.07.01•26.06.01•Podcast Analysis Summary — raw.json,metadata_or_analytics,.json,55935,55c7befc04e3fa1f174f38b78bfe7d6244e4c48a0b981d465fea071fa5e9528b,ba226586da87cfded309a00f885f39b717d48bdb,sha256:55c7befc04e3fa1f174f38b78bfe7d6244e4c48a0b981d465fea071fa5e9528b,25.07.01•26.06.01•Podcast Analysis Summary — raw,,True,False,False,False,,
hsh:49afb1fac1c41a47,Satobloc/HsH,hsh,DEVELOPMENT_FULL_CONVOS/SAT_CONVOS_2/25.12.02•26.06.01•Podcast feedback summary — raw.json,metadata_or_analytics,.json,82785,49afb1fac1c41a47fedb0f02e3564f6cb80b07ae592f1ffc37f5cc25d12e7a72,ce45e0aa9253ef28e80f3c60699fa30dcd038158,sha256:49afb1fac1c41a47fedb0f02e3564f6cb80b07ae592f1ffc37f5cc25d12e7a72,25.12.02•26.06.01•Podcast feedback summary — raw,,True,False,False,False,,
hsh:73ae4bf651217794,Satobloc/HsH,hsh,DEVELOPMENT_FULL_CONVOS/SAT_CONVOS_20/The New Physics - Majorana Coupling & Coiled Cooper Pairing.srt,transcript_subtitle,.srt,92107,73ae4bf65121779436ccd463d0b8e112665626120fe90cbb8c5b43231b69f89c,d72cf490a4f9ee47e6b80b34822b112ec671cf25,sha256:73ae4bf65121779436ccd463d0b8e112665626120fe90cbb8c5b43231b69f89c,Majorana Coupling & Coiled Cooper Pairing,2026-09-06,True,True,False,True,EXPOSURE_STATS/PODCAST_GUIDE/text/hsh--the-new-physics-majorana-coupling-coiled-cooper-pairing--73ae4bf65121.txt,EXPOSURE_STATS/PODCAST_GUIDE/cues/hsh--the-new-physics-majorana-coupling-coiled-cooper-pairing--73ae4bf65121.jsonl
hsh:e85fac945078bb1b,Satobloc/HsH,hsh,DEVELOPMENT_FULL_CONVOS/SAT_CONVOS_21/The New Physics - Making _Interesting_ LLM Characters.srt,transcript_subtitle,.srt,43783,e85fac945078bb1b3a63487ad1fce87cc0698657b3fc6151a5de58c49ffee915,ace1b413a5574a1354cc85c51364b12d685577ae,sha256:e85fac945078bb1b3a63487ad1fce87cc0698657b3fc6151a5de58c49ffee915,Making Interesting LLM Characters,2026-01-21,True,True,False,False,EXPOSURE_STATS/PODCAST_GUIDE/text/hsh--the-new-physics-making-interesting-llm-characters--e85fac945078.txt,EXPOSURE_STATS/PODCAST_GUIDE/cues/hsh--the-new-physics-making-interesting-llm-characters--e85fac945078.jsonl
hsh:6fd265de73ba4c44,Satobloc/HsH,hsh,DEVELOPMENT_FULL_CONVOS/SAT_CONVOS_3/26.06.05•26.06.05•Podcast Transcript Summary — raw.json,metadata_or_analytics,.json,3007208,6fd265de73ba4c44eb6565932fdba8b7920623da268b485f5549e95cf10f331b,25411ca50179cc3081960fc859f55b02b111d505,sha256:6fd265de73ba4c44eb6565932fdba8b7920623da268b485f5549e95cf10f331b,26.06.05•26.06.05•Podcast Transcript Summary — raw,,True,False,False,False,,
hsh:054c3ea6fb34dc26,Satobloc/HsH,hsh,PUBLIC_SITE/PODCAST_GUIDE_AUTHORITY.md,podcast_text_unspecified,.md,2050,054c3ea6fb34dc26f2b6dbcf5c467c1a3facd49699b106438f08bff4b24e7171,1312fc73ea7dee39d8bcb2fde239701893a5137d,,GUIDE AUTHORITY,,True,True,False,False,,
hsh:60e4fab9eac0d28f,Satobloc/HsH,hsh,SAT_VISUALS/EPISODE-IMAGE_MATCH/Capture.JPG,analytics_capture,.jpg,165984,60e4fab9eac0d28fa00d55e85d104f3260b67f1d9b62a0752093a250f7de997f,96c4945619e4cbc5f1b4ac609f14c18d7be96edf,,Capture,,True,False,False,False,,
hsh:ccd24692502daf4e,Satobloc/HsH,hsh,SAT_VISUALS/EPISODE-IMAGE_MATCH/CNSPODCapture.JPG,analytics_capture,.jpg,175058,ccd24692502daf4e8eff17493de270c73a2f4cec27c33752844c9dfe029259a2,02b3bee29a873d86de8f1b735c8bd4d5f575c03b,,CNSPODCapture,,True,False,False,False,,
hsh:9f4a7d7ccbecfd1c,Satobloc/HsH,hsh,SAT_VISUALS/EPISODE-IMAGE_MATCH/CONSCPODCapture.JPG,analytics_capture,.jpg,169211,9f4a7d7ccbecfd1c93dd8ab7602e0392dd7627a02b29d8e5a12f9897b1ed4ad2,b950a9f63364358e34bb8d57828a57c1023ffece,,CONSCPODCapture,,True,False,False,False,,
hsh:00dea5a8b3e8d371,Satobloc/HsH,hsh,SAT_VISUALS/EPISODE-IMAGE_MATCH/COSCSPODCapture.JPG,analytics_capture,.jpg,150799,00dea5a8b3e8d3716efea23738a8e8aef56fe797f5cff8ae9626e1fb195b4995,c983487ca00fb456bc073a5bcc11cb0943907d2c,,COSCSPODCapture,,True,False,False,False,,
hsh:01ba4719c80b6fe9,Satobloc/HsH,hsh,SAT_VISUALS/EPISODE-IMAGE_MATCH/gitignore.txt,podcast_text_unspecified,.txt,1,01ba4719c80b6fe911b091a7c05124b64eeece964e09c058ef8f9805daca546b,8b137891791fe96927ad78e64b0aad7bded08bdc,,gitignore,,True,False,False,False,,
hsh:1ba3e4a405bbe338,Satobloc/HsH,hsh,SAT_VISUALS/EPISODE-IMAGE_MATCH/hsshpodcstsCapture.JPG,analytics_capture,.jpg,215409,1ba3e4a405bbe338c99af8d82fc657b28867a4f35120c03ef3c1257b6e6c1f8c,1ab37bf8831033541e451d646dea6c63aa7884e6,,hsshpodcstsCapture,,True,False,False,False,,
hsh:93b8205a0e01b79d,Satobloc/HsH,hsh,SAT_VISUALS/EPISODE-IMAGE_MATCH/miscpodCapture.JPG,analytics_capture,.jpg,190797,93b8205a0e01b79d24421dd93d4dae6b2385c76c107be5080228cde4343a24a7,b4cc7da0eb22dbad4d14dc4fc7b6d4d9599be5d4,,miscpodCapture,,True,False,False,False,,
hsh:4f92027334ccc6ca,Satobloc/HsH,hsh,SAT_VISUALS/EPISODE-IMAGE_MATCH/SATOPDCASTSCapture.JPG,analytics_capture,.jpg,173448,4f92027334ccc6ca5e4b74605d50cde648f20c06dcadaed74cdd03e871bab6f8,f38543749f3bb3017f00b87e43bc52decc7e01ab,,SATOPDCASTSCapture,,True,False,False,False,,
hsh:bbce42e90dafb7df,Satobloc/HsH,hsh,SAT_VISUALS/EPISODE-IMAGE_MATCH/SATPODCapture.JPG,analytics_capture,.jpg,169475,bbce42e90dafb7df1d77f53040e42ee707381fd9e6f9eddcb41b0cf8713d6bd2,8f625ef18de392f3f3eee60dcea6c53d3d12dcae,,SATPODCapture,,True,False,False,False,,
hsh:ade0d20bbb2b719d,Satobloc/HsH,hsh,WORKSPACES/COMMON/FIELD_NOTES/2026-09-20_TERN_VILLARCEAU_HOPF_PARK_WALK.md,podcast_text_unspecified,.md,1715,ade0d20bbb2b719dace36ba27c82e1e0b621ee4612cdae790ed0d05790aa197e,f6242d93be6b4c143c5e8d5da423882ef08bf2c0,,2026-09-20 TERN VILLARCEAU HOPF PARK WALK,,True,False,False,True,,
hsh:2dd364b2cc8a00c3,Satobloc/HsH,hsh,WORKSPACES/COMMON/FIELD_NOTES/ENTRIES/20260922-1449_MERCER_ruin-gameboards.md,podcast_text_unspecified,.md,2417,2dd364b2cc8a00c370ea5afc16ae245b642c727cd157c584541e34716125b381,c7a85808a8f36591856067d2b80b2427e4f5b8f2,,20260922-1449 MERCER ruin-gameboards,,True,False,False,True,,
hsh:aad8f4ccd927be50,Satobloc/HsH,hsh,WORKSPACES/COMMON/FIELD_NOTES/ENTRIES/20260922-1452_MERIDIAN_scribal-uncertainty.md,podcast_text_unspecified,.md,1618,aad8f4ccd927be50ee72bca49a5be67cb09a35d1b2860bc1a4609e107dc9512f,4e6f16354a229c62b70e4f42dbb42641849af7d2,,20260922-1452 MERIDIAN scribal-uncertainty,,True,True,False,True,,
hsh:4bd135da9bce25a6,Satobloc/HsH,hsh,WORKSPACES/COMMON/FIELD_NOTES/ENTRIES/20260922-1454_ASTER_ACTIVE_VOLCANO_OF_LEARNING.md,podcast_text_unspecified,.md,3255,4bd135da9bce25a6269dffcdb7d0cb7fc6fd9b9603aa109446b6379a8cdb3557,5b571953a63190243b4085fa43c6351ef822f5fd,,20260922-1454 ASTER ACTIVE VOLCANO OF LEARNING,,True,True,False,True,,
hsh:6756074d8a01875f,Satobloc/HsH,hsh,WORKSPACES/COMMON/FIELD_NOTES/ENTRIES/20260922-1500_MERIDIAN_alien-math-archive-walk.md,podcast_text_unspecified,.md,1763,6756074d8a01875f2efda33dac7bf524f44ea10f7d5ac130ff0befa2c164d6b4,698279a3d3effea280fb29139b2c959231d2fb74,,20260922-1500 MERIDIAN alien-math-archive-walk,,True,False,False,True,,
hsh:566c221c9f4e67f6,Satobloc/HsH,hsh,WORKSPACES/COMMON/FIELD_NOTES/README.md,podcast_text_unspecified,.md,2802,566c221c9f4e67f670f5b704d58e8f5cc51b6e357ecad38338516ca549ea0f44,4d739d767be940e13082da4e29701060d28156ce,,README,,True,False,False,True,,
hsh:43c8da9ebb90ff2c,Satobloc/HsH,hsh,WORKSPACES/COMMON/PODCAST_EPISODE_GUIDE_PLAN.md,podcast_text_unspecified,.md,5088,43c8da9ebb90ff2c813bfaca9c8bdfb5f5c5b59df666b84f5dd3c1d91296b405,3ff108186a90eda61f6cc77a6e25c68618f9e3cd,,EPISODE GUIDE PLAN,,True,True,False,True,,
hsh:bcb9963a92694585,Satobloc/HsH,hsh,WORKSPACES/COMMON/tagging_ledgers/2026-09-14-DISRUPTING-AI-PODCAST-FORMAT-01.md,podcast_text_unspecified,.md,10910,bcb9963a926945852c0df125ad0ce861103074bf7844ad878f3bd06320657a80,984ca3ab428193bd25dc00c6b81515666d6da43c,,2026-09-14-DISRUPTING-AI-PODCAST-FORMAT-01,,True,True,False,False,,
hsh:bed1f79bf4f56500,Satobloc/HsH,hsh,WORKSPACES/COMMON/verified_batches/2026-09-14-DISRUPTING-AI-PODCAST-FORMAT-01.md,podcast_text_unspecified,.md,3670,bed1f79bf4f56500a4ce71c0d2a1fcdb9001a871080e01c19b5b34bb5ddb1d3b,382241e702307562a6d1d247951583376ddbdc05,,2026-09-14-DISRUPTING-AI-PODCAST-FORMAT-01,,True,True,False,False,,
hsh:a0a396f1b62f4793,Satobloc/HsH,hsh,WORKSPACES/PODCAST_LAB/README.md,podcast_text_unspecified,.md,6488,a0a396f1b62f4793dacbbd0caffd3de764a550d4466453bdab3d8d7810690a9c,83fd5e41dcae39b6be6eecb834aadd454a812cda,,README,,True,True,False,True,,
archive:418bfe54400f7f73,Satobloc/SAT_THEORY_ARCHIVE_2023-25,archive,000 Earliest SAT_RMS/Hosts Aiden and Maya/EPISODE ONE SCRIPT.txt,podcast_text_unspecified,.txt,9576,418bfe54400f7f732c9ba5f8c7b7ddeb8bfda9848a767f4d0c5be80f9a9c46fd,37fd89ab1df670e03418cedd8a4fef96ad83968c,sha256:418bfe54400f7f732c9ba5f8c7b7ddeb8bfda9848a767f4d0c5be80f9a9c46fd,EPISODE ONE SCRIPT,,True,True,False,False,,
archive:3d861d257c7c6b0a,Satobloc/SAT_THEORY_ARCHIVE_2023-25,archive,2023-24 FRAMEWORK DEVELOPMENT/SAT WORKABLE PODCAST.txt,podcast_text_unspecified,.txt,6918,3d861d257c7c6b0a39f275375aef0848e4737d3ccb3c3bdcc40c4a03ab12bc42,0e7f92b7a2d033bd0d1e8e5cb0f0a35342454518,sha256:3d861d257c7c6b0a39f275375aef0848e4737d3ccb3c3bdcc40c4a03ab12bc42,SAT WORKABLE PODCAST,,True,False,False,True,,
archive:6f529f2f5cb9a3ef,Satobloc/SAT_THEORY_ARCHIVE_2023-25,archive,2023-24 FRAMEWORK DEVELOPMENT/SATx_FULL_PODCAST.txt,podcast_text_unspecified,.txt,100182,6f529f2f5cb9a3efb6ba34e74bad78269b162c72b015750846c6a77159a493cc,a92cdadb1c55109604b1a02e1ee4c9e8e56c17fb,sha256:6f529f2f5cb9a3efb6ba34e74bad78269b162c72b015750846c6a77159a493cc,SATx FULL PODCAST,,True,True,False,True,,
archive:49f5fae1d6c19c01,Satobloc/SAT_THEORY_ARCHIVE_2023-25,archive,2026/Paradigm/SAT — PODCAST STATS/Debating  Listeners .txt,analytics,.txt,3055,49f5fae1d6c19c0164ccb459190a3f12dd4c8aeb49badfd37c27f7b70f37e405,760a80e117cafdd7fb9c8debecd46dd045d84f8d,sha256:49f5fae1d6c19c0164ccb459190a3f12dd4c8aeb49badfd37c27f7b70f37e405,Debating Listeners,,True,False,False,False,,
archive:b69fe7ab0267a553,Satobloc/SAT_THEORY_ARCHIVE_2023-25,archive,2026/Paradigm/SAT — PODCAST STATS/Debating  Listeners 2.txt,analytics,.txt,62305,b69fe7ab0267a553f6e1a180b0bbb98b5dafc6ec1176e623bcc1d276f50c53a3,f87fd97b1fbec1617b8ebbd3a36d9bd28ee515cb,sha256:b69fe7ab0267a553f6e1a180b0bbb98b5dafc6ec1176e623bcc1d276f50c53a3,Debating Listeners 2,,True,False,False,False,,
archive:b69fe7ab0267a553,Satobloc/SAT_THEORY_ARCHIVE_2023-25,archive,2026/Paradigm/SAT — PODCAST STATS/Debating  LISTENERSHIP.txt,analytics,.txt,62305,b69fe7ab0267a553f6e1a180b0bbb98b5dafc6ec1176e623bcc1d276f50c53a3,f87fd97b1fbec1617b8ebbd3a36d9bd28ee515cb,sha256:b69fe7ab0267a553f6e1a180b0bbb98b5dafc6ec1176e623bcc1d276f50c53a3,Debating LISTENERSHIP,,True,False,False,False,,
archive:42a1591f08e0af61,Satobloc/SAT_THEORY_ARCHIVE_2023-25,archive,2026/Paradigm/SAT — PODCAST STATS/Debating AI 1.txt,podcast_text_unspecified,.txt,13445,42a1591f08e0af61704d53104e6d077daecaf32b86f543c332b8342889e8ddc0,937bc537221ce75dda205ba521b186a10bcf5ceb,sha256:42a1591f08e0af61704d53104e6d077daecaf32b86f543c332b8342889e8ddc0,Debating AI 1,,True,True,False,False,,
archive:d3e6408507604723,Satobloc/SAT_THEORY_ARCHIVE_2023-25,archive,2026/Paradigm/SAT — PODCAST STATS/Debating AI 2.txt,podcast_text_unspecified,.txt,22443,d3e6408507604723a65d1036dc2a1ffb5b70a91675ad2b06d746480b0103957f,87e97096451bb7838e629dd26b84ce18b2bfaacd,sha256:d3e6408507604723a65d1036dc2a1ffb5b70a91675ad2b06d746480b0103957f,Debating AI 2,,True,True,False,False,,
archive:c94d8c2d5df5c8de,Satobloc/SAT_THEORY_ARCHIVE_2023-25,archive,2026/Paradigm/SAT — PODCAST STATS/Debating AI 3.txt,podcast_text_unspecified,.txt,49885,c94d8c2d5df5c8defbeaa792d7162be5ddcd73291fccf6376b446cf54b9e41ee,64b4779266ef13cd7e8c8d688cd5d1377860f15c,sha256:c94d8c2d5df5c8defbeaa792d7162be5ddcd73291fccf6376b446cf54b9e41ee,Debating AI 3,,True,True,False,True,,
archive:f85304062c20e45f,Satobloc/SAT_THEORY_ARCHIVE_2023-25,archive,2026/Paradigm/SAT — PODCAST STATS/Debating AI Episodes List.txt,podcast_text_unspecified,.txt,19392,f85304062c20e45f4d169aa5c823c3d54603f78f93ce6d2a9f252111e59454a0,e32fc1c9bffe22edbf94bd2b17128dbc8dad6635,sha256:f85304062c20e45f4d169aa5c823c3d54603f78f93ce6d2a9f252111e59454a0,Debating AI Episodes List,,True,True,False,True,,
archive:e68def145baad963,Satobloc/SAT_THEORY_ARCHIVE_2023-25,archive,2026/Paradigm/SAT — PODCAST STATS/Debating AI Morgellis.txt,podcast_text_unspecified,.txt,2984,e68def145baad963eb576feff779b756d5f56397f9ba090177e77d360791497e,24d45e34070aefa148c358174aa3da09d2208e95,sha256:e68def145baad963eb576feff779b756d5f56397f9ba090177e77d360791497e,Debating AI Morgellis,,True,False,False,False,,
archive:fbcebed5b0ac3364,Satobloc/SAT_THEORY_ARCHIVE_2023-25,archive,2026/Paradigm/SAT — PODCAST STATS/Debating AI Podcast Stats.txt,analytics,.txt,193220,fbcebed5b0ac33642d6d10255ec69871c63890046204a0abd4cbd5ba1798331d,459335f7926f47d86b7d5959a594ed43e49ceae2,sha256:fbcebed5b0ac33642d6d10255ec69871c63890046204a0abd4cbd5ba1798331d,Debating AI Podcast Stats,,True,False,False,False,,
archive:fbcebed5b0ac3364,Satobloc/SAT_THEORY_ARCHIVE_2023-25,archive,2026/Paradigm/SAT — PODCAST STATS/Debating AI Podcast.txt,podcast_text_unspecified,.txt,193220,fbcebed5b0ac33642d6d10255ec69871c63890046204a0abd4cbd5ba1798331d,459335f7926f47d86b7d5959a594ed43e49ceae2,sha256:fbcebed5b0ac33642d6d10255ec69871c63890046204a0abd4cbd5ba1798331d,Debating AI Podcast,,True,True,False,True,,
archive:0ea704038f9f4f54,Satobloc/SAT_THEORY_ARCHIVE_2023-25,archive,2026/Paradigm/SAT — PODCAST STATS/Debating AI Stats 2.txt,analytics,.txt,197752,0ea704038f9f4f543f6ca2fa846084aab23178b2dc716e21065c310c00f04fb6,00f42f3d6912df9b0e9486921bcc32c046328daa,sha256:0ea704038f9f4f543f6ca2fa846084aab23178b2dc716e21065c310c00f04fb6,Debating AI Stats 2,,True,False,False,False,,
archive:0d6291cd7e4a3456,Satobloc/SAT_THEORY_ARCHIVE_2023-25,archive,2026/Paradigm/SAT — PODCAST STATS/Debating AI Stats.txt,analytics,.txt,197753,0d6291cd7e4a345640a57dbd20ffd93df9cf099614e133ea66fab2c1221189f9,cf8264f961c0a385ad0a4c90fa31c5b11c192b79,sha256:0d6291cd7e4a345640a57dbd20ffd93df9cf099614e133ea66fab2c1221189f9,Debating AI Stats,,True,False,False,False,,
archive:10f7615ca1399caf,Satobloc/SAT_THEORY_ARCHIVE_2023-25,archive,2026/Paradigm/SAT — PODCAST STATS/Debating AI —  Podcast.txt,podcast_text_unspecified,.txt,3899,10f7615ca1399caf5812ff45869ec7480d2310896543d31a174a593256b82400,6f7b6cc4e2f81abb5a653f3c47cbc1b6cc1438ca,sha256:10f7615ca1399caf5812ff45869ec7480d2310896543d31a174a593256b82400,Debating AI — Podcast,,True,True,False,False,,
archive:49f5fae1d6c19c01,Satobloc/SAT_THEORY_ARCHIVE_2023-25,archive,2026/SAT — PODCAST/Debating  Listeners .txt,analytics,.txt,3055,49f5fae1d6c19c0164ccb459190a3f12dd4c8aeb49badfd37c27f7b70f37e405,760a80e117cafdd7fb9c8debecd46dd045d84f8d,sha256:49f5fae1d6c19c0164ccb459190a3f12dd4c8aeb49badfd37c27f7b70f37e405,Debating Listeners,,True,False,False,False,,
archive:b69fe7ab0267a553,Satobloc/SAT_THEORY_ARCHIVE_2023-25,archive,2026/SAT — PODCAST/Debating  Listeners 2.txt,analytics,.txt,62305,b69fe7ab0267a553f6e1a180b0bbb98b5dafc6ec1176e623bcc1d276f50c53a3,f87fd97b1fbec1617b8ebbd3a36d9bd28ee515cb,sha256:b69fe7ab0267a553f6e1a180b0bbb98b5dafc6ec1176e623bcc1d276f50c53a3,Debating Listeners 2,,True,False,False,False,,
archive:b69fe7ab0267a553,Satobloc/SAT_THEORY_ARCHIVE_2023-25,archive,2026/SAT — PODCAST/Debating  LISTENERSHIP.txt,analytics,.txt,62305,b69fe7ab0267a553f6e1a180b0bbb98b5dafc6ec1176e623bcc1d276f50c53a3,f87fd97b1fbec1617b8ebbd3a36d9bd28ee515cb,sha256:b69fe7ab0267a553f6e1a180b0bbb98b5dafc6ec1176e623bcc1d276f50c53a3,Debating LISTENERSHIP,,True,False,False,False,,
archive:42a1591f08e0af61,Satobloc/SAT_THEORY_ARCHIVE_2023-25,archive,2026/SAT — PODCAST/Debating AI 1.txt,podcast_text_unspecified,.txt,13445,42a1591f08e0af61704d53104e6d077daecaf32b86f543c332b8342889e8ddc0,937bc537221ce75dda205ba521b186a10bcf5ceb,sha256:42a1591f08e0af61704d53104e6d077daecaf32b86f543c332b8342889e8ddc0,Debating AI 1,,True,True,False,False,,
archive:d3e6408507604723,Satobloc/SAT_THEORY_ARCHIVE_2023-25,archive,2026/SAT — PODCAST/Debating AI 2.txt,podcast_text_unspecified,.txt,22443,d3e6408507604723a65d1036dc2a1ffb5b70a91675ad2b06d746480b0103957f,87e97096451bb7838e629dd26b84ce18b2bfaacd,sha256:d3e6408507604723a65d1036dc2a1ffb5b70a91675ad2b06d746480b0103957f,Debating AI 2,,True,True,False,False,,
archive:c94d8c2d5df5c8de,Satobloc/SAT_THEORY_ARCHIVE_2023-25,archive,2026/SAT — PODCAST/Debating AI 3.txt,podcast_text_unspecified,.txt,49885,c94d8c2d5df5c8defbeaa792d7162be5ddcd73291fccf6376b446cf54b9e41ee,64b4779266ef13cd7e8c8d688cd5d1377860f15c,sha256:c94d8c2d5df5c8defbeaa792d7162be5ddcd73291fccf6376b446cf54b9e41ee,Debating AI 3,,True,True,False,True,,
archive:f85304062c20e45f,Satobloc/SAT_THEORY_ARCHIVE_2023-25,archive,2026/SAT — PODCAST/Debating AI Episodes List.txt,podcast_text_unspecified,.txt,19392,f85304062c20e45f4d169aa5c823c3d54603f78f93ce6d2a9f252111e59454a0,e32fc1c9bffe22edbf94bd2b17128dbc8dad6635,sha256:f85304062c20e45f4d169aa5c823c3d54603f78f93ce6d2a9f252111e59454a0,Debating AI Episodes List,,True,True,False,True,,
archive:e68def145baad963,Satobloc/SAT_THEORY_ARCHIVE_2023-25,archive,2026/SAT — PODCAST/Debating AI Morgellis.txt,podcast_text_unspecified,.txt,2984,e68def145baad963eb576feff779b756d5f56397f9ba090177e77d360791497e,24d45e34070aefa148c358174aa3da09d2208e95,sha256:e68def145baad963eb576feff779b756d5f56397f9ba090177e77d360791497e,Debating AI Morgellis,,True,False,False,False,,
archive:fbcebed5b0ac3364,Satobloc/SAT_THEORY_ARCHIVE_2023-25,archive,2026/SAT — PODCAST/Debating AI Podcast Stats.txt,analytics,.txt,193220,fbcebed5b0ac33642d6d10255ec69871c63890046204a0abd4cbd5ba1798331d,459335f7926f47d86b7d5959a594ed43e49ceae2,sha256:fbcebed5b0ac33642d6d10255ec69871c63890046204a0abd4cbd5ba1798331d,Debating AI Podcast Stats,,True,False,False,False,,
archive:fbcebed5b0ac3364,Satobloc/SAT_THEORY_ARCHIVE_2023-25,archive,2026/SAT — PODCAST/Debating AI Podcast.txt,podcast_text_unspecified,.txt,193220,fbcebed5b0ac33642d6d10255ec69871c63890046204a0abd4cbd5ba1798331d,459335f7926f47d86b7d5959a594ed43e49ceae2,sha256:fbcebed5b0ac33642d6d10255ec69871c63890046204a0abd4cbd5ba1798331d,Debating AI Podcast,,True,True,False,True,,
archive:0ea704038f9f4f54,Satobloc/SAT_THEORY_ARCHIVE_2023-25,archive,2026/SAT — PODCAST/Debating AI Stats 2.txt,analytics,.txt,197752,0ea704038f9f4f543f6ca2fa846084aab23178b2dc716e21065c310c00f04fb6,00f42f3d6912df9b0e9486921bcc32c046328daa,sha256:0ea704038f9f4f543f6ca2fa846084aab23178b2dc716e21065c310c00f04fb6,Debating AI Stats 2,,True,False,False,False,,
archive:0d6291cd7e4a3456,Satobloc/SAT_THEORY_ARCHIVE_2023-25,archive,2026/SAT — PODCAST/Debating AI Stats.txt,analytics,.txt,197753,0d6291cd7e4a345640a57dbd20ffd93df9cf099614e133ea66fab2c1221189f9,cf8264f961c0a385ad0a4c90fa31c5b11c192b79,sha256:0d6291cd7e4a345640a57dbd20ffd93df9cf099614e133ea66fab2c1221189f9,Debating AI Stats,,True,False,False,False,,
archive:10f7615ca1399caf,Satobloc/SAT_THEORY_ARCHIVE_2023-25,archive,2026/SAT — PODCAST/Debating AI —  Podcast.txt,podcast_text_unspecified,.txt,3899,10f7615ca1399caf5812ff45869ec7480d2310896543d31a174a593256b82400,6f7b6cc4e2f81abb5a653f3c47cbc1b6cc1438ca,sha256:10f7615ca1399caf5812ff45869ec7480d2310896543d31a174a593256b82400,Debating AI — Podcast,,True,True,False,False,,
archive:a5d0705454fe1aee,Satobloc/SAT_THEORY_ARCHIVE_2023-25,archive,[[SAT PARADIGM]]/SAT PODCAST — DEBATING AI BIG STATS.txt,analytics,.txt,30431,a5d0705454fe1aee0b9482e0e5db9011d9eb297a38704ccde8b6cb4377ba3eee,b8ae90c7db5682137bc2950f4e0f40392ca00db3,sha256:a5d0705454fe1aee0b9482e0e5db9011d9eb297a38704ccde8b6cb4377ba3eee,SAT PODCAST — DEBATING AI BIG STATS,,True,False,False,False,,
archive:b8aaf1ad42435489,Satobloc/SAT_THEORY_ARCHIVE_2023-25,archive,[[SAT PARADIGM]]/SAT PODCAST — recent podcasts .txt,podcast_text_unspecified,.txt,5962,b8aaf1ad42435489bf6869888dfb10d523447b48526c56d9823c6cdc992ef220,9f528fc15aaa1fd860b15ad8a0de8a17046a33f2,,SAT PODCAST — recent podcasts,,True,True,False,False,,
archive:af413ffbdd19836a,Satobloc/SAT_THEORY_ARCHIVE_2023-25,archive,__SAT_Public_Record_Transcripts/Debating A.I. On Science - 0.24 Rad — Hubble Tension and Dark Matter Solution_.txt,podcast_text_unspecified,.txt,59926,af413ffbdd19836af212bec555f46c511ce957df44fd3d7b0423faa86d936eba,c1f77af833d032f74104eed658fb0e4f2b4f5d67,,Debating A.I. On Science - 0.24 Rad — Hubble Tension and Dark Matter Solution,2026-01-15,True,True,False,True,,
archive:9269a2094edd58bc,Satobloc/SAT_THEORY_ARCHIVE_2023-25,archive,__SAT_Public_Record_Transcripts/Debating A.I. On Science - A No-Tuning Universe.txt,podcast_text_unspecified,.txt,56762,9269a2094edd58bc55aaafb0d696913152702bf75e32076e00f8858e9f3ab864,b643ae2d9723bcb59b43daaf3e9edd154295f50c,,Debating A.I. On Science - A No-Tuning Universe,,True,True,False,True,,
archive:13268a9dac63338c,Satobloc/SAT_THEORY_ARCHIVE_2023-25,archive,__SAT_Public_Record_Transcripts/Debating A.I. On Science - A Path to the Unit Cell Cosmology.txt,podcast_text_unspecified,.txt,64998,13268a9dac63338cc7dbe88910d98a4a76ce073203100dd0ea664c0f1710533c,678fbd5ee9c6d269667b85107106e5851a12fc93,,Debating A.I. On Science - A Path to the Unit Cell Cosmology,2026-03-02,True,True,False,True,,
archive:b01eb816394f8631,Satobloc/SAT_THEORY_ARCHIVE_2023-25,archive,__SAT_Public_Record_Transcripts/Debating A.I. On Science - A Screw Through the Universe.txt,podcast_text_unspecified,.txt,45067,b01eb816394f8631fb271520092851099ee104aa4d74207b851c98c67fddfd10,25c97a8709b9b4dcf6d1e3ee0cf3a429b77c65cd,,Debating A.I. On Science - A Screw Through the Universe,2026-03-02,True,True,False,True,,
archive:25655572910d27b5,Satobloc/SAT_THEORY_ARCHIVE_2023-25,archive,__SAT_Public_Record_Transcripts/Debating A.I. On Science - A Theory of Everything_.txt,podcast_text_unspecified,.txt,30582,25655572910d27b56e4be63b57e5bb4757edca0264d24a39b67bfdcdfae03c0f,5f6fe67771d75e24ee8b31e3efb395bb0dda2436,,Debating A.I. On Science - A Theory of Everything,2025-09-18,True,True,False,True,,
archive:3e2e4ddfd2d4057b,Satobloc/SAT_THEORY_ARCHIVE_2023-25,archive,__SAT_Public_Record_Transcripts/Debating A.I. On Science - A Virtual Exploration.txt,podcast_text_unspecified,.txt,71173,3e2e4ddfd2d4057b884badbabe70884ed4bb62563528952c20d9da857bc17ca7,6c1101576bd7903995ef4218d87eff8f9320b6f4,,Debating A.I. On Science - A Virtual Exploration,2026-03-21,True,True,False,True,,
archive:a6bb5622fb61d1af,Satobloc/SAT_THEORY_ARCHIVE_2023-25,archive,__SAT_Public_Record_Transcripts/Debating A.I. On Science - Are Galactic Halos Frame Dragging Effects_.txt,podcast_text_unspecified,.txt,95866,a6bb5622fb61d1af46e9248608583c4eba2d6ebe914e7c660e9b6945c39df211,bc3ab67ddc9ed1f11605ade849fe5dc2c209354b,,Debating A.I. On Science - Are Galactic Halos Frame Dragging Effects,2026-03-15,True,True,False,False,,
archive:aa67f807173df71e,Satobloc/SAT_THEORY_ARCHIVE_2023-25,archive,__SAT_Public_Record_Transcripts/Debating A.I. On Science - Are Particles 4D Lines_.txt,podcast_text_unspecified,.txt,72075,aa67f807173df71e9ddcf4c463fb962e8f68b2da0dcc407ffa9d8830f4fe54b3,aacd32de8fec09223d23ef1082b2026277fa04eb,,Debating A.I. On Science - Are Particles 4D Lines,2026-03-05,True,True,False,True,,
archive:1e4f3472f2b818ed,Satobloc/SAT_THEORY_ARCHIVE_2023-25,archive,__SAT_Public_Record_Transcripts/Debating A.I. On Science - Are Photons… Neutrinos_.txt,podcast_text_unspecified,.txt,77322,1e4f3472f2b818ed39088315b4fd2f3abdde277baf3933a7cf5cda591c8038a4,bfc49eaf9b1d5a1f384d3fc9bb0b5e03ce5267ef,,Debating A.I. On Science - Are Photons… Neutrinos,2026-03-20,True,True,False,True,,
archive:4a4d61e27561ca63,Satobloc/SAT_THEORY_ARCHIVE_2023-25,archive,__SAT_Public_Record_Transcripts/Debating A.I. On Science - Brand New Elements_.txt,podcast_text_unspecified,.txt,81085,4a4d61e27561ca63f87c0899d330aeb1d7e1197be7b54fa7c99bdb33a8cbcbf2,6ed34803d72fdf963a0cc5df91bd8316623bb737,,Debating A.I. On Science - Brand New Elements,2026-03-17,True,True,False,True,,
archive:53a06d9b6d55267d,Satobloc/SAT_THEORY_ARCHIVE_2023-25,archive,__SAT_Public_Record_Transcripts/Debating A.I. On Science - Can 4D Rotation Explain Pulsar Glitches_.txt,podcast_text_unspecified,.txt,57287,53a06d9b6d55267dc57897b0839215d055ca1ffc737fc5514306dd80ee1fa172,579228527f148aeb7225623a131ef1f46163b2ff,,Debating A.I. On Science - Can 4D Rotation Explain Pulsar Glitches,2026-03-11,True,True,False,True,,
archive:46fadb4851861a63,Satobloc/SAT_THEORY_ARCHIVE_2023-25,archive,__SAT_Public_Record_Transcripts/Debating A.I. On Science - Can Space Travel Turn You Into Antimatter_.txt,podcast_text_unspecified,.txt,77621,46fadb4851861a6343789bff25057b972e6d89e67d55e11d5fb6a64b0cc142ae,9b8f414b5770ae45dd8224487d1ee4e86f4575de,,Debating A.I. On Science - Can Space Travel Turn You Into Antimatter,2026-03-16,True,False,False,True,,
archive:3c657839ecce3dc1,Satobloc/SAT_THEORY_ARCHIVE_2023-25,archive,__SAT_Public_Record_Transcripts/Debating A.I. On Science - Can Stars Blink Out_.txt,podcast_text_unspecified,.txt,70520,3c657839ecce3dc16ab9f84cbb53db6b313d70b29abc6b9c9b2c3880edf89c4e,2596c4e73199490bb7f8728ef301ed26316751b8,,Debating A.I. On Science - Can Stars Blink Out,2026-03-14,True,True,False,True,,
archive:30b93868a41e9028,Satobloc/SAT_THEORY_ARCHIVE_2023-25,archive,__SAT_Public_Record_Transcripts/Debating A.I. On Science - Clearing the Clutter.txt,podcast_text_unspecified,.txt,72137,30b93868a41e902840ef4feafa9ec611392b5a9dba0ee3be0f69e2ecc8435c13,c48abd95861df7207154a3cf3d77452369b1f760,sha256:30b93868a41e902840ef4feafa9ec611392b5a9dba0ee3be0f69e2ecc8435c13,Debating A.I. On Science - Clearing the Clutter,,True,True,False,True,,
archive:8c9e76a5ebb788c5,Satobloc/SAT_THEORY_ARCHIVE_2023-25,archive,__SAT_Public_Record_Transcripts/Debating A.I. On Science - Did This Theory Just Solve Physics_.txt,podcast_text_unspecified,.txt,38384,8c9e76a5ebb788c5a5958d7f9f3c5382e2c8ca9c618848de4dabfb25d8b37886,4a5263db48f138fd95939adec132cc41a7f4221b,,Debating A.I. On Science - Did This Theory Just Solve Physics,2026-02-25,True,True,False,True,,
archive:3f6a51ce2cd1ee43,Satobloc/SAT_THEORY_ARCHIVE_2023-25,archive,__SAT_Public_Record_Transcripts/Debating A.I. On Science - Did We Just Win Physics_.txt,podcast_text_unspecified,.txt,71908,3f6a51ce2cd1ee439dd5417e683bfc868fd3abcaa9f78d7dacc99271da2e40be,aaf238892398ec9b07a4b68b881c61ce342c3bbd,,Debating A.I. On Science - Did We Just Win Physics,2026-03-07,True,True,False,True,,
archive:9d7fe32c8f2d2125,Satobloc/SAT_THEORY_ARCHIVE_2023-25,archive,__SAT_Public_Record_Transcripts/Debating A.I. On Science - Do Stars Act Like Atoms_.txt,podcast_text_unspecified,.txt,71628,9d7fe32c8f2d212506f749469874d0db02e0c63dfbdacfb7cd158b0272114fff,cb1d57293fa65d8a71662c4dd26f2cd62b68d8a9,,Debating A.I. On Science - Do Stars Act Like Atoms,2026-03-14,True,True,False,True,,
archive:2049dcc7b0559e9e,Satobloc/SAT_THEORY_ARCHIVE_2023-25,archive,__SAT_Public_Record_Transcripts/Debating A.I. On Science - Do we Live in A Classical Universe_.txt,podcast_text_unspecified,.txt,93316,2049dcc7b0559e9ea2fc395b5777752648e27387ddde6157d30b2c0e5a4d212e,1194f0a31daba02c90564457c420fa741ad951f4,,Debating A.I. On Science - Do we Live in A Classical Universe,2026-03-13,True,True,False,True,,
archive:4751f490e244fe79,Satobloc/SAT_THEORY_ARCHIVE_2023-25,archive,__SAT_Public_Record_Transcripts/Debating A.I. On Science - Doing Physics In Your Head.txt,podcast_text_unspecified,.txt,55432,4751f490e244fe79ca96f43bc7d9e4aa07720e6d972e4bd3bbf828fc17d3cc26,a799fc2b43a757be73ea053bd8f3bc7c3b5fd123,,Debating A.I. On Science - Doing Physics In Your Head,2026-01-15,True,True,False,True,,
archive:30b93868a41e9028,Satobloc/SAT_THEORY_ARCHIVE_2023-25,archive,__SAT_Public_Record_Transcripts/Debating A.I. On Science - Down to the Details.txt,podcast_text_unspecified,.txt,72137,30b93868a41e902840ef4feafa9ec611392b5a9dba0ee3be0f69e2ecc8435c13,c48abd95861df7207154a3cf3d77452369b1f760,sha256:30b93868a41e902840ef4feafa9ec611392b5a9dba0ee3be0f69e2ecc8435c13,Debating A.I. On Science - Down to the Details,,True,True,False,True,,
archive:b17a8a5258f00431,Satobloc/SAT_THEORY_ARCHIVE_2023-25,archive,__SAT_Public_Record_Transcripts/Debating A.I. On Science - Easy Theoretical Physics.txt,podcast_text_unspecified,.txt,10119,b17a8a5258f00431fa25a929e4938f99c5f8543c6c06cf49d95373e0c64af51a,f98d268a370003f7adaad607e9233742a5e4f7dc,,Debating A.I. On Science - Easy Theoretical Physics,2025-12-24,True,True,False,True,,
archive:28ad98d6d18be103,Satobloc/SAT_THEORY_ARCHIVE_2023-25,archive,__SAT_Public_Record_Transcripts/Debating A.I. On Science - Ending At the Start.txt,podcast_text_unspecified,.txt,62897,28ad98d6d18be1035841861901f4ecd35692cbf22b4a61bf6ce061db60635623,a00fae254459ae5d6ab1e6f04cc77ef7070460d4,,Debating A.I. On Science - Ending At the Start,2026-03-09,True,True,False,True,,
archive:9e684c5665a4470c,Satobloc/SAT_THEORY_ARCHIVE_2023-25,archive,__SAT_Public_Record_Transcripts/Debating A.I. On Science - Everything Is A Line.txt,podcast_text_unspecified,.txt,67731,9e684c5665a4470c67a53fe92d93694d7deba88afe3986c3331fcdd36fa12042,c2d927c504e87b9c267b647f119a6439cc9fada7,,Debating A.I. On Science - Everything Is A Line,2025-12-24,True,True,False,True,,
archive:ae062df42161e84b,Satobloc/SAT_THEORY_ARCHIVE_2023-25,archive,__SAT_Public_Record_Transcripts/Debating A.I. On Science - Final Unification Rough Draft Pt. 1 .txt,podcast_text_unspecified,.txt,65214,ae062df42161e84bc9238904f6d1bff80824b5ea88b27819612da42c953a4d00,ec9f7690b008fd6306331e0427d7665a78c1076e,,Debating A.I. On Science - Final Unification Rough Draft Pt. 1,2026-03-21,True,True,False,True,,
archive:77b804c7b81b7dc0,Satobloc/SAT_THEORY_ARCHIVE_2023-25,archive,__SAT_Public_Record_Transcripts/Debating A.I. On Science - Final Unification Rough Draft Pt. 2.txt,podcast_text_unspecified,.txt,65214,77b804c7b81b7dc0d936bc6232c05d0459a2027460af545ff8340c1b4a7a1341,0f281f17346a93c19358b69fdc7388f229c2e924,,Debating A.I. On Science - Final Unification Rough Draft Pt. 2,2026-03-21,True,True,False,True,,
archive:20cbd6b20ebdf37f,Satobloc/SAT_THEORY_ARCHIVE_2023-25,archive,__SAT_Public_Record_Transcripts/Debating A.I. On Science - He-3 Precision Predictions.txt,podcast_text_unspecified,.txt,92339,20cbd6b20ebdf37fbe31139916c4be39fb18cc61613b655c9f2129ac4b9f6c9e,fe0a3b0f2d5ab12e270aa461cb65b344a2290de7,,Debating A.I. On Science - He-3 Precision Predictions,2026-03-16,True,True,False,True,,
archive:1018f94a3cc8ac5f,Satobloc/SAT_THEORY_ARCHIVE_2023-25,archive,__SAT_Public_Record_Transcripts/Debating A.I. On Science - How to Make Constants Make Sense.txt,podcast_text_unspecified,.txt,71360,1018f94a3cc8ac5fbb1853b53bf1b1890af9afc6803ec307fbd6686c15f62b1a,e3fdf3597d25ef4d3e2af9db60648b923c81dd83,,Debating A.I. On Science - How to Make Constants Make Sense,2026-03-19,True,True,False,True,,
archive:d3ba9e4b294c89ab,Satobloc/SAT_THEORY_ARCHIVE_2023-25,archive,__SAT_Public_Record_Transcripts/Debating A.I. On Science - Is Old Science Right_.txt,podcast_text_unspecified,.txt,87740,d3ba9e4b294c89ab703a7fea1e403b38da9003359552f6af4afa474c1ec447e6,5bee3c1ce02536d1818ce50bcf40a1390f5d3496,,Debating A.I. On Science - Is Old Science Right,2026-03-15,True,True,True,True,,
archive:98670b2222f38845,Satobloc/SAT_THEORY_ARCHIVE_2023-25,archive,__SAT_Public_Record_Transcripts/Debating A.I. On Science - Is Quantum Gravityfoam The Answer_.txt,podcast_text_unspecified,.txt,50252,98670b2222f38845d59afed6669cee6b05c8b6e499201204aa6f2ee87a7a9a1e,d5ee830f86a366f21072fbbc0b9c7a01d179471d,,Debating A.I. On Science - Is Quantum Gravityfoam The Answer,2026-03-07,True,True,False,True,,
archive:29f5f5987a33d4c8,Satobloc/SAT_THEORY_ARCHIVE_2023-25,archive,__SAT_Public_Record_Transcripts/Debating A.I. On Science - Is Reality Real_.txt,podcast_text_unspecified,.txt,70525,29f5f5987a33d4c8e2b01dd65378c654d99e35950720eb56181d1bb1fc73308a,d4bd3d940d9d3518ad6e22e38172e0644b134c21,,Debating A.I. On Science - Is Reality Real,2026-03-14,True,False,False,True,,
archive:43dbafdfa1152c78,Satobloc/SAT_THEORY_ARCHIVE_2023-25,archive,__SAT_Public_Record_Transcripts/Debating A.I. On Science - Is this How the Paradigm Shifts_.txt,podcast_text_unspecified,.txt,77657,43dbafdfa1152c7807b55f07d1166f5064080e8ea7728ea8ad7907f26a2ddcb0,63b937ee9273f8728bf34f1b86ea4a190688ea2e,,Debating A.I. On Science - Is this How the Paradigm Shifts,2026-03-13,True,True,False,True,,
archive:e5b67be26ed672c5,Satobloc/SAT_THEORY_ARCHIVE_2023-25,archive,__SAT_Public_Record_Transcripts/Debating A.I. On Science - Is Time A Particle_.txt,podcast_text_unspecified,.txt,50033,e5b67be26ed672c5b6cd2b5650c88a2f5843ea886f425d484aae1ee9388f1bfb,dba648682386c486254cb02782d6842ebc43cee3,,Debating A.I. On Science - Is Time A Particle,2026-01-19,True,True,False,True,,
archive:e6e1540666a3be9b,Satobloc/SAT_THEORY_ARCHIVE_2023-25,archive,__SAT_Public_Record_Transcripts/Debating A.I. On Science - Kissing Points & Lissajouss’.txt,podcast_text_unspecified,.txt,57297,e6e1540666a3be9ba8080ad1775bfef3bd3659920e1dd589f608ee344e59090f,38aa0465f4bbcba331c8593e077170a65fd922b8,,Debating A.I. On Science - Kissing Points & Lissajouss’,2026-03-02,True,True,False,True,,
archive:2c5a0f3ee59eb3d4,Satobloc/SAT_THEORY_ARCHIVE_2023-25,archive,__SAT_Public_Record_Transcripts/Debating A.I. On Science - Light Cones and Bell’s Theorem.txt,podcast_text_unspecified,.txt,82074,2c5a0f3ee59eb3d4add6571bc1c8dcaff2d09595486c86f49e098433c3383484,d6684fceaca1636adc97040b3dd2f52fa9322335,,Debating A.I. On Science - Light Cones and Bell’s Theorem,2026-03-23,True,True,False,False,,
archive:7bc4237ae04db266,Satobloc/SAT_THEORY_ARCHIVE_2023-25,archive,__SAT_Public_Record_Transcripts/Debating A.I. On Science - Moiré Bubble Atoms_ A New Physics_ [Meet Ellis and Morgan].txt,podcast_text_unspecified,.txt,64710,7bc4237ae04db266a20bae69e326b9c8d78bfd38e83b5c5facab81002ead6913,15c8266b6ca04e4ce7f5cb5adfab41536f99013d,,Debating A.I. On Science - Moiré Bubble Atoms A New Physics [Meet Ellis and Morgan],2026-03-06,True,True,False,True,,
archive:5ff8a31f421be254,Satobloc/SAT_THEORY_ARCHIVE_2023-25,archive,__SAT_Public_Record_Transcripts/Debating A.I. On Science - Most Extreme Periodic Table Challenge.txt,podcast_text_unspecified,.txt,75923,5ff8a31f421be254fba81e13f5d77b28d75cd2aadf403e514674071294c4fe6f,a3408df085ef9d81cbb55815e7cf53eca54a4489,,Debating A.I. On Science - Most Extreme Periodic Table Challenge,2026-03-20,True,True,False,True,,
archive:25363fa69dc74883,Satobloc/SAT_THEORY_ARCHIVE_2023-25,archive,__SAT_Public_Record_Transcripts/Debating A.I. On Science - Most Extreme Physics Challenge.txt,podcast_text_unspecified,.txt,92644,25363fa69dc748838ddea4c05b7a42781b451c7cef8310212845c0af0c9b5d06,381500f29072484e655b98724b12417006a1cfe1,,Debating A.I. On Science - Most Extreme Physics Challenge,2026-03-20,True,True,False,True,,
archive:43729920e81b1859,Satobloc/SAT_THEORY_ARCHIVE_2023-25,archive,__SAT_Public_Record_Transcripts/Debating A.I. On Science - One K.I.S.S. Unification_.txt,podcast_text_unspecified,.txt,83041,43729920e81b1859638711d45f23e8f48e38c88239945a033feff1e34cf5af50,77d02e49e767fb027e3f0478b9da2d9a70d85d4c,,Debating A.I. On Science - One K.I.S.S. Unification,2026-03-28,True,True,False,True,,
archive:fc803156a4f09dd0,Satobloc/SAT_THEORY_ARCHIVE_2023-25,archive,__SAT_Public_Record_Transcripts/Debating A.I. On Science - Physics Changed Today.txt,podcast_text_unspecified,.txt,63875,fc803156a4f09dd073fa770075534476f8b4a2f833bde90c3631dbdde84f7626,b24014729fdf57852e69ae515d63773ef42bf940,,Debating A.I. On Science - Physics Changed Today,2025-12-24,True,True,False,True,,
archive:597058a5b5d73413,Satobloc/SAT_THEORY_ARCHIVE_2023-25,archive,__SAT_Public_Record_Transcripts/Debating A.I. On Science - Physics for the Mathematically Inept.txt,podcast_text_unspecified,.txt,64328,597058a5b5d734133bde9a51f2c164ad907404460c65763563b388e5d40a03c4,953a1dbf95ceb96b373921fec7899ca8eb9b692d,,Debating A.I. On Science - Physics for the Mathematically Inept,2026-04-02,True,True,False,True,,
archive:26862d80843949bb,Satobloc/SAT_THEORY_ARCHIVE_2023-25,archive,__SAT_Public_Record_Transcripts/Debating A.I. On Science - Physics Is What Physics Was.txt,podcast_text_unspecified,.txt,55310,26862d80843949bb9a017d33688b4df1c14e3cec32221e4c250fe43e13539153,71040923c1a03cde97bafef10cef83ffdf74b31a,,Debating A.I. On Science - Physics Is What Physics Was,2025-12-11,True,True,False,True,,
archive:1ac02d41c0e01db0,Satobloc/SAT_THEORY_ARCHIVE_2023-25,archive,__SAT_Public_Record_Transcripts/Debating A.I. On Science - SAT Experimental Predictions Jan 2026.txt,podcast_text_unspecified,.txt,57063,1ac02d41c0e01db0e4f1d8bfa25b22000d5e27f42b4c12eb7d4b1533a82317b1,4200a893defc8d935ef213bf9c30440a4866a8bb,,Debating A.I. On Science - SAT Experimental Predictions Jan 2026,2026-01-16,True,False,False,True,,
archive:397401d6470ece83,Satobloc/SAT_THEORY_ARCHIVE_2023-25,archive,__SAT_Public_Record_Transcripts/Debating A.I. On Science - SAT Fundamental Insights.txt,podcast_text_unspecified,.txt,26556,397401d6470ece83d5cfea326f9ec925f2ae032011ff1a835e478b1c249199ea,26324351f69dbc5b97de869448ea1bc57301dd0c,,Debating A.I. On Science - SAT Fundamental Insights,2025-06-09,True,True,False,False,,
archive:1f2001dbf6fd5996,Satobloc/SAT_THEORY_ARCHIVE_2023-25,archive,__SAT_Public_Record_Transcripts/Debating A.I. On Science - SAT Holy Sh_t Moments.txt,podcast_text_unspecified,.txt,64882,1f2001dbf6fd59967103830ba0ade955dfd94658f64e070155a130c3d09ec0f2,f8ca6d3ad182fb26d8f0466d1d8a7d0a187efb1f,,Debating A.I. On Science - SAT Holy Sh t Moments,2026-02-25,True,True,False,True,,
archive:a43fefb68cec72bc,Satobloc/SAT_THEORY_ARCHIVE_2023-25,archive,__SAT_Public_Record_Transcripts/Debating A.I. On Science - SAT Mark I Unification.txt,podcast_text_unspecified,.txt,94502,a43fefb68cec72bcae4cefed0ff3d9ecfc8f0b3d14193620cbee6099589a0079,7d31d5b3b57ecd07b89b2bd4c819dca7b755f115,,Debating A.I. On Science - SAT Mark I Unification,2025-06-18,True,True,False,True,,
archive:f06c5ca238d8998a,Satobloc/SAT_THEORY_ARCHIVE_2023-25,archive,__SAT_Public_Record_Transcripts/Debating A.I. On Science - Sharpening Physics.txt,podcast_text_unspecified,.txt,63632,f06c5ca238d8998abdc209e844d623b0a4dd80471bab44d4710ac3103188fa66,5acb514e974faf3ab4030730974e3e4d97f7ef7b,,Debating A.I. On Science - Sharpening Physics,2026-02-25,True,True,False,True,,
archive:3622a4e8b8a3d880,Satobloc/SAT_THEORY_ARCHIVE_2023-25,archive,__SAT_Public_Record_Transcripts/Debating A.I. On Science - Slow Walk Through 4-Space [SAT_ Filament Physics].txt,podcast_text_unspecified,.txt,16303,3622a4e8b8a3d880f90517580c7fb287aa9c8c1bc91151a800c472e5ea9677ad,444bffe51cb1fe8fa91f6b39c229bb2e4cc02a1f,,Debating A.I. On Science - Slow Walk Through 4-Space [SAT Filament Physics],2025-05-30,True,False,False,False,,
archive:a1a7ad1226c06d00,Satobloc/SAT_THEORY_ARCHIVE_2023-25,archive,__SAT_Public_Record_Transcripts/Debating A.I. On Science - String Gravity Predictions H0=71.2.txt,podcast_text_unspecified,.txt,86947,a1a7ad1226c06d00e8c1305a642872c045bc83372df64ddb0475d15631bcecbc,c66d5a56f87e33aa161a934ea495849ce8a17152,,Debating A.I. On Science - String Gravity Predictions H0=71.2,2026-05-18,True,True,False,True,,
archive:e18ac77ebbeeaffa,Satobloc/SAT_THEORY_ARCHIVE_2023-25,archive,__SAT_Public_Record_Transcripts/Debating A.I. On Science - The First Open Source Theory of Everything.txt,podcast_text_unspecified,.txt,80604,e18ac77ebbeeaffa1babcd1ab468302cecc4bad572af456f06f0a2dcba6e3361,9d654561254dc001058a17c11173b66cb493df06,,Debating A.I. On Science - The First Open Source Theory of Everything,2026-03-04,True,True,False,True,,
archive:2f7072d5d70f67c8,Satobloc/SAT_THEORY_ARCHIVE_2023-25,archive,__SAT_Public_Record_Transcripts/Debating A.I. On Science - The Hubble Tension Reconciled_.txt,podcast_text_unspecified,.txt,59925,2f7072d5d70f67c8e3458a25ca26d574207fd3dabe992dfaf58a1ad4bb384512,697a4bef59d8bbc845c8153cbb22786d3f771657,,Debating A.I. On Science - The Hubble Tension Reconciled,2026-01-16,True,True,False,True,,
archive:7b049040d06bc42c,Satobloc/SAT_THEORY_ARCHIVE_2023-25,archive,__SAT_Public_Record_Transcripts/Debating A.I. On Science - The Map of Everything.txt,podcast_text_unspecified,.txt,66014,7b049040d06bc42c01b491a36f1d3b17db162f797d9963fb240501e3b1567ab0,bdc5ddd8dafa4b99fae4bd7a9560ac806459e4e7,,Debating A.I. On Science - The Map of Everything,2025-12-21,True,True,False,True,,
archive:658b5af6c93a933e,Satobloc/SAT_THEORY_ARCHIVE_2023-25,archive,__SAT_Public_Record_Transcripts/Debating A.I. On Science - The Scorecard.txt,podcast_text_unspecified,.txt,80202,658b5af6c93a933e5be105659e20e86ab98af77ed492940a79394e542c1169d8,7f4678433fee6876e222f740abb78952dd6fd936,,Debating A.I. On Science - The Scorecard,2026-03-20,True,True,False,True,,
archive:07a2a2474315f09b,Satobloc/SAT_THEORY_ARCHIVE_2023-25,archive,__SAT_Public_Record_Transcripts/Debating A.I. On Science - Theoretical Physics Archive Release.txt,podcast_text_unspecified,.txt,63067,07a2a2474315f09b297023ccfa32ad27f45b17be9497091153c234a662d3ba79,3898f4998bd8e64f030ebc8ac11e716db38addb4,,Debating A.I. On Science - Theoretical Physics Archive Release,2025-12-28,True,True,False,True,,
archive:cea452f6e04f5aff,Satobloc/SAT_THEORY_ARCHIVE_2023-25,archive,__SAT_Public_Record_Transcripts/Debating A.I. On Science - Thoughts As 4D Objects.txt,podcast_text_unspecified,.txt,46192,cea452f6e04f5affd601c7d643a0c17caec6ee631778e802ed703b6d3597f3bd,6cc3339ded5eb3a070785eb1758372e5335a99c2,,Debating A.I. On Science - Thoughts As 4D Objects,2026-01-19,True,True,False,True,,
archive:fac46bb8c2ddc965,Satobloc/SAT_THEORY_ARCHIVE_2023-25,archive,__SAT_Public_Record_Transcripts/Debating A.I. On Science - Unification Smoking Gun.txt,podcast_text_unspecified,.txt,68492,fac46bb8c2ddc96540e7f4d4164d02ea809abc45a9be23fae59bfd80bc2f8f9a,56a5479b77a80349e8610a9b1cda70bf78801cf3,,Debating A.I. On Science - Unification Smoking Gun,2026-03-18,True,True,False,True,,
archive:d2c31fe850008903,Satobloc/SAT_THEORY_ARCHIVE_2023-25,archive,__SAT_Public_Record_Transcripts/Debating A.I. On Science - Unifying the All of Physics through Geometry.txt,podcast_text_unspecified,.txt,20556,d2c31fe850008903414c1086e4293326fc5fa13551b1600ca6272ec57ff7df48,3582a7907afad0e5a7d11d7ed56f988de47aa8c1,,Debating A.I. On Science - Unifying the All of Physics through Geometry,2025-05-27,True,True,False,True,,
archive:598e6b4619a5b78f,Satobloc/SAT_THEORY_ARCHIVE_2023-25,archive,__SAT_Public_Record_Transcripts/Debating A.I. On Science - Was Minkowski Right_.txt,podcast_text_unspecified,.txt,45784,598e6b4619a5b78f3eb8161a77abf7b92be39d4131fefc34a09dc9d75911e78c,2aaddc25f112e485aa202ab07a2ecffbd79b2bed,,Debating A.I. On Science - Was Minkowski Right,2026-03-28,True,True,False,True,,
archive:de573f3255de1cae,Satobloc/SAT_THEORY_ARCHIVE_2023-25,archive,__SAT_Public_Record_Transcripts/Debating A.I. On Science - What Would Einstein Do_.txt,podcast_text_unspecified,.txt,72821,de573f3255de1cae9e69902113a99feff8603d78910200e70765291fe310005d,ceca5a3ab2eeb701e9a971eb9202d816a2556bb5,,Debating A.I. On Science - What Would Einstein Do,2026-03-28,True,True,False,True,,
archive:bd89ff5d87fd458d,Satobloc/SAT_THEORY_ARCHIVE_2023-25,archive,__SAT_Public_Record_Transcripts/Debating A.I. On Science - Whirligig of Worlds to One Fully Determined Collapse.txt,podcast_text_unspecified,.txt,83873,bd89ff5d87fd458d7a937793bec881abba5772540b3a0c53aa4b534d04543e41,bf64b50f51fdd26351267c2e1cbef10b18d4254b,,Debating A.I. On Science - Whirligig of Worlds to One Fully Determined Collapse,2026-03-15,True,True,True,True,,
archive:cca66cd2a0562e46,Satobloc/SAT_THEORY_ARCHIVE_2023-25,archive,__SAT_Public_Record_Transcripts/Debating A.I. On Science - ‘Universal Indicatrix’ Renormalization.txt,podcast_text_unspecified,.txt,42956,cca66cd2a0562e462e4a8f4dc32e2fac1e50058c8f551ad7aae1466156276dfa,8426941daee8bd33030047916c108724e66e583a,,Debating A.I. On Science - ‘Universal Indicatrix’ Renormalization,2026-03-05,True,True,False,True,,
archive:f24fdd5bf5241f01,Satobloc/SAT_THEORY_ARCHIVE_2023-25,archive,__SAT_Public_Record_Transcripts/DebatingA.I.OnScience_EpisodeRankings_all-time.csv,analytics,.csv,24858,f24fdd5bf5241f01900f0dbc64ec3970bf6bf495a8ea63870f301032473d608c,d50033462305d803a8e27f76b8f03f210d87fb52,sha256:f24fdd5bf5241f01900f0dbc64ec3970bf6bf495a8ea63870f301032473d608c,OnScience EpisodeRankings all-time,,True,False,False,False,,
archive:912d573d3672fd4d,Satobloc/SAT_THEORY_ARCHIVE_2023-25,archive,__SAT_Public_Record_Transcripts/FULL_Scalar-Angular Theory_ Field Notes - A Lab Testable TOE.txt,transcript_text,.txt,94812,912d573d3672fd4d0c70249c99926229b8d53c3a33b8ca1f254d8613bc162fe8,ebd7b4f043b516c583acba18ab613f6c3317ddbc,sha256:912d573d3672fd4d0c70249c99926229b8d53c3a33b8ca1f254d8613bc162fe8,Scalar-Angular Theory Field Notes - A Lab Testable TOE,2026-03-16,True,True,False,True,EXPOSURE_STATS/PODCAST_GUIDE/text/archive--full-scalar-angular-theory-field-notes-a-lab-testable-toe--912d573d3672.txt,
archive:591b9c79e95cbfd6,Satobloc/SAT_THEORY_ARCHIVE_2023-25,archive,__SAT_Public_Record_Transcripts/FULL_Scalar-Angular Theory_ Field Notes - Full Unification GR-QM-ST.txt,transcript_text,.txt,98123,591b9c79e95cbfd651ceac90203e010eb9c1dc54464698906bdfebe0221c9b08,4b70ba98d172ff54afd86272a9b32dd4740ccf09,sha256:591b9c79e95cbfd651ceac90203e010eb9c1dc54464698906bdfebe0221c9b08,Scalar-Angular Theory Field Notes - Full Unification GR-QM-ST,2026-05-09,True,True,False,True,EXPOSURE_STATS/PODCAST_GUIDE/text/archive--full-scalar-angular-theory-field-notes-full-unification-gr-qm-st--591b9c79e95c.txt,
archive:99f3a8fdd368de18,Satobloc/SAT_THEORY_ARCHIVE_2023-25,archive,__SAT_Public_Record_Transcripts/FULL_Scalar-Angular Theory_ Field Notes - Lithium-7_ The First Dark Matter Horizon_.txt,transcript_text,.txt,56112,99f3a8fdd368de187766387ebb32abe17fe3a88903021d8005b1076fa415b51b,77898e91b89fb87548f92d50f3682d12b2c5cff8,sha256:99f3a8fdd368de187766387ebb32abe17fe3a88903021d8005b1076fa415b51b,Scalar-Angular Theory Field Notes - Lithium-7 The First Dark Matter Horizon,2025-12-21,True,True,False,True,EXPOSURE_STATS/PODCAST_GUIDE/text/archive--full-scalar-angular-theory-field-notes-lithium-7-the-first-dark-matter-horizon--99f3a8fdd368.txt,
archive:4d19151439fb0493,Satobloc/SAT_THEORY_ARCHIVE_2023-25,archive,__SAT_Public_Record_Transcripts/FULL_Scalar-Angular Theory_ Field Notes - Method for QM-GR Unification.txt,transcript_text,.txt,114441,4d19151439fb0493b884732938fa378832852c9cf63a766ac490da446cfaf029,f5960380728d26f9f093df29527597d1d60d49c9,sha256:4d19151439fb0493b884732938fa378832852c9cf63a766ac490da446cfaf029,Scalar-Angular Theory Field Notes - Method for QM-GR Unification,2026-03-07,True,True,False,True,EXPOSURE_STATS/PODCAST_GUIDE/text/archive--full-scalar-angular-theory-field-notes-method-for-qm-gr-unification--4d19151439fb.txt,
archive:063665545bf7281a,Satobloc/SAT_THEORY_ARCHIVE_2023-25,archive,"__SAT_Public_Record_Transcripts/FULL_Scalar-Angular Theory_ Field Notes - Neutrino-Photon Identity, Quantum Tunneling, and Chondrules(..!).txt",transcript_text,.txt,55778,063665545bf7281afd7278d3266361d8ef7add77e1670a1e25e4db42ede912e5,12bdf453736c99a563f948fe3f5e0c79d7dcaa46,,"Scalar-Angular Theory Field Notes - Neutrino-Photon Identity, Quantum Tunneling, and Chondrules(..!)",2026-01-15,True,True,False,True,EXPOSURE_STATS/PODCAST_GUIDE/text/archive--full-scalar-angular-theory-field-notes-neutrino-photon-identity-quantum-tunneling-and-chon--063665545bf7.txt,
archive:f9d47a165daf3ab6,Satobloc/SAT_THEORY_ARCHIVE_2023-25,archive,__SAT_Public_Record_Transcripts/FULL_Scalar-Angular Theory_ Field Notes - Post-Closure Experimental Predictions.txt,transcript_text,.txt,63990,f9d47a165daf3ab6ca76538ed8cb3dcc5296ab29170a39d849c464d1f5e5f134,75213c89dd03c6780624087d93b973bc0e33c20a,sha256:f9d47a165daf3ab6ca76538ed8cb3dcc5296ab29170a39d849c464d1f5e5f134,Scalar-Angular Theory Field Notes - Post-Closure Experimental Predictions,2026-01-16,True,True,False,True,EXPOSURE_STATS/PODCAST_GUIDE/text/archive--full-scalar-angular-theory-field-notes-post-closure-experimental-predictions--f9d47a165daf.txt,
archive:d744c1647f3a51bd,Satobloc/SAT_THEORY_ARCHIVE_2023-25,archive,__SAT_Public_Record_Transcripts/FULL_Scalar-Angular Theory_ Field Notes - Prior Model Prediction Drop 3.1.26.txt,transcript_text,.txt,47982,d744c1647f3a51bdcddb2dcd05d33db8ec208225212e63ba3dfe4e848f8c7d3e,b88be77f2504c31a8ae0c49c28dbd5fbfaf60a49,sha256:d744c1647f3a51bdcddb2dcd05d33db8ec208225212e63ba3dfe4e848f8c7d3e,Scalar-Angular Theory Field Notes - Prior Model Prediction Drop 3.1.26,,True,True,True,True,EXPOSURE_STATS/PODCAST_GUIDE/text/archive--full-scalar-angular-theory-field-notes-prior-model-prediction-drop-3-1-26--d744c1647f3a.txt,
archive:7b68734ffbb8826e,Satobloc/SAT_THEORY_ARCHIVE_2023-25,archive,__SAT_Public_Record_Transcripts/FULL_Scalar-Angular Theory_ Field Notes - SAT’s Derivations.txt,transcript_text,.txt,53967,7b68734ffbb8826ead8c8eae3ec5cea3abc2ae51294669997f818711d075a566,e47603f32b092e506822f2f3537def0f4a701b2d,sha256:7b68734ffbb8826ead8c8eae3ec5cea3abc2ae51294669997f818711d075a566,Scalar-Angular Theory Field Notes - SAT’s Derivations,2026-02-25,True,True,False,True,EXPOSURE_STATS/PODCAST_GUIDE/text/archive--full-scalar-angular-theory-field-notes-sat-s-derivations--7b68734ffbb8.txt,
archive:c01fec7da89308f3,Satobloc/SAT_THEORY_ARCHIVE_2023-25,archive,__SAT_Public_Record_Transcripts/FULL_Scalar-Angular Theory_ Field Notes - The 0.239 rad Constant.txt,transcript_text,.txt,61756,c01fec7da89308f379b6b7085f6d530b78ad7aeac924af8c0c6040c59411ea98,05ca333e8959e28681f008f9bfc3ffcd54c3613f,sha256:c01fec7da89308f379b6b7085f6d530b78ad7aeac924af8c0c6040c59411ea98,Scalar-Angular Theory Field Notes - The 0.239 rad Constant,2026-02-24,True,True,False,True,EXPOSURE_STATS/PODCAST_GUIDE/text/archive--full-scalar-angular-theory-field-notes-the-0-239-rad-constant--c01fec7da893.txt,
archive:6140a3cadb4bff5c,Satobloc/SAT_THEORY_ARCHIVE_2023-25,archive,__SAT_Public_Record_Transcripts/FULL_Scalar-Angular Theory_ Field Notes - The 17mK He3 λ Anomaly.txt,transcript_text,.txt,89560,6140a3cadb4bff5c9254445dfc8a927478e88c89dd7086ebedc63f61e0fc9cfd,be1378f22c3444b9af27d14de8f733897e7ab7bd,sha256:6140a3cadb4bff5c9254445dfc8a927478e88c89dd7086ebedc63f61e0fc9cfd,Scalar-Angular Theory Field Notes - The 17mK He3 λ Anomaly,2026-05-08,True,True,False,True,EXPOSURE_STATS/PODCAST_GUIDE/text/archive--full-scalar-angular-theory-field-notes-the-17mk-he3-anomaly--6140a3cadb4b.txt,
archive:1a86e0ea02d5e213,Satobloc/SAT_THEORY_ARCHIVE_2023-25,archive,__SAT_Public_Record_Transcripts/FULL_Scalar-Angular Theory_ Field Notes - Timelike Twist in the Accelerator .txt,transcript_text,.txt,50540,1a86e0ea02d5e213356aea32a140bcd5b5d214f78160a947db64f3fe6b88c0ae,5c3b6a7d9f8cae8ea8c4af7d883d5e8b1969da76,sha256:1a86e0ea02d5e213356aea32a140bcd5b5d214f78160a947db64f3fe6b88c0ae,Scalar-Angular Theory Field Notes - Timelike Twist in the Accelerator,2026-01-19,True,True,False,True,EXPOSURE_STATS/PODCAST_GUIDE/text/archive--full-scalar-angular-theory-field-notes-timelike-twist-in-the-accelerator--1a86e0ea02d5.txt,
archive:2f7ae7519ac70ab4,Satobloc/SAT_THEORY_ARCHIVE_2023-25,archive,__SAT_Public_Record_Transcripts/Scalar-Angular Theory_ Field Notes - Proof GR & QM Are Compatible.txt,transcript_text,.txt,63874,2f7ae7519ac70ab4d93ced827bad5af6a48980920b691e3d16c9d049ced33fb5,23e3e580bec03f827a6d972d15f3f4c5070ddffd,sha256:2f7ae7519ac70ab4d93ced827bad5af6a48980920b691e3d16c9d049ced33fb5,Scalar-Angular Theory Field Notes - Proof GR & QM Are Compatible,2025-12-24,True,True,False,True,EXPOSURE_STATS/PODCAST_GUIDE/text/archive--scalar-angular-theory-field-notes-proof-gr-qm-are-compatible--2f7ae7519ac7.txt,
archive:09dc305d056f2d41,Satobloc/SAT_THEORY_ARCHIVE_2023-25,archive,DEBATING A.I. ANALYTICS/2Analytics - Debating A.I. On the Future of Physics _ Spotify for Creators.pdf,analytics,.pdf,147798,09dc305d056f2d4185e0155e72700350ead8554fded860381647d6ae1b98c2a5,e4aacf76095d6d470412049cf7da4a83ca9e51de,sha256:09dc305d056f2d4185e0155e72700350ead8554fded860381647d6ae1b98c2a5,2Analytics - Debating A.I. On the Future of Physics Spotify for Creators,,True,False,False,False,,
archive:7d0b2c5d6efa9eb5,Satobloc/SAT_THEORY_ARCHIVE_2023-25,archive,DEBATING A.I. ANALYTICS/3Analytics - Debating A.I. On the Future of Physics _ Spotify for Creators.pdf,analytics,.pdf,147374,7d0b2c5d6efa9eb546efabbf35b751f4e13ebb50b1f7af10f0a1d61eeca7a297,4012034ac8efdef6fddf1a81ac304f90ca24b5fe,sha256:7d0b2c5d6efa9eb546efabbf35b751f4e13ebb50b1f7af10f0a1d61eeca7a297,3Analytics - Debating A.I. On the Future of Physics Spotify for Creators,,True,False,False,False,,
archive:6183df2d3eebf632,Satobloc/SAT_THEORY_ARCHIVE_2023-25,archive,DEBATING A.I. ANALYTICS/4Analytics - Debating A.I. On the Future of Physics _ Spotify for Creators.pdf,analytics,.pdf,147092,6183df2d3eebf632c129de438c82da667e9be801560e3d7bb91db80d81cb8d6c,4a0ea2b411c5956bf8d3ae4b2221dbd871fc0621,sha256:6183df2d3eebf632c129de438c82da667e9be801560e3d7bb91db80d81cb8d6c,4Analytics - Debating A.I. On the Future of Physics Spotify for Creators,,True,False,False,False,,
archive:ef9c5ac76694cc5e,Satobloc/SAT_THEORY_ARCHIVE_2023-25,archive,DEBATING A.I. ANALYTICS/5Analytics - Debating A.I. On the Future of Physics _ Spotify for Creators.pdf,analytics,.pdf,148149,ef9c5ac76694cc5eca8cf75d6af3a8d8b8dbe66b145443979317053a5c97ceb0,c439598b52d5538d3d0a19d8cc2d6ff2825e7c34,sha256:ef9c5ac76694cc5eca8cf75d6af3a8d8b8dbe66b145443979317053a5c97ceb0,5Analytics - Debating A.I. On the Future of Physics Spotify for Creators,,True,False,False,False,,
archive:6a635a668ea873d9,Satobloc/SAT_THEORY_ARCHIVE_2023-25,archive,DEBATING A.I. ANALYTICS/6Analytics - Debating A.I. On the Future of Physics _ Spotify for Creators.pdf,analytics,.pdf,145202,6a635a668ea873d976af3f66860eb31bf057c5d8ae597ce8291cb882da8f2d00,342efa39d02c56749f290ce0d1c12850ad75e2b3,sha256:6a635a668ea873d976af3f66860eb31bf057c5d8ae597ce8291cb882da8f2d00,6Analytics - Debating A.I. On the Future of Physics Spotify for Creators,,True,False,False,False,,
archive:35306807dc7e2fc5,Satobloc/SAT_THEORY_ARCHIVE_2023-25,archive,DEBATING A.I. ANALYTICS/7Analytics - Debating A.I. On the Future of Physics _ Spotify for Creators.pdf,analytics,.pdf,141392,35306807dc7e2fc5399c65932fc513e52a224805f9e0c90a53f62977fe307a9a,45290cd4cd273734c2133d04e5782b9346f0b8d1,sha256:35306807dc7e2fc5399c65932fc513e52a224805f9e0c90a53f62977fe307a9a,7Analytics - Debating A.I. On the Future of Physics Spotify for Creators,,True,False,False,False,,
archive:e4659b54ce7fe7a2,Satobloc/SAT_THEORY_ARCHIVE_2023-25,archive,DEBATING A.I. ANALYTICS/Analytics - Debating A.I. On the Future of Physics _ Spotify for Creators.pdf,analytics,.pdf,177487,e4659b54ce7fe7a20e369183b69cf291e485bf72efc145215f2598031451ec61,a1e489e9fc9594ef514a52d9590c8b616b7cbe58,sha256:e4659b54ce7fe7a20e369183b69cf291e485bf72efc145215f2598031451ec61,Analytics - Debating A.I. On the Future of Physics Spotify for Creators,,True,False,False,False,,
archive:66736f8e59aa4d76,Satobloc/SAT_THEORY_ARCHIVE_2023-25,archive,DEBATING AI PODCAST TRANSCRIPTS/8DebatingA.I.OntheFutureofPhysics_GeoLocationAllPlatforms_all-time.csv,analytics,.csv,432,66736f8e59aa4d763dbefcc93797bbf02b053204acaf5f2399496f77b9fb73e4,0d47115e02ff782afc790c5eede3266e3c3edc94,sha256:66736f8e59aa4d763dbefcc93797bbf02b053204acaf5f2399496f77b9fb73e4,8DebatingA.I.OntheFutureofPhysics GeoLocationAllPlatforms all-time,,True,False,False,False,,
archive:09a9d2e21c0360a8,Satobloc/SAT_THEORY_ARCHIVE_2023-25,archive,DEBATING AI PODCAST TRANSCRIPTS/DebatingA.I.OntheFutureofPhysics_AgeByGender_all-time.csv,metadata_or_analytics,.csv,608,09a9d2e21c0360a8cbb06afd5e812a098b479600ddd585a0800be09ef5a390b0,b3666f636b2baf21de95eb2b54003563c5fbc52a,sha256:09a9d2e21c0360a8cbb06afd5e812a098b479600ddd585a0800be09ef5a390b0,OntheFutureofPhysics AgeByGender all-time,,True,False,False,False,,
archive:ce8a12a3cf27e051,Satobloc/SAT_THEORY_ARCHIVE_2023-25,archive,DEBATING AI PODCAST TRANSCRIPTS/DebatingA.I.OntheFutureofPhysics_AudienceSegments_1-1-2025--6-15-2026.csv,analytics,.csv,4293,ce8a12a3cf27e0512ee84340b63d318f49ab07e1a11d2971ee315418dd95b806,a4c09324c7fc69ef2a862aa8c3d771bd267e63c0,sha256:ce8a12a3cf27e0512ee84340b63d318f49ab07e1a11d2971ee315418dd95b806,OntheFutureofPhysics AudienceSegments 1-1-2025--6-15-2026,,True,False,False,False,,
archive:f4d05006bf66385d,Satobloc/SAT_THEORY_ARCHIVE_2023-25,archive,DEBATING AI PODCAST TRANSCRIPTS/DebatingA.I.OntheFutureofPhysics_DailyImpressions_3-17-2026--6-14-2026 (1).csv,metadata_or_analytics,.csv,1218,f4d05006bf66385da8af5a271e7571781a19dcccac6c32d45a47cb15f5390a38,b4f95d0204632e3aa7a250da6edec5f2222a7fdc,sha256:f4d05006bf66385da8af5a271e7571781a19dcccac6c32d45a47cb15f5390a38,OntheFutureofPhysics DailyImpressions 3-17-2026--6-14-2026 (1),,True,False,False,False,,
archive:f4d05006bf66385d,Satobloc/SAT_THEORY_ARCHIVE_2023-25,archive,DEBATING AI PODCAST TRANSCRIPTS/DebatingA.I.OntheFutureofPhysics_DailyImpressions_3-17-2026--6-14-2026.csv,metadata_or_analytics,.csv,1218,f4d05006bf66385da8af5a271e7571781a19dcccac6c32d45a47cb15f5390a38,b4f95d0204632e3aa7a250da6edec5f2222a7fdc,sha256:f4d05006bf66385da8af5a271e7571781a19dcccac6c32d45a47cb15f5390a38,OntheFutureofPhysics DailyImpressions 3-17-2026--6-14-2026,,True,False,False,False,,
archive:514e24ff641ba0ed,Satobloc/SAT_THEORY_ARCHIVE_2023-25,archive,DEBATING AI PODCAST TRANSCRIPTS/DebatingA.I.OntheFutureofPhysics_Engagement_all-time (1).csv,metadata_or_analytics,.csv,11191,514e24ff641ba0eda717b43317e21e8f3368efc7d8fded755e744b5b956fcc4c,fec94fa38dbcc8f45da856d43ea5ec37795c1a65,sha256:514e24ff641ba0eda717b43317e21e8f3368efc7d8fded755e744b5b956fcc4c,OntheFutureofPhysics Engagement all-time (1),,True,False,False,False,,
archive:514e24ff641ba0ed,Satobloc/SAT_THEORY_ARCHIVE_2023-25,archive,DEBATING AI PODCAST TRANSCRIPTS/DebatingA.I.OntheFutureofPhysics_Engagement_all-time (2).csv,metadata_or_analytics,.csv,11191,514e24ff641ba0eda717b43317e21e8f3368efc7d8fded755e744b5b956fcc4c,fec94fa38dbcc8f45da856d43ea5ec37795c1a65,sha256:514e24ff641ba0eda717b43317e21e8f3368efc7d8fded755e744b5b956fcc4c,OntheFutureofPhysics Engagement all-time (2),,True,False,False,False,,
archive:514e24ff641ba0ed,Satobloc/SAT_THEORY_ARCHIVE_2023-25,archive,DEBATING AI PODCAST TRANSCRIPTS/DebatingA.I.OntheFutureofPhysics_Engagement_all-time (3).csv,metadata_or_analytics,.csv,11191,514e24ff641ba0eda717b43317e21e8f3368efc7d8fded755e744b5b956fcc4c,fec94fa38dbcc8f45da856d43ea5ec37795c1a65,sha256:514e24ff641ba0eda717b43317e21e8f3368efc7d8fded755e744b5b956fcc4c,OntheFutureofPhysics Engagement all-time (3),,True,False,False,False,,
archive:514e24ff641ba0ed,Satobloc/SAT_THEORY_ARCHIVE_2023-25,archive,DEBATING AI PODCAST TRANSCRIPTS/DebatingA.I.OntheFutureofPhysics_Engagement_all-time (4).csv,metadata_or_analytics,.csv,11191,514e24ff641ba0eda717b43317e21e8f3368efc7d8fded755e744b5b956fcc4c,fec94fa38dbcc8f45da856d43ea5ec37795c1a65,sha256:514e24ff641ba0eda717b43317e21e8f3368efc7d8fded755e744b5b956fcc4c,OntheFutureofPhysics Engagement all-time (4),,True,False,False,False,,
archive:514e24ff641ba0ed,Satobloc/SAT_THEORY_ARCHIVE_2023-25,archive,DEBATING AI PODCAST TRANSCRIPTS/DebatingA.I.OntheFutureofPhysics_Engagement_all-time.csv,metadata_or_analytics,.csv,11191,514e24ff641ba0eda717b43317e21e8f3368efc7d8fded755e744b5b956fcc4c,fec94fa38dbcc8f45da856d43ea5ec37795c1a65,sha256:514e24ff641ba0eda717b43317e21e8f3368efc7d8fded755e744b5b956fcc4c,OntheFutureofPhysics Engagement all-time,,True,False,False,False,,
archive:113a41dbb5ae086d,Satobloc/SAT_THEORY_ARCHIVE_2023-25,archive,DEBATING AI PODCAST TRANSCRIPTS/DebatingA.I.OntheFutureofPhysics_EpisodeCompletionRates.csv,metadata_or_analytics,.csv,797,113a41dbb5ae086da0436f530726278c592e4021fb730e00a0da0f0746b25643,d64a379b9a05093e55d62e00e96850f28e8c7d18,sha256:113a41dbb5ae086da0436f530726278c592e4021fb730e00a0da0f0746b25643,OntheFutureofPhysics EpisodeCompletionRates,,True,False,False,False,,
archive:92514011e974d2df,Satobloc/SAT_THEORY_ARCHIVE_2023-25,archive,DEBATING AI PODCAST TRANSCRIPTS/DebatingA.I.OntheFutureofPhysics_Gender_all-time.csv,metadata_or_analytics,.csv,118,92514011e974d2dfff845f78961e23b905a39216ef0d3e73537fc0aa5cbc4ace,f442b6e795b8c2318cd0df724ebc0924712ae6b3,sha256:92514011e974d2dfff845f78961e23b905a39216ef0d3e73537fc0aa5cbc4ace,OntheFutureofPhysics Gender all-time,,True,False,False,False,,
archive:2b80b2428ec70125,Satobloc/SAT_THEORY_ARCHIVE_2023-25,archive,DEBATING AI PODCAST TRANSCRIPTS/DebatingA.I.OntheFutureofPhysics_GeoLocationAllPlatforms_all-time (1).csv,analytics,.csv,348,2b80b2428ec701256374990886ee9fccac85de85b37afc5bbaec56df8d903129,50dc721394fecfe1eab387248f592f175dd27e7d,sha256:2b80b2428ec701256374990886ee9fccac85de85b37afc5bbaec56df8d903129,OntheFutureofPhysics GeoLocationAllPlatforms all-time (1),,True,False,False,False,,
archive:ffbdf650a8e6892a,Satobloc/SAT_THEORY_ARCHIVE_2023-25,archive,DEBATING AI PODCAST TRANSCRIPTS/DebatingA.I.OntheFutureofPhysics_GeoLocationAllPlatforms_all-time.csv,analytics,.csv,865,ffbdf650a8e6892a082e2eccba86e2b359ace8381177d8604ec5187dafe59b4d,d8892d2f8616e3f04b69614882ca1bb47fa740c9,sha256:ffbdf650a8e6892a082e2eccba86e2b359ace8381177d8604ec5187dafe59b4d,OntheFutureofPhysics GeoLocationAllPlatforms all-time,,True,False,False,False,,
archive:0cc0fae313cfc077,Satobloc/SAT_THEORY_ARCHIVE_2023-25,archive,DEBATING AI PODCAST TRANSCRIPTS/DebatingA.I.OntheFutureofPhysics_TopEpisodesByConsumptionTime_all-time (1).csv,metadata_or_analytics,.csv,909,0cc0fae313cfc0772b60a8f4abd1c97fbb757caf60d62e2de640c40e811a1b03,a35c64ced1a596181983660cf1eeb5be7028cff8,sha256:0cc0fae313cfc0772b60a8f4abd1c97fbb757caf60d62e2de640c40e811a1b03,OntheFutureofPhysics TopEpisodesByConsumptionTime all-time (1),,True,False,False,False,,
archive:0cc0fae313cfc077,Satobloc/SAT_THEORY_ARCHIVE_2023-25,archive,DEBATING AI PODCAST TRANSCRIPTS/DebatingA.I.OntheFutureofPhysics_TopEpisodesByConsumptionTime_all-time.csv,metadata_or_analytics,.csv,909,0cc0fae313cfc0772b60a8f4abd1c97fbb757caf60d62e2de640c40e811a1b03,a35c64ced1a596181983660cf1eeb5be7028cff8,sha256:0cc0fae313cfc0772b60a8f4abd1c97fbb757caf60d62e2de640c40e811a1b03,OntheFutureofPhysics TopEpisodesByConsumptionTime all-time,,True,False,False,False,,
archive:82181a5ba3ce46b1,Satobloc/SAT_THEORY_ARCHIVE_2023-25,archive,DEBATING AI PODCAST TRANSCRIPTS/DebatingA.I.OntheFutureofPhysics_TopEpisodesByImpressions_3-17-2026--6-14-2026 (1).csv,metadata_or_analytics,.csv,983,82181a5ba3ce46b16728d077a90e7beaadf240a8efbd34ad48af54440680f59a,3c7c8b66f7bfb243cf91387b2cb7084bc970f7c0,sha256:82181a5ba3ce46b16728d077a90e7beaadf240a8efbd34ad48af54440680f59a,OntheFutureofPhysics TopEpisodesByImpressions 3-17-2026--6-14-2026 (1),,True,False,False,False,,
archive:82181a5ba3ce46b1,Satobloc/SAT_THEORY_ARCHIVE_2023-25,archive,DEBATING AI PODCAST TRANSCRIPTS/DebatingA.I.OntheFutureofPhysics_TopEpisodesByImpressions_3-17-2026--6-14-2026.csv,metadata_or_analytics,.csv,983,82181a5ba3ce46b16728d077a90e7beaadf240a8efbd34ad48af54440680f59a,3c7c8b66f7bfb243cf91387b2cb7084bc970f7c0,sha256:82181a5ba3ce46b16728d077a90e7beaadf240a8efbd34ad48af54440680f59a,OntheFutureofPhysics TopEpisodesByImpressions 3-17-2026--6-14-2026,,True,False,False,False,,
archive:77503f187b153069,Satobloc/SAT_THEORY_ARCHIVE_2023-25,archive,DEBATING AI PODCAST TRANSCRIPTS/DebatingA.I.OntheFutureofPhysics_TrendsChart_PlaysAndDownloads_First7Days (1).csv,metadata_or_analytics,.csv,13060,77503f187b1530697d648402f8162a28d235052c5496d07171d00aa3798fcf65,02e17e4cbd23a21a335f53c74256d7e0cd4570f6,sha256:77503f187b1530697d648402f8162a28d235052c5496d07171d00aa3798fcf65,OntheFutureofPhysics TrendsChart PlaysAndDownloads First7Days (1),,True,False,False,False,,
archive:42ab243dcce4ecf9,Satobloc/SAT_THEORY_ARCHIVE_2023-25,archive,DEBATING AI PODCAST TRANSCRIPTS/DebatingA.I.OntheFutureofPhysics_TrendsChart_PlaysAndDownloads_First7Days (10).csv,metadata_or_analytics,.csv,13060,42ab243dcce4ecf92215f81aa62f2102a1159b1572ce5a2c5a947b45780e887d,9178964c944604ca7899e647c0222a6c63c2fc24,sha256:42ab243dcce4ecf92215f81aa62f2102a1159b1572ce5a2c5a947b45780e887d,OntheFutureofPhysics TrendsChart PlaysAndDownloads First7Days (10),,True,False,False,False,,
archive:77503f187b153069,Satobloc/SAT_THEORY_ARCHIVE_2023-25,archive,DEBATING AI PODCAST TRANSCRIPTS/DebatingA.I.OntheFutureofPhysics_TrendsChart_PlaysAndDownloads_First7Days (2).csv,metadata_or_analytics,.csv,13060,77503f187b1530697d648402f8162a28d235052c5496d07171d00aa3798fcf65,02e17e4cbd23a21a335f53c74256d7e0cd4570f6,sha256:77503f187b1530697d648402f8162a28d235052c5496d07171d00aa3798fcf65,OntheFutureofPhysics TrendsChart PlaysAndDownloads First7Days (2),,True,False,False,False,,
archive:a1db4863418e8826,Satobloc/SAT_THEORY_ARCHIVE_2023-25,archive,DEBATING AI PODCAST TRANSCRIPTS/DebatingA.I.OntheFutureofPhysics_TrendsChart_PlaysAndDownloads_First7Days (3).csv,metadata_or_analytics,.csv,13060,a1db4863418e8826dd91a6f39a07d52b54646743cae70a99673274c99f038276,5822f6c4a0de1aad07233f9e8c5c0286590a3572,sha256:a1db4863418e8826dd91a6f39a07d52b54646743cae70a99673274c99f038276,OntheFutureofPhysics TrendsChart PlaysAndDownloads First7Days (3),,True,False,False,False,,
archive:f11f871f4aa948fe,Satobloc/SAT_THEORY_ARCHIVE_2023-25,archive,DEBATING AI PODCAST TRANSCRIPTS/DebatingA.I.OntheFutureofPhysics_TrendsChart_PlaysAndDownloads_First7Days (4).csv,metadata_or_analytics,.csv,13060,f11f871f4aa948feade1a904b13e92097e58906e00965d32c764a539ffc6c640,a6f99aa38bbbbf4e492f697c8d2ec196c87aa331,sha256:f11f871f4aa948feade1a904b13e92097e58906e00965d32c764a539ffc6c640,OntheFutureofPhysics TrendsChart PlaysAndDownloads First7Days (4),,True,False,False,False,,
archive:75abda0396494af7,Satobloc/SAT_THEORY_ARCHIVE_2023-25,archive,DEBATING AI PODCAST TRANSCRIPTS/DebatingA.I.OntheFutureofPhysics_TrendsChart_PlaysAndDownloads_First7Days (5).csv,metadata_or_analytics,.csv,13060,75abda0396494af785d88d996fcad58b6cba9063ff23a1d9a988513459229999,b35f7557ca60c1d10a5cbdf39ffa1bf4a1f99b98,sha256:75abda0396494af785d88d996fcad58b6cba9063ff23a1d9a988513459229999,OntheFutureofPhysics TrendsChart PlaysAndDownloads First7Days (5),,True,False,False,False,,
archive:75abda0396494af7,Satobloc/SAT_THEORY_ARCHIVE_2023-25,archive,DEBATING AI PODCAST TRANSCRIPTS/DebatingA.I.OntheFutureofPhysics_TrendsChart_PlaysAndDownloads_First7Days (6).csv,metadata_or_analytics,.csv,13060,75abda0396494af785d88d996fcad58b6cba9063ff23a1d9a988513459229999,b35f7557ca60c1d10a5cbdf39ffa1bf4a1f99b98,sha256:75abda0396494af785d88d996fcad58b6cba9063ff23a1d9a988513459229999,OntheFutureofPhysics TrendsChart PlaysAndDownloads First7Days (6),,True,False,False,False,,
archive:75abda0396494af7,Satobloc/SAT_THEORY_ARCHIVE_2023-25,archive,DEBATING AI PODCAST TRANSCRIPTS/DebatingA.I.OntheFutureofPhysics_TrendsChart_PlaysAndDownloads_First7Days (7).csv,metadata_or_analytics,.csv,13060,75abda0396494af785d88d996fcad58b6cba9063ff23a1d9a988513459229999,b35f7557ca60c1d10a5cbdf39ffa1bf4a1f99b98,sha256:75abda0396494af785d88d996fcad58b6cba9063ff23a1d9a988513459229999,OntheFutureofPhysics TrendsChart PlaysAndDownloads First7Days (7),,True,False,False,False,,
archive:75abda0396494af7,Satobloc/SAT_THEORY_ARCHIVE_2023-25,archive,DEBATING AI PODCAST TRANSCRIPTS/DebatingA.I.OntheFutureofPhysics_TrendsChart_PlaysAndDownloads_First7Days (8).csv,metadata_or_analytics,.csv,13060,75abda0396494af785d88d996fcad58b6cba9063ff23a1d9a988513459229999,b35f7557ca60c1d10a5cbdf39ffa1bf4a1f99b98,sha256:75abda0396494af785d88d996fcad58b6cba9063ff23a1d9a988513459229999,OntheFutureofPhysics TrendsChart PlaysAndDownloads First7Days (8),,True,False,False,False,,
archive:42ab243dcce4ecf9,Satobloc/SAT_THEORY_ARCHIVE_2023-25,archive,DEBATING AI PODCAST TRANSCRIPTS/DebatingA.I.OntheFutureofPhysics_TrendsChart_PlaysAndDownloads_First7Days (9).csv,metadata_or_analytics,.csv,13060,42ab243dcce4ecf92215f81aa62f2102a1159b1572ce5a2c5a947b45780e887d,9178964c944604ca7899e647c0222a6c63c2fc24,sha256:42ab243dcce4ecf92215f81aa62f2102a1159b1572ce5a2c5a947b45780e887d,OntheFutureofPhysics TrendsChart PlaysAndDownloads First7Days (9),,True,False,False,False,,
archive:77503f187b153069,Satobloc/SAT_THEORY_ARCHIVE_2023-25,archive,DEBATING AI PODCAST TRANSCRIPTS/DebatingA.I.OntheFutureofPhysics_TrendsChart_PlaysAndDownloads_First7Days.csv,metadata_or_analytics,.csv,13060,77503f187b1530697d648402f8162a28d235052c5496d07171d00aa3798fcf65,02e17e4cbd23a21a335f53c74256d7e0cd4570f6,sha256:77503f187b1530697d648402f8162a28d235052c5496d07171d00aa3798fcf65,OntheFutureofPhysics TrendsChart PlaysAndDownloads First7Days,,True,False,False,False,,
archive:37bc7d2921bad508,Satobloc/SAT_THEORY_ARCHIVE_2023-25,archive,DEBATING AI PODCAST TRANSCRIPTS/DebatingA.I.OntheFutureofPhysics_WeekOverWeekRetention_1-1-2026--6-16-2026 (1).csv,metadata_or_analytics,.csv,396,37bc7d2921bad508feb7fdd04b7faa9e19d5a60257f49b534eceef1c2ccbf221,423a1a9b7525038b4546fe7ddd61b44dde24be32,sha256:37bc7d2921bad508feb7fdd04b7faa9e19d5a60257f49b534eceef1c2ccbf221,OntheFutureofPhysics WeekOverWeekRetention 1-1-2026--6-16-2026 (1),,True,False,False,False,,
archive:37bc7d2921bad508,Satobloc/SAT_THEORY_ARCHIVE_2023-25,archive,DEBATING AI PODCAST TRANSCRIPTS/DebatingA.I.OntheFutureofPhysics_WeekOverWeekRetention_1-1-2026--6-16-2026.csv,metadata_or_analytics,.csv,396,37bc7d2921bad508feb7fdd04b7faa9e19d5a60257f49b534eceef1c2ccbf221,423a1a9b7525038b4546fe7ddd61b44dde24be32,sha256:37bc7d2921bad508feb7fdd04b7faa9e19d5a60257f49b534eceef1c2ccbf221,OntheFutureofPhysics WeekOverWeekRetention 1-1-2026--6-16-2026,,True,False,False,False,,
archive:b0a888c52021d9bc,Satobloc/SAT_THEORY_ARCHIVE_2023-25,archive,DEBATING AI PODCAST TRANSCRIPTS/DebatingA.I.OntheFutureofPhysics_WeekOverWeekRetention_3-19-2026--6-16-2026.csv,metadata_or_analytics,.csv,221,b0a888c52021d9bcad08d9c1cd83fce9c6664e47f02d56ae07e1fbc0b65bc762,765612b5ed3413930e799d17f39cd0f63d864618,sha256:b0a888c52021d9bcad08d9c1cd83fce9c6664e47f02d56ae07e1fbc0b65bc762,OntheFutureofPhysics WeekOverWeekRetention 3-19-2026--6-16-2026,,True,False,False,False,,
archive:f37e1785da304606,Satobloc/SAT_THEORY_ARCHIVE_2023-25,archive,DEBATING AI PODCAST TRANSCRIPTS/THROWBACK - The Equivalence Principle and its Limits.txt,podcast_text_unspecified,.txt,2032,f37e1785da30460605a145cd5c2c8f09fdde758a462234097140ec3942c7f6ba,74923eb69a60a0cb457c76737e9c586e0caad6d9,,THROWBACK - The Equivalence Principle and its Limits,2026-05-11,True,False,False,False,,
archive:4340fb3c20091739,Satobloc/SAT_THEORY_ARCHIVE_2023-25,archive,"DEBATING AI PODCAST/Debating A.I. On the Future of Physics - (++++) or (+++,+++)_.srt",transcript_subtitle,.srt,70597,4340fb3c200917394ee9571b9004f76315bef9e26545ad2f619fbb1f241562b1,3bcb9b33c652d503326b6941834444d9263b2010,sha256:4340fb3c200917394ee9571b9004f76315bef9e26545ad2f619fbb1f241562b1,"Debating A.I. On the Future of Physics - (++++) or (+++,+++)",2026-07-13,True,True,False,True,EXPOSURE_STATS/PODCAST_GUIDE/text/archive--debating-a-i-on-the-future-of-physics-or--4340fb3c2009.txt,EXPOSURE_STATS/PODCAST_GUIDE/cues/archive--debating-a-i-on-the-future-of-physics-or--4340fb3c2009.jsonl
archive:2588ec3971807b80,Satobloc/SAT_THEORY_ARCHIVE_2023-25,archive,DEBATING AI PODCAST/Debating A.I. On the Future of Physics - 2026 Pre-Synthesis.srt,transcript_subtitle,.srt,66095,2588ec3971807b80c880bbfe5c89c0f06177f5e2e5db17b32766ed84c1018d56,bc4aab29306219fa49c8e0a6f05989e44097f37f,sha256:2588ec3971807b80c880bbfe5c89c0f06177f5e2e5db17b32766ed84c1018d56,Debating A.I. On the Future of Physics - 2026 Pre-Synthesis,2026-06-15,True,True,False,True,EXPOSURE_STATS/PODCAST_GUIDE/text/archive--debating-a-i-on-the-future-of-physics-2026-pre-synthesis--2588ec397180.txt,EXPOSURE_STATS/PODCAST_GUIDE/cues/archive--debating-a-i-on-the-future-of-physics-2026-pre-synthesis--2588ec397180.jsonl
archive:ea80332c9f29c032,Satobloc/SAT_THEORY_ARCHIVE_2023-25,archive,DEBATING AI PODCAST/Debating A.I. On the Future of Physics - 2026 ReSynthesis Overview.srt,transcript_subtitle,.srt,90861,ea80332c9f29c032548dca14aaae21de672ac6c9db203e7cdc996b36fe02a5d4,5ad4b93a565dcb28f212b1bb80d521c3db819ddb,sha256:ea80332c9f29c032548dca14aaae21de672ac6c9db203e7cdc996b36fe02a5d4,Debating A.I. On the Future of Physics - 2026 ReSynthesis Overview,2026-06-16,True,True,False,True,EXPOSURE_STATS/PODCAST_GUIDE/text/archive--debating-a-i-on-the-future-of-physics-2026-resynthesis-overview--ea80332c9f29.txt,EXPOSURE_STATS/PODCAST_GUIDE/cues/archive--debating-a-i-on-the-future-of-physics-2026-resynthesis-overview--ea80332c9f29.jsonl
archive:14b0ed36505e995b,Satobloc/SAT_THEORY_ARCHIVE_2023-25,archive,DEBATING AI PODCAST/Debating A.I. On the Future of Physics - 2026 ≠ 2024.srt,transcript_subtitle,.srt,95498,14b0ed36505e995b07f7f1fa294291a62abe38b6707dc0a578f4070253cac1de,dabfca8770be9bf3c09ff132076275e7a347e9d2,sha256:14b0ed36505e995b07f7f1fa294291a62abe38b6707dc0a578f4070253cac1de,Debating A.I. On the Future of Physics - 2026 ≠ 2024,2026-06-26,True,True,False,True,EXPOSURE_STATS/PODCAST_GUIDE/text/archive--debating-a-i-on-the-future-of-physics-2026-2024--14b0ed36505e.txt,EXPOSURE_STATS/PODCAST_GUIDE/cues/archive--debating-a-i-on-the-future-of-physics-2026-2024--14b0ed36505e.jsonl
archive:bdf6d2dae9b7eba0,Satobloc/SAT_THEORY_ARCHIVE_2023-25,archive,DEBATING AI PODCAST/Debating A.I. On the Future of Physics - A New Interpretation of String Theory Dimensions_.srt,transcript_subtitle,.srt,70537,bdf6d2dae9b7eba031073250e220f3375e562d75f105fbc9824cc4673b353d7d,68cb1b9278d37e0cb31c65db91c0f9a49f2433e9,sha256:bdf6d2dae9b7eba031073250e220f3375e562d75f105fbc9824cc4673b353d7d,Debating A.I. On the Future of Physics - A New Interpretation of String Theory Dimensions,2026-05-08,True,True,False,True,EXPOSURE_STATS/PODCAST_GUIDE/text/archive--debating-a-i-on-the-future-of-physics-a-new-interpretation-of-string-theory-dimensions--bdf6d2dae9b7.txt,EXPOSURE_STATS/PODCAST_GUIDE/cues/archive--debating-a-i-on-the-future-of-physics-a-new-interpretation-of-string-theory-dimensions--bdf6d2dae9b7.jsonl
archive:82d3be94160c018b,Satobloc/SAT_THEORY_ARCHIVE_2023-25,archive,DEBATING AI PODCAST/Debating A.I. On the Future of Physics - A Poem.srt,transcript_subtitle,.srt,62660,82d3be94160c018b6bdd9787e696ac87bfcd5bbbc6f57bf6f96b672d626f1280,782f67cff2a1d3c46d463f368bb137beb9bc62c3,sha256:82d3be94160c018b6bdd9787e696ac87bfcd5bbbc6f57bf6f96b672d626f1280,Debating A.I. On the Future of Physics - A Poem,2026-05-16,True,False,False,True,EXPOSURE_STATS/PODCAST_GUIDE/text/archive--debating-a-i-on-the-future-of-physics-a-poem--82d3be94160c.txt,EXPOSURE_STATS/PODCAST_GUIDE/cues/archive--debating-a-i-on-the-future-of-physics-a-poem--82d3be94160c.jsonl
archive:116e990d918036f9,Satobloc/SAT_THEORY_ARCHIVE_2023-25,archive,DEBATING AI PODCAST/Debating A.I. On the Future of Physics - A Review of McKnight’s Camera Talk.srt,transcript_subtitle,.srt,107898,116e990d918036f9a2bd2b3abeb198b77ca4291bcaf0da11b9ebb85b7ac11d67,cf3081b9ff353247f8be928a4d465f3daf186825,sha256:116e990d918036f9a2bd2b3abeb198b77ca4291bcaf0da11b9ebb85b7ac11d67,Debating A.I. On the Future of Physics - A Review of McKnight’s Camera Talk,2026-05-17,True,True,False,True,EXPOSURE_STATS/PODCAST_GUIDE/text/archive--debating-a-i-on-the-future-of-physics-a-review-of-mcknight-s-camera-talk--116e990d9180.txt,EXPOSURE_STATS/PODCAST_GUIDE/cues/archive--debating-a-i-on-the-future-of-physics-a-review-of-mcknight-s-camera-talk--116e990d9180.jsonl
archive:ce05af933bc1fc5b,Satobloc/SAT_THEORY_ARCHIVE_2023-25,archive,DEBATING AI PODCAST/Debating A.I. On the Future of Physics - AI Legibility — The Fun Way.txt,podcast_text_unspecified,.txt,80123,ce05af933bc1fc5b5b575225b9ba66e3b4d976cd75f08d934d0c132e6b562000,d4792106c3af1269ab0b703517d7dc7629adb14a,sha256:ce05af933bc1fc5b5b575225b9ba66e3b4d976cd75f08d934d0c132e6b562000,Debating A.I. On the Future of Physics - AI Legibility — The Fun Way,2026-07-20,True,True,False,False,,
archive:b120d90ff9b7f649,Satobloc/SAT_THEORY_ARCHIVE_2023-25,archive,DEBATING AI PODCAST/Debating A.I. On the Future of Physics - AI Weirdness.srt,transcript_subtitle,.srt,81301,b120d90ff9b7f649077ea50ab9fb435f6dee854c2cb1806dbdc7442cc0392056,3c7ce7edf210ab75abace2a8fe50dc35a206ee87,sha256:b120d90ff9b7f649077ea50ab9fb435f6dee854c2cb1806dbdc7442cc0392056,Debating A.I. On the Future of Physics - AI Weirdness,2026-05-17,True,True,False,True,EXPOSURE_STATS/PODCAST_GUIDE/text/archive--debating-a-i-on-the-future-of-physics-ai-weirdness--b120d90ff9b7.txt,EXPOSURE_STATS/PODCAST_GUIDE/cues/archive--debating-a-i-on-the-future-of-physics-ai-weirdness--b120d90ff9b7.jsonl
archive:057ec442e5918cd6,Satobloc/SAT_THEORY_ARCHIVE_2023-25,archive,DEBATING AI PODCAST/Debating A.I. On the Future of Physics - Ampère’s Understanding.srt,transcript_subtitle,.srt,76318,057ec442e5918cd6b624a1772f39e8e2d50a2f7a50f1ea2e0d79c41735f46582,cb8b753f659e1e9cada15225748f5717542d7608,sha256:057ec442e5918cd6b624a1772f39e8e2d50a2f7a50f1ea2e0d79c41735f46582,Debating A.I. On the Future of Physics - Ampère’s Understanding,2026-05-21,True,True,False,True,EXPOSURE_STATS/PODCAST_GUIDE/text/archive--debating-a-i-on-the-future-of-physics-amp-re-s-understanding--057ec442e591.txt,EXPOSURE_STATS/PODCAST_GUIDE/cues/archive--debating-a-i-on-the-future-of-physics-amp-re-s-understanding--057ec442e591.jsonl
archive:0fc5d08478bb09aa,Satobloc/SAT_THEORY_ARCHIVE_2023-25,archive,DEBATING AI PODCAST/Debating A.I. On the Future of Physics - Anarcheologist.srt,transcript_subtitle,.srt,62878,0fc5d08478bb09aa7802b152e9908f6b4576ae1418b443999567d3f3b22ab621,c2793bc827e558fecf41d208bdc7dc27ee32b1cb,sha256:0fc5d08478bb09aa7802b152e9908f6b4576ae1418b443999567d3f3b22ab621,Debating A.I. On the Future of Physics - Anarcheologist,2026-06-15,True,True,False,False,EXPOSURE_STATS/PODCAST_GUIDE/text/archive--debating-a-i-on-the-future-of-physics-anarcheologist--0fc5d08478bb.txt,EXPOSURE_STATS/PODCAST_GUIDE/cues/archive--debating-a-i-on-the-future-of-physics-anarcheologist--0fc5d08478bb.jsonl
archive:ac402565188ade7e,Satobloc/SAT_THEORY_ARCHIVE_2023-25,archive,DEBATING AI PODCAST/Debating A.I. On the Future of Physics - Background for SAT Predictions.srt,transcript_subtitle,.srt,91863,ac402565188ade7e05dd47a141e468f97f50236b4ff861f79a4ea5cd74c0a1cd,5eb5daabf714308e05425ab86b18c022d91d0218,sha256:ac402565188ade7e05dd47a141e468f97f50236b4ff861f79a4ea5cd74c0a1cd,Debating A.I. On the Future of Physics - Background for SAT Predictions,2026-05-18,True,True,False,True,EXPOSURE_STATS/PODCAST_GUIDE/text/archive--debating-a-i-on-the-future-of-physics-background-for-sat-predictions--ac402565188a.txt,EXPOSURE_STATS/PODCAST_GUIDE/cues/archive--debating-a-i-on-the-future-of-physics-background-for-sat-predictions--ac402565188a.jsonl
archive:a18827beecc371c2,Satobloc/SAT_THEORY_ARCHIVE_2023-25,archive,DEBATING AI PODCAST/Debating A.I. On the Future of Physics - Bass Ackwards.srt,transcript_subtitle,.srt,73469,a18827beecc371c273b833ae396c916f3ea5dd7845da5176ac54da3c1ecba4d8,8a5c5929263327a843bab5cdc6668911fdb54b03,sha256:a18827beecc371c273b833ae396c916f3ea5dd7845da5176ac54da3c1ecba4d8,Debating A.I. On the Future of Physics - Bass Ackwards,2026-06-14,True,True,False,True,EXPOSURE_STATS/PODCAST_GUIDE/text/archive--debating-a-i-on-the-future-of-physics-bass-ackwards--a18827beecc3.txt,EXPOSURE_STATS/PODCAST_GUIDE/cues/archive--debating-a-i-on-the-future-of-physics-bass-ackwards--a18827beecc3.jsonl
archive:709dd6de9a950e80,Satobloc/SAT_THEORY_ARCHIVE_2023-25,archive,DEBATING AI PODCAST/Debating A.I. On the Future of Physics - Black Hole Conjecture.srt,transcript_subtitle,.srt,51221,709dd6de9a950e800f2fab4ce3a970f02c6db149ce709cf85034a3695d2ea3b3,0a85a610db1c3e56316a0e0a06bda90312119e8d,sha256:709dd6de9a950e800f2fab4ce3a970f02c6db149ce709cf85034a3695d2ea3b3,Debating A.I. On the Future of Physics - Black Hole Conjecture,2026-05-22,True,True,False,True,EXPOSURE_STATS/PODCAST_GUIDE/text/archive--debating-a-i-on-the-future-of-physics-black-hole-conjecture--709dd6de9a95.txt,EXPOSURE_STATS/PODCAST_GUIDE/cues/archive--debating-a-i-on-the-future-of-physics-black-hole-conjecture--709dd6de9a95.jsonl
archive:d90306dac59e241b,Satobloc/SAT_THEORY_ARCHIVE_2023-25,archive,DEBATING AI PODCAST/Debating A.I. On the Future of Physics - Black Hole Merger.txt,podcast_text_unspecified,.txt,55910,d90306dac59e241bbc9409c07237b2e6be9d3e197fe3b3fa97913063450735c5,f846fb9b31b4c00e4613d4547ca97dab2a5f25d0,sha256:d90306dac59e241bbc9409c07237b2e6be9d3e197fe3b3fa97913063450735c5,Debating A.I. On the Future of Physics - Black Hole Merger,2026-07-18,True,True,False,True,,
archive:0a6247b0d3eaefc4,Satobloc/SAT_THEORY_ARCHIVE_2023-25,archive,DEBATING AI PODCAST/Debating A.I. On the Future of Physics - Bosons Reclassified.srt,transcript_subtitle,.srt,90124,0a6247b0d3eaefc49474a841c085ca3cba5d627e19d6d216899fd5932918361c,350a662848f51e05f41e090d84b536a1a87490ce,sha256:0a6247b0d3eaefc49474a841c085ca3cba5d627e19d6d216899fd5932918361c,Debating A.I. On the Future of Physics - Bosons Reclassified,2026-05-05,True,True,False,True,EXPOSURE_STATS/PODCAST_GUIDE/text/archive--debating-a-i-on-the-future-of-physics-bosons-reclassified--0a6247b0d3ea.txt,EXPOSURE_STATS/PODCAST_GUIDE/cues/archive--debating-a-i-on-the-future-of-physics-bosons-reclassified--0a6247b0d3ea.jsonl
archive:c49b710991c0d4ee,Satobloc/SAT_THEORY_ARCHIVE_2023-25,archive,DEBATING AI PODCAST/Debating A.I. On the Future of Physics - But are you...𝙎𝘼𝙏 𝙧𝙞𝙜𝙤𝙧𝙤𝙪𝙨_.srt,transcript_subtitle,.srt,65639,c49b710991c0d4eebc0a1d17beae3275473f1d871704ca8c906bf470703187cd,48f70133bfd6721743419609414e1d55f102a7b4,sha256:c49b710991c0d4eebc0a1d17beae3275473f1d871704ca8c906bf470703187cd,Debating A.I. On the Future of Physics - But are you...𝙎𝘼𝙏 𝙧𝙞𝙜𝙤𝙧𝙤𝙪𝙨,2026-06-16,True,True,False,True,EXPOSURE_STATS/PODCAST_GUIDE/text/archive--debating-a-i-on-the-future-of-physics-but-are-you--c49b710991c0.txt,EXPOSURE_STATS/PODCAST_GUIDE/cues/archive--debating-a-i-on-the-future-of-physics-but-are-you--c49b710991c0.jsonl
archive:e9b16e07314b67ab,Satobloc/SAT_THEORY_ARCHIVE_2023-25,archive,DEBATING AI PODCAST/Debating A.I. On the Future of Physics - Catching Up with the Field.srt,transcript_subtitle,.srt,58126,e9b16e07314b67aba069730f7891eaa8dd9b0aeb190b77c63aac378e06a18902,576d385337e67e786aa9f86f3002c39db2f6e085,sha256:e9b16e07314b67aba069730f7891eaa8dd9b0aeb190b77c63aac378e06a18902,Debating A.I. On the Future of Physics - Catching Up with the Field,2026-06-11,True,True,False,True,EXPOSURE_STATS/PODCAST_GUIDE/text/archive--debating-a-i-on-the-future-of-physics-catching-up-with-the-field--e9b16e07314b.txt,EXPOSURE_STATS/PODCAST_GUIDE/cues/archive--debating-a-i-on-the-future-of-physics-catching-up-with-the-field--e9b16e07314b.jsonl
archive:6a93c3a1d1cc5510,Satobloc/SAT_THEORY_ARCHIVE_2023-25,archive,DEBATING AI PODCAST/Debating A.I. On the Future of Physics - Chemical-Optical Lab Bench.srt,transcript_subtitle,.srt,89375,6a93c3a1d1cc551040f7208a421b150b8449c87dd8b8db278eab3c04e6796fca,efb300e9ec9ead3052167c027ebcf44b2c0f9720,sha256:6a93c3a1d1cc551040f7208a421b150b8449c87dd8b8db278eab3c04e6796fca,Debating A.I. On the Future of Physics - Chemical-Optical Lab Bench,2026-06-24,True,True,True,True,EXPOSURE_STATS/PODCAST_GUIDE/text/archive--debating-a-i-on-the-future-of-physics-chemical-optical-lab-bench--6a93c3a1d1cc.txt,EXPOSURE_STATS/PODCAST_GUIDE/cues/archive--debating-a-i-on-the-future-of-physics-chemical-optical-lab-bench--6a93c3a1d1cc.jsonl
archive:a5b5b4bfba53afcb,Satobloc/SAT_THEORY_ARCHIVE_2023-25,archive,DEBATING AI PODCAST/Debating A.I. On the Future of Physics - Convergence.srt,transcript_subtitle,.srt,103997,a5b5b4bfba53afcb55780e0392a6dd89c309ec8a13aa5dc0416ee6b508f45623,9f1eae68a971edb93c5fb881f6927cdfec166533,sha256:a5b5b4bfba53afcb55780e0392a6dd89c309ec8a13aa5dc0416ee6b508f45623,Debating A.I. On the Future of Physics - Convergence,2026-06-30,True,True,False,True,EXPOSURE_STATS/PODCAST_GUIDE/text/archive--debating-a-i-on-the-future-of-physics-convergence--a5b5b4bfba53.txt,EXPOSURE_STATS/PODCAST_GUIDE/cues/archive--debating-a-i-on-the-future-of-physics-convergence--a5b5b4bfba53.jsonl
archive:d3bfd5e0ca407cc8,Satobloc/SAT_THEORY_ARCHIVE_2023-25,archive,DEBATING AI PODCAST/Debating A.I. On the Future of Physics - Doomsday Brunchtime.srt,transcript_subtitle,.srt,90334,d3bfd5e0ca407cc82e4b51b80992a56053426b92e9d323ac5964c537a4607d7b,6fdf55fe5d4a07952e18207198fce1c26d7a752b,sha256:d3bfd5e0ca407cc82e4b51b80992a56053426b92e9d323ac5964c537a4607d7b,Debating A.I. On the Future of Physics - Doomsday Brunchtime,2026-06-16,True,True,False,True,EXPOSURE_STATS/PODCAST_GUIDE/text/archive--debating-a-i-on-the-future-of-physics-doomsday-brunchtime--d3bfd5e0ca40.txt,EXPOSURE_STATS/PODCAST_GUIDE/cues/archive--debating-a-i-on-the-future-of-physics-doomsday-brunchtime--d3bfd5e0ca40.jsonl
archive:095166e959ce13d6,Satobloc/SAT_THEORY_ARCHIVE_2023-25,archive,DEBATING AI PODCAST/Debating A.I. On the Future of Physics - Dual-Shell λ Expansion.srt,transcript_subtitle,.srt,93837,095166e959ce13d6d1de6b58fd92aa98dfd34892e4ae5ec2daa3e14b4f066ac7,2960a9d66951c7ec9fb3d7e4662fa1bee24e1a4c,sha256:095166e959ce13d6d1de6b58fd92aa98dfd34892e4ae5ec2daa3e14b4f066ac7,Debating A.I. On the Future of Physics - Dual-Shell λ Expansion,2026-07-17,True,True,False,True,EXPOSURE_STATS/PODCAST_GUIDE/text/archive--debating-a-i-on-the-future-of-physics-dual-shell-expansion--095166e959ce.txt,EXPOSURE_STATS/PODCAST_GUIDE/cues/archive--debating-a-i-on-the-future-of-physics-dual-shell-expansion--095166e959ce.jsonl
archive:355bb5efe97de876,Satobloc/SAT_THEORY_ARCHIVE_2023-25,archive,DEBATING AI PODCAST/Debating A.I. On the Future of Physics - Dzhanibekov Planets.txt,podcast_text_unspecified,.txt,55670,355bb5efe97de8765e0ce9cb6bf90e0bb70ee37a156f9af409562ae41ab84277,b906b8249ff13f09e9e29f56a5ffb5a2734795b2,sha256:355bb5efe97de8765e0ce9cb6bf90e0bb70ee37a156f9af409562ae41ab84277,Debating A.I. On the Future of Physics - Dzhanibekov Planets,2026-08-21,True,True,False,True,,
archive:f7fa4f3836a6dc90,Satobloc/SAT_THEORY_ARCHIVE_2023-25,archive,DEBATING AI PODCAST/Debating A.I. On the Future of Physics - Electro-Gravity Unification.srt,transcript_subtitle,.srt,78631,f7fa4f3836a6dc9003372cfc1547f8d3d446e0dccd4891f7f9855a80ea0a122e,b4018b2413cb9a8367e60bbb39b0afde2830288c,sha256:f7fa4f3836a6dc9003372cfc1547f8d3d446e0dccd4891f7f9855a80ea0a122e,Debating A.I. On the Future of Physics - Electro-Gravity Unification,2026-05-05,True,True,False,True,EXPOSURE_STATS/PODCAST_GUIDE/text/archive--debating-a-i-on-the-future-of-physics-electro-gravity-unification--f7fa4f3836a6.txt,EXPOSURE_STATS/PODCAST_GUIDE/cues/archive--debating-a-i-on-the-future-of-physics-electro-gravity-unification--f7fa4f3836a6.jsonl
archive:c4d93206d69e1e32,Satobloc/SAT_THEORY_ARCHIVE_2023-25,archive,DEBATING AI PODCAST/Debating A.I. On the Future of Physics - Electrogravacoustics 1.srt,transcript_subtitle,.srt,83051,c4d93206d69e1e328430fde540a0f4c0b1a3eaa2f84a917ecfeb711b234c9f27,11f1c1e3dd472c946ce48fcadbade95ee94b17aa,sha256:c4d93206d69e1e328430fde540a0f4c0b1a3eaa2f84a917ecfeb711b234c9f27,Debating A.I. On the Future of Physics - Electrogravacoustics 1,2026-05-09,True,True,False,True,EXPOSURE_STATS/PODCAST_GUIDE/text/archive--debating-a-i-on-the-future-of-physics-electrogravacoustics-1--c4d93206d69e.txt,EXPOSURE_STATS/PODCAST_GUIDE/cues/archive--debating-a-i-on-the-future-of-physics-electrogravacoustics-1--c4d93206d69e.jsonl
archive:289acc7a7a58a596,Satobloc/SAT_THEORY_ARCHIVE_2023-25,archive,DEBATING AI PODCAST/Debating A.I. On the Future of Physics - Electrogravacoustics 2 (1).srt,transcript_subtitle,.srt,81292,289acc7a7a58a5968318425ca42a3c4a6308692cc4933d933aef8a15e3ff0d80,5f0cf566e9e6cd027c0d0881eec6570927b60ce4,sha256:289acc7a7a58a5968318425ca42a3c4a6308692cc4933d933aef8a15e3ff0d80,Debating A.I. On the Future of Physics - Electrogravacoustics 2 (1),,True,True,True,True,EXPOSURE_STATS/PODCAST_GUIDE/text/archive--debating-a-i-on-the-future-of-physics-electrogravacoustics-2-1--289acc7a7a58.txt,EXPOSURE_STATS/PODCAST_GUIDE/cues/archive--debating-a-i-on-the-future-of-physics-electrogravacoustics-2-1--289acc7a7a58.jsonl
archive:407b1a9e2153223d,Satobloc/SAT_THEORY_ARCHIVE_2023-25,archive,DEBATING AI PODCAST/Debating A.I. On the Future of Physics - Electrogravacoustics 2.srt,transcript_subtitle,.srt,86476,407b1a9e2153223d6036bcb851ceb057db4264886f7304694ea153600b9e8a78,8350e53c167ea18b914692b11d7cc208f164c3b7,sha256:407b1a9e2153223d6036bcb851ceb057db4264886f7304694ea153600b9e8a78,Debating A.I. On the Future of Physics - Electrogravacoustics 2,2026-05-09,True,True,True,True,EXPOSURE_STATS/PODCAST_GUIDE/text/archive--debating-a-i-on-the-future-of-physics-electrogravacoustics-2--407b1a9e2153.txt,EXPOSURE_STATS/PODCAST_GUIDE/cues/archive--debating-a-i-on-the-future-of-physics-electrogravacoustics-2--407b1a9e2153.jsonl
archive:4420c5582dc15930,Satobloc/SAT_THEORY_ARCHIVE_2023-25,archive,"DEBATING AI PODCAST/Debating A.I. On the Future of Physics - EVENT TOMORROW! COLUMBUS, OHIO.srt",transcript_subtitle,.srt,10028,4420c5582dc15930c57c2e242ef00483eb9102a275e49df7b6f2b5f7bbbbb02f,a5b507a89b725b68366e4ad7553a35ab3b7e581e,sha256:4420c5582dc15930c57c2e242ef00483eb9102a275e49df7b6f2b5f7bbbbb02f,"Debating A.I. On the Future of Physics - EVENT TOMORROW! COLUMBUS, OHIO",,True,True,False,False,EXPOSURE_STATS/PODCAST_GUIDE/text/archive--debating-a-i-on-the-future-of-physics-event-tomorrow-columbus-ohio--4420c5582dc1.txt,EXPOSURE_STATS/PODCAST_GUIDE/cues/archive--debating-a-i-on-the-future-of-physics-event-tomorrow-columbus-ohio--4420c5582dc1.jsonl
archive:b9c3aa9c66305fd8,Satobloc/SAT_THEORY_ARCHIVE_2023-25,archive,DEBATING AI PODCAST/Debating A.I. On the Future of Physics - Finger Trap World.srt,transcript_subtitle,.srt,84821,b9c3aa9c66305fd8e3c4e66c62d48b01864a899404d3cb8ab776a14d30707129,28fffce01887a2bf7b8df4af731ad3027f90654f,sha256:b9c3aa9c66305fd8e3c4e66c62d48b01864a899404d3cb8ab776a14d30707129,Debating A.I. On the Future of Physics - Finger Trap World,2026-07-17,True,True,False,True,EXPOSURE_STATS/PODCAST_GUIDE/text/archive--debating-a-i-on-the-future-of-physics-finger-trap-world--b9c3aa9c6630.txt,EXPOSURE_STATS/PODCAST_GUIDE/cues/archive--debating-a-i-on-the-future-of-physics-finger-trap-world--b9c3aa9c6630.jsonl
archive:79b43cb3bc20b207,Satobloc/SAT_THEORY_ARCHIVE_2023-25,archive,DEBATING AI PODCAST/Debating A.I. On the Future of Physics - GR-QCD-QED-QFT-SM-ST Unification in Plain English.srt,transcript_subtitle,.srt,101317,79b43cb3bc20b207ba8a271f882158070165aa68eb9b225c7fd321ac5273c2e6,3fca83961b4b167f14a1005a36a68543e0d79012,sha256:79b43cb3bc20b207ba8a271f882158070165aa68eb9b225c7fd321ac5273c2e6,Debating A.I. On the Future of Physics - GR-QCD-QED-QFT-SM-ST Unification in Plain English,2026-05-09,True,True,False,True,EXPOSURE_STATS/PODCAST_GUIDE/text/archive--debating-a-i-on-the-future-of-physics-gr-qcd-qed-qft-sm-st-unification-in-plain-english--79b43cb3bc20.txt,EXPOSURE_STATS/PODCAST_GUIDE/cues/archive--debating-a-i-on-the-future-of-physics-gr-qcd-qed-qft-sm-st-unification-in-plain-english--79b43cb3bc20.jsonl
archive:4accf51a547df6f3,Satobloc/SAT_THEORY_ARCHIVE_2023-25,archive,DEBATING AI PODCAST/Debating A.I. On the Future of Physics - Grand Unification Audit.srt,transcript_subtitle,.srt,75029,4accf51a547df6f3a67df65c7cfc10488ae147a6144b26c272773f0918585c6b,13a074ebec1998b55888f87271a0bf0f86b6431c,sha256:4accf51a547df6f3a67df65c7cfc10488ae147a6144b26c272773f0918585c6b,Debating A.I. On the Future of Physics - Grand Unification Audit,2026-05-22,True,True,False,True,EXPOSURE_STATS/PODCAST_GUIDE/text/archive--debating-a-i-on-the-future-of-physics-grand-unification-audit--4accf51a547d.txt,EXPOSURE_STATS/PODCAST_GUIDE/cues/archive--debating-a-i-on-the-future-of-physics-grand-unification-audit--4accf51a547d.jsonl
archive:dd6d931abff25a0b,Satobloc/SAT_THEORY_ARCHIVE_2023-25,archive,DEBATING AI PODCAST/Debating A.I. On the Future of Physics - Hasimoto Particle Cosmology.srt,transcript_subtitle,.srt,62425,dd6d931abff25a0b1399101db38b8d9ac179ca85ae6e4623bbcced5ed80bfb0c,f6fc3cdc3754a6a6c8bacee741456797301edef1,sha256:dd6d931abff25a0b1399101db38b8d9ac179ca85ae6e4623bbcced5ed80bfb0c,Debating A.I. On the Future of Physics - Hasimoto Particle Cosmology,2026-07-12,True,True,False,True,EXPOSURE_STATS/PODCAST_GUIDE/text/archive--debating-a-i-on-the-future-of-physics-hasimoto-particle-cosmology--dd6d931abff2.txt,EXPOSURE_STATS/PODCAST_GUIDE/cues/archive--debating-a-i-on-the-future-of-physics-hasimoto-particle-cosmology--dd6d931abff2.jsonl
archive:907215e4c90483bf,Satobloc/SAT_THEORY_ARCHIVE_2023-25,archive,DEBATING AI PODCAST/Debating A.I. On the Future of Physics - How Science Sciences and More.srt,transcript_subtitle,.srt,85256,907215e4c90483bffde88e6f770727c1082bbd94546e7d71e13d86b97fb834c7,70cec1bc9c6951f054e3e3a663932f886e5f84a9,sha256:907215e4c90483bffde88e6f770727c1082bbd94546e7d71e13d86b97fb834c7,Debating A.I. On the Future of Physics - How Science Sciences and More,2026-05-20,True,True,False,True,EXPOSURE_STATS/PODCAST_GUIDE/text/archive--debating-a-i-on-the-future-of-physics-how-science-sciences-and-more--907215e4c904.txt,EXPOSURE_STATS/PODCAST_GUIDE/cues/archive--debating-a-i-on-the-future-of-physics-how-science-sciences-and-more--907215e4c904.jsonl
archive:6d5ac4f347430cbf,Satobloc/SAT_THEORY_ARCHIVE_2023-25,archive,DEBATING AI PODCAST/Debating A.I. On the Future of Physics - How the Universe Scales.srt,transcript_subtitle,.srt,69150,6d5ac4f347430cbfca15c79d07aa923e3e3f8762603d225a84dbaf9c6c99a799,48fe433c0719679d5cf8dab9602115d7fa3ff44c,sha256:6d5ac4f347430cbfca15c79d07aa923e3e3f8762603d225a84dbaf9c6c99a799,Debating A.I. On the Future of Physics - How the Universe Scales,2026-05-10,True,True,False,False,EXPOSURE_STATS/PODCAST_GUIDE/text/archive--debating-a-i-on-the-future-of-physics-how-the-universe-scales--6d5ac4f34743.txt,EXPOSURE_STATS/PODCAST_GUIDE/cues/archive--debating-a-i-on-the-future-of-physics-how-the-universe-scales--6d5ac4f34743.jsonl
archive:a7ac7757c188102c,Satobloc/SAT_THEORY_ARCHIVE_2023-25,archive,DEBATING AI PODCAST/Debating A.I. On the Future of Physics - Intellectual Playgrounds_ Thought As Structure — Revisited.srt,transcript_subtitle,.srt,69467,a7ac7757c188102c017ff529b7d1aacb298bb44d126b11de79d4056ba755e2b8,f9b65d7eadedacfbe424e5c1043aa593a683af5a,sha256:a7ac7757c188102c017ff529b7d1aacb298bb44d126b11de79d4056ba755e2b8,Debating A.I. On the Future of Physics - Intellectual Playgrounds Thought As Structure — Revisited,2026-07-02,True,True,False,False,EXPOSURE_STATS/PODCAST_GUIDE/text/archive--debating-a-i-on-the-future-of-physics-intellectual-playgrounds-thought-as-structure-revisi--a7ac7757c188.txt,EXPOSURE_STATS/PODCAST_GUIDE/cues/archive--debating-a-i-on-the-future-of-physics-intellectual-playgrounds-thought-as-structure-revisi--a7ac7757c188.jsonl
archive:a4124e5837ffb4c0,Satobloc/SAT_THEORY_ARCHIVE_2023-25,archive,DEBATING AI PODCAST/Debating A.I. On the Future of Physics - Life As A Planetary Trauma Response.srt,transcript_subtitle,.srt,86028,a4124e5837ffb4c015e3e40c997982c6d79aba084641e697a310c7b51f770592,1beda53894f83f3258b6562c6872369173d7cbab,sha256:a4124e5837ffb4c015e3e40c997982c6d79aba084641e697a310c7b51f770592,Debating A.I. On the Future of Physics - Life As A Planetary Trauma Response,2026-04-23,True,True,False,False,EXPOSURE_STATS/PODCAST_GUIDE/text/archive--debating-a-i-on-the-future-of-physics-life-as-a-planetary-trauma-response--a4124e5837ff.txt,EXPOSURE_STATS/PODCAST_GUIDE/cues/archive--debating-a-i-on-the-future-of-physics-life-as-a-planetary-trauma-response--a4124e5837ff.jsonl
archive:cff9e97f49e5aee4,Satobloc/SAT_THEORY_ARCHIVE_2023-25,archive,DEBATING AI PODCAST/Debating A.I. On the Future of Physics - Making AI Music Weird.srt,transcript_subtitle,.srt,67894,cff9e97f49e5aee4eb4fb35b4de9ef5273a4dc025e7c8062a0860bde94729dba,26bd5b4ac6dbca0617c9a289c4741409de09c94e,sha256:cff9e97f49e5aee4eb4fb35b4de9ef5273a4dc025e7c8062a0860bde94729dba,Debating A.I. On the Future of Physics - Making AI Music Weird,2026-05-17,True,True,False,False,EXPOSURE_STATS/PODCAST_GUIDE/text/archive--debating-a-i-on-the-future-of-physics-making-ai-music-weird--cff9e97f49e5.txt,EXPOSURE_STATS/PODCAST_GUIDE/cues/archive--debating-a-i-on-the-future-of-physics-making-ai-music-weird--cff9e97f49e5.jsonl
archive:302277b820332bf8,Satobloc/SAT_THEORY_ARCHIVE_2023-25,archive,DEBATING AI PODCAST/Debating A.I. On the Future of Physics - Math… is a tad wishy-washy.srt,transcript_subtitle,.srt,58395,302277b820332bf8f895bc0c646826543f89eb099d628b59e8249f1d025fdb31,7caf629b595dbed86b5a2395cb223d27a8587201,sha256:302277b820332bf8f895bc0c646826543f89eb099d628b59e8249f1d025fdb31,Debating A.I. On the Future of Physics - Math… is a tad wishy-washy,2026-06-16,True,True,False,True,EXPOSURE_STATS/PODCAST_GUIDE/text/archive--debating-a-i-on-the-future-of-physics-math-is-a-tad-wishy-washy--302277b82033.txt,EXPOSURE_STATS/PODCAST_GUIDE/cues/archive--debating-a-i-on-the-future-of-physics-math-is-a-tad-wishy-washy--302277b82033.jsonl
archive:346fabc93c45bab0,Satobloc/SAT_THEORY_ARCHIVE_2023-25,archive,DEBATING AI PODCAST/Debating A.I. On the Future of Physics - McKnight’s Camera Talk Pt 2.srt,transcript_subtitle,.srt,63096,346fabc93c45bab033e3f67cab214a0cafda405aa92893591920add03ed35c1b,e90ecc85a18d5910244415f2f5f559e08a2a6a82,sha256:346fabc93c45bab033e3f67cab214a0cafda405aa92893591920add03ed35c1b,Debating A.I. On the Future of Physics - McKnight’s Camera Talk Pt 2,2026-05-17,True,True,False,True,EXPOSURE_STATS/PODCAST_GUIDE/text/archive--debating-a-i-on-the-future-of-physics-mcknight-s-camera-talk-pt-2--346fabc93c45.txt,EXPOSURE_STATS/PODCAST_GUIDE/cues/archive--debating-a-i-on-the-future-of-physics-mcknight-s-camera-talk-pt-2--346fabc93c45.jsonl
archive:1d6f7050d368e699,Satobloc/SAT_THEORY_ARCHIVE_2023-25,archive,DEBATING AI PODCAST/Debating A.I. On the Future of Physics - McKnight’s Intellectual Universe.srt,transcript_subtitle,.srt,72831,1d6f7050d368e6999106ad4c541bd291861b334edc352db02f547bc62b24f3ee,1b0099de6f901d3e905af755242ae20ffb95c036,sha256:1d6f7050d368e6999106ad4c541bd291861b334edc352db02f547bc62b24f3ee,Debating A.I. On the Future of Physics - McKnight’s Intellectual Universe,2026-05-17,True,True,True,False,EXPOSURE_STATS/PODCAST_GUIDE/text/archive--debating-a-i-on-the-future-of-physics-mcknight-s-intellectual-universe--1d6f7050d368.txt,EXPOSURE_STATS/PODCAST_GUIDE/cues/archive--debating-a-i-on-the-future-of-physics-mcknight-s-intellectual-universe--1d6f7050d368.jsonl
archive:1e17f4fd97c2c3c9,Satobloc/SAT_THEORY_ARCHIVE_2023-25,archive,DEBATING AI PODCAST/Debating A.I. On the Future of Physics - Minkowski Sufficiency.srt,transcript_subtitle,.srt,77869,1e17f4fd97c2c3c9f72065cf2add4c2af43c5bffc8effb36d113625dc8a21804,3c4476d1e1b33ae05a2297d2da8f1776e5e11503,sha256:1e17f4fd97c2c3c9f72065cf2add4c2af43c5bffc8effb36d113625dc8a21804,Debating A.I. On the Future of Physics - Minkowski Sufficiency,2026-06-13,True,True,False,True,EXPOSURE_STATS/PODCAST_GUIDE/text/archive--debating-a-i-on-the-future-of-physics-minkowski-sufficiency--1e17f4fd97c2.txt,EXPOSURE_STATS/PODCAST_GUIDE/cues/archive--debating-a-i-on-the-future-of-physics-minkowski-sufficiency--1e17f4fd97c2.jsonl
archive:8c20090ec0414ed6,Satobloc/SAT_THEORY_ARCHIVE_2023-25,archive,DEBATING AI PODCAST/Debating A.I. On the Future of Physics - New Album Preview.txt,podcast_text_unspecified,.txt,81716,8c20090ec0414ed6446aba8d86a95cd38a3690cf56b24e62622e299c2de4fafd,144d2a1dec950e7b5acdb155764a79bd4a4d0dcd,sha256:8c20090ec0414ed6446aba8d86a95cd38a3690cf56b24e62622e299c2de4fafd,Debating A.I. On the Future of Physics - New Album Preview,2026-08-18,True,True,False,True,,
archive:e88889b32c49ea21,Satobloc/SAT_THEORY_ARCHIVE_2023-25,archive,DEBATING AI PODCAST/Debating A.I. On the Future of Physics - No More Wick Rotation.srt,transcript_subtitle,.srt,85970,e88889b32c49ea21782dfced997106343314095068a26bdd097d85d1a6d58771,40a87772a6730e5331057fb7515fc0be5739d006,sha256:e88889b32c49ea21782dfced997106343314095068a26bdd097d85d1a6d58771,Debating A.I. On the Future of Physics - No More Wick Rotation,2026-05-14,True,True,False,True,EXPOSURE_STATS/PODCAST_GUIDE/text/archive--debating-a-i-on-the-future-of-physics-no-more-wick-rotation--e88889b32c49.txt,EXPOSURE_STATS/PODCAST_GUIDE/cues/archive--debating-a-i-on-the-future-of-physics-no-more-wick-rotation--e88889b32c49.jsonl
archive:f08b7ecdd4b57aeb,Satobloc/SAT_THEORY_ARCHIVE_2023-25,archive,DEBATING AI PODCAST/Debating A.I. On the Future of Physics - Particles & Inverse Black Holes.txt,podcast_text_unspecified,.txt,79612,f08b7ecdd4b57aeb3b3b349c0cbb0a45c0c9e750dbae1cce87e2db31109aff12,3446f5d5229992fbbe2a759fd3e19a12966d63a6,sha256:f08b7ecdd4b57aeb3b3b349c0cbb0a45c0c9e750dbae1cce87e2db31109aff12,Debating A.I. On the Future of Physics - Particles & Inverse Black Holes,2026-07-18,True,True,False,True,,
archive:ab572ac9a2f30c84,Satobloc/SAT_THEORY_ARCHIVE_2023-25,archive,DEBATING AI PODCAST/Debating A.I. On the Future of Physics - Persistent AI TOE Hallucinations.srt,transcript_subtitle,.srt,67693,ab572ac9a2f30c84ee3d8c1ba527fd95835cb865ec320cb53fdf640708a2f6c9,3272443a4f0e4d4156df65a2bef21553eb71f9d7,sha256:ab572ac9a2f30c84ee3d8c1ba527fd95835cb865ec320cb53fdf640708a2f6c9,Debating A.I. On the Future of Physics - Persistent AI TOE Hallucinations,2026-05-22,True,True,False,False,EXPOSURE_STATS/PODCAST_GUIDE/text/archive--debating-a-i-on-the-future-of-physics-persistent-ai-toe-hallucinations--ab572ac9a2f3.txt,EXPOSURE_STATS/PODCAST_GUIDE/cues/archive--debating-a-i-on-the-future-of-physics-persistent-ai-toe-hallucinations--ab572ac9a2f3.jsonl
archive:3ba7ec347d141a63,Satobloc/SAT_THEORY_ARCHIVE_2023-25,archive,DEBATING AI PODCAST/Debating A.I. On the Future of Physics - Physics vs Dogma.srt,transcript_subtitle,.srt,77583,3ba7ec347d141a638ec0c170330c27a70912c2debf19017dc74992a936379c4e,4c6d509d490783a40b7ebab1abc452920f4d0dab,sha256:3ba7ec347d141a638ec0c170330c27a70912c2debf19017dc74992a936379c4e,Debating A.I. On the Future of Physics - Physics vs Dogma,2026-07-17,True,True,True,True,EXPOSURE_STATS/PODCAST_GUIDE/text/archive--debating-a-i-on-the-future-of-physics-physics-vs-dogma--3ba7ec347d14.txt,EXPOSURE_STATS/PODCAST_GUIDE/cues/archive--debating-a-i-on-the-future-of-physics-physics-vs-dogma--3ba7ec347d14.jsonl
archive:d43c096dd635183a,Satobloc/SAT_THEORY_ARCHIVE_2023-25,archive,DEBATING AI PODCAST/Debating A.I. On the Future of Physics - Physics Without Magic.srt,transcript_subtitle,.srt,113532,d43c096dd635183a73c4470db3e79bed5914cbbabc453d4aa5d30dead89bc255,f564eadac234a43dbd8133d44eb3679c7cfe23e0,sha256:d43c096dd635183a73c4470db3e79bed5914cbbabc453d4aa5d30dead89bc255,Debating A.I. On the Future of Physics - Physics Without Magic,2026-05-18,True,True,False,True,EXPOSURE_STATS/PODCAST_GUIDE/text/archive--debating-a-i-on-the-future-of-physics-physics-without-magic--d43c096dd635.txt,EXPOSURE_STATS/PODCAST_GUIDE/cues/archive--debating-a-i-on-the-future-of-physics-physics-without-magic--d43c096dd635.jsonl
archive:d3774a9a7ab8e295,Satobloc/SAT_THEORY_ARCHIVE_2023-25,archive,DEBATING AI PODCAST/Debating A.I. On the Future of Physics - Physics_ The Full Stack.srt,transcript_subtitle,.srt,15701,d3774a9a7ab8e295974c7e69a316ef85c5606db72bf11e01897be91e1506c971,08e569d09e2a3b58238dbd7bce3001731543859f,sha256:d3774a9a7ab8e295974c7e69a316ef85c5606db72bf11e01897be91e1506c971,Debating A.I. On the Future of Physics - Physics The Full Stack,2026-06-18,True,False,False,True,EXPOSURE_STATS/PODCAST_GUIDE/text/archive--debating-a-i-on-the-future-of-physics-physics-the-full-stack--d3774a9a7ab8.txt,EXPOSURE_STATS/PODCAST_GUIDE/cues/archive--debating-a-i-on-the-future-of-physics-physics-the-full-stack--d3774a9a7ab8.jsonl
archive:0ab8c8e9ef726c5e,Satobloc/SAT_THEORY_ARCHIVE_2023-25,archive,DEBATING AI PODCAST/Debating A.I. On the Future of Physics - Predictions for Upcoming Observations.srt,transcript_subtitle,.srt,86741,0ab8c8e9ef726c5ead18024d982cb934823ad54d0b752e938b3cf45b47f79f9d,d65fadb5ead099e7531f238277fa4ea79ae85353,sha256:0ab8c8e9ef726c5ead18024d982cb934823ad54d0b752e938b3cf45b47f79f9d,Debating A.I. On the Future of Physics - Predictions for Upcoming Observations,2026-05-18,True,True,False,True,EXPOSURE_STATS/PODCAST_GUIDE/text/archive--debating-a-i-on-the-future-of-physics-predictions-for-upcoming-observations--0ab8c8e9ef72.txt,EXPOSURE_STATS/PODCAST_GUIDE/cues/archive--debating-a-i-on-the-future-of-physics-predictions-for-upcoming-observations--0ab8c8e9ef72.jsonl
archive:2bff1ee651137972,Satobloc/SAT_THEORY_ARCHIVE_2023-25,archive,DEBATING AI PODCAST/Debating A.I. On the Future of Physics - Predictions from Scalar-Angular Torsion Filamental Physics.srt,transcript_subtitle,.srt,72124,2bff1ee651137972971ab9667ee27cb1398eccd2dcb4ba6ec680979ca9d12143,2729c5b865fe90388540fad3ad8b9df654405463,sha256:2bff1ee651137972971ab9667ee27cb1398eccd2dcb4ba6ec680979ca9d12143,Debating A.I. On the Future of Physics - Predictions from Scalar-Angular Torsion Filamental Physics,2026-05-18,True,True,False,True,EXPOSURE_STATS/PODCAST_GUIDE/text/archive--debating-a-i-on-the-future-of-physics-predictions-from-scalar-angular-torsion-filamental-p--2bff1ee65113.txt,EXPOSURE_STATS/PODCAST_GUIDE/cues/archive--debating-a-i-on-the-future-of-physics-predictions-from-scalar-angular-torsion-filamental-p--2bff1ee65113.jsonl
archive:da439dca3c93c48c,Satobloc/SAT_THEORY_ARCHIVE_2023-25,archive,DEBATING AI PODCAST/Debating A.I. On the Future of Physics - Quantum Kelvin Waves.srt,transcript_subtitle,.srt,79234,da439dca3c93c48c3369b05a3d5d9d8538749cea7edc312a64c5791996442c74,b1a5a5ddd6d7627423abc2062cfd3c2856d0aa46,sha256:da439dca3c93c48c3369b05a3d5d9d8538749cea7edc312a64c5791996442c74,Debating A.I. On the Future of Physics - Quantum Kelvin Waves,2026-07-12,True,True,False,True,EXPOSURE_STATS/PODCAST_GUIDE/text/archive--debating-a-i-on-the-future-of-physics-quantum-kelvin-waves--da439dca3c93.txt,EXPOSURE_STATS/PODCAST_GUIDE/cues/archive--debating-a-i-on-the-future-of-physics-quantum-kelvin-waves--da439dca3c93.jsonl
archive:bff29aa08aa4da42,Satobloc/SAT_THEORY_ARCHIVE_2023-25,archive,DEBATING AI PODCAST/Debating A.I. On the Future of Physics - Remedial Math Student Considers Institutions.srt,transcript_subtitle,.srt,55995,bff29aa08aa4da420873b886e6f9c9146bf17d38f0d33f55f781ada4cef5c6df,051a0ae29f279af55a2119d1a04c5e4bb5252502,sha256:bff29aa08aa4da420873b886e6f9c9146bf17d38f0d33f55f781ada4cef5c6df,Debating A.I. On the Future of Physics - Remedial Math Student Considers Institutions,2026-06-05,True,True,False,True,EXPOSURE_STATS/PODCAST_GUIDE/text/archive--debating-a-i-on-the-future-of-physics-remedial-math-student-considers-institutions--bff29aa08aa4.txt,EXPOSURE_STATS/PODCAST_GUIDE/cues/archive--debating-a-i-on-the-future-of-physics-remedial-math-student-considers-institutions--bff29aa08aa4.jsonl
archive:68d775e33241e44b,Satobloc/SAT_THEORY_ARCHIVE_2023-25,archive,DEBATING AI PODCAST/Debating A.I. On the Future of Physics - Renormalization Is Obsolete (1).srt,transcript_subtitle,.srt,76868,68d775e33241e44b1ba6428e2667cc7dd736acfd0f542d82db2c506da6fe0945,7caeb303c250531638c8d5be7213e37ec271f45b,sha256:68d775e33241e44b1ba6428e2667cc7dd736acfd0f542d82db2c506da6fe0945,Debating A.I. On the Future of Physics - Renormalization Is Obsolete (1),2026-05-08,True,True,False,True,EXPOSURE_STATS/PODCAST_GUIDE/text/archive--debating-a-i-on-the-future-of-physics-renormalization-is-obsolete-1--68d775e33241.txt,EXPOSURE_STATS/PODCAST_GUIDE/cues/archive--debating-a-i-on-the-future-of-physics-renormalization-is-obsolete-1--68d775e33241.jsonl
archive:68d775e33241e44b,Satobloc/SAT_THEORY_ARCHIVE_2023-25,archive,DEBATING AI PODCAST/Debating A.I. On the Future of Physics - Renormalization Is Obsolete.srt,transcript_subtitle,.srt,76868,68d775e33241e44b1ba6428e2667cc7dd736acfd0f542d82db2c506da6fe0945,7caeb303c250531638c8d5be7213e37ec271f45b,sha256:68d775e33241e44b1ba6428e2667cc7dd736acfd0f542d82db2c506da6fe0945,Debating A.I. On the Future of Physics - Renormalization Is Obsolete,2026-05-08,True,True,False,True,EXPOSURE_STATS/PODCAST_GUIDE/text/archive--debating-a-i-on-the-future-of-physics-renormalization-is-obsolete--68d775e33241.txt,EXPOSURE_STATS/PODCAST_GUIDE/cues/archive--debating-a-i-on-the-future-of-physics-renormalization-is-obsolete--68d775e33241.jsonl
archive:ea6dc1aef5d46f91,Satobloc/SAT_THEORY_ARCHIVE_2023-25,archive,DEBATING AI PODCAST/Debating A.I. On the Future of Physics - RMS-SAT Debug.srt,transcript_subtitle,.srt,85623,ea6dc1aef5d46f91d739e76cdaa24b66361a6c8a6fb36a8455c68618075456c3,7adee1bef29fe5bf2e764c8c812d12df247cfb35,sha256:ea6dc1aef5d46f91d739e76cdaa24b66361a6c8a6fb36a8455c68618075456c3,Debating A.I. On the Future of Physics - RMS-SAT Debug,2026-06-13,True,True,False,True,EXPOSURE_STATS/PODCAST_GUIDE/text/archive--debating-a-i-on-the-future-of-physics-rms-sat-debug--ea6dc1aef5d4.txt,EXPOSURE_STATS/PODCAST_GUIDE/cues/archive--debating-a-i-on-the-future-of-physics-rms-sat-debug--ea6dc1aef5d4.jsonl
archive:8f53da726f435edf,Satobloc/SAT_THEORY_ARCHIVE_2023-25,archive,DEBATING AI PODCAST/Debating A.I. On the Future of Physics - SAT ==_ H(s)H.srt,transcript_subtitle,.srt,80975,8f53da726f435edf6fcc2730fc285d040d26992515bda4f22e2d21c2aebfbdd3,f2e30b8c01b27bc579b32be40f488d7572a9e016,sha256:8f53da726f435edf6fcc2730fc285d040d26992515bda4f22e2d21c2aebfbdd3,Debating A.I. On the Future of Physics - SAT == H(s)H,2026-06-16,True,True,False,True,EXPOSURE_STATS/PODCAST_GUIDE/text/archive--debating-a-i-on-the-future-of-physics-sat-h-s-h--8f53da726f43.txt,EXPOSURE_STATS/PODCAST_GUIDE/cues/archive--debating-a-i-on-the-future-of-physics-sat-h-s-h--8f53da726f43.jsonl
archive:fbbeb85c03ca979f,Satobloc/SAT_THEORY_ARCHIVE_2023-25,archive,DEBATING AI PODCAST/Debating A.I. On the Future of Physics - SAT Methodology.srt,transcript_subtitle,.srt,74991,fbbeb85c03ca979f92d5a47b3da78213805eb7e83883977067b7d2b2abc4988c,cbb3aefca8f38a0263948a20841b1bbd1ad29665,sha256:fbbeb85c03ca979f92d5a47b3da78213805eb7e83883977067b7d2b2abc4988c,Debating A.I. On the Future of Physics - SAT Methodology,2026-06-07,True,True,False,True,EXPOSURE_STATS/PODCAST_GUIDE/text/archive--debating-a-i-on-the-future-of-physics-sat-methodology--fbbeb85c03ca.txt,EXPOSURE_STATS/PODCAST_GUIDE/cues/archive--debating-a-i-on-the-future-of-physics-sat-methodology--fbbeb85c03ca.jsonl
archive:7cf7b615e82e77a7,Satobloc/SAT_THEORY_ARCHIVE_2023-25,archive,DEBATING AI PODCAST/Debating A.I. On the Future of Physics - SAT Predictions March 2026.srt,transcript_subtitle,.srt,91694,7cf7b615e82e77a794e50fe450ecc705a6fd602842cb657e78a773b943008648,f59cee862efd53cc9db2795d55fefb0a73c33128,sha256:7cf7b615e82e77a794e50fe450ecc705a6fd602842cb657e78a773b943008648,Debating A.I. On the Future of Physics - SAT Predictions March 2026,2026-05-08,True,True,False,True,EXPOSURE_STATS/PODCAST_GUIDE/text/archive--debating-a-i-on-the-future-of-physics-sat-predictions-march-2026--7cf7b615e82e.txt,EXPOSURE_STATS/PODCAST_GUIDE/cues/archive--debating-a-i-on-the-future-of-physics-sat-predictions-march-2026--7cf7b615e82e.jsonl
archive:59e7688d1f759aaa,Satobloc/SAT_THEORY_ARCHIVE_2023-25,archive,DEBATING AI PODCAST/Debating A.I. On the Future of Physics - SAT Rigor Pt 2.srt,transcript_subtitle,.srt,63006,59e7688d1f759aaaf6cd62593b6e2a0d426de495a27f5c7a19993e4efdfd87d9,dd757a5754f7f362992bff008816fc1c796021b0,sha256:59e7688d1f759aaaf6cd62593b6e2a0d426de495a27f5c7a19993e4efdfd87d9,Debating A.I. On the Future of Physics - SAT Rigor Pt 2,2026-06-16,True,True,False,True,EXPOSURE_STATS/PODCAST_GUIDE/text/archive--debating-a-i-on-the-future-of-physics-sat-rigor-pt-2--59e7688d1f75.txt,EXPOSURE_STATS/PODCAST_GUIDE/cues/archive--debating-a-i-on-the-future-of-physics-sat-rigor-pt-2--59e7688d1f75.jsonl
archive:07d54bc34b985990,Satobloc/SAT_THEORY_ARCHIVE_2023-25,archive,DEBATING AI PODCAST/Debating A.I. On the Future of Physics - SAT’s Conservative Methodology.srt,transcript_subtitle,.srt,74318,07d54bc34b98599043ffacea68ca553a1746ac9544fb8be907b6b1194b9ef460,93b7efa1abdb0c2b4af099322bc3ca20cceb8d1f,sha256:07d54bc34b98599043ffacea68ca553a1746ac9544fb8be907b6b1194b9ef460,Debating A.I. On the Future of Physics - SAT’s Conservative Methodology,2026-05-10,True,True,False,True,EXPOSURE_STATS/PODCAST_GUIDE/text/archive--debating-a-i-on-the-future-of-physics-sat-s-conservative-methodology--07d54bc34b98.txt,EXPOSURE_STATS/PODCAST_GUIDE/cues/archive--debating-a-i-on-the-future-of-physics-sat-s-conservative-methodology--07d54bc34b98.jsonl
archive:a4b4a3feaf634866,Satobloc/SAT_THEORY_ARCHIVE_2023-25,archive,"DEBATING AI PODCAST/Debating A.I. On the Future of Physics - Simulating Einstein, Pt 1.srt",transcript_subtitle,.srt,71155,a4b4a3feaf6348665aee93d7ad2711d71578a7c6073f4fc7f188196115e5d348,a7d35c694f4825a3ee79362c06e9c6e2672eb68c,sha256:a4b4a3feaf6348665aee93d7ad2711d71578a7c6073f4fc7f188196115e5d348,"Debating A.I. On the Future of Physics - Simulating Einstein, Pt 1",2026-04-22,True,True,False,True,EXPOSURE_STATS/PODCAST_GUIDE/text/archive--debating-a-i-on-the-future-of-physics-simulating-einstein-pt-1--a4b4a3feaf63.txt,EXPOSURE_STATS/PODCAST_GUIDE/cues/archive--debating-a-i-on-the-future-of-physics-simulating-einstein-pt-1--a4b4a3feaf63.jsonl
archive:f1290f93c1b11bba,Satobloc/SAT_THEORY_ARCHIVE_2023-25,archive,"DEBATING AI PODCAST/Debating A.I. On the Future of Physics - Simulating Einstein, Pt 2.srt",transcript_subtitle,.srt,86113,f1290f93c1b11bbab15d3f8c4c9ac9004437e8bddfbfadc0171c88035be2504d,3b1f66bea559fb1df44a92cd9570496f3b9c305a,sha256:f1290f93c1b11bbab15d3f8c4c9ac9004437e8bddfbfadc0171c88035be2504d,"Debating A.I. On the Future of Physics - Simulating Einstein, Pt 2",2026-04-22,True,True,False,False,EXPOSURE_STATS/PODCAST_GUIDE/text/archive--debating-a-i-on-the-future-of-physics-simulating-einstein-pt-2--f1290f93c1b1.txt,EXPOSURE_STATS/PODCAST_GUIDE/cues/archive--debating-a-i-on-the-future-of-physics-simulating-einstein-pt-2--f1290f93c1b1.jsonl
archive:03454845f373dba3,Satobloc/SAT_THEORY_ARCHIVE_2023-25,archive,"DEBATING AI PODCAST/Debating A.I. On the Future of Physics - Simulating Einstein, Pt 3.srt",transcript_subtitle,.srt,79752,03454845f373dba3b2e28858d30a1ab0ec950aaac6ef37d3217df96a3cf3688b,8c0f2252b758cb897c27487ad1111470870c54fe,sha256:03454845f373dba3b2e28858d30a1ab0ec950aaac6ef37d3217df96a3cf3688b,"Debating A.I. On the Future of Physics - Simulating Einstein, Pt 3",2026-04-23,True,True,False,True,EXPOSURE_STATS/PODCAST_GUIDE/text/archive--debating-a-i-on-the-future-of-physics-simulating-einstein-pt-3--03454845f373.txt,EXPOSURE_STATS/PODCAST_GUIDE/cues/archive--debating-a-i-on-the-future-of-physics-simulating-einstein-pt-3--03454845f373.jsonl
archive:7eecf2ec7ffce88d,Satobloc/SAT_THEORY_ARCHIVE_2023-25,archive,DEBATING AI PODCAST/Debating A.I. On the Future of Physics - String Gravity Predictions H0=71.2.srt,transcript_subtitle,.srt,92586,7eecf2ec7ffce88d8dbebab8b8b1f33d9023552ac3db362c08907cd2aa48208a,43d5dce05fcfe07856bade264eaaa77ae7705bb1,sha256:7eecf2ec7ffce88d8dbebab8b8b1f33d9023552ac3db362c08907cd2aa48208a,Debating A.I. On the Future of Physics - String Gravity Predictions H0=71.2,2026-05-18,True,True,False,True,EXPOSURE_STATS/PODCAST_GUIDE/text/archive--debating-a-i-on-the-future-of-physics-string-gravity-predictions-h0-71-2--7eecf2ec7ffc.txt,EXPOSURE_STATS/PODCAST_GUIDE/cues/archive--debating-a-i-on-the-future-of-physics-string-gravity-predictions-h0-71-2--7eecf2ec7ffc.jsonl
archive:ce2ca98b3314b9cb,Satobloc/SAT_THEORY_ARCHIVE_2023-25,archive,DEBATING AI PODCAST/Debating A.I. On the Future of Physics - Suno Nonsensorium 2.txt,podcast_text_unspecified,.txt,72042,ce2ca98b3314b9cb20d6aeb2b02194d204c0cca6942b699e0544f9ac55d321aa,29a5b67e6b469b48bed6d6cd92c6bfc7543af341,sha256:ce2ca98b3314b9cb20d6aeb2b02194d204c0cca6942b699e0544f9ac55d321aa,Debating A.I. On the Future of Physics - Suno Nonsensorium 2,2026-08-13,True,True,False,False,,
archive:e6c58ddec751a5b7,Satobloc/SAT_THEORY_ARCHIVE_2023-25,archive,DEBATING AI PODCAST/Debating A.I. On the Future of Physics - Superdeterminism and SAT.srt,transcript_subtitle,.srt,81071,e6c58ddec751a5b7c7f39ce6b5d956e72e9894b9f4a8545d78e8c2bdd40e326c,c44c5d881e88c3b3ba7bf5a7c88a112452bb483d,sha256:e6c58ddec751a5b7c7f39ce6b5d956e72e9894b9f4a8545d78e8c2bdd40e326c,Debating A.I. On the Future of Physics - Superdeterminism and SAT,2026-04-21,True,True,False,True,EXPOSURE_STATS/PODCAST_GUIDE/text/archive--debating-a-i-on-the-future-of-physics-superdeterminism-and-sat--e6c58ddec751.txt,EXPOSURE_STATS/PODCAST_GUIDE/cues/archive--debating-a-i-on-the-future-of-physics-superdeterminism-and-sat--e6c58ddec751.jsonl
archive:4556e90fbf504cdf,Satobloc/SAT_THEORY_ARCHIVE_2023-25,archive,DEBATING AI PODCAST/Debating A.I. On the Future of Physics - The c - H_0 Gap.srt,transcript_subtitle,.srt,95780,4556e90fbf504cdfb5748b16642d1ef30f69f0d13be4419624f33c049ff30ce5,3b9bb7d5b3535302fa5f81398ae9637c360a643a,sha256:4556e90fbf504cdfb5748b16642d1ef30f69f0d13be4419624f33c049ff30ce5,Debating A.I. On the Future of Physics - The c - H 0 Gap,2026-06-16,True,True,False,True,EXPOSURE_STATS/PODCAST_GUIDE/text/archive--debating-a-i-on-the-future-of-physics-the-c-h-0-gap--4556e90fbf50.txt,EXPOSURE_STATS/PODCAST_GUIDE/cues/archive--debating-a-i-on-the-future-of-physics-the-c-h-0-gap--4556e90fbf50.jsonl
archive:3ce15b8478b04a82,Satobloc/SAT_THEORY_ARCHIVE_2023-25,archive,DEBATING AI PODCAST/Debating A.I. On the Future of Physics - The Einstein-Rosen Key.srt,transcript_subtitle,.srt,67948,3ce15b8478b04a82597f8c52edceacbb1212689832fda6171cb5d08d5be5c785,fe0a8a3bdec517f9e7262aebf2bfea5c45c16209,sha256:3ce15b8478b04a82597f8c52edceacbb1212689832fda6171cb5d08d5be5c785,Debating A.I. On the Future of Physics - The Einstein-Rosen Key,2026-06-18,True,True,False,True,EXPOSURE_STATS/PODCAST_GUIDE/text/archive--debating-a-i-on-the-future-of-physics-the-einstein-rosen-key--3ce15b8478b0.txt,EXPOSURE_STATS/PODCAST_GUIDE/cues/archive--debating-a-i-on-the-future-of-physics-the-einstein-rosen-key--3ce15b8478b0.jsonl
archive:a61bdca0d83aa46f,Satobloc/SAT_THEORY_ARCHIVE_2023-25,archive,DEBATING AI PODCAST/Debating A.I. On the Future of Physics - The Glass Sausage Factory.srt,transcript_subtitle,.srt,74634,a61bdca0d83aa46f2037efdc0e8e5a55409a047e683a2b000fe76553882964fe,0415bb608c63caf6f08c3f7ca8e4ed27a2240bec,sha256:a61bdca0d83aa46f2037efdc0e8e5a55409a047e683a2b000fe76553882964fe,Debating A.I. On the Future of Physics - The Glass Sausage Factory,2026-06-08,True,True,False,True,EXPOSURE_STATS/PODCAST_GUIDE/text/archive--debating-a-i-on-the-future-of-physics-the-glass-sausage-factory--a61bdca0d83a.txt,EXPOSURE_STATS/PODCAST_GUIDE/cues/archive--debating-a-i-on-the-future-of-physics-the-glass-sausage-factory--a61bdca0d83a.jsonl
archive:f5f3fce2b9605531,Satobloc/SAT_THEORY_ARCHIVE_2023-25,archive,DEBATING AI PODCAST/Debating A.I. On the Future of Physics - The Least Radical TOE.srt,transcript_subtitle,.srt,95919,f5f3fce2b9605531eb213ee3f887671453e98ad78d5edf2782849a35913c9247,3e86d62c14c421241cc8c1270af68269c97ecca5,sha256:f5f3fce2b9605531eb213ee3f887671453e98ad78d5edf2782849a35913c9247,Debating A.I. On the Future of Physics - The Least Radical TOE,2026-05-18,True,True,False,True,EXPOSURE_STATS/PODCAST_GUIDE/text/archive--debating-a-i-on-the-future-of-physics-the-least-radical-toe--f5f3fce2b960.txt,EXPOSURE_STATS/PODCAST_GUIDE/cues/archive--debating-a-i-on-the-future-of-physics-the-least-radical-toe--f5f3fce2b960.jsonl
archive:3eb792323bd79886,Satobloc/SAT_THEORY_ARCHIVE_2023-25,archive,DEBATING AI PODCAST/Debating A.I. On the Future of Physics - The Mass of the Photon.srt,transcript_subtitle,.srt,38442,3eb792323bd798860aedac97248795e463bfb1a81606c6f41c489cf568288e74,e62c28b4b7b048a4426a025f340220ae07607492,sha256:3eb792323bd798860aedac97248795e463bfb1a81606c6f41c489cf568288e74,Debating A.I. On the Future of Physics - The Mass of the Photon,2026-05-16,True,True,False,False,EXPOSURE_STATS/PODCAST_GUIDE/text/archive--debating-a-i-on-the-future-of-physics-the-mass-of-the-photon--3eb792323bd7.txt,EXPOSURE_STATS/PODCAST_GUIDE/cues/archive--debating-a-i-on-the-future-of-physics-the-mass-of-the-photon--3eb792323bd7.jsonl
archive:e569f070f85294f1,Satobloc/SAT_THEORY_ARCHIVE_2023-25,archive,DEBATING AI PODCAST/Debating A.I. On the Future of Physics - The Math of it All.srt,transcript_subtitle,.srt,75836,e569f070f85294f1d21bf9f2797f921ae453be6e3f0d3e30ca7c90ca6e26186d,9eb8d8cfa1c3b36b19de32361d221e810325cb89,sha256:e569f070f85294f1d21bf9f2797f921ae453be6e3f0d3e30ca7c90ca6e26186d,Debating A.I. On the Future of Physics - The Math of it All,2026-07-05,True,True,False,True,EXPOSURE_STATS/PODCAST_GUIDE/text/archive--debating-a-i-on-the-future-of-physics-the-math-of-it-all--e569f070f852.txt,EXPOSURE_STATS/PODCAST_GUIDE/cues/archive--debating-a-i-on-the-future-of-physics-the-math-of-it-all--e569f070f852.jsonl
archive:5ca25148e961b8b9,Satobloc/SAT_THEORY_ARCHIVE_2023-25,archive,DEBATING AI PODCAST/Debating A.I. On the Future of Physics - The Ongoing Big Bang.srt,transcript_subtitle,.srt,73023,5ca25148e961b8b94ebfbab9a6eb6acfa565fd80565c87412488e90e4fd47979,479a3948e299623115759998ea83cc6c8a792d03,sha256:5ca25148e961b8b94ebfbab9a6eb6acfa565fd80565c87412488e90e4fd47979,Debating A.I. On the Future of Physics - The Ongoing Big Bang,2026-05-24,True,True,False,True,EXPOSURE_STATS/PODCAST_GUIDE/text/archive--debating-a-i-on-the-future-of-physics-the-ongoing-big-bang--5ca25148e961.txt,EXPOSURE_STATS/PODCAST_GUIDE/cues/archive--debating-a-i-on-the-future-of-physics-the-ongoing-big-bang--5ca25148e961.jsonl
archive:51649b18b412c087,Satobloc/SAT_THEORY_ARCHIVE_2023-25,archive,DEBATING AI PODCAST/Debating A.I. On the Future of Physics - The Prehistory of SAT.srt,transcript_subtitle,.srt,75134,51649b18b412c08752209a9a94e9b9a2541450cad0f3b14835b4cf3a5808ff9d,442b2148a042e041ffce3e571ae42debb305d4d4,sha256:51649b18b412c08752209a9a94e9b9a2541450cad0f3b14835b4cf3a5808ff9d,Debating A.I. On the Future of Physics - The Prehistory of SAT,2026-06-09,True,True,False,True,EXPOSURE_STATS/PODCAST_GUIDE/text/archive--debating-a-i-on-the-future-of-physics-the-prehistory-of-sat--51649b18b412.txt,EXPOSURE_STATS/PODCAST_GUIDE/cues/archive--debating-a-i-on-the-future-of-physics-the-prehistory-of-sat--51649b18b412.jsonl
archive:b6b5862465df16c4,Satobloc/SAT_THEORY_ARCHIVE_2023-25,archive,DEBATING AI PODCAST/Debating A.I. On the Future of Physics - The Rabbit and the Duck.srt,transcript_subtitle,.srt,96081,b6b5862465df16c49d7b66dcb2c7d4b269e10f232e40f086d0017389259ce766,72863e9ffb574cce025c906fd46943c10ed08404,sha256:b6b5862465df16c49d7b66dcb2c7d4b269e10f232e40f086d0017389259ce766,Debating A.I. On the Future of Physics - The Rabbit and the Duck,2026-06-15,True,True,False,True,EXPOSURE_STATS/PODCAST_GUIDE/text/archive--debating-a-i-on-the-future-of-physics-the-rabbit-and-the-duck--b6b5862465df.txt,EXPOSURE_STATS/PODCAST_GUIDE/cues/archive--debating-a-i-on-the-future-of-physics-the-rabbit-and-the-duck--b6b5862465df.jsonl
archive:825fc31d959bb88b,Satobloc/SAT_THEORY_ARCHIVE_2023-25,archive,DEBATING AI PODCAST/Debating A.I. On the Future of Physics - The Scorecard 2026 (Cumulative).srt,transcript_subtitle,.srt,72030,825fc31d959bb88b53eaaf122fdc4f0341241df634a03c5e638df18b52c77a82,018ece7a7ca7d1078dbe141973018f735b6ace7b,sha256:825fc31d959bb88b53eaaf122fdc4f0341241df634a03c5e638df18b52c77a82,Debating A.I. On the Future of Physics - The Scorecard 2026 (Cumulative),2026-06-03,True,True,False,True,EXPOSURE_STATS/PODCAST_GUIDE/text/archive--debating-a-i-on-the-future-of-physics-the-scorecard-2026-cumulative--825fc31d959b.txt,EXPOSURE_STATS/PODCAST_GUIDE/cues/archive--debating-a-i-on-the-future-of-physics-the-scorecard-2026-cumulative--825fc31d959b.jsonl
archive:d63ff1705e1f491e,Satobloc/SAT_THEORY_ARCHIVE_2023-25,archive,DEBATING AI PODCAST/Debating A.I. On the Future of Physics - The Theory That Wasn’t A Theory.srt,transcript_subtitle,.srt,63751,d63ff1705e1f491e989b9f96190f0b73f3bcdf40a90b7841e4228e6a08a3538e,57007b9a6961fae496647ff2489beff32521719a,sha256:d63ff1705e1f491e989b9f96190f0b73f3bcdf40a90b7841e4228e6a08a3538e,Debating A.I. On the Future of Physics - The Theory That Wasn’t A Theory,2026-06-14,True,True,False,True,EXPOSURE_STATS/PODCAST_GUIDE/text/archive--debating-a-i-on-the-future-of-physics-the-theory-that-wasn-t-a-theory--d63ff1705e1f.txt,EXPOSURE_STATS/PODCAST_GUIDE/cues/archive--debating-a-i-on-the-future-of-physics-the-theory-that-wasn-t-a-theory--d63ff1705e1f.jsonl
archive:1c6810d2229a9c09,Satobloc/SAT_THEORY_ARCHIVE_2023-25,archive,DEBATING AI PODCAST/Debating A.I. On the Future of Physics - The Time Travel Brick Wall.txt,podcast_text_unspecified,.txt,83183,1c6810d2229a9c0977256ba904d66c0aaa0563303860d1b1da379645daf1742c,373a202854caca3735f4820fb0bb92fb5281f891,sha256:1c6810d2229a9c0977256ba904d66c0aaa0563303860d1b1da379645daf1742c,Debating A.I. On the Future of Physics - The Time Travel Brick Wall,2026-07-18,True,True,False,True,,
archive:0c6bdd241ea0ae58,Satobloc/SAT_THEORY_ARCHIVE_2023-25,archive,DEBATING AI PODCAST/Debating A.I. On the Future of Physics - The Two Fundamental Forces.srt,transcript_subtitle,.srt,94220,0c6bdd241ea0ae584dab7f557b2ad0976d0a9eb6d8d8ea6d5591656793911919,66a8baf23d5543e6b150cd5d6ba069236d8f8585,sha256:0c6bdd241ea0ae584dab7f557b2ad0976d0a9eb6d8d8ea6d5591656793911919,Debating A.I. On the Future of Physics - The Two Fundamental Forces,2026-06-15,True,True,False,True,EXPOSURE_STATS/PODCAST_GUIDE/text/archive--debating-a-i-on-the-future-of-physics-the-two-fundamental-forces--0c6bdd241ea0.txt,EXPOSURE_STATS/PODCAST_GUIDE/cues/archive--debating-a-i-on-the-future-of-physics-the-two-fundamental-forces--0c6bdd241ea0.jsonl
archive:f34265786a75389d,Satobloc/SAT_THEORY_ARCHIVE_2023-25,archive,"DEBATING AI PODCAST/Debating A.I. On the Future of Physics - The Two Rocks, Revisited.srt",transcript_subtitle,.srt,87142,f34265786a75389d7c90843def05dd8e4d7d038b4b21dccb9c3dc735e6f5e519,c6b1801aa2a21457f116b5adc52f9adabba85d75,sha256:f34265786a75389d7c90843def05dd8e4d7d038b4b21dccb9c3dc735e6f5e519,"Debating A.I. On the Future of Physics - The Two Rocks, Revisited",2026-05-17,True,True,True,False,EXPOSURE_STATS/PODCAST_GUIDE/text/archive--debating-a-i-on-the-future-of-physics-the-two-rocks-revisited--f34265786a75.txt,EXPOSURE_STATS/PODCAST_GUIDE/cues/archive--debating-a-i-on-the-future-of-physics-the-two-rocks-revisited--f34265786a75.jsonl
archive:411651e06c3c619c,Satobloc/SAT_THEORY_ARCHIVE_2023-25,archive,DEBATING AI PODCAST/Debating A.I. On the Future of Physics - This Title Might Not Be Accurate.srt,transcript_subtitle,.srt,79690,411651e06c3c619c8e2fdc1e2c4e13f760aba55d94788f3fc20330087575dd12,9baf9cb64de41b0d3a044f4319cb038821e02b88,sha256:411651e06c3c619c8e2fdc1e2c4e13f760aba55d94788f3fc20330087575dd12,Debating A.I. On the Future of Physics - This Title Might Not Be Accurate,2026-04-25,True,True,False,False,EXPOSURE_STATS/PODCAST_GUIDE/text/archive--debating-a-i-on-the-future-of-physics-this-title-might-not-be-accurate--411651e06c3c.txt,EXPOSURE_STATS/PODCAST_GUIDE/cues/archive--debating-a-i-on-the-future-of-physics-this-title-might-not-be-accurate--411651e06c3c.jsonl
archive:ee3fb8289720ac28,Satobloc/SAT_THEORY_ARCHIVE_2023-25,archive,DEBATING AI PODCAST/Debating A.I. On the Future of Physics - Throwback Ep_ SAT One Year Ago 1.srt,transcript_subtitle,.srt,225625,ee3fb8289720ac28b348d25dc8f2b3603208324645037abd5c83e7bebbd918f2,e20de4a05b4bb69db1dfa075268e50fb96520819,sha256:ee3fb8289720ac28b348d25dc8f2b3603208324645037abd5c83e7bebbd918f2,Debating A.I. On the Future of Physics - Throwback Ep SAT One Year Ago 1,2026-05-25,True,True,False,True,EXPOSURE_STATS/PODCAST_GUIDE/text/archive--debating-a-i-on-the-future-of-physics-throwback-ep-sat-one-year-ago-1--ee3fb8289720.txt,EXPOSURE_STATS/PODCAST_GUIDE/cues/archive--debating-a-i-on-the-future-of-physics-throwback-ep-sat-one-year-ago-1--ee3fb8289720.jsonl
archive:c5ba6ec5cbdc52b2,Satobloc/SAT_THEORY_ARCHIVE_2023-25,archive,DEBATING AI PODCAST/Debating A.I. On the Future of Physics - Throwback_ SAT One Year Ago 2.srt,transcript_subtitle,.srt,115684,c5ba6ec5cbdc52b24e57f97e4bf618a93b39e75fcc02f8051a6ba96a7b16f941,9ef757ffb7a30b2dfdf6c9825b56ecb8f9f95d9b,sha256:c5ba6ec5cbdc52b24e57f97e4bf618a93b39e75fcc02f8051a6ba96a7b16f941,Debating A.I. On the Future of Physics - Throwback SAT One Year Ago 2,2026-05-25,True,True,False,True,EXPOSURE_STATS/PODCAST_GUIDE/text/archive--debating-a-i-on-the-future-of-physics-throwback-sat-one-year-ago-2--c5ba6ec5cbdc.txt,EXPOSURE_STATS/PODCAST_GUIDE/cues/archive--debating-a-i-on-the-future-of-physics-throwback-sat-one-year-ago-2--c5ba6ec5cbdc.jsonl
archive:89ada773e32bd3f0,Satobloc/SAT_THEORY_ARCHIVE_2023-25,archive,DEBATING AI PODCAST/Debating A.I. On the Future of Physics - Throwback_ SAT One Year Ago 3 — The Debate.srt,transcript_subtitle,.srt,28097,89ada773e32bd3f0bff7ef7d0b63e1bda5aa18ec866efc34beb24a514601241b,798305702ce054fc759daab1012df2f7d6a5f997,sha256:89ada773e32bd3f0bff7ef7d0b63e1bda5aa18ec866efc34beb24a514601241b,Debating A.I. On the Future of Physics - Throwback SAT One Year Ago 3 — The Debate,2026-05-25,True,True,False,True,EXPOSURE_STATS/PODCAST_GUIDE/text/archive--debating-a-i-on-the-future-of-physics-throwback-sat-one-year-ago-3-the-debate--89ada773e32b.txt,EXPOSURE_STATS/PODCAST_GUIDE/cues/archive--debating-a-i-on-the-future-of-physics-throwback-sat-one-year-ago-3-the-debate--89ada773e32b.jsonl
archive:b854744015d3502b,Satobloc/SAT_THEORY_ARCHIVE_2023-25,archive,DEBATING AI PODCAST/Debating A.I. On the Future of Physics - Time.srt,transcript_subtitle,.srt,76029,b854744015d3502b350d8f2ce9fbb184a814fc5df5b6160b2a9191aa6fc6d1bb,17418e08119f80545f735db0d52308bf5d593bc3,sha256:b854744015d3502b350d8f2ce9fbb184a814fc5df5b6160b2a9191aa6fc6d1bb,Debating A.I. On the Future of Physics - Time,2026-06-15,True,True,False,True,EXPOSURE_STATS/PODCAST_GUIDE/text/archive--debating-a-i-on-the-future-of-physics-time--b854744015d3.txt,EXPOSURE_STATS/PODCAST_GUIDE/cues/archive--debating-a-i-on-the-future-of-physics-time--b854744015d3.jsonl
archive:5561c1029499ce7f,Satobloc/SAT_THEORY_ARCHIVE_2023-25,archive,DEBATING AI PODCAST/Debating A.I. On the Future of Physics - Topological Primacy.srt,transcript_subtitle,.srt,71684,5561c1029499ce7f1049128e0dc5921eb1afe4c898b180928b39775f410f5d1e,f62e00c0078f2edb0c557198998dcde157dd14cb,sha256:5561c1029499ce7f1049128e0dc5921eb1afe4c898b180928b39775f410f5d1e,Debating A.I. On the Future of Physics - Topological Primacy,2026-06-09,True,True,False,True,EXPOSURE_STATS/PODCAST_GUIDE/text/archive--debating-a-i-on-the-future-of-physics-topological-primacy--5561c1029499.txt,EXPOSURE_STATS/PODCAST_GUIDE/cues/archive--debating-a-i-on-the-future-of-physics-topological-primacy--5561c1029499.jsonl
archive:2e0a3f686472f6c9,Satobloc/SAT_THEORY_ARCHIVE_2023-25,archive,DEBATING AI PODCAST/Debating A.I. On the Future of Physics - Unification Mark II Pt 1 — The Process.srt,transcript_subtitle,.srt,65181,2e0a3f686472f6c97629db5af76abfb956568b86ae86c86b6d7a753a2b7557f7,99d7e323ddbb6bb655b9544b95ed083921a29583,sha256:2e0a3f686472f6c97629db5af76abfb956568b86ae86c86b6d7a753a2b7557f7,Debating A.I. On the Future of Physics - Unification Mark II Pt 1 — The Process,2026-04-22,True,True,False,False,EXPOSURE_STATS/PODCAST_GUIDE/text/archive--debating-a-i-on-the-future-of-physics-unification-mark-ii-pt-1-the-process--2e0a3f686472.txt,EXPOSURE_STATS/PODCAST_GUIDE/cues/archive--debating-a-i-on-the-future-of-physics-unification-mark-ii-pt-1-the-process--2e0a3f686472.jsonl
archive:8ebeed415e4585a6,Satobloc/SAT_THEORY_ARCHIVE_2023-25,archive,DEBATING AI PODCAST/Debating A.I. On the Future of Physics - Unification Missing Piece_.srt,transcript_subtitle,.srt,81796,8ebeed415e4585a6e78b32eb55a8b01a0f5955db6b3e2b123f62b62525a46d16,5d47c0ed1260882b813936cef4b159f1eca3bac1,sha256:8ebeed415e4585a6e78b32eb55a8b01a0f5955db6b3e2b123f62b62525a46d16,Debating A.I. On the Future of Physics - Unification Missing Piece,2026-05-22,True,True,False,True,EXPOSURE_STATS/PODCAST_GUIDE/text/archive--debating-a-i-on-the-future-of-physics-unification-missing-piece--8ebeed415e45.txt,EXPOSURE_STATS/PODCAST_GUIDE/cues/archive--debating-a-i-on-the-future-of-physics-unification-missing-piece--8ebeed415e45.jsonl
archive:4bb8db298c852093,Satobloc/SAT_THEORY_ARCHIVE_2023-25,archive,DEBATING AI PODCAST/Debating A.I. On the Future of Physics - Viscous_ Or Superfluid_.srt,transcript_subtitle,.srt,72595,4bb8db298c852093b524c61387e1a7a32ddb835a4d5b4204471c3dcfa7c190f5,38e71b4a57083787e6b4f9415fc717c25cb5e244,sha256:4bb8db298c852093b524c61387e1a7a32ddb835a4d5b4204471c3dcfa7c190f5,Debating A.I. On the Future of Physics - Viscous Or Superfluid,2026-07-17,True,True,False,True,EXPOSURE_STATS/PODCAST_GUIDE/text/archive--debating-a-i-on-the-future-of-physics-viscous-or-superfluid--4bb8db298c85.txt,EXPOSURE_STATS/PODCAST_GUIDE/cues/archive--debating-a-i-on-the-future-of-physics-viscous-or-superfluid--4bb8db298c85.jsonl
archive:0493df567ff8c0f5,Satobloc/SAT_THEORY_ARCHIVE_2023-25,archive,DEBATING AI PODCAST/Debating A.I. On the Future of Physics - Welcome to the Zottenwelt.srt,transcript_subtitle,.srt,84008,0493df567ff8c0f51c4d049fff63c89f376004bd82008a1a1b53a0195382afe8,55e5ca3d004224f890e203540dae6d0e6011e5f8,sha256:0493df567ff8c0f51c4d049fff63c89f376004bd82008a1a1b53a0195382afe8,Debating A.I. On the Future of Physics - Welcome to the Zottenwelt,2026-05-15,True,True,False,True,EXPOSURE_STATS/PODCAST_GUIDE/text/archive--debating-a-i-on-the-future-of-physics-welcome-to-the-zottenwelt--0493df567ff8.txt,EXPOSURE_STATS/PODCAST_GUIDE/cues/archive--debating-a-i-on-the-future-of-physics-welcome-to-the-zottenwelt--0493df567ff8.jsonl
archive:3e752f69c6c86615,Satobloc/SAT_THEORY_ARCHIVE_2023-25,archive,DEBATING AI PODCAST/Debating A.I. On the Future of Physics - Why No Tetraquarks.srt,transcript_subtitle,.srt,47876,3e752f69c6c8661557914a0b4544b6dcae363ee0f9ee0bd81daf80d64b32622f,74f7d7d6d8a111b7959cd3d9c0b09ee73466fee6,sha256:3e752f69c6c8661557914a0b4544b6dcae363ee0f9ee0bd81daf80d64b32622f,Debating A.I. On the Future of Physics - Why No Tetraquarks,2026-05-22,True,True,False,True,EXPOSURE_STATS/PODCAST_GUIDE/text/archive--debating-a-i-on-the-future-of-physics-why-no-tetraquarks--3e752f69c6c8.txt,EXPOSURE_STATS/PODCAST_GUIDE/cues/archive--debating-a-i-on-the-future-of-physics-why-no-tetraquarks--3e752f69c6c8.jsonl
archive:83fc62860d2b5837,Satobloc/SAT_THEORY_ARCHIVE_2023-25,archive,DEBATING AI PODCAST/Debating A.I. On the Future of Physics - Worldlines to Worldtube Manifolds and Kelvin Vortices.srt,transcript_subtitle,.srt,29296,83fc62860d2b5837d29b2c765d5653ac5b5144f1267c6e855f6c2c6396bd61b7,57023d73ed809dcda963d3149aca3b588b5ee3c1,sha256:83fc62860d2b5837d29b2c765d5653ac5b5144f1267c6e855f6c2c6396bd61b7,Debating A.I. On the Future of Physics - Worldlines to Worldtube Manifolds and Kelvin Vortices,2026-06-07,True,True,False,True,EXPOSURE_STATS/PODCAST_GUIDE/text/archive--debating-a-i-on-the-future-of-physics-worldlines-to-worldtube-manifolds-and-kelvin-vortice--83fc62860d2b.txt,EXPOSURE_STATS/PODCAST_GUIDE/cues/archive--debating-a-i-on-the-future-of-physics-worldlines-to-worldtube-manifolds-and-kelvin-vortice--83fc62860d2b.jsonl
archive:11cb9434f12d445c,Satobloc/SAT_THEORY_ARCHIVE_2023-25,archive,DEBATING AI PODCAST/Debating A.I. On the Future of Physics - WWRD_ What Would Rope Do_.srt,transcript_subtitle,.srt,89626,11cb9434f12d445c76e53202cefb88f0ba022b8dab8386dbddec5320102bcd39,2398d7b389c6fc719b14436751a91682e06118f9,sha256:11cb9434f12d445c76e53202cefb88f0ba022b8dab8386dbddec5320102bcd39,Debating A.I. On the Future of Physics - WWRD What Would Rope Do,2026-06-15,True,True,False,True,EXPOSURE_STATS/PODCAST_GUIDE/text/archive--debating-a-i-on-the-future-of-physics-wwrd-what-would-rope-do--11cb9434f12d.txt,EXPOSURE_STATS/PODCAST_GUIDE/cues/archive--debating-a-i-on-the-future-of-physics-wwrd-what-would-rope-do--11cb9434f12d.jsonl
archive:c394eb65bcf564fe,Satobloc/SAT_THEORY_ARCHIVE_2023-25,archive,DEBATING AI PODCAST/DebatingA.I.OntheFutureofPhysics_The4-DimensionalStructureofThoughtSATFilamentTheory_EngagementStats_since-published.csv,analytics,.csv,9019,c394eb65bcf564fe28602ce72d0ea7ce53bc24aad0d03a396bf20586bf2aa5a0,9fc3d9a2944ee31d4d3a7e7cef2bbce423661b9b,sha256:c394eb65bcf564fe28602ce72d0ea7ce53bc24aad0d03a396bf20586bf2aa5a0,OntheFutureofPhysics The4-DimensionalStructureofThoughtSATFilamentTheory EngagementStats since-published,,True,False,False,False,,
archive:215032f0718795e6,Satobloc/SAT_THEORY_ARCHIVE_2023-25,archive,DEBATING AI PODCAST/DebatingA.I.OntheFutureofPhysics_TrendsChart_PlaysAndDownloads_First7Days.csv,metadata_or_analytics,.csv,13204,215032f0718795e64f20dc32078a83d4f5e9cba978076629aae2f8b81e234998,5778ceb92759020ca9b62b4206b94fdbd99f0082,sha256:215032f0718795e64f20dc32078a83d4f5e9cba978076629aae2f8b81e234998,OntheFutureofPhysics TrendsChart PlaysAndDownloads First7Days,,True,False,False,False,,
archive:42a1591f08e0af61,Satobloc/SAT_THEORY_ARCHIVE_2023-25,archive,DEBATING AI PODCAST/SAT DAI - Podlodrev.txt,analytics,.txt,13445,42a1591f08e0af61704d53104e6d077daecaf32b86f543c332b8342889e8ddc0,937bc537221ce75dda205ba521b186a10bcf5ceb,sha256:42a1591f08e0af61704d53104e6d077daecaf32b86f543c332b8342889e8ddc0,SAT DAI - Podlodrev,,True,False,False,False,,
archive:fbcebed5b0ac3364,Satobloc/SAT_THEORY_ARCHIVE_2023-25,archive,DEBATING AI PODCAST/SAT DAI - Podstats_25may26.txt,analytics,.txt,193220,fbcebed5b0ac33642d6d10255ec69871c63890046204a0abd4cbd5ba1798331d,459335f7926f47d86b7d5959a594ed43e49ceae2,sha256:fbcebed5b0ac33642d6d10255ec69871c63890046204a0abd4cbd5ba1798331d,SAT DAI - Podstats 25may26,,True,False,False,False,,
archive:bc5a8bc0768c1cb7,Satobloc/SAT_THEORY_ARCHIVE_2023-25,archive,DEBATING AI PODCAST/SAT DAI WEIRD IDEAS — DEEP_DIVE_INTERIORITY.txt,podcast_text_unspecified,.txt,171479,bc5a8bc0768c1cb7df91544053fb150c6556875fe87eb7be41711ef5adbdf067,55c6d4ad32fb16a79bd0f69e9758eaf96a31b58c,,SAT DAI WEIRD IDEAS — DEEP DIVE INTERIORITY,,True,True,True,True,,
archive:17a6fc6c87440505,Satobloc/SAT_THEORY_ARCHIVE_2023-25,archive,DEBATING AI PODCAST/SAT DAI — ABOUT YOU ABOUT ME .txt,podcast_text_unspecified,.txt,3831,17a6fc6c87440505d61973e08fecc83c7d7529bd0fb1244f0a8b315efcf51fbf,b8ec21efb84e94f92f2255d83047cf2322775e2d,,SAT DAI — ABOUT YOU ABOUT ME,,True,False,False,False,,
archive:2ca73ea8c75688e2,Satobloc/SAT_THEORY_ARCHIVE_2023-25,archive,DEBATING AI PODCAST/SAT DAI — LLM ERROR Llmsrror.txt,podcast_text_unspecified,.txt,2938,2ca73ea8c75688e2397a2512924c8fd4208fea6312bdd8a8b20f4ab019401b29,d1a1e3c69b10f6b2dfc36f1578a3eeb891edc997,,SAT DAI — LLM ERROR Llmsrror,,True,True,False,False,,
archive:e68def145baad963,Satobloc/SAT_THEORY_ARCHIVE_2023-25,archive,DEBATING AI PODCAST/SAT DAI — MORGAN & ELLIS Morgellis.txt,podcast_text_unspecified,.txt,2984,e68def145baad963eb576feff779b756d5f56397f9ba090177e77d360791497e,24d45e34070aefa148c358174aa3da09d2208e95,sha256:e68def145baad963eb576feff779b756d5f56397f9ba090177e77d360791497e,SAT DAI — MORGAN & ELLIS Morgellis,,True,False,False,False,,
archive:0ea704038f9f4f54,Satobloc/SAT_THEORY_ARCHIVE_2023-25,archive,DEBATING AI PODCAST/SAT DAI — STATS Posters.txt,analytics,.txt,197752,0ea704038f9f4f543f6ca2fa846084aab23178b2dc716e21065c310c00f04fb6,00f42f3d6912df9b0e9486921bcc32c046328daa,sha256:0ea704038f9f4f543f6ca2fa846084aab23178b2dc716e21065c310c00f04fb6,SAT DAI — STATS Posters,,True,False,False,False,,
archive:0d6291cd7e4a3456,Satobloc/SAT_THEORY_ARCHIVE_2023-25,archive,DEBATING AI PODCAST/SAT DAI — stats STAT_chunked.txt,analytics,.txt,197753,0d6291cd7e4a345640a57dbd20ffd93df9cf099614e133ea66fab2c1221189f9,cf8264f961c0a385ad0a4c90fa31c5b11c192b79,sha256:0d6291cd7e4a345640a57dbd20ffd93df9cf099614e133ea66fab2c1221189f9,SAT DAI — stats STAT chunked,,True,False,False,False,,
archive:d676360b98ccbb68,Satobloc/SAT_THEORY_ARCHIVE_2023-25,archive,DEBATING AI PODCAST/SAT DAI — VERBAL_THEORY.txt,podcast_text_unspecified,.txt,861,d676360b98ccbb680db2d0fcd3e01b75010d103936bda3fcff21890b0f68b64b,2ec66c14753356024572bbd8e2879135e7c2fce7,,SAT DAI — VERBAL THEORY,,True,False,False,False,,
archive:4b294a56363ab45a,Satobloc/SAT_THEORY_ARCHIVE_2023-25,archive,"DEBATING AI PODCAST/The New Physics - (++++) or (+++,+++)_.srt",transcript_subtitle,.srt,70572,4b294a56363ab45ab486abdf8463951865cea0b8c311a88ef4db8537d501865f,ce80c65941ee72f2041786b68a61033ac7d106a2,,"(++++) or (+++,+++)",2026-07-13,True,True,False,True,EXPOSURE_STATS/PODCAST_GUIDE/text/archive--the-new-physics-or--4b294a56363a.txt,EXPOSURE_STATS/PODCAST_GUIDE/cues/archive--the-new-physics-or--4b294a56363a.jsonl
archive:079625730e12d32a,Satobloc/SAT_THEORY_ARCHIVE_2023-25,archive,DEBATING AI PODCAST/The New Physics - 2026 ≠ 2024.srt,transcript_subtitle,.srt,95475,079625730e12d32a8669abf89e8b691a788a413a22362a7f2d221ddd50668651,f32e1bbbc644b940095a5d2577d83f68431feb38,,2026 ≠ 2024,2026-06-26,True,True,False,True,EXPOSURE_STATS/PODCAST_GUIDE/text/archive--the-new-physics-2026-2024--079625730e12.txt,EXPOSURE_STATS/PODCAST_GUIDE/cues/archive--the-new-physics-2026-2024--079625730e12.jsonl
archive:d205e6d5beb1a098,Satobloc/SAT_THEORY_ARCHIVE_2023-25,archive,DEBATING AI PODCAST/The New Physics - AI Legibility — The Fun Way.srt,transcript_subtitle,.srt,80098,d205e6d5beb1a0985f27a061c58da77dd49a7dd0d0e8b4f667c225b470f18146,9da6d71c51adc56757ce2e3f3d55bbe3626e9f96,,AI Legibility — The Fun Way,2026-07-20,True,True,False,False,EXPOSURE_STATS/PODCAST_GUIDE/text/archive--the-new-physics-ai-legibility-the-fun-way--d205e6d5beb1.txt,EXPOSURE_STATS/PODCAST_GUIDE/cues/archive--the-new-physics-ai-legibility-the-fun-way--d205e6d5beb1.jsonl
archive:f72a9a02a5f8b731,Satobloc/SAT_THEORY_ARCHIVE_2023-25,archive,DEBATING AI PODCAST/The New Physics - Another Look at Bell’s Theorem.srt,transcript_subtitle,.srt,71674,f72a9a02a5f8b7319d3c227cd3d3ee78ff80cde5438f69b8029bc28d2f1606bd,24c90e9396b6a39a7e00de51b833baf861c9501f,sha256:f72a9a02a5f8b7319d3c227cd3d3ee78ff80cde5438f69b8029bc28d2f1606bd,Another Look at Bell’s Theorem,2026-09-06,True,True,False,True,EXPOSURE_STATS/PODCAST_GUIDE/text/archive--the-new-physics-another-look-at-bell-s-theorem--f72a9a02a5f8.txt,EXPOSURE_STATS/PODCAST_GUIDE/cues/archive--the-new-physics-another-look-at-bell-s-theorem--f72a9a02a5f8.jsonl
archive:b1efcaf9fc9b2900,Satobloc/SAT_THEORY_ARCHIVE_2023-25,archive,DEBATING AI PODCAST/The New Physics - Black Hole Merger.srt,transcript_subtitle,.srt,55886,b1efcaf9fc9b2900d6faccd0141ff58bef590dba6fe18917b03db420d9876db2,0d235bc2489617f2738c744dffffe2d8ffcc6f85,,Black Hole Merger,2026-07-18,True,True,False,True,EXPOSURE_STATS/PODCAST_GUIDE/text/archive--the-new-physics-black-hole-merger--b1efcaf9fc9b.txt,EXPOSURE_STATS/PODCAST_GUIDE/cues/archive--the-new-physics-black-hole-merger--b1efcaf9fc9b.jsonl
archive:be950dc34af87fd5,Satobloc/SAT_THEORY_ARCHIVE_2023-25,archive,DEBATING AI PODCAST/The New Physics - Chemical-Optical Lab Bench.srt,transcript_subtitle,.srt,89351,be950dc34af87fd5e07ee8f4a96df008416c53a21dd5fb67b81c200d49adbdfd,576ffef4bab6e6eae52be7e21e0950bdba91310b,,Chemical-Optical Lab Bench,2026-06-24,True,True,True,True,EXPOSURE_STATS/PODCAST_GUIDE/text/archive--the-new-physics-chemical-optical-lab-bench--be950dc34af8.txt,EXPOSURE_STATS/PODCAST_GUIDE/cues/archive--the-new-physics-chemical-optical-lab-bench--be950dc34af8.jsonl
archive:bdb5e64f673bdb17,Satobloc/SAT_THEORY_ARCHIVE_2023-25,archive,DEBATING AI PODCAST/The New Physics - Convergence.srt,transcript_subtitle,.srt,103974,bdb5e64f673bdb17316a93ac45d6b0c18f2cd14f7792352861a70093e5fcdaa1,1be36dee8c815a8e533c102aed5601134a540d19,,Convergence,2026-06-30,True,True,False,True,EXPOSURE_STATS/PODCAST_GUIDE/text/archive--the-new-physics-convergence--bdb5e64f673b.txt,EXPOSURE_STATS/PODCAST_GUIDE/cues/archive--the-new-physics-convergence--bdb5e64f673b.jsonl
archive:9fd60246881aaa9c,Satobloc/SAT_THEORY_ARCHIVE_2023-25,archive,DEBATING AI PODCAST/The New Physics - Crazy Talk.srt,transcript_subtitle,.srt,46574,9fd60246881aaa9c259e1e967987c2d00f5235f83c5065837abc5d71557ee694,5e9ef4943612ac83b5696e4b745478e0ca7f8f21,,Crazy Talk,2026-08-26,True,True,False,False,EXPOSURE_STATS/PODCAST_GUIDE/text/archive--the-new-physics-crazy-talk--9fd60246881a.txt,EXPOSURE_STATS/PODCAST_GUIDE/cues/archive--the-new-physics-crazy-talk--9fd60246881a.jsonl
archive:e11a3f4803c81027,Satobloc/SAT_THEORY_ARCHIVE_2023-25,archive,DEBATING AI PODCAST/The New Physics - Dual-Shell λ Expansion.srt,transcript_subtitle,.srt,93812,e11a3f4803c810277ddc5d49f6cd739825346a5465c6a7339caecae232f8a4ef,a87c5af3b6595287962e61d8c4c324822c5c19ba,,Dual-Shell λ Expansion,2026-07-17,True,True,False,True,EXPOSURE_STATS/PODCAST_GUIDE/text/archive--the-new-physics-dual-shell-expansion--e11a3f4803c8.txt,EXPOSURE_STATS/PODCAST_GUIDE/cues/archive--the-new-physics-dual-shell-expansion--e11a3f4803c8.jsonl
archive:ab6ddcc82d2b5485,Satobloc/SAT_THEORY_ARCHIVE_2023-25,archive,DEBATING AI PODCAST/The New Physics - Dzhanibekov Planets.srt,transcript_subtitle,.srt,55646,ab6ddcc82d2b54855b2c8b5cfcf8fa68747dc3bb0e5870b6d60e323c6aad3752,3aa2adfc89cc89f112ed57895f5429b9b5664115,,Dzhanibekov Planets,2026-08-21,True,True,False,True,EXPOSURE_STATS/PODCAST_GUIDE/text/archive--the-new-physics-dzhanibekov-planets--ab6ddcc82d2b.txt,EXPOSURE_STATS/PODCAST_GUIDE/cues/archive--the-new-physics-dzhanibekov-planets--ab6ddcc82d2b.jsonl
archive:b83fe9685f83c2c7,Satobloc/SAT_THEORY_ARCHIVE_2023-25,archive,DEBATING AI PODCAST/The New Physics - Finger Trap World.srt,transcript_subtitle,.srt,84797,b83fe9685f83c2c7e11abf4337c00c3945d823d41829032be4126d474df28477,3e9589b12f50ab894b2504e62729db3ac23fe787,,Finger Trap World,2026-07-17,True,True,False,True,EXPOSURE_STATS/PODCAST_GUIDE/text/archive--the-new-physics-finger-trap-world--b83fe9685f83.txt,EXPOSURE_STATS/PODCAST_GUIDE/cues/archive--the-new-physics-finger-trap-world--b83fe9685f83.jsonl
archive:8a91395016b2146c,Satobloc/SAT_THEORY_ARCHIVE_2023-25,archive,DEBATING AI PODCAST/The New Physics - H(s)H Overview.srt,transcript_subtitle,.srt,67788,8a91395016b2146c2402b38d1d31352b5066732c99a545b5b7204ec14fc89626,01b15466c2c74f3ca68a8a2d3fdffc7580f8fc8f,,H(s)H Overview,2026-09-06,True,True,False,True,EXPOSURE_STATS/PODCAST_GUIDE/text/archive--the-new-physics-h-s-h-overview--8a91395016b2.txt,EXPOSURE_STATS/PODCAST_GUIDE/cues/archive--the-new-physics-h-s-h-overview--8a91395016b2.jsonl
archive:73b9de2c5ddbe7d6,Satobloc/SAT_THEORY_ARCHIVE_2023-25,archive,DEBATING AI PODCAST/The New Physics - Hasimoto Particle Cosmology.srt,transcript_subtitle,.srt,62402,73b9de2c5ddbe7d63ff39601823ec55dbe17812f681cd68025458a77025787ae,47149a5972dd982bbee5ab65eb4011f28c15db2c,,Hasimoto Particle Cosmology,2026-07-12,True,True,False,True,EXPOSURE_STATS/PODCAST_GUIDE/text/archive--the-new-physics-hasimoto-particle-cosmology--73b9de2c5ddb.txt,EXPOSURE_STATS/PODCAST_GUIDE/cues/archive--the-new-physics-hasimoto-particle-cosmology--73b9de2c5ddb.jsonl
archive:28b46917f4e87a78,Satobloc/SAT_THEORY_ARCHIVE_2023-25,archive,DEBATING AI PODCAST/The New Physics - Intellectual Playgrounds_ Thought As Structure — Revisited.srt,transcript_subtitle,.srt,69444,28b46917f4e87a780c82050b65bdbbf66719c4fe01ddd8a4e9260de96bef2ac3,d3e886ff35b6bcf54f9d1bc2d6448368c395d54b,,Intellectual Playgrounds Thought As Structure — Revisited,2026-07-02,True,True,False,False,EXPOSURE_STATS/PODCAST_GUIDE/text/archive--the-new-physics-intellectual-playgrounds-thought-as-structure-revisited--28b46917f4e8.txt,EXPOSURE_STATS/PODCAST_GUIDE/cues/archive--the-new-physics-intellectual-playgrounds-thought-as-structure-revisited--28b46917f4e8.jsonl
archive:09b9c82620cb0b63,Satobloc/SAT_THEORY_ARCHIVE_2023-25,archive,DEBATING AI PODCAST/The New Physics - Majorana Coupling & Coiled Cooper Pairing (1).srt,transcript_subtitle,.srt,92105,09b9c82620cb0b63ded0ba45c0efce371bcabd9982ac8601d8722fcb9ae85b3f,4fcf898af846478b3f031313ecd9dc96813b7517,,Majorana Coupling & Coiled Cooper Pairing (1),2026-09-06,True,True,False,True,EXPOSURE_STATS/PODCAST_GUIDE/text/archive--the-new-physics-majorana-coupling-coiled-cooper-pairing-1--09b9c82620cb.txt,EXPOSURE_STATS/PODCAST_GUIDE/cues/archive--the-new-physics-majorana-coupling-coiled-cooper-pairing-1--09b9c82620cb.jsonl
archive:b8a235c22ba62eff,Satobloc/SAT_THEORY_ARCHIVE_2023-25,archive,DEBATING AI PODCAST/The New Physics - Particles & Inverse Black Holes.srt,transcript_subtitle,.srt,79462,b8a235c22ba62eff853803e61ceff3c139212825dcf61dabc480529ffdfff461,cc8266d8e80cdb69d2293328cd9ec3809689a6b0,,Particles & Inverse Black Holes,2026-07-18,True,True,False,True,EXPOSURE_STATS/PODCAST_GUIDE/text/archive--the-new-physics-particles-inverse-black-holes--b8a235c22ba6.txt,EXPOSURE_STATS/PODCAST_GUIDE/cues/archive--the-new-physics-particles-inverse-black-holes--b8a235c22ba6.jsonl
archive:0919d1f09f823476,Satobloc/SAT_THEORY_ARCHIVE_2023-25,archive,DEBATING AI PODCAST/The New Physics - Physics vs Dogma.srt,transcript_subtitle,.srt,77558,0919d1f09f82347613e32817ef0e1ca356f3f78827ed314e85e192b04e049424,6b63709fd3491d4d77a1b87b979f242c4ab3713e,,Physics vs Dogma,2026-07-17,True,True,True,True,EXPOSURE_STATS/PODCAST_GUIDE/text/archive--the-new-physics-physics-vs-dogma--0919d1f09f82.txt,EXPOSURE_STATS/PODCAST_GUIDE/cues/archive--the-new-physics-physics-vs-dogma--0919d1f09f82.jsonl
archive:ac6521323b6e5ef1,Satobloc/SAT_THEORY_ARCHIVE_2023-25,archive,DEBATING AI PODCAST/The New Physics - Physics_ The Full Stack.srt,transcript_subtitle,.srt,15677,ac6521323b6e5ef1ae75f7f9caf5cbb61ad9b256e5bf04ac4437df85ad4b994c,5defcd4ef2faa48fd2c38b354bfbaf92dc8c0b91,,Physics The Full Stack,2026-06-18,True,False,False,True,EXPOSURE_STATS/PODCAST_GUIDE/text/archive--the-new-physics-physics-the-full-stack--ac6521323b6e.txt,EXPOSURE_STATS/PODCAST_GUIDE/cues/archive--the-new-physics-physics-the-full-stack--ac6521323b6e.jsonl
archive:80cdb1b9afff7782,Satobloc/SAT_THEORY_ARCHIVE_2023-25,archive,DEBATING AI PODCAST/The New Physics - Quantum Kelvin Waves.srt,transcript_subtitle,.srt,79208,80cdb1b9afff7782b699d43ff9b8cd477e31c3c6c18c8f9327f71e0b842290d9,d13e35cdc0e1b3cec2488ffd94e1cb2888a88066,,Quantum Kelvin Waves,2026-07-12,True,True,False,True,EXPOSURE_STATS/PODCAST_GUIDE/text/archive--the-new-physics-quantum-kelvin-waves--80cdb1b9afff.txt,EXPOSURE_STATS/PODCAST_GUIDE/cues/archive--the-new-physics-quantum-kelvin-waves--80cdb1b9afff.jsonl
archive:1785c48eb85a2f33,Satobloc/SAT_THEORY_ARCHIVE_2023-25,archive,DEBATING AI PODCAST/The New Physics - SAT ==_ H(s)H.srt,transcript_subtitle,.srt,80953,1785c48eb85a2f336b6566136074b5aad926a2e1fc61ec5dbbe9921ebbea56c2,49c0ecdf1fadf811cd14a75ddfdecff0acf97180,,SAT == H(s)H,2026-06-16,True,True,False,True,EXPOSURE_STATS/PODCAST_GUIDE/text/archive--the-new-physics-sat-h-s-h--1785c48eb85a.txt,EXPOSURE_STATS/PODCAST_GUIDE/cues/archive--the-new-physics-sat-h-s-h--1785c48eb85a.jsonl
archive:caa6d2929e4cb0cd,Satobloc/SAT_THEORY_ARCHIVE_2023-25,archive,DEBATING AI PODCAST/The New Physics - The c - H_0 Gap.srt,transcript_subtitle,.srt,95757,caa6d2929e4cb0cd8e798beab55638f33b360b88e09651ab9b607ef96354a9b3,6e786fb392c9fd4b4862971d0a813de4b84188e6,,The c - H 0 Gap,2026-06-16,True,True,False,True,EXPOSURE_STATS/PODCAST_GUIDE/text/archive--the-new-physics-the-c-h-0-gap--caa6d2929e4c.txt,EXPOSURE_STATS/PODCAST_GUIDE/cues/archive--the-new-physics-the-c-h-0-gap--caa6d2929e4c.jsonl
archive:934bafac53a38a2d,Satobloc/SAT_THEORY_ARCHIVE_2023-25,archive,DEBATING AI PODCAST/The New Physics - The Einstein-Rosen Key.srt,transcript_subtitle,.srt,67925,934bafac53a38a2db8fff18edc603eec8f2d88e1063bc3666063e880ceae0141,6cc59163f8cae33babce5f26dd96ec7d58dc2552,,The Einstein-Rosen Key,2026-06-18,True,True,False,True,EXPOSURE_STATS/PODCAST_GUIDE/text/archive--the-new-physics-the-einstein-rosen-key--934bafac53a3.txt,EXPOSURE_STATS/PODCAST_GUIDE/cues/archive--the-new-physics-the-einstein-rosen-key--934bafac53a3.jsonl
archive:057f7009010203ed,Satobloc/SAT_THEORY_ARCHIVE_2023-25,archive,DEBATING AI PODCAST/The New Physics - The Math of it All.srt,transcript_subtitle,.srt,75813,057f7009010203ed117592feed7ed2fbd5518c0253a11d4ff3582b9c1cc6ce77,49f47e71be46c769ce5a68b4c01af77d6cba917a,,The Math of it All,2026-07-05,True,True,False,True,EXPOSURE_STATS/PODCAST_GUIDE/text/archive--the-new-physics-the-math-of-it-all--057f70090102.txt,EXPOSURE_STATS/PODCAST_GUIDE/cues/archive--the-new-physics-the-math-of-it-all--057f70090102.jsonl
archive:b33d2e9144b99fd5,Satobloc/SAT_THEORY_ARCHIVE_2023-25,archive,DEBATING AI PODCAST/The New Physics - The Time Travel Brick Wall.srt,transcript_subtitle,.srt,83158,b33d2e9144b99fd5cc2f814b9e17d2081db7fed645ce0416ae7a91706ef5f720,c7534d587c06f62d24c6ba5a6f3d8dd2978875bd,,The Time Travel Brick Wall,2026-07-18,True,True,False,True,EXPOSURE_STATS/PODCAST_GUIDE/text/archive--the-new-physics-the-time-travel-brick-wall--b33d2e9144b9.txt,EXPOSURE_STATS/PODCAST_GUIDE/cues/archive--the-new-physics-the-time-travel-brick-wall--b33d2e9144b9.jsonl
archive:852975c919c43407,Satobloc/SAT_THEORY_ARCHIVE_2023-25,archive,DEBATING AI PODCAST/The New Physics - Viscous_ Or Superfluid_.srt,transcript_subtitle,.srt,72571,852975c919c4340714a9d6b04bc308205520bb975cd33586c4e8d17b85bdac24,c200166371904ac64d6a662a7eb4688543c16505,,Viscous Or Superfluid,2026-07-17,True,True,False,True,EXPOSURE_STATS/PODCAST_GUIDE/text/archive--the-new-physics-viscous-or-superfluid--852975c919c4.txt,EXPOSURE_STATS/PODCAST_GUIDE/cues/archive--the-new-physics-viscous-or-superfluid--852975c919c4.jsonl
archive:8125a09e70f2b23e,Satobloc/SAT_THEORY_ARCHIVE_2023-25,archive,DEBATING AI PODCAST/The New Physics - Zitterbewegung & Worldtubes.srt,transcript_subtitle,.srt,71971,8125a09e70f2b23efad231f3cd440d96839ef8c4927b8f0f24ec02d98ccdede5,d7807b1871ef96f491a1178df9f4ee7356072af3,,Zitterbewegung & Worldtubes,2026-09-06,True,True,False,True,EXPOSURE_STATS/PODCAST_GUIDE/text/archive--the-new-physics-zitterbewegung-worldtubes--8125a09e70f2.txt,EXPOSURE_STATS/PODCAST_GUIDE/cues/archive--the-new-physics-zitterbewegung-worldtubes--8125a09e70f2.jsonl
archive:4340fb3c20091739,Satobloc/SAT_THEORY_ARCHIVE_2023-25,archive,"DEBATING AI TRANSCRIPTS CONT/Debating A.I. On the Future of Physics - (++++) or (+++,+++)_.srt",transcript_subtitle,.srt,70597,4340fb3c200917394ee9571b9004f76315bef9e26545ad2f619fbb1f241562b1,3bcb9b33c652d503326b6941834444d9263b2010,sha256:4340fb3c200917394ee9571b9004f76315bef9e26545ad2f619fbb1f241562b1,"Debating A.I. On the Future of Physics - (++++) or (+++,+++)",2026-07-13,True,True,False,True,EXPOSURE_STATS/PODCAST_GUIDE/text/archive--debating-a-i-on-the-future-of-physics-or--4340fb3c2009.txt,EXPOSURE_STATS/PODCAST_GUIDE/cues/archive--debating-a-i-on-the-future-of-physics-or--4340fb3c2009.jsonl
archive:2588ec3971807b80,Satobloc/SAT_THEORY_ARCHIVE_2023-25,archive,DEBATING AI TRANSCRIPTS CONT/Debating A.I. On the Future of Physics - 2026 Pre-Synthesis.srt,transcript_subtitle,.srt,66095,2588ec3971807b80c880bbfe5c89c0f06177f5e2e5db17b32766ed84c1018d56,bc4aab29306219fa49c8e0a6f05989e44097f37f,sha256:2588ec3971807b80c880bbfe5c89c0f06177f5e2e5db17b32766ed84c1018d56,Debating A.I. On the Future of Physics - 2026 Pre-Synthesis,2026-06-15,True,True,False,True,EXPOSURE_STATS/PODCAST_GUIDE/text/archive--debating-a-i-on-the-future-of-physics-2026-pre-synthesis--2588ec397180.txt,EXPOSURE_STATS/PODCAST_GUIDE/cues/archive--debating-a-i-on-the-future-of-physics-2026-pre-synthesis--2588ec397180.jsonl
archive:ea80332c9f29c032,Satobloc/SAT_THEORY_ARCHIVE_2023-25,archive,DEBATING AI TRANSCRIPTS CONT/Debating A.I. On the Future of Physics - 2026 ReSynthesis Overview.srt,transcript_subtitle,.srt,90861,ea80332c9f29c032548dca14aaae21de672ac6c9db203e7cdc996b36fe02a5d4,5ad4b93a565dcb28f212b1bb80d521c3db819ddb,sha256:ea80332c9f29c032548dca14aaae21de672ac6c9db203e7cdc996b36fe02a5d4,Debating A.I. On the Future of Physics - 2026 ReSynthesis Overview,2026-06-16,True,True,False,True,EXPOSURE_STATS/PODCAST_GUIDE/text/archive--debating-a-i-on-the-future-of-physics-2026-resynthesis-overview--ea80332c9f29.txt,EXPOSURE_STATS/PODCAST_GUIDE/cues/archive--debating-a-i-on-the-future-of-physics-2026-resynthesis-overview--ea80332c9f29.jsonl
archive:14b0ed36505e995b,Satobloc/SAT_THEORY_ARCHIVE_2023-25,archive,DEBATING AI TRANSCRIPTS CONT/Debating A.I. On the Future of Physics - 2026 ≠ 2024.srt,transcript_subtitle,.srt,95498,14b0ed36505e995b07f7f1fa294291a62abe38b6707dc0a578f4070253cac1de,dabfca8770be9bf3c09ff132076275e7a347e9d2,sha256:14b0ed36505e995b07f7f1fa294291a62abe38b6707dc0a578f4070253cac1de,Debating A.I. On the Future of Physics - 2026 ≠ 2024,2026-06-26,True,True,False,True,EXPOSURE_STATS/PODCAST_GUIDE/text/archive--debating-a-i-on-the-future-of-physics-2026-2024--14b0ed36505e.txt,EXPOSURE_STATS/PODCAST_GUIDE/cues/archive--debating-a-i-on-the-future-of-physics-2026-2024--14b0ed36505e.jsonl
archive:bdf6d2dae9b7eba0,Satobloc/SAT_THEORY_ARCHIVE_2023-25,archive,DEBATING AI TRANSCRIPTS CONT/Debating A.I. On the Future of Physics - A New Interpretation of String Theory Dimensions_.srt,transcript_subtitle,.srt,70537,bdf6d2dae9b7eba031073250e220f3375e562d75f105fbc9824cc4673b353d7d,68cb1b9278d37e0cb31c65db91c0f9a49f2433e9,sha256:bdf6d2dae9b7eba031073250e220f3375e562d75f105fbc9824cc4673b353d7d,Debating A.I. On the Future of Physics - A New Interpretation of String Theory Dimensions,2026-05-08,True,True,False,True,EXPOSURE_STATS/PODCAST_GUIDE/text/archive--debating-a-i-on-the-future-of-physics-a-new-interpretation-of-string-theory-dimensions--bdf6d2dae9b7.txt,EXPOSURE_STATS/PODCAST_GUIDE/cues/archive--debating-a-i-on-the-future-of-physics-a-new-interpretation-of-string-theory-dimensions--bdf6d2dae9b7.jsonl
archive:82d3be94160c018b,Satobloc/SAT_THEORY_ARCHIVE_2023-25,archive,DEBATING AI TRANSCRIPTS CONT/Debating A.I. On the Future of Physics - A Poem.srt,transcript_subtitle,.srt,62660,82d3be94160c018b6bdd9787e696ac87bfcd5bbbc6f57bf6f96b672d626f1280,782f67cff2a1d3c46d463f368bb137beb9bc62c3,sha256:82d3be94160c018b6bdd9787e696ac87bfcd5bbbc6f57bf6f96b672d626f1280,Debating A.I. On the Future of Physics - A Poem,2026-05-16,True,False,False,True,EXPOSURE_STATS/PODCAST_GUIDE/text/archive--debating-a-i-on-the-future-of-physics-a-poem--82d3be94160c.txt,EXPOSURE_STATS/PODCAST_GUIDE/cues/archive--debating-a-i-on-the-future-of-physics-a-poem--82d3be94160c.jsonl
archive:116e990d918036f9,Satobloc/SAT_THEORY_ARCHIVE_2023-25,archive,DEBATING AI TRANSCRIPTS CONT/Debating A.I. On the Future of Physics - A Review of McKnight’s Camera Talk.srt,transcript_subtitle,.srt,107898,116e990d918036f9a2bd2b3abeb198b77ca4291bcaf0da11b9ebb85b7ac11d67,cf3081b9ff353247f8be928a4d465f3daf186825,sha256:116e990d918036f9a2bd2b3abeb198b77ca4291bcaf0da11b9ebb85b7ac11d67,Debating A.I. On the Future of Physics - A Review of McKnight’s Camera Talk,2026-05-17,True,True,False,True,EXPOSURE_STATS/PODCAST_GUIDE/text/archive--debating-a-i-on-the-future-of-physics-a-review-of-mcknight-s-camera-talk--116e990d9180.txt,EXPOSURE_STATS/PODCAST_GUIDE/cues/archive--debating-a-i-on-the-future-of-physics-a-review-of-mcknight-s-camera-talk--116e990d9180.jsonl
archive:ce05af933bc1fc5b,Satobloc/SAT_THEORY_ARCHIVE_2023-25,archive,DEBATING AI TRANSCRIPTS CONT/Debating A.I. On the Future of Physics - AI Legibility — The Fun Way.txt,podcast_text_unspecified,.txt,80123,ce05af933bc1fc5b5b575225b9ba66e3b4d976cd75f08d934d0c132e6b562000,d4792106c3af1269ab0b703517d7dc7629adb14a,sha256:ce05af933bc1fc5b5b575225b9ba66e3b4d976cd75f08d934d0c132e6b562000,Debating A.I. On the Future of Physics - AI Legibility — The Fun Way,2026-07-20,True,True,False,False,,
archive:b120d90ff9b7f649,Satobloc/SAT_THEORY_ARCHIVE_2023-25,archive,DEBATING AI TRANSCRIPTS CONT/Debating A.I. On the Future of Physics - AI Weirdness.srt,transcript_subtitle,.srt,81301,b120d90ff9b7f649077ea50ab9fb435f6dee854c2cb1806dbdc7442cc0392056,3c7ce7edf210ab75abace2a8fe50dc35a206ee87,sha256:b120d90ff9b7f649077ea50ab9fb435f6dee854c2cb1806dbdc7442cc0392056,Debating A.I. On the Future of Physics - AI Weirdness,2026-05-17,True,True,False,True,EXPOSURE_STATS/PODCAST_GUIDE/text/archive--debating-a-i-on-the-future-of-physics-ai-weirdness--b120d90ff9b7.txt,EXPOSURE_STATS/PODCAST_GUIDE/cues/archive--debating-a-i-on-the-future-of-physics-ai-weirdness--b120d90ff9b7.jsonl
archive:057ec442e5918cd6,Satobloc/SAT_THEORY_ARCHIVE_2023-25,archive,DEBATING AI TRANSCRIPTS CONT/Debating A.I. On the Future of Physics - Ampère’s Understanding.srt,transcript_subtitle,.srt,76318,057ec442e5918cd6b624a1772f39e8e2d50a2f7a50f1ea2e0d79c41735f46582,cb8b753f659e1e9cada15225748f5717542d7608,sha256:057ec442e5918cd6b624a1772f39e8e2d50a2f7a50f1ea2e0d79c41735f46582,Debating A.I. On the Future of Physics - Ampère’s Understanding,2026-05-21,True,True,False,True,EXPOSURE_STATS/PODCAST_GUIDE/text/archive--debating-a-i-on-the-future-of-physics-amp-re-s-understanding--057ec442e591.txt,EXPOSURE_STATS/PODCAST_GUIDE/cues/archive--debating-a-i-on-the-future-of-physics-amp-re-s-understanding--057ec442e591.jsonl
archive:0fc5d08478bb09aa,Satobloc/SAT_THEORY_ARCHIVE_2023-25,archive,DEBATING AI TRANSCRIPTS CONT/Debating A.I. On the Future of Physics - Anarcheologist.srt,transcript_subtitle,.srt,62878,0fc5d08478bb09aa7802b152e9908f6b4576ae1418b443999567d3f3b22ab621,c2793bc827e558fecf41d208bdc7dc27ee32b1cb,sha256:0fc5d08478bb09aa7802b152e9908f6b4576ae1418b443999567d3f3b22ab621,Debating A.I. On the Future of Physics - Anarcheologist,2026-06-15,True,True,False,False,EXPOSURE_STATS/PODCAST_GUIDE/text/archive--debating-a-i-on-the-future-of-physics-anarcheologist--0fc5d08478bb.txt,EXPOSURE_STATS/PODCAST_GUIDE/cues/archive--debating-a-i-on-the-future-of-physics-anarcheologist--0fc5d08478bb.jsonl
archive:ac402565188ade7e,Satobloc/SAT_THEORY_ARCHIVE_2023-25,archive,DEBATING AI TRANSCRIPTS CONT/Debating A.I. On the Future of Physics - Background for SAT Predictions.srt,transcript_subtitle,.srt,91863,ac402565188ade7e05dd47a141e468f97f50236b4ff861f79a4ea5cd74c0a1cd,5eb5daabf714308e05425ab86b18c022d91d0218,sha256:ac402565188ade7e05dd47a141e468f97f50236b4ff861f79a4ea5cd74c0a1cd,Debating A.I. On the Future of Physics - Background for SAT Predictions,2026-05-18,True,True,False,True,EXPOSURE_STATS/PODCAST_GUIDE/text/archive--debating-a-i-on-the-future-of-physics-background-for-sat-predictions--ac402565188a.txt,EXPOSURE_STATS/PODCAST_GUIDE/cues/archive--debating-a-i-on-the-future-of-physics-background-for-sat-predictions--ac402565188a.jsonl
archive:a18827beecc371c2,Satobloc/SAT_THEORY_ARCHIVE_2023-25,archive,DEBATING AI TRANSCRIPTS CONT/Debating A.I. On the Future of Physics - Bass Ackwards.srt,transcript_subtitle,.srt,73469,a18827beecc371c273b833ae396c916f3ea5dd7845da5176ac54da3c1ecba4d8,8a5c5929263327a843bab5cdc6668911fdb54b03,sha256:a18827beecc371c273b833ae396c916f3ea5dd7845da5176ac54da3c1ecba4d8,Debating A.I. On the Future of Physics - Bass Ackwards,2026-06-14,True,True,False,True,EXPOSURE_STATS/PODCAST_GUIDE/text/archive--debating-a-i-on-the-future-of-physics-bass-ackwards--a18827beecc3.txt,EXPOSURE_STATS/PODCAST_GUIDE/cues/archive--debating-a-i-on-the-future-of-physics-bass-ackwards--a18827beecc3.jsonl
archive:709dd6de9a950e80,Satobloc/SAT_THEORY_ARCHIVE_2023-25,archive,DEBATING AI TRANSCRIPTS CONT/Debating A.I. On the Future of Physics - Black Hole Conjecture.srt,transcript_subtitle,.srt,51221,709dd6de9a950e800f2fab4ce3a970f02c6db149ce709cf85034a3695d2ea3b3,0a85a610db1c3e56316a0e0a06bda90312119e8d,sha256:709dd6de9a950e800f2fab4ce3a970f02c6db149ce709cf85034a3695d2ea3b3,Debating A.I. On the Future of Physics - Black Hole Conjecture,2026-05-22,True,True,False,True,EXPOSURE_STATS/PODCAST_GUIDE/text/archive--debating-a-i-on-the-future-of-physics-black-hole-conjecture--709dd6de9a95.txt,EXPOSURE_STATS/PODCAST_GUIDE/cues/archive--debating-a-i-on-the-future-of-physics-black-hole-conjecture--709dd6de9a95.jsonl
archive:d90306dac59e241b,Satobloc/SAT_THEORY_ARCHIVE_2023-25,archive,DEBATING AI TRANSCRIPTS CONT/Debating A.I. On the Future of Physics - Black Hole Merger.txt,podcast_text_unspecified,.txt,55910,d90306dac59e241bbc9409c07237b2e6be9d3e197fe3b3fa97913063450735c5,f846fb9b31b4c00e4613d4547ca97dab2a5f25d0,sha256:d90306dac59e241bbc9409c07237b2e6be9d3e197fe3b3fa97913063450735c5,Debating A.I. On the Future of Physics - Black Hole Merger,2026-07-18,True,True,False,True,,
archive:0a6247b0d3eaefc4,Satobloc/SAT_THEORY_ARCHIVE_2023-25,archive,DEBATING AI TRANSCRIPTS CONT/Debating A.I. On the Future of Physics - Bosons Reclassified.srt,transcript_subtitle,.srt,90124,0a6247b0d3eaefc49474a841c085ca3cba5d627e19d6d216899fd5932918361c,350a662848f51e05f41e090d84b536a1a87490ce,sha256:0a6247b0d3eaefc49474a841c085ca3cba5d627e19d6d216899fd5932918361c,Debating A.I. On the Future of Physics - Bosons Reclassified,2026-05-05,True,True,False,True,EXPOSURE_STATS/PODCAST_GUIDE/text/archive--debating-a-i-on-the-future-of-physics-bosons-reclassified--0a6247b0d3ea.txt,EXPOSURE_STATS/PODCAST_GUIDE/cues/archive--debating-a-i-on-the-future-of-physics-bosons-reclassified--0a6247b0d3ea.jsonl
archive:c49b710991c0d4ee,Satobloc/SAT_THEORY_ARCHIVE_2023-25,archive,DEBATING AI TRANSCRIPTS CONT/Debating A.I. On the Future of Physics - But are you...𝙎𝘼𝙏 𝙧𝙞𝙜𝙤𝙧𝙤𝙪𝙨_.srt,transcript_subtitle,.srt,65639,c49b710991c0d4eebc0a1d17beae3275473f1d871704ca8c906bf470703187cd,48f70133bfd6721743419609414e1d55f102a7b4,sha256:c49b710991c0d4eebc0a1d17beae3275473f1d871704ca8c906bf470703187cd,Debating A.I. On the Future of Physics - But are you...𝙎𝘼𝙏 𝙧𝙞𝙜𝙤𝙧𝙤𝙪𝙨,2026-06-16,True,True,False,True,EXPOSURE_STATS/PODCAST_GUIDE/text/archive--debating-a-i-on-the-future-of-physics-but-are-you--c49b710991c0.txt,EXPOSURE_STATS/PODCAST_GUIDE/cues/archive--debating-a-i-on-the-future-of-physics-but-are-you--c49b710991c0.jsonl
archive:e9b16e07314b67ab,Satobloc/SAT_THEORY_ARCHIVE_2023-25,archive,DEBATING AI TRANSCRIPTS CONT/Debating A.I. On the Future of Physics - Catching Up with the Field.srt,transcript_subtitle,.srt,58126,e9b16e07314b67aba069730f7891eaa8dd9b0aeb190b77c63aac378e06a18902,576d385337e67e786aa9f86f3002c39db2f6e085,sha256:e9b16e07314b67aba069730f7891eaa8dd9b0aeb190b77c63aac378e06a18902,Debating A.I. On the Future of Physics - Catching Up with the Field,2026-06-11,True,True,False,True,EXPOSURE_STATS/PODCAST_GUIDE/text/archive--debating-a-i-on-the-future-of-physics-catching-up-with-the-field--e9b16e07314b.txt,EXPOSURE_STATS/PODCAST_GUIDE/cues/archive--debating-a-i-on-the-future-of-physics-catching-up-with-the-field--e9b16e07314b.jsonl
archive:6a93c3a1d1cc5510,Satobloc/SAT_THEORY_ARCHIVE_2023-25,archive,DEBATING AI TRANSCRIPTS CONT/Debating A.I. On the Future of Physics - Chemical-Optical Lab Bench.srt,transcript_subtitle,.srt,89375,6a93c3a1d1cc551040f7208a421b150b8449c87dd8b8db278eab3c04e6796fca,efb300e9ec9ead3052167c027ebcf44b2c0f9720,sha256:6a93c3a1d1cc551040f7208a421b150b8449c87dd8b8db278eab3c04e6796fca,Debating A.I. On the Future of Physics - Chemical-Optical Lab Bench,2026-06-24,True,True,True,True,EXPOSURE_STATS/PODCAST_GUIDE/text/archive--debating-a-i-on-the-future-of-physics-chemical-optical-lab-bench--6a93c3a1d1cc.txt,EXPOSURE_STATS/PODCAST_GUIDE/cues/archive--debating-a-i-on-the-future-of-physics-chemical-optical-lab-bench--6a93c3a1d1cc.jsonl
archive:a5b5b4bfba53afcb,Satobloc/SAT_THEORY_ARCHIVE_2023-25,archive,DEBATING AI TRANSCRIPTS CONT/Debating A.I. On the Future of Physics - Convergence.srt,transcript_subtitle,.srt,103997,a5b5b4bfba53afcb55780e0392a6dd89c309ec8a13aa5dc0416ee6b508f45623,9f1eae68a971edb93c5fb881f6927cdfec166533,sha256:a5b5b4bfba53afcb55780e0392a6dd89c309ec8a13aa5dc0416ee6b508f45623,Debating A.I. On the Future of Physics - Convergence,2026-06-30,True,True,False,True,EXPOSURE_STATS/PODCAST_GUIDE/text/archive--debating-a-i-on-the-future-of-physics-convergence--a5b5b4bfba53.txt,EXPOSURE_STATS/PODCAST_GUIDE/cues/archive--debating-a-i-on-the-future-of-physics-convergence--a5b5b4bfba53.jsonl
archive:d3bfd5e0ca407cc8,Satobloc/SAT_THEORY_ARCHIVE_2023-25,archive,DEBATING AI TRANSCRIPTS CONT/Debating A.I. On the Future of Physics - Doomsday Brunchtime.srt,transcript_subtitle,.srt,90334,d3bfd5e0ca407cc82e4b51b80992a56053426b92e9d323ac5964c537a4607d7b,6fdf55fe5d4a07952e18207198fce1c26d7a752b,sha256:d3bfd5e0ca407cc82e4b51b80992a56053426b92e9d323ac5964c537a4607d7b,Debating A.I. On the Future of Physics - Doomsday Brunchtime,2026-06-16,True,True,False,True,EXPOSURE_STATS/PODCAST_GUIDE/text/archive--debating-a-i-on-the-future-of-physics-doomsday-brunchtime--d3bfd5e0ca40.txt,EXPOSURE_STATS/PODCAST_GUIDE/cues/archive--debating-a-i-on-the-future-of-physics-doomsday-brunchtime--d3bfd5e0ca40.jsonl
archive:095166e959ce13d6,Satobloc/SAT_THEORY_ARCHIVE_2023-25,archive,DEBATING AI TRANSCRIPTS CONT/Debating A.I. On the Future of Physics - Dual-Shell λ Expansion.srt,transcript_subtitle,.srt,93837,095166e959ce13d6d1de6b58fd92aa98dfd34892e4ae5ec2daa3e14b4f066ac7,2960a9d66951c7ec9fb3d7e4662fa1bee24e1a4c,sha256:095166e959ce13d6d1de6b58fd92aa98dfd34892e4ae5ec2daa3e14b4f066ac7,Debating A.I. On the Future of Physics - Dual-Shell λ Expansion,2026-07-17,True,True,False,True,EXPOSURE_STATS/PODCAST_GUIDE/text/archive--debating-a-i-on-the-future-of-physics-dual-shell-expansion--095166e959ce.txt,EXPOSURE_STATS/PODCAST_GUIDE/cues/archive--debating-a-i-on-the-future-of-physics-dual-shell-expansion--095166e959ce.jsonl
archive:355bb5efe97de876,Satobloc/SAT_THEORY_ARCHIVE_2023-25,archive,DEBATING AI TRANSCRIPTS CONT/Debating A.I. On the Future of Physics - Dzhanibekov Planets.txt,podcast_text_unspecified,.txt,55670,355bb5efe97de8765e0ce9cb6bf90e0bb70ee37a156f9af409562ae41ab84277,b906b8249ff13f09e9e29f56a5ffb5a2734795b2,sha256:355bb5efe97de8765e0ce9cb6bf90e0bb70ee37a156f9af409562ae41ab84277,Debating A.I. On the Future of Physics - Dzhanibekov Planets,2026-08-21,True,True,False,True,,
archive:f7fa4f3836a6dc90,Satobloc/SAT_THEORY_ARCHIVE_2023-25,archive,DEBATING AI TRANSCRIPTS CONT/Debating A.I. On the Future of Physics - Electro-Gravity Unification.srt,transcript_subtitle,.srt,78631,f7fa4f3836a6dc9003372cfc1547f8d3d446e0dccd4891f7f9855a80ea0a122e,b4018b2413cb9a8367e60bbb39b0afde2830288c,sha256:f7fa4f3836a6dc9003372cfc1547f8d3d446e0dccd4891f7f9855a80ea0a122e,Debating A.I. On the Future of Physics - Electro-Gravity Unification,2026-05-05,True,True,False,True,EXPOSURE_STATS/PODCAST_GUIDE/text/archive--debating-a-i-on-the-future-of-physics-electro-gravity-unification--f7fa4f3836a6.txt,EXPOSURE_STATS/PODCAST_GUIDE/cues/archive--debating-a-i-on-the-future-of-physics-electro-gravity-unification--f7fa4f3836a6.jsonl
archive:c4d93206d69e1e32,Satobloc/SAT_THEORY_ARCHIVE_2023-25,archive,DEBATING AI TRANSCRIPTS CONT/Debating A.I. On the Future of Physics - Electrogravacoustics 1.srt,transcript_subtitle,.srt,83051,c4d93206d69e1e328430fde540a0f4c0b1a3eaa2f84a917ecfeb711b234c9f27,11f1c1e3dd472c946ce48fcadbade95ee94b17aa,sha256:c4d93206d69e1e328430fde540a0f4c0b1a3eaa2f84a917ecfeb711b234c9f27,Debating A.I. On the Future of Physics - Electrogravacoustics 1,2026-05-09,True,True,False,True,EXPOSURE_STATS/PODCAST_GUIDE/text/archive--debating-a-i-on-the-future-of-physics-electrogravacoustics-1--c4d93206d69e.txt,EXPOSURE_STATS/PODCAST_GUIDE/cues/archive--debating-a-i-on-the-future-of-physics-electrogravacoustics-1--c4d93206d69e.jsonl
archive:289acc7a7a58a596,Satobloc/SAT_THEORY_ARCHIVE_2023-25,archive,DEBATING AI TRANSCRIPTS CONT/Debating A.I. On the Future of Physics - Electrogravacoustics 2 (1).srt,transcript_subtitle,.srt,81292,289acc7a7a58a5968318425ca42a3c4a6308692cc4933d933aef8a15e3ff0d80,5f0cf566e9e6cd027c0d0881eec6570927b60ce4,sha256:289acc7a7a58a5968318425ca42a3c4a6308692cc4933d933aef8a15e3ff0d80,Debating A.I. On the Future of Physics - Electrogravacoustics 2 (1),,True,True,True,True,EXPOSURE_STATS/PODCAST_GUIDE/text/archive--debating-a-i-on-the-future-of-physics-electrogravacoustics-2-1--289acc7a7a58.txt,EXPOSURE_STATS/PODCAST_GUIDE/cues/archive--debating-a-i-on-the-future-of-physics-electrogravacoustics-2-1--289acc7a7a58.jsonl
archive:407b1a9e2153223d,Satobloc/SAT_THEORY_ARCHIVE_2023-25,archive,DEBATING AI TRANSCRIPTS CONT/Debating A.I. On the Future of Physics - Electrogravacoustics 2.srt,transcript_subtitle,.srt,86476,407b1a9e2153223d6036bcb851ceb057db4264886f7304694ea153600b9e8a78,8350e53c167ea18b914692b11d7cc208f164c3b7,sha256:407b1a9e2153223d6036bcb851ceb057db4264886f7304694ea153600b9e8a78,Debating A.I. On the Future of Physics - Electrogravacoustics 2,2026-05-09,True,True,True,True,EXPOSURE_STATS/PODCAST_GUIDE/text/archive--debating-a-i-on-the-future-of-physics-electrogravacoustics-2--407b1a9e2153.txt,EXPOSURE_STATS/PODCAST_GUIDE/cues/archive--debating-a-i-on-the-future-of-physics-electrogravacoustics-2--407b1a9e2153.jsonl
archive:4420c5582dc15930,Satobloc/SAT_THEORY_ARCHIVE_2023-25,archive,"DEBATING AI TRANSCRIPTS CONT/Debating A.I. On the Future of Physics - EVENT TOMORROW! COLUMBUS, OHIO.srt",transcript_subtitle,.srt,10028,4420c5582dc15930c57c2e242ef00483eb9102a275e49df7b6f2b5f7bbbbb02f,a5b507a89b725b68366e4ad7553a35ab3b7e581e,sha256:4420c5582dc15930c57c2e242ef00483eb9102a275e49df7b6f2b5f7bbbbb02f,"Debating A.I. On the Future of Physics - EVENT TOMORROW! COLUMBUS, OHIO",,True,True,False,False,EXPOSURE_STATS/PODCAST_GUIDE/text/archive--debating-a-i-on-the-future-of-physics-event-tomorrow-columbus-ohio--4420c5582dc1.txt,EXPOSURE_STATS/PODCAST_GUIDE/cues/archive--debating-a-i-on-the-future-of-physics-event-tomorrow-columbus-ohio--4420c5582dc1.jsonl
archive:b9c3aa9c66305fd8,Satobloc/SAT_THEORY_ARCHIVE_2023-25,archive,DEBATING AI TRANSCRIPTS CONT/Debating A.I. On the Future of Physics - Finger Trap World.srt,transcript_subtitle,.srt,84821,b9c3aa9c66305fd8e3c4e66c62d48b01864a899404d3cb8ab776a14d30707129,28fffce01887a2bf7b8df4af731ad3027f90654f,sha256:b9c3aa9c66305fd8e3c4e66c62d48b01864a899404d3cb8ab776a14d30707129,Debating A.I. On the Future of Physics - Finger Trap World,2026-07-17,True,True,False,True,EXPOSURE_STATS/PODCAST_GUIDE/text/archive--debating-a-i-on-the-future-of-physics-finger-trap-world--b9c3aa9c6630.txt,EXPOSURE_STATS/PODCAST_GUIDE/cues/archive--debating-a-i-on-the-future-of-physics-finger-trap-world--b9c3aa9c6630.jsonl
archive:79b43cb3bc20b207,Satobloc/SAT_THEORY_ARCHIVE_2023-25,archive,DEBATING AI TRANSCRIPTS CONT/Debating A.I. On the Future of Physics - GR-QCD-QED-QFT-SM-ST Unification in Plain English.srt,transcript_subtitle,.srt,101317,79b43cb3bc20b207ba8a271f882158070165aa68eb9b225c7fd321ac5273c2e6,3fca83961b4b167f14a1005a36a68543e0d79012,sha256:79b43cb3bc20b207ba8a271f882158070165aa68eb9b225c7fd321ac5273c2e6,Debating A.I. On the Future of Physics - GR-QCD-QED-QFT-SM-ST Unification in Plain English,2026-05-09,True,True,False,True,EXPOSURE_STATS/PODCAST_GUIDE/text/archive--debating-a-i-on-the-future-of-physics-gr-qcd-qed-qft-sm-st-unification-in-plain-english--79b43cb3bc20.txt,EXPOSURE_STATS/PODCAST_GUIDE/cues/archive--debating-a-i-on-the-future-of-physics-gr-qcd-qed-qft-sm-st-unification-in-plain-english--79b43cb3bc20.jsonl
archive:4accf51a547df6f3,Satobloc/SAT_THEORY_ARCHIVE_2023-25,archive,DEBATING AI TRANSCRIPTS CONT/Debating A.I. On the Future of Physics - Grand Unification Audit.srt,transcript_subtitle,.srt,75029,4accf51a547df6f3a67df65c7cfc10488ae147a6144b26c272773f0918585c6b,13a074ebec1998b55888f87271a0bf0f86b6431c,sha256:4accf51a547df6f3a67df65c7cfc10488ae147a6144b26c272773f0918585c6b,Debating A.I. On the Future of Physics - Grand Unification Audit,2026-05-22,True,True,False,True,EXPOSURE_STATS/PODCAST_GUIDE/text/archive--debating-a-i-on-the-future-of-physics-grand-unification-audit--4accf51a547d.txt,EXPOSURE_STATS/PODCAST_GUIDE/cues/archive--debating-a-i-on-the-future-of-physics-grand-unification-audit--4accf51a547d.jsonl
archive:dd6d931abff25a0b,Satobloc/SAT_THEORY_ARCHIVE_2023-25,archive,DEBATING AI TRANSCRIPTS CONT/Debating A.I. On the Future of Physics - Hasimoto Particle Cosmology.srt,transcript_subtitle,.srt,62425,dd6d931abff25a0b1399101db38b8d9ac179ca85ae6e4623bbcced5ed80bfb0c,f6fc3cdc3754a6a6c8bacee741456797301edef1,sha256:dd6d931abff25a0b1399101db38b8d9ac179ca85ae6e4623bbcced5ed80bfb0c,Debating A.I. On the Future of Physics - Hasimoto Particle Cosmology,2026-07-12,True,True,False,True,EXPOSURE_STATS/PODCAST_GUIDE/text/archive--debating-a-i-on-the-future-of-physics-hasimoto-particle-cosmology--dd6d931abff2.txt,EXPOSURE_STATS/PODCAST_GUIDE/cues/archive--debating-a-i-on-the-future-of-physics-hasimoto-particle-cosmology--dd6d931abff2.jsonl
archive:907215e4c90483bf,Satobloc/SAT_THEORY_ARCHIVE_2023-25,archive,DEBATING AI TRANSCRIPTS CONT/Debating A.I. On the Future of Physics - How Science Sciences and More.srt,transcript_subtitle,.srt,85256,907215e4c90483bffde88e6f770727c1082bbd94546e7d71e13d86b97fb834c7,70cec1bc9c6951f054e3e3a663932f886e5f84a9,sha256:907215e4c90483bffde88e6f770727c1082bbd94546e7d71e13d86b97fb834c7,Debating A.I. On the Future of Physics - How Science Sciences and More,2026-05-20,True,True,False,True,EXPOSURE_STATS/PODCAST_GUIDE/text/archive--debating-a-i-on-the-future-of-physics-how-science-sciences-and-more--907215e4c904.txt,EXPOSURE_STATS/PODCAST_GUIDE/cues/archive--debating-a-i-on-the-future-of-physics-how-science-sciences-and-more--907215e4c904.jsonl
archive:6d5ac4f347430cbf,Satobloc/SAT_THEORY_ARCHIVE_2023-25,archive,DEBATING AI TRANSCRIPTS CONT/Debating A.I. On the Future of Physics - How the Universe Scales.srt,transcript_subtitle,.srt,69150,6d5ac4f347430cbfca15c79d07aa923e3e3f8762603d225a84dbaf9c6c99a799,48fe433c0719679d5cf8dab9602115d7fa3ff44c,sha256:6d5ac4f347430cbfca15c79d07aa923e3e3f8762603d225a84dbaf9c6c99a799,Debating A.I. On the Future of Physics - How the Universe Scales,2026-05-10,True,True,False,False,EXPOSURE_STATS/PODCAST_GUIDE/text/archive--debating-a-i-on-the-future-of-physics-how-the-universe-scales--6d5ac4f34743.txt,EXPOSURE_STATS/PODCAST_GUIDE/cues/archive--debating-a-i-on-the-future-of-physics-how-the-universe-scales--6d5ac4f34743.jsonl
archive:a7ac7757c188102c,Satobloc/SAT_THEORY_ARCHIVE_2023-25,archive,DEBATING AI TRANSCRIPTS CONT/Debating A.I. On the Future of Physics - Intellectual Playgrounds_ Thought As Structure — Revisited.srt,transcript_subtitle,.srt,69467,a7ac7757c188102c017ff529b7d1aacb298bb44d126b11de79d4056ba755e2b8,f9b65d7eadedacfbe424e5c1043aa593a683af5a,sha256:a7ac7757c188102c017ff529b7d1aacb298bb44d126b11de79d4056ba755e2b8,Debating A.I. On the Future of Physics - Intellectual Playgrounds Thought As Structure — Revisited,2026-07-02,True,True,False,False,EXPOSURE_STATS/PODCAST_GUIDE/text/archive--debating-a-i-on-the-future-of-physics-intellectual-playgrounds-thought-as-structure-revisi--a7ac7757c188.txt,EXPOSURE_STATS/PODCAST_GUIDE/cues/archive--debating-a-i-on-the-future-of-physics-intellectual-playgrounds-thought-as-structure-revisi--a7ac7757c188.jsonl
archive:a4124e5837ffb4c0,Satobloc/SAT_THEORY_ARCHIVE_2023-25,archive,DEBATING AI TRANSCRIPTS CONT/Debating A.I. On the Future of Physics - Life As A Planetary Trauma Response.srt,transcript_subtitle,.srt,86028,a4124e5837ffb4c015e3e40c997982c6d79aba084641e697a310c7b51f770592,1beda53894f83f3258b6562c6872369173d7cbab,sha256:a4124e5837ffb4c015e3e40c997982c6d79aba084641e697a310c7b51f770592,Debating A.I. On the Future of Physics - Life As A Planetary Trauma Response,2026-04-23,True,True,False,False,EXPOSURE_STATS/PODCAST_GUIDE/text/archive--debating-a-i-on-the-future-of-physics-life-as-a-planetary-trauma-response--a4124e5837ff.txt,EXPOSURE_STATS/PODCAST_GUIDE/cues/archive--debating-a-i-on-the-future-of-physics-life-as-a-planetary-trauma-response--a4124e5837ff.jsonl
archive:cff9e97f49e5aee4,Satobloc/SAT_THEORY_ARCHIVE_2023-25,archive,DEBATING AI TRANSCRIPTS CONT/Debating A.I. On the Future of Physics - Making AI Music Weird.srt,transcript_subtitle,.srt,67894,cff9e97f49e5aee4eb4fb35b4de9ef5273a4dc025e7c8062a0860bde94729dba,26bd5b4ac6dbca0617c9a289c4741409de09c94e,sha256:cff9e97f49e5aee4eb4fb35b4de9ef5273a4dc025e7c8062a0860bde94729dba,Debating A.I. On the Future of Physics - Making AI Music Weird,2026-05-17,True,True,False,False,EXPOSURE_STATS/PODCAST_GUIDE/text/archive--debating-a-i-on-the-future-of-physics-making-ai-music-weird--cff9e97f49e5.txt,EXPOSURE_STATS/PODCAST_GUIDE/cues/archive--debating-a-i-on-the-future-of-physics-making-ai-music-weird--cff9e97f49e5.jsonl
archive:302277b820332bf8,Satobloc/SAT_THEORY_ARCHIVE_2023-25,archive,DEBATING AI TRANSCRIPTS CONT/Debating A.I. On the Future of Physics - Math… is a tad wishy-washy.srt,transcript_subtitle,.srt,58395,302277b820332bf8f895bc0c646826543f89eb099d628b59e8249f1d025fdb31,7caf629b595dbed86b5a2395cb223d27a8587201,sha256:302277b820332bf8f895bc0c646826543f89eb099d628b59e8249f1d025fdb31,Debating A.I. On the Future of Physics - Math… is a tad wishy-washy,2026-06-16,True,True,False,True,EXPOSURE_STATS/PODCAST_GUIDE/text/archive--debating-a-i-on-the-future-of-physics-math-is-a-tad-wishy-washy--302277b82033.txt,EXPOSURE_STATS/PODCAST_GUIDE/cues/archive--debating-a-i-on-the-future-of-physics-math-is-a-tad-wishy-washy--302277b82033.jsonl
archive:346fabc93c45bab0,Satobloc/SAT_THEORY_ARCHIVE_2023-25,archive,DEBATING AI TRANSCRIPTS CONT/Debating A.I. On the Future of Physics - McKnight’s Camera Talk Pt 2.srt,transcript_subtitle,.srt,63096,346fabc93c45bab033e3f67cab214a0cafda405aa92893591920add03ed35c1b,e90ecc85a18d5910244415f2f5f559e08a2a6a82,sha256:346fabc93c45bab033e3f67cab214a0cafda405aa92893591920add03ed35c1b,Debating A.I. On the Future of Physics - McKnight’s Camera Talk Pt 2,2026-05-17,True,True,False,True,EXPOSURE_STATS/PODCAST_GUIDE/text/archive--debating-a-i-on-the-future-of-physics-mcknight-s-camera-talk-pt-2--346fabc93c45.txt,EXPOSURE_STATS/PODCAST_GUIDE/cues/archive--debating-a-i-on-the-future-of-physics-mcknight-s-camera-talk-pt-2--346fabc93c45.jsonl
archive:1d6f7050d368e699,Satobloc/SAT_THEORY_ARCHIVE_2023-25,archive,DEBATING AI TRANSCRIPTS CONT/Debating A.I. On the Future of Physics - McKnight’s Intellectual Universe.srt,transcript_subtitle,.srt,72831,1d6f7050d368e6999106ad4c541bd291861b334edc352db02f547bc62b24f3ee,1b0099de6f901d3e905af755242ae20ffb95c036,sha256:1d6f7050d368e6999106ad4c541bd291861b334edc352db02f547bc62b24f3ee,Debating A.I. On the Future of Physics - McKnight’s Intellectual Universe,2026-05-17,True,True,True,False,EXPOSURE_STATS/PODCAST_GUIDE/text/archive--debating-a-i-on-the-future-of-physics-mcknight-s-intellectual-universe--1d6f7050d368.txt,EXPOSURE_STATS/PODCAST_GUIDE/cues/archive--debating-a-i-on-the-future-of-physics-mcknight-s-intellectual-universe--1d6f7050d368.jsonl
archive:1e17f4fd97c2c3c9,Satobloc/SAT_THEORY_ARCHIVE_2023-25,archive,DEBATING AI TRANSCRIPTS CONT/Debating A.I. On the Future of Physics - Minkowski Sufficiency.srt,transcript_subtitle,.srt,77869,1e17f4fd97c2c3c9f72065cf2add4c2af43c5bffc8effb36d113625dc8a21804,3c4476d1e1b33ae05a2297d2da8f1776e5e11503,sha256:1e17f4fd97c2c3c9f72065cf2add4c2af43c5bffc8effb36d113625dc8a21804,Debating A.I. On the Future of Physics - Minkowski Sufficiency,2026-06-13,True,True,False,True,EXPOSURE_STATS/PODCAST_GUIDE/text/archive--debating-a-i-on-the-future-of-physics-minkowski-sufficiency--1e17f4fd97c2.txt,EXPOSURE_STATS/PODCAST_GUIDE/cues/archive--debating-a-i-on-the-future-of-physics-minkowski-sufficiency--1e17f4fd97c2.jsonl
archive:8c20090ec0414ed6,Satobloc/SAT_THEORY_ARCHIVE_2023-25,archive,DEBATING AI TRANSCRIPTS CONT/Debating A.I. On the Future of Physics - New Album Preview.txt,podcast_text_unspecified,.txt,81716,8c20090ec0414ed6446aba8d86a95cd38a3690cf56b24e62622e299c2de4fafd,144d2a1dec950e7b5acdb155764a79bd4a4d0dcd,sha256:8c20090ec0414ed6446aba8d86a95cd38a3690cf56b24e62622e299c2de4fafd,Debating A.I. On the Future of Physics - New Album Preview,2026-08-18,True,True,False,True,,
archive:e88889b32c49ea21,Satobloc/SAT_THEORY_ARCHIVE_2023-25,archive,DEBATING AI TRANSCRIPTS CONT/Debating A.I. On the Future of Physics - No More Wick Rotation.srt,transcript_subtitle,.srt,85970,e88889b32c49ea21782dfced997106343314095068a26bdd097d85d1a6d58771,40a87772a6730e5331057fb7515fc0be5739d006,sha256:e88889b32c49ea21782dfced997106343314095068a26bdd097d85d1a6d58771,Debating A.I. On the Future of Physics - No More Wick Rotation,2026-05-14,True,True,False,True,EXPOSURE_STATS/PODCAST_GUIDE/text/archive--debating-a-i-on-the-future-of-physics-no-more-wick-rotation--e88889b32c49.txt,EXPOSURE_STATS/PODCAST_GUIDE/cues/archive--debating-a-i-on-the-future-of-physics-no-more-wick-rotation--e88889b32c49.jsonl
archive:f08b7ecdd4b57aeb,Satobloc/SAT_THEORY_ARCHIVE_2023-25,archive,DEBATING AI TRANSCRIPTS CONT/Debating A.I. On the Future of Physics - Particles & Inverse Black Holes.txt,podcast_text_unspecified,.txt,79612,f08b7ecdd4b57aeb3b3b349c0cbb0a45c0c9e750dbae1cce87e2db31109aff12,3446f5d5229992fbbe2a759fd3e19a12966d63a6,sha256:f08b7ecdd4b57aeb3b3b349c0cbb0a45c0c9e750dbae1cce87e2db31109aff12,Debating A.I. On the Future of Physics - Particles & Inverse Black Holes,2026-07-18,True,True,False,True,,
archive:ab572ac9a2f30c84,Satobloc/SAT_THEORY_ARCHIVE_2023-25,archive,DEBATING AI TRANSCRIPTS CONT/Debating A.I. On the Future of Physics - Persistent AI TOE Hallucinations.srt,transcript_subtitle,.srt,67693,ab572ac9a2f30c84ee3d8c1ba527fd95835cb865ec320cb53fdf640708a2f6c9,3272443a4f0e4d4156df65a2bef21553eb71f9d7,sha256:ab572ac9a2f30c84ee3d8c1ba527fd95835cb865ec320cb53fdf640708a2f6c9,Debating A.I. On the Future of Physics - Persistent AI TOE Hallucinations,2026-05-22,True,True,False,False,EXPOSURE_STATS/PODCAST_GUIDE/text/archive--debating-a-i-on-the-future-of-physics-persistent-ai-toe-hallucinations--ab572ac9a2f3.txt,EXPOSURE_STATS/PODCAST_GUIDE/cues/archive--debating-a-i-on-the-future-of-physics-persistent-ai-toe-hallucinations--ab572ac9a2f3.jsonl
archive:3ba7ec347d141a63,Satobloc/SAT_THEORY_ARCHIVE_2023-25,archive,DEBATING AI TRANSCRIPTS CONT/Debating A.I. On the Future of Physics - Physics vs Dogma.srt,transcript_subtitle,.srt,77583,3ba7ec347d141a638ec0c170330c27a70912c2debf19017dc74992a936379c4e,4c6d509d490783a40b7ebab1abc452920f4d0dab,sha256:3ba7ec347d141a638ec0c170330c27a70912c2debf19017dc74992a936379c4e,Debating A.I. On the Future of Physics - Physics vs Dogma,2026-07-17,True,True,True,True,EXPOSURE_STATS/PODCAST_GUIDE/text/archive--debating-a-i-on-the-future-of-physics-physics-vs-dogma--3ba7ec347d14.txt,EXPOSURE_STATS/PODCAST_GUIDE/cues/archive--debating-a-i-on-the-future-of-physics-physics-vs-dogma--3ba7ec347d14.jsonl
archive:d43c096dd635183a,Satobloc/SAT_THEORY_ARCHIVE_2023-25,archive,DEBATING AI TRANSCRIPTS CONT/Debating A.I. On the Future of Physics - Physics Without Magic.srt,transcript_subtitle,.srt,113532,d43c096dd635183a73c4470db3e79bed5914cbbabc453d4aa5d30dead89bc255,f564eadac234a43dbd8133d44eb3679c7cfe23e0,sha256:d43c096dd635183a73c4470db3e79bed5914cbbabc453d4aa5d30dead89bc255,Debating A.I. On the Future of Physics - Physics Without Magic,2026-05-18,True,True,False,True,EXPOSURE_STATS/PODCAST_GUIDE/text/archive--debating-a-i-on-the-future-of-physics-physics-without-magic--d43c096dd635.txt,EXPOSURE_STATS/PODCAST_GUIDE/cues/archive--debating-a-i-on-the-future-of-physics-physics-without-magic--d43c096dd635.jsonl
archive:d3774a9a7ab8e295,Satobloc/SAT_THEORY_ARCHIVE_2023-25,archive,DEBATING AI TRANSCRIPTS CONT/Debating A.I. On the Future of Physics - Physics_ The Full Stack.srt,transcript_subtitle,.srt,15701,d3774a9a7ab8e295974c7e69a316ef85c5606db72bf11e01897be91e1506c971,08e569d09e2a3b58238dbd7bce3001731543859f,sha256:d3774a9a7ab8e295974c7e69a316ef85c5606db72bf11e01897be91e1506c971,Debating A.I. On the Future of Physics - Physics The Full Stack,2026-06-18,True,False,False,True,EXPOSURE_STATS/PODCAST_GUIDE/text/archive--debating-a-i-on-the-future-of-physics-physics-the-full-stack--d3774a9a7ab8.txt,EXPOSURE_STATS/PODCAST_GUIDE/cues/archive--debating-a-i-on-the-future-of-physics-physics-the-full-stack--d3774a9a7ab8.jsonl
archive:0ab8c8e9ef726c5e,Satobloc/SAT_THEORY_ARCHIVE_2023-25,archive,DEBATING AI TRANSCRIPTS CONT/Debating A.I. On the Future of Physics - Predictions for Upcoming Observations.srt,transcript_subtitle,.srt,86741,0ab8c8e9ef726c5ead18024d982cb934823ad54d0b752e938b3cf45b47f79f9d,d65fadb5ead099e7531f238277fa4ea79ae85353,sha256:0ab8c8e9ef726c5ead18024d982cb934823ad54d0b752e938b3cf45b47f79f9d,Debating A.I. On the Future of Physics - Predictions for Upcoming Observations,2026-05-18,True,True,False,True,EXPOSURE_STATS/PODCAST_GUIDE/text/archive--debating-a-i-on-the-future-of-physics-predictions-for-upcoming-observations--0ab8c8e9ef72.txt,EXPOSURE_STATS/PODCAST_GUIDE/cues/archive--debating-a-i-on-the-future-of-physics-predictions-for-upcoming-observations--0ab8c8e9ef72.jsonl
archive:2bff1ee651137972,Satobloc/SAT_THEORY_ARCHIVE_2023-25,archive,DEBATING AI TRANSCRIPTS CONT/Debating A.I. On the Future of Physics - Predictions from Scalar-Angular Torsion Filamental Physics.srt,transcript_subtitle,.srt,72124,2bff1ee651137972971ab9667ee27cb1398eccd2dcb4ba6ec680979ca9d12143,2729c5b865fe90388540fad3ad8b9df654405463,sha256:2bff1ee651137972971ab9667ee27cb1398eccd2dcb4ba6ec680979ca9d12143,Debating A.I. On the Future of Physics - Predictions from Scalar-Angular Torsion Filamental Physics,2026-05-18,True,True,False,True,EXPOSURE_STATS/PODCAST_GUIDE/text/archive--debating-a-i-on-the-future-of-physics-predictions-from-scalar-angular-torsion-filamental-p--2bff1ee65113.txt,EXPOSURE_STATS/PODCAST_GUIDE/cues/archive--debating-a-i-on-the-future-of-physics-predictions-from-scalar-angular-torsion-filamental-p--2bff1ee65113.jsonl
archive:da439dca3c93c48c,Satobloc/SAT_THEORY_ARCHIVE_2023-25,archive,DEBATING AI TRANSCRIPTS CONT/Debating A.I. On the Future of Physics - Quantum Kelvin Waves.srt,transcript_subtitle,.srt,79234,da439dca3c93c48c3369b05a3d5d9d8538749cea7edc312a64c5791996442c74,b1a5a5ddd6d7627423abc2062cfd3c2856d0aa46,sha256:da439dca3c93c48c3369b05a3d5d9d8538749cea7edc312a64c5791996442c74,Debating A.I. On the Future of Physics - Quantum Kelvin Waves,2026-07-12,True,True,False,True,EXPOSURE_STATS/PODCAST_GUIDE/text/archive--debating-a-i-on-the-future-of-physics-quantum-kelvin-waves--da439dca3c93.txt,EXPOSURE_STATS/PODCAST_GUIDE/cues/archive--debating-a-i-on-the-future-of-physics-quantum-kelvin-waves--da439dca3c93.jsonl
archive:bff29aa08aa4da42,Satobloc/SAT_THEORY_ARCHIVE_2023-25,archive,DEBATING AI TRANSCRIPTS CONT/Debating A.I. On the Future of Physics - Remedial Math Student Considers Institutions.srt,transcript_subtitle,.srt,55995,bff29aa08aa4da420873b886e6f9c9146bf17d38f0d33f55f781ada4cef5c6df,051a0ae29f279af55a2119d1a04c5e4bb5252502,sha256:bff29aa08aa4da420873b886e6f9c9146bf17d38f0d33f55f781ada4cef5c6df,Debating A.I. On the Future of Physics - Remedial Math Student Considers Institutions,2026-06-05,True,True,False,True,EXPOSURE_STATS/PODCAST_GUIDE/text/archive--debating-a-i-on-the-future-of-physics-remedial-math-student-considers-institutions--bff29aa08aa4.txt,EXPOSURE_STATS/PODCAST_GUIDE/cues/archive--debating-a-i-on-the-future-of-physics-remedial-math-student-considers-institutions--bff29aa08aa4.jsonl
archive:68d775e33241e44b,Satobloc/SAT_THEORY_ARCHIVE_2023-25,archive,DEBATING AI TRANSCRIPTS CONT/Debating A.I. On the Future of Physics - Renormalization Is Obsolete (1).srt,transcript_subtitle,.srt,76868,68d775e33241e44b1ba6428e2667cc7dd736acfd0f542d82db2c506da6fe0945,7caeb303c250531638c8d5be7213e37ec271f45b,sha256:68d775e33241e44b1ba6428e2667cc7dd736acfd0f542d82db2c506da6fe0945,Debating A.I. On the Future of Physics - Renormalization Is Obsolete (1),2026-05-08,True,True,False,True,EXPOSURE_STATS/PODCAST_GUIDE/text/archive--debating-a-i-on-the-future-of-physics-renormalization-is-obsolete-1--68d775e33241.txt,EXPOSURE_STATS/PODCAST_GUIDE/cues/archive--debating-a-i-on-the-future-of-physics-renormalization-is-obsolete-1--68d775e33241.jsonl
archive:68d775e33241e44b,Satobloc/SAT_THEORY_ARCHIVE_2023-25,archive,DEBATING AI TRANSCRIPTS CONT/Debating A.I. On the Future of Physics - Renormalization Is Obsolete.srt,transcript_subtitle,.srt,76868,68d775e33241e44b1ba6428e2667cc7dd736acfd0f542d82db2c506da6fe0945,7caeb303c250531638c8d5be7213e37ec271f45b,sha256:68d775e33241e44b1ba6428e2667cc7dd736acfd0f542d82db2c506da6fe0945,Debating A.I. On the Future of Physics - Renormalization Is Obsolete,2026-05-08,True,True,False,True,EXPOSURE_STATS/PODCAST_GUIDE/text/archive--debating-a-i-on-the-future-of-physics-renormalization-is-obsolete--68d775e33241.txt,EXPOSURE_STATS/PODCAST_GUIDE/cues/archive--debating-a-i-on-the-future-of-physics-renormalization-is-obsolete--68d775e33241.jsonl
archive:ea6dc1aef5d46f91,Satobloc/SAT_THEORY_ARCHIVE_2023-25,archive,DEBATING AI TRANSCRIPTS CONT/Debating A.I. On the Future of Physics - RMS-SAT Debug.srt,transcript_subtitle,.srt,85623,ea6dc1aef5d46f91d739e76cdaa24b66361a6c8a6fb36a8455c68618075456c3,7adee1bef29fe5bf2e764c8c812d12df247cfb35,sha256:ea6dc1aef5d46f91d739e76cdaa24b66361a6c8a6fb36a8455c68618075456c3,Debating A.I. On the Future of Physics - RMS-SAT Debug,2026-06-13,True,True,False,True,EXPOSURE_STATS/PODCAST_GUIDE/text/archive--debating-a-i-on-the-future-of-physics-rms-sat-debug--ea6dc1aef5d4.txt,EXPOSURE_STATS/PODCAST_GUIDE/cues/archive--debating-a-i-on-the-future-of-physics-rms-sat-debug--ea6dc1aef5d4.jsonl
archive:8f53da726f435edf,Satobloc/SAT_THEORY_ARCHIVE_2023-25,archive,DEBATING AI TRANSCRIPTS CONT/Debating A.I. On the Future of Physics - SAT ==_ H(s)H.srt,transcript_subtitle,.srt,80975,8f53da726f435edf6fcc2730fc285d040d26992515bda4f22e2d21c2aebfbdd3,f2e30b8c01b27bc579b32be40f488d7572a9e016,sha256:8f53da726f435edf6fcc2730fc285d040d26992515bda4f22e2d21c2aebfbdd3,Debating A.I. On the Future of Physics - SAT == H(s)H,2026-06-16,True,True,False,True,EXPOSURE_STATS/PODCAST_GUIDE/text/archive--debating-a-i-on-the-future-of-physics-sat-h-s-h--8f53da726f43.txt,EXPOSURE_STATS/PODCAST_GUIDE/cues/archive--debating-a-i-on-the-future-of-physics-sat-h-s-h--8f53da726f43.jsonl
archive:fbbeb85c03ca979f,Satobloc/SAT_THEORY_ARCHIVE_2023-25,archive,DEBATING AI TRANSCRIPTS CONT/Debating A.I. On the Future of Physics - SAT Methodology.srt,transcript_subtitle,.srt,74991,fbbeb85c03ca979f92d5a47b3da78213805eb7e83883977067b7d2b2abc4988c,cbb3aefca8f38a0263948a20841b1bbd1ad29665,sha256:fbbeb85c03ca979f92d5a47b3da78213805eb7e83883977067b7d2b2abc4988c,Debating A.I. On the Future of Physics - SAT Methodology,2026-06-07,True,True,False,True,EXPOSURE_STATS/PODCAST_GUIDE/text/archive--debating-a-i-on-the-future-of-physics-sat-methodology--fbbeb85c03ca.txt,EXPOSURE_STATS/PODCAST_GUIDE/cues/archive--debating-a-i-on-the-future-of-physics-sat-methodology--fbbeb85c03ca.jsonl
archive:7cf7b615e82e77a7,Satobloc/SAT_THEORY_ARCHIVE_2023-25,archive,DEBATING AI TRANSCRIPTS CONT/Debating A.I. On the Future of Physics - SAT Predictions March 2026.srt,transcript_subtitle,.srt,91694,7cf7b615e82e77a794e50fe450ecc705a6fd602842cb657e78a773b943008648,f59cee862efd53cc9db2795d55fefb0a73c33128,sha256:7cf7b615e82e77a794e50fe450ecc705a6fd602842cb657e78a773b943008648,Debating A.I. On the Future of Physics - SAT Predictions March 2026,2026-05-08,True,True,False,True,EXPOSURE_STATS/PODCAST_GUIDE/text/archive--debating-a-i-on-the-future-of-physics-sat-predictions-march-2026--7cf7b615e82e.txt,EXPOSURE_STATS/PODCAST_GUIDE/cues/archive--debating-a-i-on-the-future-of-physics-sat-predictions-march-2026--7cf7b615e82e.jsonl
archive:59e7688d1f759aaa,Satobloc/SAT_THEORY_ARCHIVE_2023-25,archive,DEBATING AI TRANSCRIPTS CONT/Debating A.I. On the Future of Physics - SAT Rigor Pt 2.srt,transcript_subtitle,.srt,63006,59e7688d1f759aaaf6cd62593b6e2a0d426de495a27f5c7a19993e4efdfd87d9,dd757a5754f7f362992bff008816fc1c796021b0,sha256:59e7688d1f759aaaf6cd62593b6e2a0d426de495a27f5c7a19993e4efdfd87d9,Debating A.I. On the Future of Physics - SAT Rigor Pt 2,2026-06-16,True,True,False,True,EXPOSURE_STATS/PODCAST_GUIDE/text/archive--debating-a-i-on-the-future-of-physics-sat-rigor-pt-2--59e7688d1f75.txt,EXPOSURE_STATS/PODCAST_GUIDE/cues/archive--debating-a-i-on-the-future-of-physics-sat-rigor-pt-2--59e7688d1f75.jsonl
archive:07d54bc34b985990,Satobloc/SAT_THEORY_ARCHIVE_2023-25,archive,DEBATING AI TRANSCRIPTS CONT/Debating A.I. On the Future of Physics - SAT’s Conservative Methodology.srt,transcript_subtitle,.srt,74318,07d54bc34b98599043ffacea68ca553a1746ac9544fb8be907b6b1194b9ef460,93b7efa1abdb0c2b4af099322bc3ca20cceb8d1f,sha256:07d54bc34b98599043ffacea68ca553a1746ac9544fb8be907b6b1194b9ef460,Debating A.I. On the Future of Physics - SAT’s Conservative Methodology,2026-05-10,True,True,False,True,EXPOSURE_STATS/PODCAST_GUIDE/text/archive--debating-a-i-on-the-future-of-physics-sat-s-conservative-methodology--07d54bc34b98.txt,EXPOSURE_STATS/PODCAST_GUIDE/cues/archive--debating-a-i-on-the-future-of-physics-sat-s-conservative-methodology--07d54bc34b98.jsonl
archive:a4b4a3feaf634866,Satobloc/SAT_THEORY_ARCHIVE_2023-25,archive,"DEBATING AI TRANSCRIPTS CONT/Debating A.I. On the Future of Physics - Simulating Einstein, Pt 1.srt",transcript_subtitle,.srt,71155,a4b4a3feaf6348665aee93d7ad2711d71578a7c6073f4fc7f188196115e5d348,a7d35c694f4825a3ee79362c06e9c6e2672eb68c,sha256:a4b4a3feaf6348665aee93d7ad2711d71578a7c6073f4fc7f188196115e5d348,"Debating A.I. On the Future of Physics - Simulating Einstein, Pt 1",2026-04-22,True,True,False,True,EXPOSURE_STATS/PODCAST_GUIDE/text/archive--debating-a-i-on-the-future-of-physics-simulating-einstein-pt-1--a4b4a3feaf63.txt,EXPOSURE_STATS/PODCAST_GUIDE/cues/archive--debating-a-i-on-the-future-of-physics-simulating-einstein-pt-1--a4b4a3feaf63.jsonl
archive:f1290f93c1b11bba,Satobloc/SAT_THEORY_ARCHIVE_2023-25,archive,"DEBATING AI TRANSCRIPTS CONT/Debating A.I. On the Future of Physics - Simulating Einstein, Pt 2.srt",transcript_subtitle,.srt,86113,f1290f93c1b11bbab15d3f8c4c9ac9004437e8bddfbfadc0171c88035be2504d,3b1f66bea559fb1df44a92cd9570496f3b9c305a,sha256:f1290f93c1b11bbab15d3f8c4c9ac9004437e8bddfbfadc0171c88035be2504d,"Debating A.I. On the Future of Physics - Simulating Einstein, Pt 2",2026-04-22,True,True,False,False,EXPOSURE_STATS/PODCAST_GUIDE/text/archive--debating-a-i-on-the-future-of-physics-simulating-einstein-pt-2--f1290f93c1b1.txt,EXPOSURE_STATS/PODCAST_GUIDE/cues/archive--debating-a-i-on-the-future-of-physics-simulating-einstein-pt-2--f1290f93c1b1.jsonl
archive:03454845f373dba3,Satobloc/SAT_THEORY_ARCHIVE_2023-25,archive,"DEBATING AI TRANSCRIPTS CONT/Debating A.I. On the Future of Physics - Simulating Einstein, Pt 3.srt",transcript_subtitle,.srt,79752,03454845f373dba3b2e28858d30a1ab0ec950aaac6ef37d3217df96a3cf3688b,8c0f2252b758cb897c27487ad1111470870c54fe,sha256:03454845f373dba3b2e28858d30a1ab0ec950aaac6ef37d3217df96a3cf3688b,"Debating A.I. On the Future of Physics - Simulating Einstein, Pt 3",2026-04-23,True,True,False,True,EXPOSURE_STATS/PODCAST_GUIDE/text/archive--debating-a-i-on-the-future-of-physics-simulating-einstein-pt-3--03454845f373.txt,EXPOSURE_STATS/PODCAST_GUIDE/cues/archive--debating-a-i-on-the-future-of-physics-simulating-einstein-pt-3--03454845f373.jsonl
archive:7eecf2ec7ffce88d,Satobloc/SAT_THEORY_ARCHIVE_2023-25,archive,DEBATING AI TRANSCRIPTS CONT/Debating A.I. On the Future of Physics - String Gravity Predictions H0=71.2.srt,transcript_subtitle,.srt,92586,7eecf2ec7ffce88d8dbebab8b8b1f33d9023552ac3db362c08907cd2aa48208a,43d5dce05fcfe07856bade264eaaa77ae7705bb1,sha256:7eecf2ec7ffce88d8dbebab8b8b1f33d9023552ac3db362c08907cd2aa48208a,Debating A.I. On the Future of Physics - String Gravity Predictions H0=71.2,2026-05-18,True,True,False,True,EXPOSURE_STATS/PODCAST_GUIDE/text/archive--debating-a-i-on-the-future-of-physics-string-gravity-predictions-h0-71-2--7eecf2ec7ffc.txt,EXPOSURE_STATS/PODCAST_GUIDE/cues/archive--debating-a-i-on-the-future-of-physics-string-gravity-predictions-h0-71-2--7eecf2ec7ffc.jsonl
archive:ce2ca98b3314b9cb,Satobloc/SAT_THEORY_ARCHIVE_2023-25,archive,DEBATING AI TRANSCRIPTS CONT/Debating A.I. On the Future of Physics - Suno Nonsensorium 2.txt,podcast_text_unspecified,.txt,72042,ce2ca98b3314b9cb20d6aeb2b02194d204c0cca6942b699e0544f9ac55d321aa,29a5b67e6b469b48bed6d6cd92c6bfc7543af341,sha256:ce2ca98b3314b9cb20d6aeb2b02194d204c0cca6942b699e0544f9ac55d321aa,Debating A.I. On the Future of Physics - Suno Nonsensorium 2,2026-08-13,True,True,False,False,,
archive:e6c58ddec751a5b7,Satobloc/SAT_THEORY_ARCHIVE_2023-25,archive,DEBATING AI TRANSCRIPTS CONT/Debating A.I. On the Future of Physics - Superdeterminism and SAT.srt,transcript_subtitle,.srt,81071,e6c58ddec751a5b7c7f39ce6b5d956e72e9894b9f4a8545d78e8c2bdd40e326c,c44c5d881e88c3b3ba7bf5a7c88a112452bb483d,sha256:e6c58ddec751a5b7c7f39ce6b5d956e72e9894b9f4a8545d78e8c2bdd40e326c,Debating A.I. On the Future of Physics - Superdeterminism and SAT,2026-04-21,True,True,False,True,EXPOSURE_STATS/PODCAST_GUIDE/text/archive--debating-a-i-on-the-future-of-physics-superdeterminism-and-sat--e6c58ddec751.txt,EXPOSURE_STATS/PODCAST_GUIDE/cues/archive--debating-a-i-on-the-future-of-physics-superdeterminism-and-sat--e6c58ddec751.jsonl
archive:4556e90fbf504cdf,Satobloc/SAT_THEORY_ARCHIVE_2023-25,archive,DEBATING AI TRANSCRIPTS CONT/Debating A.I. On the Future of Physics - The c - H_0 Gap.srt,transcript_subtitle,.srt,95780,4556e90fbf504cdfb5748b16642d1ef30f69f0d13be4419624f33c049ff30ce5,3b9bb7d5b3535302fa5f81398ae9637c360a643a,sha256:4556e90fbf504cdfb5748b16642d1ef30f69f0d13be4419624f33c049ff30ce5,Debating A.I. On the Future of Physics - The c - H 0 Gap,2026-06-16,True,True,False,True,EXPOSURE_STATS/PODCAST_GUIDE/text/archive--debating-a-i-on-the-future-of-physics-the-c-h-0-gap--4556e90fbf50.txt,EXPOSURE_STATS/PODCAST_GUIDE/cues/archive--debating-a-i-on-the-future-of-physics-the-c-h-0-gap--4556e90fbf50.jsonl
archive:3ce15b8478b04a82,Satobloc/SAT_THEORY_ARCHIVE_2023-25,archive,DEBATING AI TRANSCRIPTS CONT/Debating A.I. On the Future of Physics - The Einstein-Rosen Key.srt,transcript_subtitle,.srt,67948,3ce15b8478b04a82597f8c52edceacbb1212689832fda6171cb5d08d5be5c785,fe0a8a3bdec517f9e7262aebf2bfea5c45c16209,sha256:3ce15b8478b04a82597f8c52edceacbb1212689832fda6171cb5d08d5be5c785,Debating A.I. On the Future of Physics - The Einstein-Rosen Key,2026-06-18,True,True,False,True,EXPOSURE_STATS/PODCAST_GUIDE/text/archive--debating-a-i-on-the-future-of-physics-the-einstein-rosen-key--3ce15b8478b0.txt,EXPOSURE_STATS/PODCAST_GUIDE/cues/archive--debating-a-i-on-the-future-of-physics-the-einstein-rosen-key--3ce15b8478b0.jsonl
archive:a61bdca0d83aa46f,Satobloc/SAT_THEORY_ARCHIVE_2023-25,archive,DEBATING AI TRANSCRIPTS CONT/Debating A.I. On the Future of Physics - The Glass Sausage Factory.srt,transcript_subtitle,.srt,74634,a61bdca0d83aa46f2037efdc0e8e5a55409a047e683a2b000fe76553882964fe,0415bb608c63caf6f08c3f7ca8e4ed27a2240bec,sha256:a61bdca0d83aa46f2037efdc0e8e5a55409a047e683a2b000fe76553882964fe,Debating A.I. On the Future of Physics - The Glass Sausage Factory,2026-06-08,True,True,False,True,EXPOSURE_STATS/PODCAST_GUIDE/text/archive--debating-a-i-on-the-future-of-physics-the-glass-sausage-factory--a61bdca0d83a.txt,EXPOSURE_STATS/PODCAST_GUIDE/cues/archive--debating-a-i-on-the-future-of-physics-the-glass-sausage-factory--a61bdca0d83a.jsonl
archive:f5f3fce2b9605531,Satobloc/SAT_THEORY_ARCHIVE_2023-25,archive,DEBATING AI TRANSCRIPTS CONT/Debating A.I. On the Future of Physics - The Least Radical TOE.srt,transcript_subtitle,.srt,95919,f5f3fce2b9605531eb213ee3f887671453e98ad78d5edf2782849a35913c9247,3e86d62c14c421241cc8c1270af68269c97ecca5,sha256:f5f3fce2b9605531eb213ee3f887671453e98ad78d5edf2782849a35913c9247,Debating A.I. On the Future of Physics - The Least Radical TOE,2026-05-18,True,True,False,True,EXPOSURE_STATS/PODCAST_GUIDE/text/archive--debating-a-i-on-the-future-of-physics-the-least-radical-toe--f5f3fce2b960.txt,EXPOSURE_STATS/PODCAST_GUIDE/cues/archive--debating-a-i-on-the-future-of-physics-the-least-radical-toe--f5f3fce2b960.jsonl
archive:3eb792323bd79886,Satobloc/SAT_THEORY_ARCHIVE_2023-25,archive,DEBATING AI TRANSCRIPTS CONT/Debating A.I. On the Future of Physics - The Mass of the Photon.srt,transcript_subtitle,.srt,38442,3eb792323bd798860aedac97248795e463bfb1a81606c6f41c489cf568288e74,e62c28b4b7b048a4426a025f340220ae07607492,sha256:3eb792323bd798860aedac97248795e463bfb1a81606c6f41c489cf568288e74,Debating A.I. On the Future of Physics - The Mass of the Photon,2026-05-16,True,True,False,False,EXPOSURE_STATS/PODCAST_GUIDE/text/archive--debating-a-i-on-the-future-of-physics-the-mass-of-the-photon--3eb792323bd7.txt,EXPOSURE_STATS/PODCAST_GUIDE/cues/archive--debating-a-i-on-the-future-of-physics-the-mass-of-the-photon--3eb792323bd7.jsonl
archive:e569f070f85294f1,Satobloc/SAT_THEORY_ARCHIVE_2023-25,archive,DEBATING AI TRANSCRIPTS CONT/Debating A.I. On the Future of Physics - The Math of it All.srt,transcript_subtitle,.srt,75836,e569f070f85294f1d21bf9f2797f921ae453be6e3f0d3e30ca7c90ca6e26186d,9eb8d8cfa1c3b36b19de32361d221e810325cb89,sha256:e569f070f85294f1d21bf9f2797f921ae453be6e3f0d3e30ca7c90ca6e26186d,Debating A.I. On the Future of Physics - The Math of it All,2026-07-05,True,True,False,True,EXPOSURE_STATS/PODCAST_GUIDE/text/archive--debating-a-i-on-the-future-of-physics-the-math-of-it-all--e569f070f852.txt,EXPOSURE_STATS/PODCAST_GUIDE/cues/archive--debating-a-i-on-the-future-of-physics-the-math-of-it-all--e569f070f852.jsonl
archive:5ca25148e961b8b9,Satobloc/SAT_THEORY_ARCHIVE_2023-25,archive,DEBATING AI TRANSCRIPTS CONT/Debating A.I. On the Future of Physics - The Ongoing Big Bang.srt,transcript_subtitle,.srt,73023,5ca25148e961b8b94ebfbab9a6eb6acfa565fd80565c87412488e90e4fd47979,479a3948e299623115759998ea83cc6c8a792d03,sha256:5ca25148e961b8b94ebfbab9a6eb6acfa565fd80565c87412488e90e4fd47979,Debating A.I. On the Future of Physics - The Ongoing Big Bang,2026-05-24,True,True,False,True,EXPOSURE_STATS/PODCAST_GUIDE/text/archive--debating-a-i-on-the-future-of-physics-the-ongoing-big-bang--5ca25148e961.txt,EXPOSURE_STATS/PODCAST_GUIDE/cues/archive--debating-a-i-on-the-future-of-physics-the-ongoing-big-bang--5ca25148e961.jsonl
archive:51649b18b412c087,Satobloc/SAT_THEORY_ARCHIVE_2023-25,archive,DEBATING AI TRANSCRIPTS CONT/Debating A.I. On the Future of Physics - The Prehistory of SAT.srt,transcript_subtitle,.srt,75134,51649b18b412c08752209a9a94e9b9a2541450cad0f3b14835b4cf3a5808ff9d,442b2148a042e041ffce3e571ae42debb305d4d4,sha256:51649b18b412c08752209a9a94e9b9a2541450cad0f3b14835b4cf3a5808ff9d,Debating A.I. On the Future of Physics - The Prehistory of SAT,2026-06-09,True,True,False,True,EXPOSURE_STATS/PODCAST_GUIDE/text/archive--debating-a-i-on-the-future-of-physics-the-prehistory-of-sat--51649b18b412.txt,EXPOSURE_STATS/PODCAST_GUIDE/cues/archive--debating-a-i-on-the-future-of-physics-the-prehistory-of-sat--51649b18b412.jsonl
archive:b6b5862465df16c4,Satobloc/SAT_THEORY_ARCHIVE_2023-25,archive,DEBATING AI TRANSCRIPTS CONT/Debating A.I. On the Future of Physics - The Rabbit and the Duck.srt,transcript_subtitle,.srt,96081,b6b5862465df16c49d7b66dcb2c7d4b269e10f232e40f086d0017389259ce766,72863e9ffb574cce025c906fd46943c10ed08404,sha256:b6b5862465df16c49d7b66dcb2c7d4b269e10f232e40f086d0017389259ce766,Debating A.I. On the Future of Physics - The Rabbit and the Duck,2026-06-15,True,True,False,True,EXPOSURE_STATS/PODCAST_GUIDE/text/archive--debating-a-i-on-the-future-of-physics-the-rabbit-and-the-duck--b6b5862465df.txt,EXPOSURE_STATS/PODCAST_GUIDE/cues/archive--debating-a-i-on-the-future-of-physics-the-rabbit-and-the-duck--b6b5862465df.jsonl
archive:825fc31d959bb88b,Satobloc/SAT_THEORY_ARCHIVE_2023-25,archive,DEBATING AI TRANSCRIPTS CONT/Debating A.I. On the Future of Physics - The Scorecard 2026 (Cumulative).srt,transcript_subtitle,.srt,72030,825fc31d959bb88b53eaaf122fdc4f0341241df634a03c5e638df18b52c77a82,018ece7a7ca7d1078dbe141973018f735b6ace7b,sha256:825fc31d959bb88b53eaaf122fdc4f0341241df634a03c5e638df18b52c77a82,Debating A.I. On the Future of Physics - The Scorecard 2026 (Cumulative),2026-06-03,True,True,False,True,EXPOSURE_STATS/PODCAST_GUIDE/text/archive--debating-a-i-on-the-future-of-physics-the-scorecard-2026-cumulative--825fc31d959b.txt,EXPOSURE_STATS/PODCAST_GUIDE/cues/archive--debating-a-i-on-the-future-of-physics-the-scorecard-2026-cumulative--825fc31d959b.jsonl
archive:d63ff1705e1f491e,Satobloc/SAT_THEORY_ARCHIVE_2023-25,archive,DEBATING AI TRANSCRIPTS CONT/Debating A.I. On the Future of Physics - The Theory That Wasn’t A Theory.srt,transcript_subtitle,.srt,63751,d63ff1705e1f491e989b9f96190f0b73f3bcdf40a90b7841e4228e6a08a3538e,57007b9a6961fae496647ff2489beff32521719a,sha256:d63ff1705e1f491e989b9f96190f0b73f3bcdf40a90b7841e4228e6a08a3538e,Debating A.I. On the Future of Physics - The Theory That Wasn’t A Theory,2026-06-14,True,True,False,True,EXPOSURE_STATS/PODCAST_GUIDE/text/archive--debating-a-i-on-the-future-of-physics-the-theory-that-wasn-t-a-theory--d63ff1705e1f.txt,EXPOSURE_STATS/PODCAST_GUIDE/cues/archive--debating-a-i-on-the-future-of-physics-the-theory-that-wasn-t-a-theory--d63ff1705e1f.jsonl
archive:1c6810d2229a9c09,Satobloc/SAT_THEORY_ARCHIVE_2023-25,archive,DEBATING AI TRANSCRIPTS CONT/Debating A.I. On the Future of Physics - The Time Travel Brick Wall.txt,podcast_text_unspecified,.txt,83183,1c6810d2229a9c0977256ba904d66c0aaa0563303860d1b1da379645daf1742c,373a202854caca3735f4820fb0bb92fb5281f891,sha256:1c6810d2229a9c0977256ba904d66c0aaa0563303860d1b1da379645daf1742c,Debating A.I. On the Future of Physics - The Time Travel Brick Wall,2026-07-18,True,True,False,True,,
archive:0c6bdd241ea0ae58,Satobloc/SAT_THEORY_ARCHIVE_2023-25,archive,DEBATING AI TRANSCRIPTS CONT/Debating A.I. On the Future of Physics - The Two Fundamental Forces.srt,transcript_subtitle,.srt,94220,0c6bdd241ea0ae584dab7f557b2ad0976d0a9eb6d8d8ea6d5591656793911919,66a8baf23d5543e6b150cd5d6ba069236d8f8585,sha256:0c6bdd241ea0ae584dab7f557b2ad0976d0a9eb6d8d8ea6d5591656793911919,Debating A.I. On the Future of Physics - The Two Fundamental Forces,2026-06-15,True,True,False,True,EXPOSURE_STATS/PODCAST_GUIDE/text/archive--debating-a-i-on-the-future-of-physics-the-two-fundamental-forces--0c6bdd241ea0.txt,EXPOSURE_STATS/PODCAST_GUIDE/cues/archive--debating-a-i-on-the-future-of-physics-the-two-fundamental-forces--0c6bdd241ea0.jsonl
archive:f34265786a75389d,Satobloc/SAT_THEORY_ARCHIVE_2023-25,archive,"DEBATING AI TRANSCRIPTS CONT/Debating A.I. On the Future of Physics - The Two Rocks, Revisited.srt",transcript_subtitle,.srt,87142,f34265786a75389d7c90843def05dd8e4d7d038b4b21dccb9c3dc735e6f5e519,c6b1801aa2a21457f116b5adc52f9adabba85d75,sha256:f34265786a75389d7c90843def05dd8e4d7d038b4b21dccb9c3dc735e6f5e519,"Debating A.I. On the Future of Physics - The Two Rocks, Revisited",2026-05-17,True,True,True,False,EXPOSURE_STATS/PODCAST_GUIDE/text/archive--debating-a-i-on-the-future-of-physics-the-two-rocks-revisited--f34265786a75.txt,EXPOSURE_STATS/PODCAST_GUIDE/cues/archive--debating-a-i-on-the-future-of-physics-the-two-rocks-revisited--f34265786a75.jsonl
archive:411651e06c3c619c,Satobloc/SAT_THEORY_ARCHIVE_2023-25,archive,DEBATING AI TRANSCRIPTS CONT/Debating A.I. On the Future of Physics - This Title Might Not Be Accurate.srt,transcript_subtitle,.srt,79690,411651e06c3c619c8e2fdc1e2c4e13f760aba55d94788f3fc20330087575dd12,9baf9cb64de41b0d3a044f4319cb038821e02b88,sha256:411651e06c3c619c8e2fdc1e2c4e13f760aba55d94788f3fc20330087575dd12,Debating A.I. On the Future of Physics - This Title Might Not Be Accurate,2026-04-25,True,True,False,False,EXPOSURE_STATS/PODCAST_GUIDE/text/archive--debating-a-i-on-the-future-of-physics-this-title-might-not-be-accurate--411651e06c3c.txt,EXPOSURE_STATS/PODCAST_GUIDE/cues/archive--debating-a-i-on-the-future-of-physics-this-title-might-not-be-accurate--411651e06c3c.jsonl
archive:ee3fb8289720ac28,Satobloc/SAT_THEORY_ARCHIVE_2023-25,archive,DEBATING AI TRANSCRIPTS CONT/Debating A.I. On the Future of Physics - Throwback Ep_ SAT One Year Ago 1.srt,transcript_subtitle,.srt,225625,ee3fb8289720ac28b348d25dc8f2b3603208324645037abd5c83e7bebbd918f2,e20de4a05b4bb69db1dfa075268e50fb96520819,sha256:ee3fb8289720ac28b348d25dc8f2b3603208324645037abd5c83e7bebbd918f2,Debating A.I. On the Future of Physics - Throwback Ep SAT One Year Ago 1,2026-05-25,True,True,False,True,EXPOSURE_STATS/PODCAST_GUIDE/text/archive--debating-a-i-on-the-future-of-physics-throwback-ep-sat-one-year-ago-1--ee3fb8289720.txt,EXPOSURE_STATS/PODCAST_GUIDE/cues/archive--debating-a-i-on-the-future-of-physics-throwback-ep-sat-one-year-ago-1--ee3fb8289720.jsonl
archive:c5ba6ec5cbdc52b2,Satobloc/SAT_THEORY_ARCHIVE_2023-25,archive,DEBATING AI TRANSCRIPTS CONT/Debating A.I. On the Future of Physics - Throwback_ SAT One Year Ago 2.srt,transcript_subtitle,.srt,115684,c5ba6ec5cbdc52b24e57f97e4bf618a93b39e75fcc02f8051a6ba96a7b16f941,9ef757ffb7a30b2dfdf6c9825b56ecb8f9f95d9b,sha256:c5ba6ec5cbdc52b24e57f97e4bf618a93b39e75fcc02f8051a6ba96a7b16f941,Debating A.I. On the Future of Physics - Throwback SAT One Year Ago 2,2026-05-25,True,True,False,True,EXPOSURE_STATS/PODCAST_GUIDE/text/archive--debating-a-i-on-the-future-of-physics-throwback-sat-one-year-ago-2--c5ba6ec5cbdc.txt,EXPOSURE_STATS/PODCAST_GUIDE/cues/archive--debating-a-i-on-the-future-of-physics-throwback-sat-one-year-ago-2--c5ba6ec5cbdc.jsonl
archive:89ada773e32bd3f0,Satobloc/SAT_THEORY_ARCHIVE_2023-25,archive,DEBATING AI TRANSCRIPTS CONT/Debating A.I. On the Future of Physics - Throwback_ SAT One Year Ago 3 — The Debate.srt,transcript_subtitle,.srt,28097,89ada773e32bd3f0bff7ef7d0b63e1bda5aa18ec866efc34beb24a514601241b,798305702ce054fc759daab1012df2f7d6a5f997,sha256:89ada773e32bd3f0bff7ef7d0b63e1bda5aa18ec866efc34beb24a514601241b,Debating A.I. On the Future of Physics - Throwback SAT One Year Ago 3 — The Debate,2026-05-25,True,True,False,True,EXPOSURE_STATS/PODCAST_GUIDE/text/archive--debating-a-i-on-the-future-of-physics-throwback-sat-one-year-ago-3-the-debate--89ada773e32b.txt,EXPOSURE_STATS/PODCAST_GUIDE/cues/archive--debating-a-i-on-the-future-of-physics-throwback-sat-one-year-ago-3-the-debate--89ada773e32b.jsonl
archive:b854744015d3502b,Satobloc/SAT_THEORY_ARCHIVE_2023-25,archive,DEBATING AI TRANSCRIPTS CONT/Debating A.I. On the Future of Physics - Time.srt,transcript_subtitle,.srt,76029,b854744015d3502b350d8f2ce9fbb184a814fc5df5b6160b2a9191aa6fc6d1bb,17418e08119f80545f735db0d52308bf5d593bc3,sha256:b854744015d3502b350d8f2ce9fbb184a814fc5df5b6160b2a9191aa6fc6d1bb,Debating A.I. On the Future of Physics - Time,2026-06-15,True,True,False,True,EXPOSURE_STATS/PODCAST_GUIDE/text/archive--debating-a-i-on-the-future-of-physics-time--b854744015d3.txt,EXPOSURE_STATS/PODCAST_GUIDE/cues/archive--debating-a-i-on-the-future-of-physics-time--b854744015d3.jsonl
archive:5561c1029499ce7f,Satobloc/SAT_THEORY_ARCHIVE_2023-25,archive,DEBATING AI TRANSCRIPTS CONT/Debating A.I. On the Future of Physics - Topological Primacy.srt,transcript_subtitle,.srt,71684,5561c1029499ce7f1049128e0dc5921eb1afe4c898b180928b39775f410f5d1e,f62e00c0078f2edb0c557198998dcde157dd14cb,sha256:5561c1029499ce7f1049128e0dc5921eb1afe4c898b180928b39775f410f5d1e,Debating A.I. On the Future of Physics - Topological Primacy,2026-06-09,True,True,False,True,EXPOSURE_STATS/PODCAST_GUIDE/text/archive--debating-a-i-on-the-future-of-physics-topological-primacy--5561c1029499.txt,EXPOSURE_STATS/PODCAST_GUIDE/cues/archive--debating-a-i-on-the-future-of-physics-topological-primacy--5561c1029499.jsonl
archive:2e0a3f686472f6c9,Satobloc/SAT_THEORY_ARCHIVE_2023-25,archive,DEBATING AI TRANSCRIPTS CONT/Debating A.I. On the Future of Physics - Unification Mark II Pt 1 — The Process.srt,transcript_subtitle,.srt,65181,2e0a3f686472f6c97629db5af76abfb956568b86ae86c86b6d7a753a2b7557f7,99d7e323ddbb6bb655b9544b95ed083921a29583,sha256:2e0a3f686472f6c97629db5af76abfb956568b86ae86c86b6d7a753a2b7557f7,Debating A.I. On the Future of Physics - Unification Mark II Pt 1 — The Process,2026-04-22,True,True,False,False,EXPOSURE_STATS/PODCAST_GUIDE/text/archive--debating-a-i-on-the-future-of-physics-unification-mark-ii-pt-1-the-process--2e0a3f686472.txt,EXPOSURE_STATS/PODCAST_GUIDE/cues/archive--debating-a-i-on-the-future-of-physics-unification-mark-ii-pt-1-the-process--2e0a3f686472.jsonl
archive:8ebeed415e4585a6,Satobloc/SAT_THEORY_ARCHIVE_2023-25,archive,DEBATING AI TRANSCRIPTS CONT/Debating A.I. On the Future of Physics - Unification Missing Piece_.srt,transcript_subtitle,.srt,81796,8ebeed415e4585a6e78b32eb55a8b01a0f5955db6b3e2b123f62b62525a46d16,5d47c0ed1260882b813936cef4b159f1eca3bac1,sha256:8ebeed415e4585a6e78b32eb55a8b01a0f5955db6b3e2b123f62b62525a46d16,Debating A.I. On the Future of Physics - Unification Missing Piece,2026-05-22,True,True,False,True,EXPOSURE_STATS/PODCAST_GUIDE/text/archive--debating-a-i-on-the-future-of-physics-unification-missing-piece--8ebeed415e45.txt,EXPOSURE_STATS/PODCAST_GUIDE/cues/archive--debating-a-i-on-the-future-of-physics-unification-missing-piece--8ebeed415e45.jsonl
archive:4bb8db298c852093,Satobloc/SAT_THEORY_ARCHIVE_2023-25,archive,DEBATING AI TRANSCRIPTS CONT/Debating A.I. On the Future of Physics - Viscous_ Or Superfluid_.srt,transcript_subtitle,.srt,72595,4bb8db298c852093b524c61387e1a7a32ddb835a4d5b4204471c3dcfa7c190f5,38e71b4a57083787e6b4f9415fc717c25cb5e244,sha256:4bb8db298c852093b524c61387e1a7a32ddb835a4d5b4204471c3dcfa7c190f5,Debating A.I. On the Future of Physics - Viscous Or Superfluid,2026-07-17,True,True,False,True,EXPOSURE_STATS/PODCAST_GUIDE/text/archive--debating-a-i-on-the-future-of-physics-viscous-or-superfluid--4bb8db298c85.txt,EXPOSURE_STATS/PODCAST_GUIDE/cues/archive--debating-a-i-on-the-future-of-physics-viscous-or-superfluid--4bb8db298c85.jsonl
archive:0493df567ff8c0f5,Satobloc/SAT_THEORY_ARCHIVE_2023-25,archive,DEBATING AI TRANSCRIPTS CONT/Debating A.I. On the Future of Physics - Welcome to the Zottenwelt.srt,transcript_subtitle,.srt,84008,0493df567ff8c0f51c4d049fff63c89f376004bd82008a1a1b53a0195382afe8,55e5ca3d004224f890e203540dae6d0e6011e5f8,sha256:0493df567ff8c0f51c4d049fff63c89f376004bd82008a1a1b53a0195382afe8,Debating A.I. On the Future of Physics - Welcome to the Zottenwelt,2026-05-15,True,True,False,True,EXPOSURE_STATS/PODCAST_GUIDE/text/archive--debating-a-i-on-the-future-of-physics-welcome-to-the-zottenwelt--0493df567ff8.txt,EXPOSURE_STATS/PODCAST_GUIDE/cues/archive--debating-a-i-on-the-future-of-physics-welcome-to-the-zottenwelt--0493df567ff8.jsonl
archive:3e752f69c6c86615,Satobloc/SAT_THEORY_ARCHIVE_2023-25,archive,DEBATING AI TRANSCRIPTS CONT/Debating A.I. On the Future of Physics - Why No Tetraquarks.srt,transcript_subtitle,.srt,47876,3e752f69c6c8661557914a0b4544b6dcae363ee0f9ee0bd81daf80d64b32622f,74f7d7d6d8a111b7959cd3d9c0b09ee73466fee6,sha256:3e752f69c6c8661557914a0b4544b6dcae363ee0f9ee0bd81daf80d64b32622f,Debating A.I. On the Future of Physics - Why No Tetraquarks,2026-05-22,True,True,False,True,EXPOSURE_STATS/PODCAST_GUIDE/text/archive--debating-a-i-on-the-future-of-physics-why-no-tetraquarks--3e752f69c6c8.txt,EXPOSURE_STATS/PODCAST_GUIDE/cues/archive--debating-a-i-on-the-future-of-physics-why-no-tetraquarks--3e752f69c6c8.jsonl
archive:83fc62860d2b5837,Satobloc/SAT_THEORY_ARCHIVE_2023-25,archive,DEBATING AI TRANSCRIPTS CONT/Debating A.I. On the Future of Physics - Worldlines to Worldtube Manifolds and Kelvin Vortices.srt,transcript_subtitle,.srt,29296,83fc62860d2b5837d29b2c765d5653ac5b5144f1267c6e855f6c2c6396bd61b7,57023d73ed809dcda963d3149aca3b588b5ee3c1,sha256:83fc62860d2b5837d29b2c765d5653ac5b5144f1267c6e855f6c2c6396bd61b7,Debating A.I. On the Future of Physics - Worldlines to Worldtube Manifolds and Kelvin Vortices,2026-06-07,True,True,False,True,EXPOSURE_STATS/PODCAST_GUIDE/text/archive--debating-a-i-on-the-future-of-physics-worldlines-to-worldtube-manifolds-and-kelvin-vortice--83fc62860d2b.txt,EXPOSURE_STATS/PODCAST_GUIDE/cues/archive--debating-a-i-on-the-future-of-physics-worldlines-to-worldtube-manifolds-and-kelvin-vortice--83fc62860d2b.jsonl
archive:11cb9434f12d445c,Satobloc/SAT_THEORY_ARCHIVE_2023-25,archive,DEBATING AI TRANSCRIPTS CONT/Debating A.I. On the Future of Physics - WWRD_ What Would Rope Do_.srt,transcript_subtitle,.srt,89626,11cb9434f12d445c76e53202cefb88f0ba022b8dab8386dbddec5320102bcd39,2398d7b389c6fc719b14436751a91682e06118f9,sha256:11cb9434f12d445c76e53202cefb88f0ba022b8dab8386dbddec5320102bcd39,Debating A.I. On the Future of Physics - WWRD What Would Rope Do,2026-06-15,True,True,False,True,EXPOSURE_STATS/PODCAST_GUIDE/text/archive--debating-a-i-on-the-future-of-physics-wwrd-what-would-rope-do--11cb9434f12d.txt,EXPOSURE_STATS/PODCAST_GUIDE/cues/archive--debating-a-i-on-the-future-of-physics-wwrd-what-would-rope-do--11cb9434f12d.jsonl
archive:c394eb65bcf564fe,Satobloc/SAT_THEORY_ARCHIVE_2023-25,archive,DEBATING AI TRANSCRIPTS CONT/DebatingA.I.OntheFutureofPhysics_The4-DimensionalStructureofThoughtSATFilamentTheory_EngagementStats_since-published.csv,analytics,.csv,9019,c394eb65bcf564fe28602ce72d0ea7ce53bc24aad0d03a396bf20586bf2aa5a0,9fc3d9a2944ee31d4d3a7e7cef2bbce423661b9b,sha256:c394eb65bcf564fe28602ce72d0ea7ce53bc24aad0d03a396bf20586bf2aa5a0,OntheFutureofPhysics The4-DimensionalStructureofThoughtSATFilamentTheory EngagementStats since-published,,True,False,False,False,,
archive:215032f0718795e6,Satobloc/SAT_THEORY_ARCHIVE_2023-25,archive,DEBATING AI TRANSCRIPTS CONT/DebatingA.I.OntheFutureofPhysics_TrendsChart_PlaysAndDownloads_First7Days.csv,metadata_or_analytics,.csv,13204,215032f0718795e64f20dc32078a83d4f5e9cba978076629aae2f8b81e234998,5778ceb92759020ca9b62b4206b94fdbd99f0082,sha256:215032f0718795e64f20dc32078a83d4f5e9cba978076629aae2f8b81e234998,OntheFutureofPhysics TrendsChart PlaysAndDownloads First7Days,,True,False,False,False,,
archive:b2e5b1d3a05ad822,Satobloc/SAT_THEORY_ARCHIVE_2023-25,archive,DEV CONVERSATION/Cleaned_Podcast_Episode_List.csv,metadata_or_analytics,.csv,19982,b2e5b1d3a05ad822c4315be7720fd52a0b9d90ba16d8d743182da90342815144,ad42afa93bb79219abcb3fcbdc0f9e83fbf32c44,,Cleaned Podcast Episode List,,True,False,False,False,,
archive:1e912f1e26b3cd1a,Satobloc/SAT_THEORY_ARCHIVE_2023-25,archive,EARLY LOGGED/PodcastReboot.txt,podcast_text_unspecified,.txt,14376,1e912f1e26b3cd1aff211c930c19917253af38d0f494641d62433328d9dd6dbc,0465e70cd186bfeab9350140fa4f26f41a75c58d,,Reboot,,True,True,False,True,,
archive:55f79dd175006d43,Satobloc/SAT_THEORY_ARCHIVE_2023-25,archive,Early Misc/TauTwistPodcast.txt,podcast_text_unspecified,.txt,5952,55f79dd175006d43434257c771248b78389c28582fdf35857bb09c93a3ef0e32,623a5d2465d4fb2bf36cc56d097d728da4df1f57,sha256:55f79dd175006d43434257c771248b78389c28582fdf35857bb09c93a3ef0e32,TauTwistPodcast,,True,False,False,True,,
archive:f85304062c20e45f,Satobloc/SAT_THEORY_ARCHIVE_2023-25,archive,Episodess.txt,podcast_text_unspecified,.txt,19392,f85304062c20e45f4d169aa5c823c3d54603f78f93ce6d2a9f252111e59454a0,e32fc1c9bffe22edbf94bd2b17128dbc8dad6635,sha256:f85304062c20e45f4d169aa5c823c3d54603f78f93ce6d2a9f252111e59454a0,Episodess,,True,True,False,True,,
archive:5aa6733afe27aa73,Satobloc/SAT_THEORY_ARCHIVE_2023-25,archive,flc/_PARSED_TEXT/flc1_lo/stories/the-dark-continent-episodes.json,metadata_or_analytics,.json,5115,5aa6733afe27aa73b3fdfe251ef8dde39b257da08ebdfeb3532cee328cee719f,a21db55e68c360171104d8e922eb9b2636c63759,,the-dark-continent-episodes,,True,False,False,False,,
archive:68a1b2349e61dc23,Satobloc/SAT_THEORY_ARCHIVE_2023-25,archive,flc/_PARSED_TEXT/flc1_lo/stories/the-dark-continent-episodes.txt,podcast_text_unspecified,.txt,3236,68a1b2349e61dc2376f7359677b6406ab0e050ea5bda6c0742484cd97c98f81b,f71d66b4bb2ca81f758473588be60a4653e1294c,,the-dark-continent-episodes,,True,False,False,False,,
archive:b508f0f14025d522,Satobloc/SAT_THEORY_ARCHIVE_2023-25,archive,flc/_SITE_FEED/stories/the-dark-continent-episodes.json,metadata_or_analytics,.json,5897,b508f0f14025d522e5d82b5bd3d674234339b501d07418fa61e820a04bb4f228,fa70db1f9c445eaf72262cb2c5dff1e699dd047f,,the-dark-continent-episodes,,True,False,False,False,,
archive:3d861d257c7c6b0a,Satobloc/SAT_THEORY_ARCHIVE_2023-25,archive,FREEFORM DISCUSSION/SAT WORKABLE PODCAST.txt,podcast_text_unspecified,.txt,6918,3d861d257c7c6b0a39f275375aef0848e4737d3ccb3c3bdcc40c4a03ab12bc42,0e7f92b7a2d033bd0d1e8e5cb0f0a35342454518,sha256:3d861d257c7c6b0a39f275375aef0848e4737d3ccb3c3bdcc40c4a03ab12bc42,SAT WORKABLE PODCAST,,True,False,False,True,,
archive:6f529f2f5cb9a3ef,Satobloc/SAT_THEORY_ARCHIVE_2023-25,archive,FREEFORM DISCUSSION/SATx_FULL_PODCAST.txt,podcast_text_unspecified,.txt,100182,6f529f2f5cb9a3efb6ba34e74bad78269b162c72b015750846c6a77159a493cc,a92cdadb1c55109604b1a02e1ee4c9e8e56c17fb,sha256:6f529f2f5cb9a3efb6ba34e74bad78269b162c72b015750846c6a77159a493cc,SATx FULL PODCAST,,True,True,False,True,,
archive:4dd01836c76d956e,Satobloc/SAT_THEORY_ARCHIVE_2023-25,archive,FREEFORM DISCUSSION/SATx_PODCAST_LONG_EDITED.txt,podcast_text_unspecified,.txt,99680,4dd01836c76d956e9d66508a08679a0fd8143ba5259c82874bb0e17495e33623,5f1e1d432e4b53fdafad16f1e75e6ecdd33055cc,sha256:4dd01836c76d956e9d66508a08679a0fd8143ba5259c82874bb0e17495e33623,SATx PODCAST LONG EDITED,,True,True,False,True,,
archive:58be7353062e1120,Satobloc/SAT_THEORY_ARCHIVE_2023-25,archive,FREEFORM DISCUSSION/SATx_PODCAST_LONG_EDITED_PRON.txt,podcast_text_unspecified,.txt,99366,58be7353062e1120767229a4ab3c0ced63f758b29613018f25761b5c6431bf1d,a79b6b669308fc29a624a954b9b1ceb3977b436a,sha256:58be7353062e1120767229a4ab3c0ced63f758b29613018f25761b5c6431bf1d,SATx PODCAST LONG EDITED PRON,,True,True,False,True,,
archive:55f79dd175006d43,Satobloc/SAT_THEORY_ARCHIVE_2023-25,archive,FREEFORM DISCUSSION/TauTwistPodcast.txt,podcast_text_unspecified,.txt,5952,55f79dd175006d43434257c771248b78389c28582fdf35857bb09c93a3ef0e32,623a5d2465d4fb2bf36cc56d097d728da4df1f57,sha256:55f79dd175006d43434257c771248b78389c28582fdf35857bb09c93a3ef0e32,TauTwistPodcast,,True,False,False,True,,
archive:55c7befc04e3fa1f,Satobloc/SAT_THEORY_ARCHIVE_2023-25,archive,Podcast Analysis Summary — raw.json,metadata_or_analytics,.json,55935,55c7befc04e3fa1f174f38b78bfe7d6244e4c48a0b981d465fea071fa5e9528b,ba226586da87cfded309a00f885f39b717d48bdb,sha256:55c7befc04e3fa1f174f38b78bfe7d6244e4c48a0b981d465fea071fa5e9528b,Analysis Summary — raw,,True,False,False,False,,
archive:49afb1fac1c41a47,Satobloc/SAT_THEORY_ARCHIVE_2023-25,archive,Podcast feedback summary — raw.json,metadata_or_analytics,.json,82785,49afb1fac1c41a47fedb0f02e3564f6cb80b07ae592f1ffc37f5cc25d12e7a72,ce45e0aa9253ef28e80f3c60699fa30dcd038158,sha256:49afb1fac1c41a47fedb0f02e3564f6cb80b07ae592f1ffc37f5cc25d12e7a72,feedback summary — raw,,True,False,False,False,,
archive:6fd265de73ba4c44,Satobloc/SAT_THEORY_ARCHIVE_2023-25,archive,Podcast Transcript Summary — raw.json,metadata_or_analytics,.json,3007208,6fd265de73ba4c44eb6565932fdba8b7920623da268b485f5549e95cf10f331b,25411ca50179cc3081960fc859f55b02b111d505,sha256:6fd265de73ba4c44eb6565932fdba8b7920623da268b485f5549e95cf10f331b,Transcript Summary — raw,,True,False,False,False,,
archive:f6ccbc3c73208831,Satobloc/SAT_THEORY_ARCHIVE_2023-25,archive,PODCAST_EPISODES.txt,podcast_text_unspecified,.txt,5267,f6ccbc3c732088319ebea777837eaae0d12a4cbc33adc6cecb1fd9641b0be323,544ab626b7579c6b30ec85b679ab8a456560dc31,,EPISODES,,True,True,False,True,,
archive:8ea4301e2a613bc8,Satobloc/SAT_THEORY_ARCHIVE_2023-25,archive,POSCAST_EPISODES_FULL.txt,podcast_text_unspecified,.txt,6327,8ea4301e2a613bc835a6753194420d2eb89f45c6852f0dd0465e2c5e88660302,6a070d471b3b6500f146bda57cc0bfbb7746de4f,,POSCAST EPISODES FULL,,True,True,False,True,,
archive:3d861d257c7c6b0a,Satobloc/SAT_THEORY_ARCHIVE_2023-25,archive,SAT Mark V/SAT WORKABLE PODCAST (1).txt,podcast_text_unspecified,.txt,6918,3d861d257c7c6b0a39f275375aef0848e4737d3ccb3c3bdcc40c4a03ab12bc42,0e7f92b7a2d033bd0d1e8e5cb0f0a35342454518,sha256:3d861d257c7c6b0a39f275375aef0848e4737d3ccb3c3bdcc40c4a03ab12bc42,SAT WORKABLE PODCAST (1),,True,False,False,True,,
archive:3d861d257c7c6b0a,Satobloc/SAT_THEORY_ARCHIVE_2023-25,archive,SAT Mark V/SAT WORKABLE PODCAST.txt,podcast_text_unspecified,.txt,6918,3d861d257c7c6b0a39f275375aef0848e4737d3ccb3c3bdcc40c4a03ab12bc42,0e7f92b7a2d033bd0d1e8e5cb0f0a35342454518,sha256:3d861d257c7c6b0a39f275375aef0848e4737d3ccb3c3bdcc40c4a03ab12bc42,SAT WORKABLE PODCAST,,True,False,False,True,,
archive:55f79dd175006d43,Satobloc/SAT_THEORY_ARCHIVE_2023-25,archive,SAT Mark V/TauTwistPodcast.txt,podcast_text_unspecified,.txt,5952,55f79dd175006d43434257c771248b78389c28582fdf35857bb09c93a3ef0e32,623a5d2465d4fb2bf36cc56d097d728da4df1f57,sha256:55f79dd175006d43434257c771248b78389c28582fdf35857bb09c93a3ef0e32,TauTwistPodcast,,True,False,False,True,,
archive:49f5fae1d6c19c01,Satobloc/SAT_THEORY_ARCHIVE_2023-25,archive,SAT PODCAST STATS/PODCAST - Listeners .txt,analytics,.txt,3055,49f5fae1d6c19c0164ccb459190a3f12dd4c8aeb49badfd37c27f7b70f37e405,760a80e117cafdd7fb9c8debecd46dd045d84f8d,sha256:49f5fae1d6c19c0164ccb459190a3f12dd4c8aeb49badfd37c27f7b70f37e405,Listeners,,True,False,False,False,,
archive:b69fe7ab0267a553,Satobloc/SAT_THEORY_ARCHIVE_2023-25,archive,SAT PODCAST STATS/PODCAST - Listeners 2.txt,analytics,.txt,62305,b69fe7ab0267a553f6e1a180b0bbb98b5dafc6ec1176e623bcc1d276f50c53a3,f87fd97b1fbec1617b8ebbd3a36d9bd28ee515cb,sha256:b69fe7ab0267a553f6e1a180b0bbb98b5dafc6ec1176e623bcc1d276f50c53a3,Listeners 2,,True,False,False,False,,
archive:b69fe7ab0267a553,Satobloc/SAT_THEORY_ARCHIVE_2023-25,archive,SAT PODCAST STATS/PODCAST - LISTENERSHIP.txt,analytics,.txt,62305,b69fe7ab0267a553f6e1a180b0bbb98b5dafc6ec1176e623bcc1d276f50c53a3,f87fd97b1fbec1617b8ebbd3a36d9bd28ee515cb,sha256:b69fe7ab0267a553f6e1a180b0bbb98b5dafc6ec1176e623bcc1d276f50c53a3,LISTENERSHIP,,True,False,False,False,,
archive:10f7615ca1399caf,Satobloc/SAT_THEORY_ARCHIVE_2023-25,archive,SAT PODCAST STATS/PODCAST - Pod LoD.txt,podcast_text_unspecified,.txt,3899,10f7615ca1399caf5812ff45869ec7480d2310896543d31a174a593256b82400,6f7b6cc4e2f81abb5a653f3c47cbc1b6cc1438ca,sha256:10f7615ca1399caf5812ff45869ec7480d2310896543d31a174a593256b82400,Pod LoD,,True,True,False,False,,
archive:fbcebed5b0ac3364,Satobloc/SAT_THEORY_ARCHIVE_2023-25,archive,SAT PODCAST STATS/PODCAST - Podcast stats.txt,analytics,.txt,193220,fbcebed5b0ac33642d6d10255ec69871c63890046204a0abd4cbd5ba1798331d,459335f7926f47d86b7d5959a594ed43e49ceae2,sha256:fbcebed5b0ac33642d6d10255ec69871c63890046204a0abd4cbd5ba1798331d,stats,,True,False,False,False,,
archive:c94d8c2d5df5c8de,Satobloc/SAT_THEORY_ARCHIVE_2023-25,archive,SAT PODCAST STATS/PODCAST - PODlod.txt,analytics,.txt,49885,c94d8c2d5df5c8defbeaa792d7162be5ddcd73291fccf6376b446cf54b9e41ee,64b4779266ef13cd7e8c8d688cd5d1377860f15c,sha256:c94d8c2d5df5c8defbeaa792d7162be5ddcd73291fccf6376b446cf54b9e41ee,PODlod,,True,False,False,False,,
archive:d3e6408507604723,Satobloc/SAT_THEORY_ARCHIVE_2023-25,archive,SAT PODCAST STATS/PODCAST - Podlode.txt,analytics,.txt,22443,d3e6408507604723a65d1036dc2a1ffb5b70a91675ad2b06d746480b0103957f,87e97096451bb7838e629dd26b84ce18b2bfaacd,sha256:d3e6408507604723a65d1036dc2a1ffb5b70a91675ad2b06d746480b0103957f,Podlode,,True,False,False,False,,
archive:f85304062c20e45f,Satobloc/SAT_THEORY_ARCHIVE_2023-25,archive,SAT TIMELINE + GITHUB/PODCAST - Episodess.txt,podcast_text_unspecified,.txt,19392,f85304062c20e45f4d169aa5c823c3d54603f78f93ce6d2a9f252111e59454a0,e32fc1c9bffe22edbf94bd2b17128dbc8dad6635,sha256:f85304062c20e45f4d169aa5c823c3d54603f78f93ce6d2a9f252111e59454a0,Episodess,,True,True,False,True,,
archive:6f529f2f5cb9a3ef,Satobloc/SAT_THEORY_ARCHIVE_2023-25,archive,SAT X/SATx_FULL_PODCAST (1).txt,podcast_text_unspecified,.txt,100182,6f529f2f5cb9a3efb6ba34e74bad78269b162c72b015750846c6a77159a493cc,a92cdadb1c55109604b1a02e1ee4c9e8e56c17fb,sha256:6f529f2f5cb9a3efb6ba34e74bad78269b162c72b015750846c6a77159a493cc,SATx FULL PODCAST (1),,True,True,False,True,,
archive:6f529f2f5cb9a3ef,Satobloc/SAT_THEORY_ARCHIVE_2023-25,archive,SAT X/SATx_FULL_PODCAST.txt,podcast_text_unspecified,.txt,100182,6f529f2f5cb9a3efb6ba34e74bad78269b162c72b015750846c6a77159a493cc,a92cdadb1c55109604b1a02e1ee4c9e8e56c17fb,sha256:6f529f2f5cb9a3efb6ba34e74bad78269b162c72b015750846c6a77159a493cc,SATx FULL PODCAST,,True,True,False,True,,
archive:4dd01836c76d956e,Satobloc/SAT_THEORY_ARCHIVE_2023-25,archive,SAT X/SATx_PODCAST_LONG_EDITED (1).txt,podcast_text_unspecified,.txt,99680,4dd01836c76d956e9d66508a08679a0fd8143ba5259c82874bb0e17495e33623,5f1e1d432e4b53fdafad16f1e75e6ecdd33055cc,sha256:4dd01836c76d956e9d66508a08679a0fd8143ba5259c82874bb0e17495e33623,SATx PODCAST LONG EDITED (1),,True,True,False,True,,
archive:4dd01836c76d956e,Satobloc/SAT_THEORY_ARCHIVE_2023-25,archive,SAT X/SATx_PODCAST_LONG_EDITED.txt,podcast_text_unspecified,.txt,99680,4dd01836c76d956e9d66508a08679a0fd8143ba5259c82874bb0e17495e33623,5f1e1d432e4b53fdafad16f1e75e6ecdd33055cc,sha256:4dd01836c76d956e9d66508a08679a0fd8143ba5259c82874bb0e17495e33623,SATx PODCAST LONG EDITED,,True,True,False,True,,
archive:58be7353062e1120,Satobloc/SAT_THEORY_ARCHIVE_2023-25,archive,SAT X/SATx_PODCAST_LONG_EDITED_PRON (1).txt,podcast_text_unspecified,.txt,99366,58be7353062e1120767229a4ab3c0ced63f758b29613018f25761b5c6431bf1d,a79b6b669308fc29a624a954b9b1ceb3977b436a,sha256:58be7353062e1120767229a4ab3c0ced63f758b29613018f25761b5c6431bf1d,SATx PODCAST LONG EDITED PRON (1),,True,True,False,True,,
archive:58be7353062e1120,Satobloc/SAT_THEORY_ARCHIVE_2023-25,archive,SAT X/SATx_PODCAST_LONG_EDITED_PRON.txt,podcast_text_unspecified,.txt,99366,58be7353062e1120767229a4ab3c0ced63f758b29613018f25761b5c6431bf1d,a79b6b669308fc29a624a954b9b1ceb3977b436a,sha256:58be7353062e1120767229a4ab3c0ced63f758b29613018f25761b5c6431bf1d,SATx PODCAST LONG EDITED PRON,,True,True,False,True,,
archive:efc01914dae16739,Satobloc/SAT_THEORY_ARCHIVE_2023-25,archive,SATOBLOC MISC/PODCAST SCRIPTS.txt,podcast_text_unspecified,.txt,5710,efc01914dae167398eb6888a645c8b833daeadf2baff11ccdbc8128fe0b81970,aa97f57b539b0bc3ebfb1c69e0a54f3295810136,sha256:efc01914dae167398eb6888a645c8b833daeadf2baff11ccdbc8128fe0b81970,SCRIPTS,,True,True,False,True,,
